mpn,clean_mpn,manufacturer,brand,url_slug,category,subcategory,description,applications,keywords,attributes_json,availability,alternative_parts,datasheet_url,faq,image
MCU50000000,MCU50000000,GigaDevice Semiconductor,GigaDevice Semiconductor,mcu50000000,Microcontroller,Microcontroller,MCU50000000 Microcontroller from GigaDevice Semiconductor. Sourced via professional procurement support; specs below.,,,"{""ram_bytes"": ""20480"", ""io_count"": ""48"", ""voltage_v"": ""3.3""}",active,,https://example.com/datasheet/MCU50000000.pdf,,
MOS50000001,MOS50000001,Infineon Technologies,Infineon Technologies,mos50000001,MOSFET,MOSFET,MOS50000001 MOSFET from Infineon Technologies. Sourced via professional procurement support; specs below.,,,"{""id_a"": ""30"", ""rds_on_mohm"": ""8"", ""vds_v"": ""55""}",active,,https://example.com/datasheet/MOS50000001.pdf,,
RES50000002,RES50000002,Yageo,Yageo,res50000002,Resistor,Resistor,RES50000002 Resistor from Yageo. Sourced via professional procurement support; specs below.,,,"{""resistance_ohm"": ""10000"", ""temperature_coeff"": ""X7R"", ""package"": ""0805"", ""power_rating_w"": ""0.25""}",active,,https://example.com/datasheet/RES50000002.pdf,,
CAP50000003,CAP50000003,TDK Corporation,TDK Corporation,cap50000003,Capacitor,Capacitor,CAP50000003 Capacitor from TDK Corporation. Sourced via professional procurement support; specs below.,,,"{""tolerance"": ""±10%"", ""package"": ""0603""}",active,,https://example.com/datasheet/CAP50000003.pdf,,
IND50000004,IND50000004,Wurth Elektronik,Wurth Elektronik,ind50000004,Inductor,Inductor,IND50000004 Inductor from Wurth Elektronik. Sourced via professional procurement support; specs below.,,,"{""inductance_uh"": ""4.7"", ""current_rating_a"": ""1.5""}",active,,https://example.com/datasheet/IND50000004.pdf,,
SEN50000005,SEN50000005,NXP Semiconductors,NXP Semiconductors,sen50000005,Sensors,Sensors,SEN50000005 Sensors from NXP Semiconductors. Sourced via professional procurement support; specs below.,,,"{""resolution_bits"": ""12"", ""sensitivity_dbm"": ""260 LSB/g"", ""range"": ""0-40"", ""interface"": ""I2C"", ""accuracy"": ""±0.5"", ""Output Type"": ""Analog""}",active,,https://example.com/datasheet/SEN50000005.pdf,,
CON50000006,CON50000006,Hirose Electric,Hirose Electric,con50000006,Connectors,Connectors,CON50000006 Connectors from Hirose Electric. Sourced via professional procurement support; specs below.,,,"{""mounting"": ""SMD"", ""positions"": ""40"", ""voltage_rating_v"": ""50"", ""current_rating_a"": ""3""}",active,,https://example.com/datasheet/CON50000006.pdf,,
MOD50000007,MOD50000007,Espressif Systems,Espressif Systems,mod50000007,Modules,Modules,MOD50000007 Modules from Espressif Systems. Sourced via professional procurement support; specs below.,,,"{""modulation"": ""GFSK"", ""data_rate_bps"": ""2Mbps"", ""output_power_dbm"": ""20""}",active,,https://example.com/datasheet/MOD50000007.pdf,,
OPA50000008,OPA50000008,Maxim Integrated,Maxim Integrated,opa50000008,Analog IC,Analog IC,OPA50000008 Analog IC from Maxim Integrated. Sourced via professional procurement support; specs below.,,,"{""supply_current_ua"": ""200"", ""bandwidth_hz"": ""1000000"", ""gain_db"": ""100"", ""package"": ""SOIC-8"", ""Input Noise"": ""10nV""}",active,,https://example.com/datasheet/OPA50000008.pdf,,
PMIC50000009,PMIC50000009,Richtek Technology,Richtek Technology,pmic50000009,Power Management IC,Power Management IC,PMIC50000009 Power Management IC from Richtek Technology. Sourced via professional procurement support; specs below.,,,"{""efficiency_percent"": ""92"", ""voltage_out_v"": ""5""}",active,,https://example.com/datasheet/PMIC50000009.pdf,,
DIO50000010,DIO50000010,Diodes Incorporated,Diodes Incorporated,dio50000010,Diode,Diode,DIO50000010 Diode from Diodes Incorporated. Sourced via professional procurement support; specs below.,,,"{""vf_v"": ""0.7"", ""if_a"": ""1"", ""vrrm_v"": ""100""}",active,,https://example.com/datasheet/DIO50000010.pdf,,
LED50000011,LED50000011,Everlight Electronics,Everlight Electronics,led50000011,LED Components,LED Components,LED50000011 LED Components from Everlight Electronics. Sourced via professional procurement support; specs below.,,,"{""wavelength_nm"": ""650"", ""package"": ""0805"", ""forward_current_ma"": ""20"", ""forward_voltage_v"": ""2.1"", ""Luminous Intensity"": ""100mcd""}",active,,https://example.com/datasheet/LED50000011.pdf,,
MEM50000012,MEM50000012,ISSI,ISSI,mem50000012,Memory IC,Memory IC,MEM50000012 Memory IC from ISSI. Sourced via professional procurement support; specs below.,,,"{""organization"": ""x8"", ""interface"": ""SPI"", ""memory_bytes"": ""16777216"", ""speed_hz"": ""104000000""}",active,,https://example.com/datasheet/MEM50000012.pdf,,
XTAL50000013,XTAL50000013,Wurth Elektronik,Wurth Elektronik,xtal50000013,Crystal Oscillator,Crystal Oscillator,XTAL50000013 Crystal Oscillator from Wurth Elektronik. Sourced via professional procurement support; specs below.,,,"{""package"": ""SMD"", ""frequency_hz"": ""8000000"", ""load_capacitance_pf"": ""18""}",active,,https://example.com/datasheet/XTAL50000013.pdf,,
MCU50000014,MCU50000014,GigaDevice Semiconductor,GigaDevice Semiconductor,mcu50000014,Microcontroller,Microcontroller,MCU50000014 Microcontroller from GigaDevice Semiconductor. Sourced via professional procurement support; specs below.,,,"{""core"": ""ARM Cortex-M4""}",active,,https://example.com/datasheet/MCU50000014.pdf,,
MOS50000015,MOS50000015,RiverSemi,RiverSemi,mos50000015,MOSFET,MOSFET,MOS50000015 MOSFET from RiverSemi. Sourced via professional procurement support; specs below.,,,"{""rds_on_mohm"": ""8"", ""package"": ""SOT-23""}",active,,https://example.com/datasheet/MOS50000015.pdf,,
RES50000016,RES50000016,Vishay Intertechnology,Vishay Intertechnology,res50000016,Resistor,Resistor,RES50000016 Resistor from Vishay Intertechnology. Sourced via professional procurement support; specs below.,,,"{""temperature_coeff"": ""X7R"", ""resistance_ohm"": ""10000"", ""package"": ""0805"", ""power_rating_w"": ""0.25""}",active,,https://example.com/datasheet/RES50000016.pdf,,
CAP50000017,CAP50000017,KEMET Electronics,KEMET Electronics,cap50000017,Capacitor,Capacitor,CAP50000017 Capacitor from KEMET Electronics. Sourced via professional procurement support; specs below.,,,"{""capacitance_pf"": ""100000"", ""temperature_coeff"": ""X7R"", ""package"": ""0603""}",active,,https://example.com/datasheet/CAP50000017.pdf,,
IND50000018,IND50000018,Bourns,Bourns,ind50000018,Inductor,Inductor,IND50000018 Inductor from Bourns. Sourced via professional procurement support; specs below.,,,"{""current_rating_a"": ""1.5"", ""inductance_uh"": ""4.7""}",active,,https://example.com/datasheet/IND50000018.pdf,,
SEN50000019,SEN50000019,STMicroelectronics,STMicroelectronics,sen50000019,Sensors,Sensors,SEN50000019 Sensors from STMicroelectronics. Sourced via professional procurement support; specs below.,,,"{""resolution_bits"": ""12"", ""range"": ""0-40"", ""Response Time"": ""5ms""}",active,,https://example.com/datasheet/SEN50000019.pdf,,
CON50000020,CON50000020,TE Connectivity,TE Connectivity,con50000020,Connectors,Connectors,CON50000020 Connectors from TE Connectivity. Sourced via professional procurement support; specs below.,,,"{""pitch_mm"": ""2.54"", ""positions"": ""40"", ""mounting"": ""SMD"", ""voltage_rating_v"": ""50"", ""current_rating_a"": ""3""}",active,,https://example.com/datasheet/CON50000020.pdf,,
MOD50000021,MOD50000021,MeshWorks,MeshWorks,mod50000021,Modules,Modules,MOD50000021 Modules from MeshWorks. Sourced via professional procurement support; specs below.,,,"{""interface"": ""UART"", ""output_power_dbm"": ""20"", ""sensitivity_dbm"": ""-95"", ""modulation"": ""GFSK"", ""data_rate_bps"": ""2000000""}",active,,https://example.com/datasheet/MOD50000021.pdf,,
OPA50000022,OPA50000022,Maxim Integrated,Maxim Integrated,opa50000022,Analog IC,Analog IC,OPA50000022 Analog IC from Maxim Integrated. Sourced via professional procurement support; specs below.,,,"{""gain_db"": ""100"", ""bandwidth_hz"": ""1000000"", ""package"": ""SOIC-8"", ""supply_current_ua"": ""200""}",active,,https://example.com/datasheet/OPA50000022.pdf,,
PMIC50000023,PMIC50000023,SGMICRO,SGMICRO,pmic50000023,Power Management IC,Power Management IC,PMIC50000023 Power Management IC from SGMICRO. Sourced via professional procurement support; specs below.,,,"{""efficiency_percent"": ""92"", ""voltage_out_v"": ""5"", ""voltage_in_max_v"": ""28"", ""voltage_in_min_v"": ""4.5"", ""Line Regulation"": ""0.5%""}",active,,https://example.com/datasheet/PMIC50000023.pdf,,
DIO50000024,DIO50000024,Vishay Intertechnology,Vishay Intertechnology,dio50000024,Diode,Diode,DIO50000024 Diode from Vishay Intertechnology. Sourced via professional procurement support; specs below.,,,"{""vf_v"": ""0.7"", ""vrrm_v"": ""100"", ""Reverse Recovery"": ""50ns""}",active,,https://example.com/datasheet/DIO50000024.pdf,,
LED50000025,LED50000025,Lite-On Technology,Lite-On Technology,led50000025,LED Components,LED Components,LED50000025 LED Components from Lite-On Technology. Sourced via professional procurement support; specs below.,,,"{""forward_voltage_v"": ""2.1"", ""package"": ""0805"", ""forward_current_ma"": ""20"", ""wavelength_nm"": ""650""}",active,,https://example.com/datasheet/LED50000025.pdf,,
MEM50000026,MEM50000026,Winbond Electronics,Winbond Electronics,mem50000026,Memory IC,Memory IC,MEM50000026 Memory IC from Winbond Electronics. Sourced via professional procurement support; specs below.,,,"{""organization"": ""x8"", ""memory_bytes"": ""16777216"", ""interface"": ""SPI"", ""speed_hz"": ""104000000""}",active,,https://example.com/datasheet/MEM50000026.pdf,,
XTAL50000027,XTAL50000027,TDK Corporation,TDK Corporation,xtal50000027,Crystal Oscillator,Crystal Oscillator,XTAL50000027 Crystal Oscillator from TDK Corporation. Sourced via professional procurement support; specs below.,,,"{""frequency_hz"": ""8000000"", ""load_capacitance_pf"": ""18"", ""package"": ""SMD""}",active,,https://example.com/datasheet/XTAL50000027.pdf,,
MCU50000028,MCU50000028,Microchip Technology,Microchip Technology,mcu50000028,Microcontroller,Microcontroller,MCU50000028 Microcontroller from Microchip Technology. Sourced via professional procurement support; specs below.,,,"{""io_count"": ""48"", ""package"": ""LQFP-48"", ""flash_bytes"": ""128KB"", ""ram_bytes"": ""20480"", ""frequency_hz"": ""72000000""}",active,,https://example.com/datasheet/MCU50000028.pdf,,
MOS50000029,MOS50000029,Yangjie,Yangjie,mos50000029,MOSFET,MOSFET,MOS50000029 MOSFET from Yangjie. Sourced via professional procurement support; specs below.,,,"{""vgs_th_v"": ""2.5"", ""id_a"": ""30A"", ""qg_nc"": ""45""}",active,,https://example.com/datasheet/MOS50000029.pdf,,
RES50000030,RES50000030,Bourns,Bourns,res50000030,Resistor,Resistor,RES50000030 Resistor from Bourns. Sourced via professional procurement support; specs below.,,,"{""package"": ""0805"", ""resistance_ohm"": ""10000"", ""power_rating_w"": ""0.25"", ""tolerance"": ""±1%""}",active,,https://example.com/datasheet/RES50000030.pdf,,
CAP50000031,CAP50000031,TDK Corporation,TDK Corporation,cap50000031,Capacitor,Capacitor,CAP50000031 Capacitor from TDK Corporation. Sourced via professional procurement support; specs below.,,,"{""capacitance_pf"": ""100000"", ""temperature_coeff"": ""X7R"", ""tolerance"": ""±10%"", ""voltage_rating_v"": ""50""}",active,,https://example.com/datasheet/CAP50000031.pdf,,
IND50000032,IND50000032,TDK Corporation,TDK Corporation,ind50000032,Inductor,Inductor,IND50000032 Inductor from TDK Corporation. Sourced via professional procurement support; specs below.,,,"{""inductance_uh"": ""4.7"", ""tolerance"": ""±20%"", ""package"": ""0805""}",active,,https://example.com/datasheet/IND50000032.pdf,,
SEN50000033,SEN50000033,STMicroelectronics,STMicroelectronics,sen50000033,Sensors,Sensors,SEN50000033 Sensors from STMicroelectronics. Sourced via professional procurement support; specs below.,,,"{""resolution_bits"": ""12"", ""range"": ""0-40"", ""sensitivity_dbm"": ""260 LSB/g"", ""accuracy"": ""±0.5"", ""interface"": ""I2C""}",active,,https://example.com/datasheet/SEN50000033.pdf,,
CON50000034,CON50000034,JST,JST,con50000034,Connectors,Connectors,CON50000034 Connectors from JST. Sourced via professional procurement support; specs below.,,,"{""positions"": ""40"", ""mounting"": ""SMD"", ""voltage_rating_v"": ""50""}",active,,https://example.com/datasheet/CON50000034.pdf,,
MOD50000035,MOD50000035,Semtech,Semtech,mod50000035,Modules,Modules,MOD50000035 Modules from Semtech. Sourced via professional procurement support; specs below.,,,"{""modulation"": ""GFSK"", ""sensitivity_dbm"": ""-95"", ""data_rate_bps"": ""2000000"", ""interface"": ""UART""}",active,,https://example.com/datasheet/MOD50000035.pdf,,
OPA50000036,OPA50000036,Silicon Labs,Silicon Labs,opa50000036,Analog IC,Analog IC,OPA50000036 Analog IC from Silicon Labs. Sourced via professional procurement support; specs below.,,,"{""bandwidth_hz"": ""1000000"", ""package"": ""SOIC-8"", ""gain_db"": ""100""}",active,,https://example.com/datasheet/OPA50000036.pdf,,
PMIC50000037,PMIC50000037,SGMICRO,SGMICRO,pmic50000037,Power Management IC,Power Management IC,PMIC50000037 Power Management IC from SGMICRO. Sourced via professional procurement support; specs below.,,,"{""efficiency_percent"": ""92"", ""voltage_out_v"": ""5"", ""Power Good"": ""yes""}",active,,https://example.com/datasheet/PMIC50000037.pdf,,
DIO50000038,DIO50000038,Vishay Intertechnology,Vishay Intertechnology,dio50000038,Diode,Diode,DIO50000038 Diode from Vishay Intertechnology. Sourced via professional procurement support; specs below.,,,"{""vf_v"": ""0.7"", ""if_a"": ""1""}",active,,https://example.com/datasheet/DIO50000038.pdf,,
LED50000039,LED50000039,Everlight Electronics,Everlight Electronics,led50000039,LED Components,LED Components,LED50000039 LED Components from Everlight Electronics. Sourced via professional procurement support; specs below.,,,"{""package"": ""0805"", ""forward_current_ma"": ""20"", ""wavelength_nm"": ""650""}",active,,https://example.com/datasheet/LED50000039.pdf,,
MEM50000040,MEM50000040,,,mem50000040,Memory IC,Memory IC,MEM50000040 Memory IC from unspecified. Sourced via professional procurement support; specs below.,,,"{""speed_hz"": ""104000000"", ""organization"": ""x8"", ""memory_bytes"": ""16777216"", ""interface"": ""SPI""}",active,,https://example.com/datasheet/MEM50000040.pdf,,
XTAL50000041,XTAL50000041,AbraconX,AbraconX,xtal50000041,Crystal Oscillator,Crystal Oscillator,XTAL50000041 Crystal Oscillator from AbraconX. Sourced via professional procurement support; specs below.,,,"{""package"": ""SMD"", ""load_capacitance_pf"": ""18""}",active,,https://example.com/datasheet/XTAL50000041.pdf,,
MCU50000042,MCU50000042,Nuvoton Technology,Nuvoton Technology,mcu50000042,Microcontroller,Microcontroller,MCU50000042 Microcontroller from Nuvoton Technology. Sourced via professional procurement support; specs below.,,,"{""frequency_hz"": ""72MHz"", ""ram_bytes"": ""20480"", ""core"": ""ARM Cortex-M4""}",active,,https://example.com/datasheet/MCU50000042.pdf,,
MOS50000043,MOS50000043,Infineon Technologies,Infineon Technologies,mos50000043,MOSFET,MOSFET,MOS50000043 MOSFET from Infineon Technologies. Sourced via professional procurement support; specs below.,,,"{""id_a"": ""30"", ""package"": ""SOT-23"", ""qg_nc"": ""45"", ""vgs_th_v"": ""2.5""}",active,,https://example.com/datasheet/MOS50000043.pdf,,
RES50000044,RES50000044,Yageo,Yageo,res50000044,Resistor,Resistor,RES50000044 Resistor from Yageo. Sourced via professional procurement support; specs below.,,,"{""tolerance"": ""±1%"", ""temperature_coeff"": ""X7R""}",active,,https://example.com/datasheet/RES50000044.pdf,,
CAP50000045,CAP50000045,Holy Stone,Holy Stone,cap50000045,Capacitor,Capacitor,CAP50000045 Capacitor from Holy Stone. Sourced via professional procurement support; specs below.,,,"{""voltage_rating_v"": ""50"", ""capacitance_pf"": ""100nF""}",active,,https://example.com/datasheet/CAP50000045.pdf,,
IND50000046,IND50000046,Murata Manufacturing,Murata Manufacturing,ind50000046,Inductor,Inductor,IND50000046 Inductor from Murata Manufacturing. Sourced via professional procurement support; specs below.,,,"{""current_rating_a"": ""1.5"", ""tolerance"": ""±20%"", ""inductance_uh"": ""4.7""}",active,,https://example.com/datasheet/IND50000046.pdf,,
SEN50000047,SEN50000047,STMicroelectronics,STMicroelectronics,sen50000047,Sensors,Sensors,SEN50000047 Sensors from STMicroelectronics. Sourced via professional procurement support; specs below.,,,"[1, 2, 3]",active,,https://example.com/datasheet/SEN50000047.pdf,,
CON50000048,CON50000048,TE Connectivity,TE Connectivity,con50000048,Connectors,Connectors,CON50000048 Connectors from TE Connectivity. Sourced via professional procurement support; specs below.,,,"{""mounting"": ""SMD"", ""positions"": ""40"", ""voltage_rating_v"": ""50"", ""current_rating_a"": ""3"", ""Contact Plating"": ""Gold""}",active,,https://example.com/datasheet/CON50000048.pdf,,
MOD50000049,MOD50000049,Espressif Systems,Espressif Systems,mod50000049,Modules,Modules,MOD50000049 Modules from Espressif Systems. Sourced via professional procurement support; specs below.,,,"{""data_rate_bps"": ""2000000"", ""interface"": ""UART""}",active,,https://example.com/datasheet/MOD50000049.pdf,,
OPA50000050,OPA50000050,Texas Instruments,Texas Instruments,opa50000050,Analog IC,Analog IC,OPA50000050 Analog IC from Texas Instruments. Sourced via professional procurement support; specs below.,,,"{""supply_current_ua"": ""200"", ""gain_db"": ""100"", ""package"": ""SOIC-8"", ""bandwidth_hz"": ""1000000""}",active,,https://example.com/datasheet/OPA50000050.pdf,,
PMIC50000051,PMIC50000051,SGMICRO,SGMICRO,pmic50000051,Power Management IC,Power Management IC,PMIC50000051 Power Management IC from SGMICRO. Sourced via professional procurement support; specs below.,,,"{""voltage_in_min_v"": ""4.5"", ""voltage_in_max_v"": ""28""}",active,,https://example.com/datasheet/PMIC50000051.pdf,,
DIO50000052,DIO50000052,RectFab,RectFab,dio50000052,Diode,Diode,DIO50000052 Diode from RectFab. Sourced via professional procurement support; specs below.,,,"{""if_a"": ""1"", ""vf_v"": ""0.7""}",active,,https://example.com/datasheet/DIO50000052.pdf,,
LED50000053,LED50000053,Lite-On Technology,Lite-On Technology,led50000053,LED Components,LED Components,LED50000053 LED Components from Lite-On Technology. Sourced via professional procurement support; specs below.,,,"{""wavelength_nm"": ""650"", ""package"": ""0805"", ""forward_current_ma"": ""20"", ""forward_voltage_v"": ""2.1""}",active,,https://example.com/datasheet/LED50000053.pdf,,
MEM50000054,MEM50000054,Micron Technology,Micron Technology,mem50000054,Memory IC,Memory IC,MEM50000054 Memory IC from Micron Technology. Sourced via professional procurement support; specs below.,,,"{""speed_hz"": ""104000000"", ""organization"": ""x8""}",active,,https://example.com/datasheet/MEM50000054.pdf,,
XTAL50000055,XTAL50000055,TDK Corporation,TDK Corporation,xtal50000055,Crystal Oscillator,Crystal Oscillator,XTAL50000055 Crystal Oscillator from TDK Corporation. Sourced via professional procurement support; specs below.,,,"{""package"": ""SMD"", ""load_capacitance_pf"": ""18"", ""frequency_hz"": ""8000000""}",active,,https://example.com/datasheet/XTAL50000055.pdf,,
MCU50000056,MCU50000056,Microchip Technology,Microchip Technology,mcu50000056,Microcontroller,Microcontroller,MCU50000056 Microcontroller from Microchip Technology. Sourced via professional procurement support; specs below.,,,"{""ram_bytes"": ""20480"", ""voltage_v"": ""3.3""}",active,,https://example.com/datasheet/MCU50000056.pdf,,
MOS50000057,MOS50000057,Vishay Intertechnology,Vishay Intertechnology,mos50000057,MOSFET,MOSFET,MOS50000057 MOSFET from Vishay Intertechnology. Sourced via professional procurement support; specs below.,,,"{""vds_v"": ""55V"", ""id_a"": ""30"", ""rds_on_mohm"": ""8""}",active,,https://example.com/datasheet/MOS50000057.pdf,,
RES50000058,RES50000058,Vishay Intertechnology,Vishay Intertechnology,res50000058,Resistor,Resistor,RES50000058 Resistor from Vishay Intertechnology. Sourced via professional procurement support; specs below.,,,"{""package"": ""0805"", ""tolerance"": ""±1%""}",active,,https://example.com/datasheet/RES50000058.pdf,,
CAP50000059,CAP50000059,Holy Stone,Holy Stone,cap50000059,Capacitor,Capacitor,CAP50000059 Capacitor from Holy Stone. Sourced via professional procurement support; specs below.,,,"{""voltage_rating_v"": ""50"", ""temperature_coeff"": ""X7R"", ""capacitance_pf"": ""100000"", ""tolerance"": ""±10%""}",active,,https://example.com/datasheet/CAP50000059.pdf,,
IND50000060,IND50000060,Bourns,Bourns,ind50000060,Inductor,Inductor,IND50000060 Inductor from Bourns. Sourced via professional procurement support; specs below.,,,"{""inductance_uh"": ""4.7"", ""tolerance"": ""±20%""}",active,,https://example.com/datasheet/IND50000060.pdf,,
SEN50000061,SEN50000061,TE Connectivity,TE Connectivity,sen50000061,Sensors,Sensors,SEN50000061 Sensors from TE Connectivity. Sourced via professional procurement support; specs below.,,,"{""interface"": ""I2C"", ""sensitivity_dbm"": ""260 LSB/g""}",active,,https://example.com/datasheet/SEN50000061.pdf,,
CON50000062,CON50000062,Molex,Molex,con50000062,Connectors,Connectors,CON50000062 Connectors from Molex. Sourced via professional procurement support; specs below.,,,"{""current_rating_a"": ""3"", ""positions"": ""40"", ""voltage_rating_v"": ""50""}",active,,https://example.com/datasheet/CON50000062.pdf,,
MOD50000063,MOD50000063,Semtech,Semtech,mod50000063,Modules,Modules,MOD50000063 Modules from Semtech. Sourced via professional procurement support; specs below.,,,"{""modulation"": ""GFSK"", ""data_rate_bps"": ""2000000"", ""Protocol Stack"": ""3.0""}",active,,https://example.com/datasheet/MOD50000063.pdf,,
OPA50000064,OPA50000064,Texas Instruments,Texas Instruments,opa50000064,Analog IC,Analog IC,OPA50000064 Analog IC from Texas Instruments. Sourced via professional procurement support; specs below.,,,"{""bandwidth_hz"": ""1000000"", ""package"": ""SOIC-8""}",active,,https://example.com/datasheet/OPA50000064.pdf,,
PMIC50000065,PMIC50000065,VoltRegInc,VoltRegInc,pmic50000065,Power Management IC,Power Management IC,PMIC50000065 Power Management IC from VoltRegInc. Sourced via professional procurement support; specs below.,,,"{""voltage_out_v"": ""5"", ""voltage_in_min_v"": ""4.5""}",active,,https://example.com/datasheet/PMIC50000065.pdf,,
DIO50000066,DIO50000066,Vishay Intertechnology,Vishay Intertechnology,dio50000066,Diode,Diode,DIO50000066 Diode from Vishay Intertechnology. Sourced via professional procurement support; specs below.,,,"{""vrrm_v"": ""100"", ""if_a"": ""1""}",active,,https://example.com/datasheet/DIO50000066.pdf,,
LED50000067,LED50000067,OSRAM,OSRAM,led50000067,LED Components,LED Components,LED50000067 LED Components from OSRAM. Sourced via professional procurement support; specs below.,,,"{""forward_voltage_v"": ""2.1"", ""forward_current_ma"": ""20"", ""wavelength_nm"": ""650"", ""package"": ""0805"", ""Luminous Intensity"": ""100mcd""}",active,,https://example.com/datasheet/LED50000067.pdf,,
MEM50000068,MEM50000068,SK Hynix,SK Hynix,mem50000068,Memory IC,Memory IC,MEM50000068 Memory IC from SK Hynix. Sourced via professional procurement support; specs below.,,,"{""interface"": ""SPI"", ""organization"": ""x8"", ""memory_bytes"": ""16777216"", ""Access Time"": ""70ns""}",active,,https://example.com/datasheet/MEM50000068.pdf,,
XTAL50000069,XTAL50000069,TDK Corporation,TDK Corporation,xtal50000069,Crystal Oscillator,Crystal Oscillator,XTAL50000069 Crystal Oscillator from TDK Corporation. Sourced via professional procurement support; specs below.,,,"{""load_capacitance_pf"": ""18"", ""package"": ""SMD""}",active,,https://example.com/datasheet/XTAL50000069.pdf,,
MCU50000070,MCU50000070,Holtek Semiconductor,Holtek Semiconductor,mcu50000070,Microcontroller,Microcontroller,MCU50000070 Microcontroller from Holtek Semiconductor. Sourced via professional procurement support; specs below.,,,"{""ram_bytes"": ""20480"", ""core"": ""ARM Cortex-M4""}",active,,https://example.com/datasheet/MCU50000070.pdf,,
MOS50000071,MOS50000071,Yangjie,Yangjie,mos50000071,MOSFET,MOSFET,MOS50000071 MOSFET from Yangjie. Sourced via professional procurement support; specs below.,,,"{""rds_on_mohm"": ""8"", ""id_a"": ""30"", ""vgs_th_v"": ""2.5"", ""vds_v"": ""55""}",active,,https://example.com/datasheet/MOS50000071.pdf,,
RES50000072,RES50000072,Fenghua,Fenghua,res50000072,Resistor,Resistor,RES50000072 Resistor from Fenghua. Sourced via professional procurement support; specs below.,,,"{""power_rating_w"": ""0.25"", ""tolerance"": ""±1%"", ""package"": ""0805"", ""resistance_ohm"": ""10000""}",active,,https://example.com/datasheet/RES50000072.pdf,,
CAP50000073,CAP50000073,TDK Corporation,TDK Corporation,cap50000073,Capacitor,Capacitor,CAP50000073 Capacitor from TDK Corporation. Sourced via professional procurement support; specs below.,,,"{""capacitance_pf"": ""100nF"", ""temperature_coeff"": ""X7R"", ""voltage_rating_v"": ""50""}",active,,https://example.com/datasheet/CAP50000073.pdf,,
IND50000074,IND50000074,,,ind50000074,Inductor,Inductor,IND50000074 Inductor from unspecified. Sourced via professional procurement support; specs below.,,,"{""inductance_uh"": ""4.7"", ""current_rating_a"": ""1.5""}",active,,https://example.com/datasheet/IND50000074.pdf,,
SEN50000075,SEN50000075,,,sen50000075,Sensors,Sensors,SEN50000075 Sensors from unspecified. Sourced via professional procurement support; specs below.,,,"{""range"": ""0-40"", ""interface"": ""I2C"", ""resolution_bits"": ""12""}",active,,https://example.com/datasheet/SEN50000075.pdf,,
CON50000076,CON50000076,TE Connectivity,TE Connectivity,con50000076,Connectors,Connectors,CON50000076 Connectors from TE Connectivity. Sourced via professional procurement support; specs below.,,,"{""mounting"": ""SMD"", ""voltage_rating_v"": ""50""}",active,,https://example.com/datasheet/CON50000076.pdf,,
MOD50000077,MOD50000077,SIMCom,SIMCom,mod50000077,Modules,Modules,MOD50000077 Modules from SIMCom. Sourced via professional procurement support; specs below.,,,"{""interface"": ""UART"", ""data_rate_bps"": ""2000000""}",active,,https://example.com/datasheet/MOD50000077.pdf,,
OPA50000078,OPA50000078,Silicon Labs,Silicon Labs,opa50000078,Analog IC,Analog IC,OPA50000078 Analog IC from Silicon Labs. Sourced via professional procurement support; specs below.,,,"{""supply_current_ua"": ""200"", ""bandwidth_hz"": ""1000000"", ""gain_db"": ""100""}",active,,https://example.com/datasheet/OPA50000078.pdf,,
PMIC50000079,PMIC50000079,Infineon Technologies,Infineon Technologies,pmic50000079,Power Management IC,Power Management IC,PMIC50000079 Power Management IC from Infineon Technologies. Sourced via professional procurement support; specs below.,,,"{""output_current_a"": ""3"", ""voltage_out_v"": ""5""}",active,,https://example.com/datasheet/PMIC50000079.pdf,,
DIO50000080,DIO50000080,Vishay Intertechnology,Vishay Intertechnology,dio50000080,Diode,Diode,DIO50000080 Diode from Vishay Intertechnology. Sourced via professional procurement support; specs below.,,,"{""if_a"": ""1"", ""vrrm_v"": ""100""}",active,,https://example.com/datasheet/DIO50000080.pdf,,
LED50000081,LED50000081,Everlight Electronics,Everlight Electronics,led50000081,LED Components,LED Components,LED50000081 LED Components from Everlight Electronics. Sourced via professional procurement support; specs below.,,,"{""wavelength_nm"": ""650"", ""package"": ""0805"", ""forward_current_ma"": ""20"", ""forward_voltage_v"": ""2.1"", ""Luminous Intensity"": ""100mcd""}",active,,https://example.com/datasheet/LED50000081.pdf,,
MEM50000082,MEM50000082,SK Hynix,SK Hynix,mem50000082,Memory IC,Memory IC,MEM50000082 Memory IC from SK Hynix. Sourced via professional procurement support; specs below.,,,"{""organization"": ""x8"", ""interface"": ""SPI"", ""speed_hz"": ""104000000"", ""memory_bytes"": ""16777216""}",active,,https://example.com/datasheet/MEM50000082.pdf,,
XTAL50000083,XTAL50000083,AbraconX,AbraconX,xtal50000083,Crystal Oscillator,Crystal Oscillator,XTAL50000083 Crystal Oscillator from AbraconX. Sourced via professional procurement support; specs below.,,,"{""package"": ""SMD"", ""frequency_hz"": ""8000000"", ""load_capacitance_pf"": ""18""}",active,,https://example.com/datasheet/XTAL50000083.pdf,,
MCU50000084,MCU50000084,Nuvoton Technology,Nuvoton Technology,mcu50000084,Microcontroller,Microcontroller,MCU50000084 Microcontroller from Nuvoton Technology. Sourced via professional procurement support; specs below.,,,"{""flash_bytes"": ""131072"", ""ram_bytes"": ""20KB"", ""Operating Temp"": ""-40~85""}",active,,https://example.com/datasheet/MCU50000084.pdf,,
MOS50000085,MOS50000085,HexaFab,HexaFab,mos50000085,MOSFET,MOSFET,MOS50000085 MOSFET from HexaFab. Sourced via professional procurement support; specs below.,,,"{""package"": ""SOT-23"", ""vds_v"": ""55"", ""vgs_th_v"": ""2.5"", ""rds_on_mohm"": ""8"", ""qg_nc"": ""45"", ""Leakage Current"": ""1uA""}",active,,https://example.com/datasheet/MOS50000085.pdf,,
RES50000086,RES50000086,Vishay Intertechnology,Vishay Intertechnology,res50000086,Resistor,Resistor,RES50000086 Resistor from Vishay Intertechnology. Sourced via professional procurement support; specs below.,,,"{""package"": ""0805"", ""power_rating_w"": ""0.25""}",active,,https://example.com/datasheet/RES50000086.pdf,,
CAP50000087,CAP50000087,TDK Corporation,TDK Corporation,cap50000087,Capacitor,Capacitor,CAP50000087 Capacitor from TDK Corporation. Sourced via professional procurement support; specs below.,,,"{""temperature_coeff"": ""X7R"", ""tolerance"": ""±10%"", ""package"": ""0603"", ""voltage_rating_v"": ""50""}",active,,https://example.com/datasheet/CAP50000087.pdf,,
IND50000088,IND50000088,Bourns,Bourns,ind50000088,Inductor,Inductor,IND50000088 Inductor from Bourns. Sourced via professional procurement support; specs below.,,,"{""inductance_uh"": ""4.7"", ""package"": ""0805""}",active,,https://example.com/datasheet/IND50000088.pdf,,
SEN50000089,SEN50000089,NXP Semiconductors,NXP Semiconductors,sen50000089,Sensors,Sensors,SEN50000089 Sensors from NXP Semiconductors. Sourced via professional procurement support; specs below.,,,"[1, 2, 3]",active,,https://example.com/datasheet/SEN50000089.pdf,,
CON50000090,CON50000090,TE Connectivity,TE Connectivity,con50000090,Connectors,Connectors,CON50000090 Connectors from TE Connectivity. Sourced via professional procurement support; specs below.,,,"{""current_rating_a"": ""3"", ""mounting"": ""SMD"", ""positions"": ""40"", ""pitch_mm"": ""2.54""}",active,,https://example.com/datasheet/CON50000090.pdf,,
MOD50000091,MOD50000091,Quectel,Quectel,mod50000091,Modules,Modules,MOD50000091 Modules from Quectel. Sourced via professional procurement support; specs below.,,,"{""output_power_dbm"": ""20"", ""data_rate_bps"": ""2000000""}",active,,https://example.com/datasheet/MOD50000091.pdf,,
OPA50000092,OPA50000092,Analog Devices,Analog Devices,opa50000092,Analog IC,Analog IC,OPA50000092 Analog IC from Analog Devices. Sourced via professional procurement support; specs below.,,,"{""supply_current_ua"": ""200"", ""gain_db"": ""100""}",active,,https://example.com/datasheet/OPA50000092.pdf,,
PMIC50000093,PMIC50000093,Infineon Technologies,Infineon Technologies,pmic50000093,Power Management IC,Power Management IC,PMIC50000093 Power Management IC from Infineon Technologies. Sourced via professional procurement support; specs below.,,,"{""voltage_in_max_v"": ""28"", ""output_current_a"": ""3""}",active,,https://example.com/datasheet/PMIC50000093.pdf,,
DIO50000094,DIO50000094,Littelfuse,Littelfuse,dio50000094,Diode,Diode,DIO50000094 Diode from Littelfuse. Sourced via professional procurement support; specs below.,,,"{""vf_v"": ""0.7"", ""if_a"": ""1""}",active,,https://example.com/datasheet/DIO50000094.pdf,,
LED50000095,LED50000095,Lite-On Technology,Lite-On Technology,led50000095,LED Components,LED Components,LED50000095 LED Components from Lite-On Technology. Sourced via professional procurement support; specs below.,,,"{""package"": ""0805"", ""forward_current_ma"": ""20"", ""forward_voltage_v"": ""2.1"", ""wavelength_nm"": ""650""}",active,,https://example.com/datasheet/LED50000095.pdf,,
MEM50000096,MEM50000096,SK Hynix,SK Hynix,mem50000096,Memory IC,Memory IC,MEM50000096 Memory IC from SK Hynix. Sourced via professional procurement support; specs below.,,,"{""speed_hz"": ""104000000"", ""organization"": ""x8"", ""interface"": ""SPI""}",active,,https://example.com/datasheet/MEM50000096.pdf,,
XTAL50000097,XTAL50000097,Murata Manufacturing,Murata Manufacturing,xtal50000097,Crystal Oscillator,Crystal Oscillator,XTAL50000097 Crystal Oscillator from Murata Manufacturing. Sourced via professional procurement support; specs below.,,,"{""package"": ""SMD"", ""load_capacitance_pf"": ""18"", ""Frequency Tolerance"": ""±20ppm""}",active,,https://example.com/datasheet/XTAL50000097.pdf,,
MCU50000098,MCU50000098,Microchip Technology,Microchip Technology,mcu50000098,Microcontroller,Microcontroller,MCU50000098 Microcontroller from Microchip Technology. Sourced via professional procurement support; specs below.,,,"{""voltage_v"": ""3.3V"", ""package"": ""LQFP-48""}",active,,https://example.com/datasheet/MCU50000098.pdf,,
MOS50000099,MOS50000099,ON Semiconductor,ON Semiconductor,mos50000099,MOSFET,MOSFET,MOS50000099 MOSFET from ON Semiconductor. Sourced via professional procurement support; specs below.,,,"{""id_a"": ""30"", ""vgs_th_v"": ""2.5"", ""package"": ""SOT-23"", ""qg_nc"": ""45""}",active,,https://example.com/datasheet/MOS50000099.pdf,,
RES50000100,RES50000100,KEMET Electronics,KEMET Electronics,res50000100,Resistor,Resistor,RES50000100 Resistor from KEMET Electronics. Sourced via professional procurement support; specs below.,,,"{""tolerance"": ""±1%""}",active,,https://example.com/datasheet/RES50000100.pdf,,
CAP50000101,CAP50000101,Murata Manufacturing,Murata Manufacturing,cap50000101,Capacitor,Capacitor,CAP50000101 Capacitor from Murata Manufacturing. Sourced via professional procurement support; specs below.,,,"{""voltage_rating_v"": ""50"", ""capacitance_pf"": ""100000"", ""tolerance"": ""±10%""}",active,,https://example.com/datasheet/CAP50000101.pdf,,
IND50000102,IND50000102,InduMax,InduMax,ind50000102,Inductor,Inductor,IND50000102 Inductor from InduMax. Sourced via professional procurement support; specs below.,,,"{""current_rating_a"": ""1.5"", ""package"": ""0805""}",active,,https://example.com/datasheet/IND50000102.pdf,,
SEN50000103,SEN50000103,TE Connectivity,TE Connectivity,sen50000103,Sensors,Sensors,SEN50000103 Sensors from TE Connectivity. Sourced via professional procurement support; specs below.,,,"{""interface"": ""I2C"", ""resolution_bits"": ""12"", ""accuracy"": ""±0.5""}",active,,https://example.com/datasheet/SEN50000103.pdf,,
CON50000104,CON50000104,Hirose Electric,Hirose Electric,con50000104,Connectors,Connectors,CON50000104 Connectors from Hirose Electric. Sourced via professional procurement support; specs below.,,,"{""voltage_rating_v"": ""50"", ""positions"": ""40""}",active,,https://example.com/datasheet/CON50000104.pdf,,
MOD50000105,MOD50000105,Espressif Systems,Espressif Systems,mod50000105,Modules,Modules,MOD50000105 Modules from Espressif Systems. Sourced via professional procurement support; specs below.,,,"{""sensitivity_dbm"": ""-95"", ""data_rate_bps"": ""2000000"", ""output_power_dbm"": ""20"", ""modulation"": ""GFSK"", ""interface"": ""UART"", ""Antenna Type"": ""PCB""}",active,,https://example.com/datasheet/MOD50000105.pdf,,
OPA50000106,OPA50000106,Texas Instruments,Texas Instruments,opa50000106,Analog IC,Analog IC,OPA50000106 Analog IC from Texas Instruments. Sourced via professional procurement support; specs below.,,,"{""supply_current_ua"": ""200"", ""bandwidth_hz"": ""1000000"", ""gain_db"": ""100""}",active,,https://example.com/datasheet/OPA50000106.pdf,,
PMIC50000107,PMIC50000107,,,pmic50000107,Power Management IC,Power Management IC,PMIC50000107 Power Management IC from unspecified. Sourced via professional procurement support; specs below.,,,"{""voltage_in_max_v"": ""28"", ""voltage_in_min_v"": ""4.5"", ""Line Regulation"": ""0.5%""}",active,,https://example.com/datasheet/PMIC50000107.pdf,,
DIO50000108,DIO50000108,DiodeX,DiodeX,dio50000108,Diode,Diode,DIO50000108 Diode from DiodeX. Sourced via professional procurement support; specs below.,,,"{""if_a"": ""1"", ""vf_v"": ""0.7"", ""vrrm_v"": ""100""}",active,,https://example.com/datasheet/DIO50000108.pdf,,
LED50000109,LED50000109,Lite-On Technology,Lite-On Technology,led50000109,LED Components,LED Components,LED50000109 LED Components from Lite-On Technology. Sourced via professional procurement support; specs below.,,,"{""forward_voltage_v"": ""2.1"", ""forward_current_ma"": ""20""}",active,,https://example.com/datasheet/LED50000109.pdf,,
MEM50000110,MEM50000110,ISSI,ISSI,mem50000110,Memory IC,Memory IC,MEM50000110 Memory IC from ISSI. Sourced via professional procurement support; specs below.,,,"{""interface"": ""SPI"", ""memory_bytes"": ""16777216"", ""organization"": ""x8""}",active,,https://example.com/datasheet/MEM50000110.pdf,,
XTAL50000111,XTAL50000111,Murata Manufacturing,Murata Manufacturing,xtal50000111,Crystal Oscillator,Crystal Oscillator,XTAL50000111 Crystal Oscillator from Murata Manufacturing. Sourced via professional procurement support; specs below.,,,"[1, 2, 3]",active,,https://example.com/datasheet/XTAL50000111.pdf,,
MCU50000112,MCU50000112,GigaDevice Semiconductor,GigaDevice Semiconductor,mcu50000112,Microcontroller,Microcontroller,MCU50000112 Microcontroller from GigaDevice Semiconductor. Sourced via professional procurement support; specs below.,,,"{""ram_bytes"": ""20KB"", ""io_count"": ""48""}",active,,https://example.com/datasheet/MCU50000112.pdf,,
MOS50000113,MOS50000113,Infineon Technologies,Infineon Technologies,mos50000113,MOSFET,MOSFET,MOS50000113 MOSFET from Infineon Technologies. Sourced via professional procurement support; specs below.,,,"{""vds_v"": ""55V"", ""id_a"": ""30"", ""qg_nc"": ""45""}",active,,https://example.com/datasheet/MOS50000113.pdf,,
RES50000114,RES50000114,Fenghua,Fenghua,res50000114,Resistor,Resistor,RES50000114 Resistor from Fenghua. Sourced via professional procurement support; specs below.,,,"{""package"": ""0805"", ""tolerance"": ""±1%"", ""resistance_ohm"": ""10000""}",active,,https://example.com/datasheet/RES50000114.pdf,,
CAP50000115,CAP50000115,TDK Corporation,TDK Corporation,cap50000115,Capacitor,Capacitor,CAP50000115 Capacitor from TDK Corporation. Sourced via professional procurement support; specs below.,,,"{""tolerance"": ""±10%"", ""capacitance_pf"": ""100000""}",active,,https://example.com/datasheet/CAP50000115.pdf,,
IND50000116,IND50000116,Bourns,Bourns,ind50000116,Inductor,Inductor,IND50000116 Inductor from Bourns. Sourced via professional procurement support; specs below.,,,"{""tolerance"": ""±20%"", ""inductance_uh"": ""4.7""}",active,,https://example.com/datasheet/IND50000116.pdf,,
SEN50000117,SEN50000117,TE Connectivity,TE Connectivity,sen50000117,Sensors,Sensors,SEN50000117 Sensors from TE Connectivity. Sourced via professional procurement support; specs below.,,,"{""interface"": ""I2C"", ""range"": ""0-40"", ""resolution_bits"": ""12""}",active,,https://example.com/datasheet/SEN50000117.pdf,,
CON50000118,CON50000118,TE Connectivity,TE Connectivity,con50000118,Connectors,Connectors,CON50000118 Connectors from TE Connectivity. Sourced via professional procurement support; specs below.,,,"{""pitch_mm"": ""2.54"", ""current_rating_a"": ""3"", ""positions"": ""40""}",active,,https://example.com/datasheet/CON50000118.pdf,,
MOD50000119,MOD50000119,u-blox,u-blox,mod50000119,Modules,Modules,MOD50000119 Modules from u-blox. Sourced via professional procurement support; specs below.,,,"{""interface"": ""UART"", ""output_power_dbm"": ""20"", ""sensitivity_dbm"": ""-95"", ""modulation"": ""GFSK""}",active,,https://example.com/datasheet/MOD50000119.pdf,,
OPA50000120,OPA50000120,OpAmpInc,OpAmpInc,opa50000120,Analog IC,Analog IC,OPA50000120 Analog IC from OpAmpInc. Sourced via professional procurement support; specs below.,,,"{""bandwidth_hz"": ""1000000"", ""gain_db"": ""100"", ""package"": ""SOIC-8"", ""supply_current_ua"": ""200""}",active,,https://example.com/datasheet/OPA50000120.pdf,,
PMIC50000121,PMIC50000121,PowerLite,PowerLite,pmic50000121,Power Management IC,Power Management IC,PMIC50000121 Power Management IC from PowerLite. Sourced via professional procurement support; specs below.,,,"{""efficiency_percent"": ""92"", ""voltage_in_max_v"": ""28"", ""voltage_in_min_v"": ""4.5""}",active,,https://example.com/datasheet/PMIC50000121.pdf,,
DIO50000122,DIO50000122,Vishay Intertechnology,Vishay Intertechnology,dio50000122,Diode,Diode,DIO50000122 Diode from Vishay Intertechnology. Sourced via professional procurement support; specs below.,,,"{""vrrm_v"": ""100"", ""if_a"": ""1"", ""Reverse Recovery"": ""50ns""}",active,,https://example.com/datasheet/DIO50000122.pdf,,
LED50000123,LED50000123,LedWorks,LedWorks,led50000123,LED Components,LED Components,LED50000123 LED Components from LedWorks. Sourced via professional procurement support; specs below.,,,"{""forward_voltage_v"": ""2.1"", ""forward_current_ma"": ""20"", ""package"": ""0805"", ""wavelength_nm"": ""650""}",active,,https://example.com/datasheet/LED50000123.pdf,,
MEM50000124,MEM50000124,ISSI,ISSI,mem50000124,Memory IC,Memory IC,MEM50000124 Memory IC from ISSI. Sourced via professional procurement support; specs below.,,,"{""organization"": ""x8"", ""speed_hz"": ""104000000"", ""Access Time"": ""70ns""}",active,,https://example.com/datasheet/MEM50000124.pdf,,
XTAL50000125,XTAL50000125,TDK Corporation,TDK Corporation,xtal50000125,Crystal Oscillator,Crystal Oscillator,XTAL50000125 Crystal Oscillator from TDK Corporation. Sourced via professional procurement support; specs below.,,,"{""load_capacitance_pf"": ""18"", ""frequency_hz"": ""8000000""}",active,,https://example.com/datasheet/XTAL50000125.pdf,,
MCU50000126,MCU50000126,GigaDevice Semiconductor,GigaDevice Semiconductor,mcu50000126,Microcontroller,Microcontroller,MCU50000126 Microcontroller from GigaDevice Semiconductor. Sourced via professional procurement support; specs below.,,,"{""io_count"": ""48"", ""frequency_hz"": ""72000000"", ""voltage_v"": ""3.3""}",active,,https://example.com/datasheet/MCU50000126.pdf,,
MOS50000127,MOS50000127,Alpha & Omega Semiconductor,Alpha & Omega Semiconductor,mos50000127,MOSFET,MOSFET,MOS50000127 MOSFET from Alpha & Omega Semiconductor. Sourced via professional procurement support; specs below.,,,"{""qg_nc"": ""45"", ""rds_on_mohm"": ""8""}",active,,https://example.com/datasheet/MOS50000127.pdf,,
RES50000128,RES50000128,Yageo,Yageo,res50000128,Resistor,Resistor,RES50000128 Resistor from Yageo. Sourced via professional procurement support; specs below.,,,"{""tolerance"": ""±1%"", ""temperature_coeff"": ""X7R""}",active,,https://example.com/datasheet/RES50000128.pdf,,
CAP50000129,CAP50000129,Holy Stone,Holy Stone,cap50000129,Capacitor,Capacitor,CAP50000129 Capacitor from Holy Stone. Sourced via professional procurement support; specs below.,,,"{""capacitance_pf"": ""100nF"", ""tolerance"": ""±10%"", ""voltage_rating_v"": ""50""}",active,,https://example.com/datasheet/CAP50000129.pdf,,
IND50000130,IND50000130,Bourns,Bourns,ind50000130,Inductor,Inductor,IND50000130 Inductor from Bourns. Sourced via professional procurement support; specs below.,,,"{""inductance_uh"": ""4.7"", ""tolerance"": ""±20%"", ""current_rating_a"": ""1.5""}",active,,https://example.com/datasheet/IND50000130.pdf,,
SEN50000131,SEN50000131,STMicroelectronics,STMicroelectronics,sen50000131,Sensors,Sensors,SEN50000131 Sensors from STMicroelectronics. Sourced via professional procurement support; specs below.,,,"{""sensitivity_dbm"": ""260 LSB/g"", ""range"": ""0-40"", ""resolution_bits"": ""12"", ""interface"": ""I2C"", ""accuracy"": ""±0.5""}",active,,https://example.com/datasheet/SEN50000131.pdf,,
CON50000132,CON50000132,Molex,Molex,con50000132,Connectors,Connectors,CON50000132 Connectors from Molex. Sourced via professional procurement support; specs below.,,,"{""positions"": ""40"", ""voltage_rating_v"": ""50"", ""mounting"": ""SMD"", ""pitch_mm"": ""2.54""}",active,,https://example.com/datasheet/CON50000132.pdf,,
MOD50000133,MOD50000133,u-blox,u-blox,mod50000133,Modules,Modules,MOD50000133 Modules from u-blox. Sourced via professional procurement support; specs below.,,,"{""sensitivity_dbm"": ""-95"", ""output_power_dbm"": ""20"", ""modulation"": ""GFSK"", ""data_rate_bps"": ""2Mbps""}",active,,https://example.com/datasheet/MOD50000133.pdf,,
OPA50000134,OPA50000134,Texas Instruments,Texas Instruments,opa50000134,Analog IC,Analog IC,OPA50000134 Analog IC from Texas Instruments. Sourced via professional procurement support; specs below.,,,"{""bandwidth_hz"": ""1000000"", ""gain_db"": ""100""}",active,,https://example.com/datasheet/OPA50000134.pdf,,
PMIC50000135,PMIC50000135,SGMICRO,SGMICRO,pmic50000135,Power Management IC,Power Management IC,PMIC50000135 Power Management IC from SGMICRO. Sourced via professional procurement support; specs below.,,,"{""output_current_a"": ""3"", ""efficiency_percent"": ""92"", ""voltage_out_v"": ""5"", ""voltage_in_max_v"": ""28""}",active,,https://example.com/datasheet/PMIC50000135.pdf,,
DIO50000136,DIO50000136,Vishay Intertechnology,Vishay Intertechnology,dio50000136,Diode,Diode,DIO50000136 Diode from Vishay Intertechnology. Sourced via professional procurement support; specs below.,,,"{""vf_v"": ""0.7"", ""vrrm_v"": ""100"", ""if_a"": ""1""}",active,,https://example.com/datasheet/DIO50000136.pdf,,
LED50000137,LED50000137,Everlight Electronics,Everlight Electronics,led50000137,LED Components,LED Components,LED50000137 LED Components from Everlight Electronics. Sourced via professional procurement support; specs below.,,,"{""forward_current_ma"": ""20"", ""forward_voltage_v"": ""2.1"", ""package"": ""0805""}",active,,https://example.com/datasheet/LED50000137.pdf,,
MEM50000138,MEM50000138,Macronix International,Macronix International,mem50000138,Memory IC,Memory IC,MEM50000138 Memory IC from Macronix International. Sourced via professional procurement support; specs below.,,,"{""interface"": ""SPI"", ""organization"": ""x8"", ""speed_hz"": ""104000000"", ""Access Time"": ""70ns""}",active,,https://example.com/datasheet/MEM50000138.pdf,,
XTAL50000139,XTAL50000139,TDK Corporation,TDK Corporation,xtal50000139,Crystal Oscillator,Crystal Oscillator,XTAL50000139 Crystal Oscillator from TDK Corporation. Sourced via professional procurement support; specs below.,,,"{""package"": ""SMD"", ""frequency_hz"": ""8000000""}",active,,https://example.com/datasheet/XTAL50000139.pdf,,
MCU50000140,MCU50000140,Nuvoton Technology,Nuvoton Technology,mcu50000140,Microcontroller,Microcontroller,MCU50000140 Microcontroller from Nuvoton Technology. Sourced via professional procurement support; specs below.,,,"{""package"": ""LQFP-48"", ""ram_bytes"": ""20480"", ""core"": ""ARM Cortex-M4"", ""voltage_v"": ""3.3V"", ""flash_bytes"": ""131072""}",active,,https://example.com/datasheet/MCU50000140.pdf,,
MOS50000141,MOS50000141,Vishay Intertechnology,Vishay Intertechnology,mos50000141,MOSFET,MOSFET,MOS50000141 MOSFET from Vishay Intertechnology. Sourced via professional procurement support; specs below.,,,"{""id_a"": ""30A""}",active,,https://example.com/datasheet/MOS50000141.pdf,,
RES50000142,RES50000142,,,res50000142,Resistor,Resistor,RES50000142 Resistor from unspecified. Sourced via professional procurement support; specs below.,,,"{""power_rating_w"": ""0.25""}",active,,https://example.com/datasheet/RES50000142.pdf,,
CAP50000143,CAP50000143,Murata Manufacturing,Murata Manufacturing,cap50000143,Capacitor,Capacitor,CAP50000143 Capacitor from Murata Manufacturing. Sourced via professional procurement support; specs below.,,,"{""tolerance"": ""±10%"", ""voltage_rating_v"": ""50"", ""temperature_coeff"": ""X7R""}",active,,https://example.com/datasheet/CAP50000143.pdf,,
IND50000144,IND50000144,,,ind50000144,Inductor,Inductor,IND50000144 Inductor from unspecified. Sourced via professional procurement support; specs below.,,,"{""package"": ""0805"", ""tolerance"": ""±20%"", ""inductance_uh"": ""4.7""}",active,,https://example.com/datasheet/IND50000144.pdf,,
SEN50000145,SEN50000145,BoschDummy,BoschDummy,sen50000145,Sensors,Sensors,SEN50000145 Sensors from BoschDummy. Sourced via professional procurement support; specs below.,,,"{""range"": ""0-40"", ""accuracy"": ""±0.5"", ""sensitivity_dbm"": ""260 LSB/g"", ""resolution_bits"": ""12"", ""interface"": ""I2C""}",active,,https://example.com/datasheet/SEN50000145.pdf,,
CON50000146,CON50000146,Molex,Molex,con50000146,Connectors,Connectors,CON50000146 Connectors from Molex. Sourced via professional procurement support; specs below.,,,"{""mounting"": ""SMD"", ""current_rating_a"": ""3"", ""pitch_mm"": ""2.54""}",active,,https://example.com/datasheet/CON50000146.pdf,,
MOD50000147,MOD50000147,Quectel,Quectel,mod50000147,Modules,Modules,MOD50000147 Modules from Quectel. Sourced via professional procurement support; specs below.,,,"{""sensitivity_dbm"": ""-95"", ""data_rate_bps"": ""2000000""}",active,,https://example.com/datasheet/MOD50000147.pdf,,
OPA50000148,OPA50000148,OpAmpInc,OpAmpInc,opa50000148,Analog IC,Analog IC,OPA50000148 Analog IC from OpAmpInc. Sourced via professional procurement support; specs below.,,,"{""supply_current_ua"": ""200"", ""gain_db"": ""100"", ""package"": ""SOIC-8"", ""bandwidth_hz"": ""1000000""}",active,,https://example.com/datasheet/OPA50000148.pdf,,
PMIC50000149,PMIC50000149,SGMICRO,SGMICRO,pmic50000149,Power Management IC,Power Management IC,PMIC50000149 Power Management IC from SGMICRO. Sourced via professional procurement support; specs below.,,,"{""package"": ""SOT-23"", ""efficiency_percent"": ""92"", ""voltage_in_max_v"": ""28"", ""Power Good"": ""yes""}",active,,https://example.com/datasheet/PMIC50000149.pdf,,
DIO50000150,DIO50000150,Littelfuse,Littelfuse,dio50000150,Diode,Diode,DIO50000150 Diode from Littelfuse. Sourced via professional procurement support; specs below.,,,"{""vrrm_v"": ""100"", ""if_a"": ""1"", ""vf_v"": ""0.7""}",active,,https://example.com/datasheet/DIO50000150.pdf,,
LED50000151,LED50000151,Everlight Electronics,Everlight Electronics,led50000151,LED Components,LED Components,LED50000151 LED Components from Everlight Electronics. Sourced via professional procurement support; specs below.,,,"{""wavelength_nm"": ""650"", ""forward_current_ma"": ""20"", ""package"": ""0805"", ""forward_voltage_v"": ""2.1""}",active,,https://example.com/datasheet/LED50000151.pdf,,
MEM50000152,MEM50000152,ISSI,ISSI,mem50000152,Memory IC,Memory IC,MEM50000152 Memory IC from ISSI. Sourced via professional procurement support; specs below.,,,"{""organization"": ""x8"", ""memory_bytes"": ""16777216"", ""interface"": ""SPI"", ""speed_hz"": ""104000000""}",active,,https://example.com/datasheet/MEM50000152.pdf,,
XTAL50000153,XTAL50000153,AbraconX,AbraconX,xtal50000153,Crystal Oscillator,Crystal Oscillator,XTAL50000153 Crystal Oscillator from AbraconX. Sourced via professional procurement support; specs below.,,,"{""package"": ""SMD"", ""load_capacitance_pf"": ""18"", ""frequency_hz"": ""8000000""}",active,,https://example.com/datasheet/XTAL50000153.pdf,,
MCU50000154,MCU50000154,Nuvoton Technology,Nuvoton Technology,mcu50000154,Microcontroller,Microcontroller,MCU50000154 Microcontroller from Nuvoton Technology. Sourced via professional procurement support; specs below.,,,"{""frequency_hz"": ""72000000"", ""core"": ""ARM Cortex-M4"", ""package"": ""LQFP-48""}",active,,https://example.com/datasheet/MCU50000154.pdf,,
MOS50000155,MOS50000155,Alpha & Omega Semiconductor,Alpha & Omega Semiconductor,mos50000155,MOSFET,MOSFET,MOS50000155 MOSFET from Alpha & Omega Semiconductor. Sourced via professional procurement support; specs below.,,,"{""rds_on_mohm"": ""8"", ""id_a"": ""30"", ""vds_v"": ""55"", ""qg_nc"": ""45""}",active,,https://example.com/datasheet/MOS50000155.pdf,,
RES50000156,RES50000156,Fenghua,Fenghua,res50000156,Resistor,Resistor,RES50000156 Resistor from Fenghua. Sourced via professional procurement support; specs below.,,,"{""resistance_ohm"": ""10kΩ"", ""temperature_coeff"": ""X7R""}",active,,https://example.com/datasheet/RES50000156.pdf,,
CAP50000157,CAP50000157,DeltaCap,DeltaCap,cap50000157,Capacitor,Capacitor,CAP50000157 Capacitor from DeltaCap. Sourced via professional procurement support; specs below.,,,"{""capacitance_pf"": ""100000"", ""voltage_rating_v"": ""50""}",active,,https://example.com/datasheet/CAP50000157.pdf,,
IND50000158,IND50000158,Wurth Elektronik,Wurth Elektronik,ind50000158,Inductor,Inductor,IND50000158 Inductor from Wurth Elektronik. Sourced via professional procurement support; specs below.,,,"{""inductance_uh"": ""4.7"", ""tolerance"": ""±20%""}",active,,https://example.com/datasheet/IND50000158.pdf,,
SEN50000159,SEN50000159,TE Connectivity,TE Connectivity,sen50000159,Sensors,Sensors,SEN50000159 Sensors from TE Connectivity. Sourced via professional procurement support; specs below.,,,"{""sensitivity_dbm"": ""260 LSB/g"", ""interface"": ""I2C"", ""resolution_bits"": ""12"", ""accuracy"": ""±0.5"", ""range"": ""0-40""}",active,,https://example.com/datasheet/SEN50000159.pdf,,
CON50000160,CON50000160,Hirose Electric,Hirose Electric,con50000160,Connectors,Connectors,CON50000160 Connectors from Hirose Electric. Sourced via professional procurement support; specs below.,,,"{""pitch_mm"": ""2.54"", ""mounting"": ""SMD"", ""current_rating_a"": ""3"", ""positions"": ""40"", ""voltage_rating_v"": ""50""}",active,,https://example.com/datasheet/CON50000160.pdf,,
MOD50000161,MOD50000161,u-blox,u-blox,mod50000161,Modules,Modules,MOD50000161 Modules from u-blox. Sourced via professional procurement support; specs below.,,,"{""modulation"": ""GFSK"", ""interface"": ""UART"", ""output_power_dbm"": ""20"", ""Antenna Type"": ""PCB""}",active,,https://example.com/datasheet/MOD50000161.pdf,,
OPA50000162,OPA50000162,Analog Devices,Analog Devices,opa50000162,Analog IC,Analog IC,OPA50000162 Analog IC from Analog Devices. Sourced via professional procurement support; specs below.,,,"{""bandwidth_hz"": ""1000000"", ""supply_current_ua"": ""200"", ""gain_db"": ""100""}",active,,https://example.com/datasheet/OPA50000162.pdf,,
PMIC50000163,PMIC50000163,Monolithic Power Systems,Monolithic Power Systems,pmic50000163,Power Management IC,Power Management IC,PMIC50000163 Power Management IC from Monolithic Power Systems. Sourced via professional procurement support; specs below.,,,"{""efficiency_percent"": ""92"", ""voltage_in_min_v"": ""4.5""}",active,,https://example.com/datasheet/PMIC50000163.pdf,,
DIO50000164,DIO50000164,Littelfuse,Littelfuse,dio50000164,Diode,Diode,DIO50000164 Diode from Littelfuse. Sourced via professional procurement support; specs below.,,,"{""vf_v"": ""0.7"", ""if_a"": ""1"", ""vrrm_v"": ""100""}",active,,https://example.com/datasheet/DIO50000164.pdf,,
LED50000165,LED50000165,LedWorks,LedWorks,led50000165,LED Components,LED Components,LED50000165 LED Components from LedWorks. Sourced via professional procurement support; specs below.,,,"{""wavelength_nm"": ""650"", ""forward_voltage_v"": ""2.1"", ""forward_current_ma"": ""20""}",active,,https://example.com/datasheet/LED50000165.pdf,,
MEM50000166,MEM50000166,SK Hynix,SK Hynix,mem50000166,Memory IC,Memory IC,MEM50000166 Memory IC from SK Hynix. Sourced via professional procurement support; specs below.,,,"{""organization"": ""x8"", ""memory_bytes"": ""16777216""}",active,,https://example.com/datasheet/MEM50000166.pdf,,
XTAL50000167,XTAL50000167,AbraconX,AbraconX,xtal50000167,Crystal Oscillator,Crystal Oscillator,XTAL50000167 Crystal Oscillator from AbraconX. Sourced via professional procurement support; specs below.,,,"{""load_capacitance_pf"": ""18"", ""package"": ""SMD""}",active,,https://example.com/datasheet/XTAL50000167.pdf,,
MCU50000168,MCU50000168,Holtek Semiconductor,Holtek Semiconductor,mcu50000168,Microcontroller,Microcontroller,MCU50000168 Microcontroller from Holtek Semiconductor. Sourced via professional procurement support; specs below.,,,"{""flash_bytes"": ""131072"", ""voltage_v"": ""3.3"", ""core"": ""ARM Cortex-M4""}",active,,https://example.com/datasheet/MCU50000168.pdf,,
MOS50000169,MOS50000169,Infineon Technologies,Infineon Technologies,mos50000169,MOSFET,MOSFET,MOS50000169 MOSFET from Infineon Technologies. Sourced via professional procurement support; specs below.,,,"{""vds_v"": ""55V"", ""qg_nc"": ""45""}",active,,https://example.com/datasheet/MOS50000169.pdf,,
RES50000170,RES50000170,KEMET Electronics,KEMET Electronics,res50000170,Resistor,Resistor,RES50000170 Resistor from KEMET Electronics. Sourced via professional procurement support; specs below.,,,"{""resistance_ohm"": ""10kΩ"", ""tolerance"": ""±1%"", ""package"": ""0805"", ""power_rating_w"": ""0.25"", ""MTBF Hours"": ""100000""}",active,,https://example.com/datasheet/RES50000170.pdf,,
CAP50000171,CAP50000171,KEMET Electronics,KEMET Electronics,cap50000171,Capacitor,Capacitor,CAP50000171 Capacitor from KEMET Electronics. Sourced via professional procurement support; specs below.,,,"{""tolerance"": ""±10%"", ""capacitance_pf"": ""100nF"", ""package"": ""0603""}",active,,https://example.com/datasheet/CAP50000171.pdf,,
IND50000172,IND50000172,Bourns,Bourns,ind50000172,Inductor,Inductor,IND50000172 Inductor from Bourns. Sourced via professional procurement support; specs below.,,,"{""inductance_uh"": ""4.7"", ""current_rating_a"": ""1.5""}",active,,https://example.com/datasheet/IND50000172.pdf,,
SEN50000173,SEN50000173,NXP Semiconductors,NXP Semiconductors,sen50000173,Sensors,Sensors,SEN50000173 Sensors from NXP Semiconductors. Sourced via professional procurement support; specs below.,,,"{""range"": ""0-40"", ""accuracy"": ""±0.5"", ""interface"": ""I2C"", ""sensitivity_dbm"": ""260 LSB/g"", ""resolution_bits"": ""12""}",active,,https://example.com/datasheet/SEN50000173.pdf,,
CON50000174,CON50000174,LinkFab,LinkFab,con50000174,Connectors,Connectors,CON50000174 Connectors from LinkFab. Sourced via professional procurement support; specs below.,,,"{""pitch_mm"": ""2.54"", ""positions"": ""40"", ""current_rating_a"": ""3""}",active,,https://example.com/datasheet/CON50000174.pdf,,
MOD50000175,MOD50000175,u-blox,u-blox,mod50000175,Modules,Modules,MOD50000175 Modules from u-blox. Sourced via professional procurement support; specs below.,,,"{""output_power_dbm"": ""20"", ""modulation"": ""GFSK"", ""interface"": ""UART""}",active,,https://example.com/datasheet/MOD50000175.pdf,,
OPA50000176,OPA50000176,Maxim Integrated,Maxim Integrated,opa50000176,Analog IC,Analog IC,OPA50000176 Analog IC from Maxim Integrated. Sourced via professional procurement support; specs below.,,,"{""bandwidth_hz"": ""1000000"", ""gain_db"": ""100"", ""supply_current_ua"": ""200"", ""package"": ""SOIC-8""}",active,,https://example.com/datasheet/OPA50000176.pdf,,
PMIC50000177,PMIC50000177,Monolithic Power Systems,Monolithic Power Systems,pmic50000177,Power Management IC,Power Management IC,PMIC50000177 Power Management IC from Monolithic Power Systems. Sourced via professional procurement support; specs below.,,,"{""efficiency_percent"": ""92"", ""package"": ""SOT-23""}",active,,https://example.com/datasheet/PMIC50000177.pdf,,
DIO50000178,DIO50000178,Vishay Intertechnology,Vishay Intertechnology,dio50000178,Diode,Diode,DIO50000178 Diode from Vishay Intertechnology. Sourced via professional procurement support; specs below.,,,"{""if_a"": ""1"", ""vrrm_v"": ""100"", ""vf_v"": ""0.7""}",active,,https://example.com/datasheet/DIO50000178.pdf,,
LED50000179,LED50000179,Kingbright,Kingbright,led50000179,LED Components,LED Components,LED50000179 LED Components from Kingbright. Sourced via professional procurement support; specs below.,,,"{""forward_current_ma"": ""20"", ""forward_voltage_v"": ""2.1"", ""package"": ""0805"", ""Luminous Intensity"": ""100mcd""}",active,,https://example.com/datasheet/LED50000179.pdf,,
MEM50000180,MEM50000180,MemCore,MemCore,mem50000180,Memory IC,Memory IC,MEM50000180 Memory IC from MemCore. Sourced via professional procurement support; specs below.,,,"{""organization"": ""x8"", ""interface"": ""SPI"", ""speed_hz"": ""104000000""}",active,,https://example.com/datasheet/MEM50000180.pdf,,
XTAL50000181,XTAL50000181,AbraconX,AbraconX,xtal50000181,Crystal Oscillator,Crystal Oscillator,XTAL50000181 Crystal Oscillator from AbraconX. Sourced via professional procurement support; specs below.,,,"{""frequency_hz"": ""8000000"", ""load_capacitance_pf"": ""18""}",active,,https://example.com/datasheet/XTAL50000181.pdf,,
MCU50000182,MCU50000182,GigaDevice Semiconductor,GigaDevice Semiconductor,mcu50000182,Microcontroller,Microcontroller,MCU50000182 Microcontroller from GigaDevice Semiconductor. Sourced via professional procurement support; specs below.,,,"{""ESD Rating"": ""2kV""}",active,,https://example.com/datasheet/MCU50000182.pdf,,
MOS50000183,MOS50000183,Alpha & Omega Semiconductor,Alpha & Omega Semiconductor,mos50000183,MOSFET,MOSFET,MOS50000183 MOSFET from Alpha & Omega Semiconductor. Sourced via professional procurement support; specs below.,,,"{""package"": ""SOT-23"", ""vds_v"": ""55"", ""Leakage Current"": ""1uA""}",active,,https://example.com/datasheet/MOS50000183.pdf,,
RES50000184,RES50000184,Fenghua,Fenghua,res50000184,Resistor,Resistor,RES50000184 Resistor from Fenghua. Sourced via professional procurement support; specs below.,,,"{""power_rating_w"": ""0.25"", ""temperature_coeff"": ""X7R"", ""tolerance"": ""±1%""}",active,,https://example.com/datasheet/RES50000184.pdf,,
CAP50000185,CAP50000185,Walsin Technology,Walsin Technology,cap50000185,Capacitor,Capacitor,CAP50000185 Capacitor from Walsin Technology. Sourced via professional procurement support; specs below.,,,"{""package"": ""0603"", ""voltage_rating_v"": ""50""}",active,,https://example.com/datasheet/CAP50000185.pdf,,
IND50000186,IND50000186,TDK Corporation,TDK Corporation,ind50000186,Inductor,Inductor,IND50000186 Inductor from TDK Corporation. Sourced via professional procurement support; specs below.,,,"{""tolerance"": ""±20%"", ""inductance_uh"": ""4.7""}",active,,https://example.com/datasheet/IND50000186.pdf,,
SEN50000187,SEN50000187,TE Connectivity,TE Connectivity,sen50000187,Sensors,Sensors,SEN50000187 Sensors from TE Connectivity. Sourced via professional procurement support; specs below.,,,"{""range"": ""0-40"", ""sensitivity_dbm"": ""260 LSB/g""}",active,,https://example.com/datasheet/SEN50000187.pdf,,
CON50000188,CON50000188,JST,JST,con50000188,Connectors,Connectors,CON50000188 Connectors from JST. Sourced via professional procurement support; specs below.,,,"{""mounting"": ""SMD"", ""current_rating_a"": ""3"", ""positions"": ""40"", ""pitch_mm"": ""2.54"", ""voltage_rating_v"": ""50""}",active,,https://example.com/datasheet/CON50000188.pdf,,
MOD50000189,MOD50000189,SIMCom,SIMCom,mod50000189,Modules,Modules,MOD50000189 Modules from SIMCom. Sourced via professional procurement support; specs below.,,,"{""data_rate_bps"": ""2000000"", ""output_power_dbm"": ""20"", ""modulation"": ""GFSK"", ""sensitivity_dbm"": ""-95""}",active,,https://example.com/datasheet/MOD50000189.pdf,,
OPA50000190,OPA50000190,Maxim Integrated,Maxim Integrated,opa50000190,Analog IC,Analog IC,OPA50000190 Analog IC from Maxim Integrated. Sourced via professional procurement support; specs below.,,,"{""supply_current_ua"": ""200"", ""gain_db"": ""100"", ""package"": ""SOIC-8""}",active,,https://example.com/datasheet/OPA50000190.pdf,,
PMIC50000191,PMIC50000191,SGMICRO,SGMICRO,pmic50000191,Power Management IC,Power Management IC,PMIC50000191 Power Management IC from SGMICRO. Sourced via professional procurement support; specs below.,,,"{""efficiency_percent"": ""92"", ""voltage_in_min_v"": ""4.5"", ""package"": ""SOT-23"", ""Power Good"": ""yes""}",active,,https://example.com/datasheet/PMIC50000191.pdf,,
DIO50000192,DIO50000192,ON Semiconductor,ON Semiconductor,dio50000192,Diode,Diode,DIO50000192 Diode from ON Semiconductor. Sourced via professional procurement support; specs below.,,,"{""vf_v"": ""0.7"", ""vrrm_v"": ""100"", ""if_a"": ""1""}",active,,https://example.com/datasheet/DIO50000192.pdf,,
LED50000193,LED50000193,OSRAM,OSRAM,led50000193,LED Components,LED Components,LED50000193 LED Components from OSRAM. Sourced via professional procurement support; specs below.,,,"{""wavelength_nm"": ""650"", ""forward_voltage_v"": ""2.1""}",active,,https://example.com/datasheet/LED50000193.pdf,,
MEM50000194,MEM50000194,Micron Technology,Micron Technology,mem50000194,Memory IC,Memory IC,MEM50000194 Memory IC from Micron Technology. Sourced via professional procurement support; specs below.,,,"{""speed_hz"": ""104000000"", ""memory_bytes"": ""16777216""}",active,,https://example.com/datasheet/MEM50000194.pdf,,
XTAL50000195,XTAL50000195,AbraconX,AbraconX,xtal50000195,Crystal Oscillator,Crystal Oscillator,XTAL50000195 Crystal Oscillator from AbraconX. Sourced via professional procurement support; specs below.,,,"{""frequency_hz"": ""8000000"", ""load_capacitance_pf"": ""18"", ""package"": ""SMD"", ""Frequency Tolerance"": ""±20ppm""}",active,,https://example.com/datasheet/XTAL50000195.pdf,,
MCU50000196,MCU50000196,STMicroelectronics,STMicroelectronics,mcu50000196,Microcontroller,Microcontroller,MCU50000196 Microcontroller from STMicroelectronics. Sourced via professional procurement support; specs below.,,,"{""package"": ""LQFP-48"", ""frequency_hz"": ""72000000"", ""ram_bytes"": ""20KB"", ""Operating Temp"": ""-40~85""}",active,,https://example.com/datasheet/MCU50000196.pdf,,
MOS50000197,MOS50000197,Yangjie,Yangjie,mos50000197,MOSFET,MOSFET,MOS50000197 MOSFET from Yangjie. Sourced via professional procurement support; specs below.,,,"{""rds_on_mohm"": ""8""}",active,,https://example.com/datasheet/MOS50000197.pdf,,
RES50000198,RES50000198,KEMET Electronics,KEMET Electronics,res50000198,Resistor,Resistor,RES50000198 Resistor from KEMET Electronics. Sourced via professional procurement support; specs below.,,,"{""tolerance"": ""±1%""}",active,,https://example.com/datasheet/RES50000198.pdf,,
CAP50000199,CAP50000199,Murata Manufacturing,Murata Manufacturing,cap50000199,Capacitor,Capacitor,CAP50000199 Capacitor from Murata Manufacturing. Sourced via professional procurement support; specs below.,,,"{""capacitance_pf"": ""100000"", ""tolerance"": ""±10%"", ""voltage_rating_v"": ""50""}",active,,https://example.com/datasheet/CAP50000199.pdf,,
IND50000200,IND50000200,TDK Corporation,TDK Corporation,ind50000200,Inductor,Inductor,IND50000200 Inductor from TDK Corporation. Sourced via professional procurement support; specs below.,,,"{""inductance_uh"": ""4.7"", ""tolerance"": ""±20%"", ""package"": ""0805""}",active,,https://example.com/datasheet/IND50000200.pdf,,
SEN50000201,SEN50000201,BoschDummy,BoschDummy,sen50000201,Sensors,Sensors,SEN50000201 Sensors from BoschDummy. Sourced via professional procurement support; specs below.,,,"{""resolution_bits"": ""12"", ""interface"": ""I2C"", ""accuracy"": ""±0.5"", ""range"": ""0-40""}",active,,https://example.com/datasheet/SEN50000201.pdf,,
CON50000202,CON50000202,LinkFab,LinkFab,con50000202,Connectors,Connectors,CON50000202 Connectors from LinkFab. Sourced via professional procurement support; specs below.,,,"{""voltage_rating_v"": ""50"", ""positions"": ""40"", ""mounting"": ""SMD""}",active,,https://example.com/datasheet/CON50000202.pdf,,
MOD50000203,MOD50000203,u-blox,u-blox,mod50000203,Modules,Modules,MOD50000203 Modules from u-blox. Sourced via professional procurement support; specs below.,,,"{""modulation"": ""GFSK"", ""output_power_dbm"": ""20""}",active,,https://example.com/datasheet/MOD50000203.pdf,,
OPA50000204,OPA50000204,Analog Devices,Analog Devices,opa50000204,Analog IC,Analog IC,OPA50000204 Analog IC from Analog Devices. Sourced via professional procurement support; specs below.,,,"{""supply_current_ua"": ""200"", ""bandwidth_hz"": ""1000000"", ""Input Noise"": ""10nV""}",active,,https://example.com/datasheet/OPA50000204.pdf,,
PMIC50000205,PMIC50000205,Monolithic Power Systems,Monolithic Power Systems,pmic50000205,Power Management IC,Power Management IC,PMIC50000205 Power Management IC from Monolithic Power Systems. Sourced via professional procurement support; specs below.,,,"{""output_current_a"": ""3"", ""efficiency_percent"": ""92"", ""voltage_in_max_v"": ""28""}",active,,https://example.com/datasheet/PMIC50000205.pdf,,
DIO50000206,DIO50000206,Littelfuse,Littelfuse,dio50000206,Diode,Diode,DIO50000206 Diode from Littelfuse. Sourced via professional procurement support; specs below.,,,"{""vrrm_v"": ""100"", ""if_a"": ""1""}",active,,https://example.com/datasheet/DIO50000206.pdf,,
LED50000207,LED50000207,PhotonInc,PhotonInc,led50000207,LED Components,LED Components,LED50000207 LED Components from PhotonInc. Sourced via professional procurement support; specs below.,,,"{""forward_voltage_v"": ""2.1"", ""package"": ""0805""}",active,,https://example.com/datasheet/LED50000207.pdf,,
MEM50000208,MEM50000208,Micron Technology,Micron Technology,mem50000208,Memory IC,Memory IC,MEM50000208 Memory IC from Micron Technology. Sourced via professional procurement support; specs below.,,,"{""organization"": ""x8"", ""interface"": ""SPI"", ""Access Time"": ""70ns""}",active,,https://example.com/datasheet/MEM50000208.pdf,,
XTAL50000209,XTAL50000209,Wurth Elektronik,Wurth Elektronik,xtal50000209,Crystal Oscillator,Crystal Oscillator,XTAL50000209 Crystal Oscillator from Wurth Elektronik. Sourced via professional procurement support; specs below.,,,"{""load_capacitance_pf"": ""18"", ""package"": ""SMD""}",active,,https://example.com/datasheet/XTAL50000209.pdf,,
MCU50000210,MCU50000210,Holtek Semiconductor,Holtek Semiconductor,mcu50000210,Microcontroller,Microcontroller,MCU50000210 Microcontroller from Holtek Semiconductor. Sourced via professional procurement support; specs below.,,,"{""io_count"": ""48"", ""voltage_v"": ""3.3"", ""ram_bytes"": ""20KB"", ""core"": ""ARM Cortex-M4"", ""flash_bytes"": ""131072"", ""Operating Temp"": ""-40~85""}",active,,https://example.com/datasheet/MCU50000210.pdf,,
MOS50000211,MOS50000211,ON Semiconductor,ON Semiconductor,mos50000211,MOSFET,MOSFET,MOS50000211 MOSFET from ON Semiconductor. Sourced via professional procurement support; specs below.,,,"{""rds_on_mohm"": ""8"", ""Leakage Current"": ""1uA""}",active,,https://example.com/datasheet/MOS50000211.pdf,,
RES50000212,RES50000212,KEMET Electronics,KEMET Electronics,res50000212,Resistor,Resistor,RES50000212 Resistor from KEMET Electronics. Sourced via professional procurement support; specs below.,,,"{""package"": ""0805"", ""power_rating_w"": ""0.25"", ""resistance_ohm"": ""10kΩ""}",active,,https://example.com/datasheet/RES50000212.pdf,,
CAP50000213,CAP50000213,KEMET Electronics,KEMET Electronics,cap50000213,Capacitor,Capacitor,CAP50000213 Capacitor from KEMET Electronics. Sourced via professional procurement support; specs below.,,,"{""voltage_rating_v"": ""50"", ""tolerance"": ""±10%""}",active,,https://example.com/datasheet/CAP50000213.pdf,,
IND50000214,IND50000214,Murata Manufacturing,Murata Manufacturing,ind50000214,Inductor,Inductor,IND50000214 Inductor from Murata Manufacturing. Sourced via professional procurement support; specs below.,,,"{""package"": ""0805"", ""inductance_uh"": ""4.7"", ""tolerance"": ""±20%"", ""current_rating_a"": ""1.5""}",active,,https://example.com/datasheet/IND50000214.pdf,,
SEN50000215,SEN50000215,NXP Semiconductors,NXP Semiconductors,sen50000215,Sensors,Sensors,SEN50000215 Sensors from NXP Semiconductors. Sourced via professional procurement support; specs below.,,,"{""accuracy"": ""±0.5"", ""interface"": ""I2C"", ""resolution_bits"": ""12"", ""range"": ""0-40"", ""sensitivity_dbm"": ""260 LSB/g""}",active,,https://example.com/datasheet/SEN50000215.pdf,,
CON50000216,CON50000216,JST,JST,con50000216,Connectors,Connectors,CON50000216 Connectors from JST. Sourced via professional procurement support; specs below.,,,"{""voltage_rating_v"": ""50"", ""mounting"": ""SMD""}",active,,https://example.com/datasheet/CON50000216.pdf,,
MOD50000217,MOD50000217,AirByte,AirByte,mod50000217,Modules,Modules,MOD50000217 Modules from AirByte. Sourced via professional procurement support; specs below.,,,"{""interface"": ""UART"", ""sensitivity_dbm"": ""-95""}",active,,https://example.com/datasheet/MOD50000217.pdf,,
OPA50000218,OPA50000218,Maxim Integrated,Maxim Integrated,opa50000218,Analog IC,Analog IC,OPA50000218 Analog IC from Maxim Integrated. Sourced via professional procurement support; specs below.,,,"{""package"": ""SOIC-8"", ""supply_current_ua"": ""200"", ""bandwidth_hz"": ""1000000""}",active,,https://example.com/datasheet/OPA50000218.pdf,,
PMIC50000219,PMIC50000219,SGMICRO,SGMICRO,pmic50000219,Power Management IC,Power Management IC,PMIC50000219 Power Management IC from SGMICRO. Sourced via professional procurement support; specs below.,,,"{""efficiency_percent"": ""92"", ""voltage_in_max_v"": ""28"", ""package"": ""SOT-23"", ""output_current_a"": ""3"", ""voltage_out_v"": ""5""}",active,,https://example.com/datasheet/PMIC50000219.pdf,,
DIO50000220,DIO50000220,Diodes Incorporated,Diodes Incorporated,dio50000220,Diode,Diode,DIO50000220 Diode from Diodes Incorporated. Sourced via professional procurement support; specs below.,,,"{""if_a"": ""1"", ""vf_v"": ""0.7"", ""vrrm_v"": ""100""}",active,,https://example.com/datasheet/DIO50000220.pdf,,
LED50000221,LED50000221,Everlight Electronics,Everlight Electronics,led50000221,LED Components,LED Components,LED50000221 LED Components from Everlight Electronics. Sourced via professional procurement support; specs below.,,,"{""forward_current_ma"": ""20"", ""package"": ""0805"", ""wavelength_nm"": ""650"", ""forward_voltage_v"": ""2.1""}",active,,https://example.com/datasheet/LED50000221.pdf,,
MEM50000222,MEM50000222,SK Hynix,SK Hynix,mem50000222,Memory IC,Memory IC,MEM50000222 Memory IC from SK Hynix. Sourced via professional procurement support; specs below.,,,"{""memory_bytes"": ""16777216"", ""organization"": ""x8"", ""interface"": ""SPI""}",active,,https://example.com/datasheet/MEM50000222.pdf,,
XTAL50000223,XTAL50000223,,,xtal50000223,Crystal Oscillator,Crystal Oscillator,XTAL50000223 Crystal Oscillator from unspecified. Sourced via professional procurement support; specs below.,,,"{""frequency_hz"": ""8000000"", ""package"": ""SMD"", ""load_capacitance_pf"": ""18""}",active,,https://example.com/datasheet/XTAL50000223.pdf,,
MCU50000224,MCU50000224,GigaDevice Semiconductor,GigaDevice Semiconductor,mcu50000224,Microcontroller,Microcontroller,MCU50000224 Microcontroller from GigaDevice Semiconductor. Sourced via professional procurement support; specs below.,,,"{""voltage_v"": ""3.3V"", ""frequency_hz"": ""72000000""}",active,,https://example.com/datasheet/MCU50000224.pdf,,
MOS50000225,MOS50000225,Vishay Intertechnology,Vishay Intertechnology,mos50000225,MOSFET,MOSFET,MOS50000225 MOSFET from Vishay Intertechnology. Sourced via professional procurement support; specs below.,,,"{""vds_v"": ""55""}",active,,https://example.com/datasheet/MOS50000225.pdf,,
RES50000226,RES50000226,Fenghua,Fenghua,res50000226,Resistor,Resistor,RES50000226 Resistor from Fenghua. Sourced via professional procurement support; specs below.,,,"{""package"": ""0805"", ""temperature_coeff"": ""X7R"", ""resistance_ohm"": ""10000"", ""power_rating_w"": ""0.25""}",active,,https://example.com/datasheet/RES50000226.pdf,,
CAP50000227,CAP50000227,KEMET Electronics,KEMET Electronics,cap50000227,Capacitor,Capacitor,CAP50000227 Capacitor from KEMET Electronics. Sourced via professional procurement support; specs below.,,,"{""capacitance_pf"": ""100000"", ""voltage_rating_v"": ""50"", ""package"": ""0603"", ""tolerance"": ""±10%"", ""temperature_coeff"": ""X7R""}",active,,https://example.com/datasheet/CAP50000227.pdf,,
IND50000228,IND50000228,Bourns,Bourns,ind50000228,Inductor,Inductor,IND50000228 Inductor from Bourns. Sourced via professional procurement support; specs below.,,,"{""current_rating_a"": ""1.5"", ""tolerance"": ""±20%"", ""inductance_uh"": ""4.7""}",active,,https://example.com/datasheet/IND50000228.pdf,,
SEN50000229,SEN50000229,NXP Semiconductors,NXP Semiconductors,sen50000229,Sensors,Sensors,SEN50000229 Sensors from NXP Semiconductors. Sourced via professional procurement support; specs below.,,,"{""sensitivity_dbm"": ""260 LSB/g"", ""resolution_bits"": ""12"", ""accuracy"": ""±0.5""}",active,,https://example.com/datasheet/SEN50000229.pdf,,
CON50000230,CON50000230,TE Connectivity,TE Connectivity,con50000230,Connectors,Connectors,CON50000230 Connectors from TE Connectivity. Sourced via professional procurement support; specs below.,,,"{""current_rating_a"": ""3"", ""pitch_mm"": ""2.54"", ""positions"": ""40"", ""voltage_rating_v"": ""50""}",active,,https://example.com/datasheet/CON50000230.pdf,,
MOD50000231,MOD50000231,u-blox,u-blox,mod50000231,Modules,Modules,MOD50000231 Modules from u-blox. Sourced via professional procurement support; specs below.,,,"{""data_rate_bps"": ""2000000"", ""interface"": ""UART""}",active,,https://example.com/datasheet/MOD50000231.pdf,,
OPA50000232,OPA50000232,Silicon Labs,Silicon Labs,opa50000232,Analog IC,Analog IC,OPA50000232 Analog IC from Silicon Labs. Sourced via professional procurement support; specs below.,,,"{""supply_current_ua"": ""200"", ""package"": ""SOIC-8"", ""gain_db"": ""100"", ""bandwidth_hz"": ""1000000""}",active,,https://example.com/datasheet/OPA50000232.pdf,,
PMIC50000233,PMIC50000233,Infineon Technologies,Infineon Technologies,pmic50000233,Power Management IC,Power Management IC,PMIC50000233 Power Management IC from Infineon Technologies. Sourced via professional procurement support; specs below.,,,"{""package"": ""SOT-23"", ""efficiency_percent"": ""92"", ""voltage_in_max_v"": ""28"", ""voltage_out_v"": ""5""}",active,,https://example.com/datasheet/PMIC50000233.pdf,,
DIO50000234,DIO50000234,ON Semiconductor,ON Semiconductor,dio50000234,Diode,Diode,DIO50000234 Diode from ON Semiconductor. Sourced via professional procurement support; specs below.,,,"{""vf_v"": ""0.7"", ""if_a"": ""1""}",active,,https://example.com/datasheet/DIO50000234.pdf,,
LED50000235,LED50000235,Kingbright,Kingbright,led50000235,LED Components,LED Components,LED50000235 LED Components from Kingbright. Sourced via professional procurement support; specs below.,,,"{""forward_voltage_v"": ""2.1"", ""package"": ""0805"", ""wavelength_nm"": ""650""}",active,,https://example.com/datasheet/LED50000235.pdf,,
MEM50000236,MEM50000236,MemCore,MemCore,mem50000236,Memory IC,Memory IC,MEM50000236 Memory IC from MemCore. Sourced via professional procurement support; specs below.,,,"{""memory_bytes"": ""16777216"", ""speed_hz"": ""104000000"", ""organization"": ""x8"", ""interface"": ""SPI""}",active,,https://example.com/datasheet/MEM50000236.pdf,,
XTAL50000237,XTAL50000237,TDK Corporation,TDK Corporation,xtal50000237,Crystal Oscillator,Crystal Oscillator,XTAL50000237 Crystal Oscillator from TDK Corporation. Sourced via professional procurement support; specs below.,,,"{""load_capacitance_pf"": ""18"", ""package"": ""SMD""}",active,,https://example.com/datasheet/XTAL50000237.pdf,,
MCU50000238,MCU50000238,Microchip Technology,Microchip Technology,mcu50000238,Microcontroller,Microcontroller,MCU50000238 Microcontroller from Microchip Technology. Sourced via professional procurement support; specs below.,,,"{""frequency_hz"": ""72MHz""}",active,,https://example.com/datasheet/MCU50000238.pdf,,
MOS50000239,MOS50000239,RiverSemi,RiverSemi,mos50000239,MOSFET,MOSFET,MOS50000239 MOSFET from RiverSemi. Sourced via professional procurement support; specs below.,,,"{""package"": ""SOT-23"", ""id_a"": ""30"", ""rds_on_mohm"": ""8mΩ""}",active,,https://example.com/datasheet/MOS50000239.pdf,,
RES50000240,RES50000240,Fenghua,Fenghua,res50000240,Resistor,Resistor,RES50000240 Resistor from Fenghua. Sourced via professional procurement support; specs below.,,,"{""resistance_ohm"": ""10kΩ"", ""package"": ""0805""}",active,,https://example.com/datasheet/RES50000240.pdf,,
CAP50000241,CAP50000241,TDK Corporation,TDK Corporation,cap50000241,Capacitor,Capacitor,CAP50000241 Capacitor from TDK Corporation. Sourced via professional procurement support; specs below.,,,"{""voltage_rating_v"": ""50"", ""capacitance_pf"": ""100000"", ""package"": ""0603"", ""temperature_coeff"": ""X7R""}",active,,https://example.com/datasheet/CAP50000241.pdf,,
IND50000242,IND50000242,Murata Manufacturing,Murata Manufacturing,ind50000242,Inductor,Inductor,IND50000242 Inductor from Murata Manufacturing. Sourced via professional procurement support; specs below.,,,"{""current_rating_a"": ""1.5"", ""tolerance"": ""±20%""}",active,,https://example.com/datasheet/IND50000242.pdf,,
SEN50000243,SEN50000243,NXP Semiconductors,NXP Semiconductors,sen50000243,Sensors,Sensors,SEN50000243 Sensors from NXP Semiconductors. Sourced via professional procurement support; specs below.,,,"{""interface"": ""I2C"", ""resolution_bits"": ""12"", ""accuracy"": ""±0.5"", ""range"": ""0-40"", ""Output Type"": ""Analog""}",active,,https://example.com/datasheet/SEN50000243.pdf,,
CON50000244,CON50000244,JST,JST,con50000244,Connectors,Connectors,CON50000244 Connectors from JST. Sourced via professional procurement support; specs below.,,,"{""voltage_rating_v"": ""50"", ""mounting"": ""SMD""}",active,,https://example.com/datasheet/CON50000244.pdf,,
MOD50000245,MOD50000245,AirByte,AirByte,mod50000245,Modules,Modules,MOD50000245 Modules from AirByte. Sourced via professional procurement support; specs below.,,,"{""sensitivity_dbm"": ""-95"", ""data_rate_bps"": ""2000000"", ""modulation"": ""GFSK"", ""output_power_dbm"": ""20""}",active,,https://example.com/datasheet/MOD50000245.pdf,,
OPA50000246,OPA50000246,Silicon Labs,Silicon Labs,opa50000246,Analog IC,Analog IC,OPA50000246 Analog IC from Silicon Labs. Sourced via professional procurement support; specs below.,,,"{""supply_current_ua"": ""200"", ""package"": ""SOIC-8"", ""bandwidth_hz"": ""1000000"", ""gain_db"": ""100""}",active,,https://example.com/datasheet/OPA50000246.pdf,,
PMIC50000247,PMIC50000247,Monolithic Power Systems,Monolithic Power Systems,pmic50000247,Power Management IC,Power Management IC,PMIC50000247 Power Management IC from Monolithic Power Systems. Sourced via professional procurement support; specs below.,,,"{""voltage_in_min_v"": ""4.5"", ""efficiency_percent"": ""92""}",active,,https://example.com/datasheet/PMIC50000247.pdf,,
DIO50000248,DIO50000248,Vishay Intertechnology,Vishay Intertechnology,dio50000248,Diode,Diode,DIO50000248 Diode from Vishay Intertechnology. Sourced via professional procurement support; specs below.,,,"{""vf_v"": ""0.7"", ""if_a"": ""1"", ""Reverse Recovery"": ""50ns""}",active,,https://example.com/datasheet/DIO50000248.pdf,,
LED50000249,LED50000249,Kingbright,Kingbright,led50000249,LED Components,LED Components,LED50000249 LED Components from Kingbright. Sourced via professional procurement support; specs below.,,,"{""forward_current_ma"": ""20"", ""package"": ""0805""}",active,,https://example.com/datasheet/LED50000249.pdf,,
MEM50000250,MEM50000250,Micron Technology,Micron Technology,mem50000250,Memory IC,Memory IC,MEM50000250 Memory IC from Micron Technology. Sourced via professional procurement support; specs below.,,,"{""speed_hz"": ""104000000"", ""memory_bytes"": ""16777216"", ""organization"": ""x8""}",active,,https://example.com/datasheet/MEM50000250.pdf,,
XTAL50000251,XTAL50000251,Murata Manufacturing,Murata Manufacturing,xtal50000251,Crystal Oscillator,Crystal Oscillator,XTAL50000251 Crystal Oscillator from Murata Manufacturing. Sourced via professional procurement support; specs below.,,,"{""load_capacitance_pf"": ""18"", ""frequency_hz"": ""8000000"", ""package"": ""SMD""}",active,,https://example.com/datasheet/XTAL50000251.pdf,,
MCU50000252,MCU50000252,Nuvoton Technology,Nuvoton Technology,mcu50000252,Microcontroller,Microcontroller,MCU50000252 Microcontroller from Nuvoton Technology. Sourced via professional procurement support; specs below.,,,"{""frequency_hz"": ""72000000"", ""voltage_v"": ""3.3V"", ""flash_bytes"": ""131072""}",active,,https://example.com/datasheet/MCU50000252.pdf,,
MOS50000253,MOS50000253,Alpha & Omega Semiconductor,Alpha & Omega Semiconductor,mos50000253,MOSFET,MOSFET,MOS50000253 MOSFET from Alpha & Omega Semiconductor. Sourced via professional procurement support; specs below.,,,"{""rds_on_mohm"": ""8"", ""package"": ""SOT-23"", ""id_a"": ""30"", ""vds_v"": ""55"", ""qg_nc"": ""45"", ""Leakage Current"": ""1uA""}",active,,https://example.com/datasheet/MOS50000253.pdf,,
RES50000254,RES50000254,Bourns,Bourns,res50000254,Resistor,Resistor,RES50000254 Resistor from Bourns. Sourced via professional procurement support; specs below.,,,"{""resistance_ohm"": ""10kΩ"", ""package"": ""0805"", ""power_rating_w"": ""0.25"", ""tolerance"": ""±1%""}",active,,https://example.com/datasheet/RES50000254.pdf,,
CAP50000255,CAP50000255,TDK Corporation,TDK Corporation,cap50000255,Capacitor,Capacitor,CAP50000255 Capacitor from TDK Corporation. Sourced via professional procurement support; specs below.,,,"{""package"": ""0603"", ""capacitance_pf"": ""100000"", ""voltage_rating_v"": ""50"", ""temperature_coeff"": ""X7R""}",active,,https://example.com/datasheet/CAP50000255.pdf,,
IND50000256,IND50000256,Murata Manufacturing,Murata Manufacturing,ind50000256,Inductor,Inductor,IND50000256 Inductor from Murata Manufacturing. Sourced via professional procurement support; specs below.,,,"{""tolerance"": ""±20%"", ""inductance_uh"": ""4.7"", ""package"": ""0805"", ""current_rating_a"": ""1.5""}",active,,https://example.com/datasheet/IND50000256.pdf,,
SEN50000257,SEN50000257,STMicroelectronics,STMicroelectronics,sen50000257,Sensors,Sensors,SEN50000257 Sensors from STMicroelectronics. Sourced via professional procurement support; specs below.,,,"{""accuracy"": ""±0.5"", ""range"": ""0-40""}",active,,https://example.com/datasheet/SEN50000257.pdf,,
CON50000258,CON50000258,Molex,Molex,con50000258,Connectors,Connectors,CON50000258 Connectors from Molex. Sourced via professional procurement support; specs below.,,,"{""positions"": ""40"", ""voltage_rating_v"": ""50"", ""pitch_mm"": ""2.54""}",active,,https://example.com/datasheet/CON50000258.pdf,,
MOD50000259,MOD50000259,Espressif Systems,Espressif Systems,mod50000259,Modules,Modules,MOD50000259 Modules from Espressif Systems. Sourced via professional procurement support; specs below.,,,"{""interface"": ""UART"", ""data_rate_bps"": ""2000000"", ""sensitivity_dbm"": ""-95"", ""output_power_dbm"": ""20"", ""Antenna Type"": ""PCB""}",active,,https://example.com/datasheet/MOD50000259.pdf,,
OPA50000260,OPA50000260,Silicon Labs,Silicon Labs,opa50000260,Analog IC,Analog IC,OPA50000260 Analog IC from Silicon Labs. Sourced via professional procurement support; specs below.,,,"{""bandwidth_hz"": ""1000000"", ""package"": ""SOIC-8"", ""gain_db"": ""100"", ""supply_current_ua"": ""200""}",active,,https://example.com/datasheet/OPA50000260.pdf,,
PMIC50000261,PMIC50000261,Monolithic Power Systems,Monolithic Power Systems,pmic50000261,Power Management IC,Power Management IC,PMIC50000261 Power Management IC from Monolithic Power Systems. Sourced via professional procurement support; specs below.,,,"{""output_current_a"": ""3"", ""package"": ""SOT-23"", ""voltage_in_min_v"": ""4.5"", ""efficiency_percent"": ""92"", ""voltage_in_max_v"": ""28""}",active,,https://example.com/datasheet/PMIC50000261.pdf,,
DIO50000262,DIO50000262,RectFab,RectFab,dio50000262,Diode,Diode,DIO50000262 Diode from RectFab. Sourced via professional procurement support; specs below.,,,"{""vf_v"": ""0.7"", ""vrrm_v"": ""100"", ""if_a"": ""1"", ""Reverse Recovery"": ""50ns""}",active,,https://example.com/datasheet/DIO50000262.pdf,,
LED50000263,LED50000263,Everlight Electronics,Everlight Electronics,led50000263,LED Components,LED Components,LED50000263 LED Components from Everlight Electronics. Sourced via professional procurement support; specs below.,,,"{""package"": ""0805"", ""forward_current_ma"": ""20""}",active,,https://example.com/datasheet/LED50000263.pdf,,
MEM50000264,MEM50000264,SK Hynix,SK Hynix,mem50000264,Memory IC,Memory IC,MEM50000264 Memory IC from SK Hynix. Sourced via professional procurement support; specs below.,,,"{""interface"": ""SPI"", ""organization"": ""x8""}",active,,https://example.com/datasheet/MEM50000264.pdf,,
XTAL50000265,XTAL50000265,TDK Corporation,TDK Corporation,xtal50000265,Crystal Oscillator,Crystal Oscillator,XTAL50000265 Crystal Oscillator from TDK Corporation. Sourced via professional procurement support; specs below.,,,"{""frequency_hz"": ""8000000"", ""load_capacitance_pf"": ""18"", ""package"": ""SMD""}",active,,https://example.com/datasheet/XTAL50000265.pdf,,
MCU50000266,MCU50000266,STMicroelectronics,STMicroelectronics,mcu50000266,Microcontroller,Microcontroller,MCU50000266 Microcontroller from STMicroelectronics. Sourced via professional procurement support; specs below.,,,"{""package"": ""LQFP-48"", ""io_count"": ""48"", ""ram_bytes"": ""20480"", ""flash_bytes"": ""131072""}",active,,https://example.com/datasheet/MCU50000266.pdf,,
MOS50000267,MOS50000267,Alpha & Omega Semiconductor,Alpha & Omega Semiconductor,mos50000267,MOSFET,MOSFET,MOS50000267 MOSFET from Alpha & Omega Semiconductor. Sourced via professional procurement support; specs below.,,,"{""package"": ""SOT-23"", ""vds_v"": ""55""}",active,,https://example.com/datasheet/MOS50000267.pdf,,
RES50000268,RES50000268,Vishay Intertechnology,Vishay Intertechnology,res50000268,Resistor,Resistor,RES50000268 Resistor from Vishay Intertechnology. Sourced via professional procurement support; specs below.,,,"{""temperature_coeff"": ""X7R"", ""resistance_ohm"": ""10000""}",active,,https://example.com/datasheet/RES50000268.pdf,,
CAP50000269,CAP50000269,Holy Stone,Holy Stone,cap50000269,Capacitor,Capacitor,CAP50000269 Capacitor from Holy Stone. Sourced via professional procurement support; specs below.,,,"{""capacitance_pf"": ""100000"", ""package"": ""0603"", ""Ripple Current"": ""100mA""}",active,,https://example.com/datasheet/CAP50000269.pdf,,
IND50000270,IND50000270,Wurth Elektronik,Wurth Elektronik,ind50000270,Inductor,Inductor,IND50000270 Inductor from Wurth Elektronik. Sourced via professional procurement support; specs below.,,,"{""package"": ""0805"", ""tolerance"": ""±20%"", ""current_rating_a"": ""1.5"", ""inductance_uh"": ""4.7""}",active,,https://example.com/datasheet/IND50000270.pdf,,
SEN50000271,SEN50000271,LumenDetect,LumenDetect,sen50000271,Sensors,Sensors,SEN50000271 Sensors from LumenDetect. Sourced via professional procurement support; specs below.,,,"{""sensitivity_dbm"": ""260 LSB/g"", ""interface"": ""I2C"", ""accuracy"": ""±0.5""}",active,,https://example.com/datasheet/SEN50000271.pdf,,
CON50000272,CON50000272,Molex,Molex,con50000272,Connectors,Connectors,CON50000272 Connectors from Molex. Sourced via professional procurement support; specs below.,,,"{""current_rating_a"": ""3"", ""positions"": ""40""}",active,,https://example.com/datasheet/CON50000272.pdf,,
MOD50000273,MOD50000273,,,mod50000273,Modules,Modules,MOD50000273 Modules from unspecified. Sourced via professional procurement support; specs below.,,,"{""output_power_dbm"": ""20"", ""modulation"": ""GFSK"", ""data_rate_bps"": ""2000000""}",active,,https://example.com/datasheet/MOD50000273.pdf,,
OPA50000274,OPA50000274,Maxim Integrated,Maxim Integrated,opa50000274,Analog IC,Analog IC,OPA50000274 Analog IC from Maxim Integrated. Sourced via professional procurement support; specs below.,,,"{""bandwidth_hz"": ""1000000"", ""supply_current_ua"": ""200"", ""gain_db"": ""100""}",active,,https://example.com/datasheet/OPA50000274.pdf,,
PMIC50000275,PMIC50000275,Infineon Technologies,Infineon Technologies,pmic50000275,Power Management IC,Power Management IC,PMIC50000275 Power Management IC from Infineon Technologies. Sourced via professional procurement support; specs below.,,,"{""efficiency_percent"": ""92"", ""voltage_in_max_v"": ""28"", ""package"": ""SOT-23"", ""voltage_out_v"": ""5""}",active,,https://example.com/datasheet/PMIC50000275.pdf,,
DIO50000276,DIO50000276,Littelfuse,Littelfuse,dio50000276,Diode,Diode,DIO50000276 Diode from Littelfuse. Sourced via professional procurement support; specs below.,,,"{""vrrm_v"": ""100"", ""if_a"": ""1"", ""vf_v"": ""0.7""}",active,,https://example.com/datasheet/DIO50000276.pdf,,
LED50000277,LED50000277,PhotonInc,PhotonInc,led50000277,LED Components,LED Components,LED50000277 LED Components from PhotonInc. Sourced via professional procurement support; specs below.,,,"{""forward_voltage_v"": ""2.1"", ""forward_current_ma"": ""20"", ""wavelength_nm"": ""650""}",active,,https://example.com/datasheet/LED50000277.pdf,,
MEM50000278,MEM50000278,Macronix International,Macronix International,mem50000278,Memory IC,Memory IC,MEM50000278 Memory IC from Macronix International. Sourced via professional procurement support; specs below.,,,"{""interface"": ""SPI"", ""memory_bytes"": ""16777216""}",active,,https://example.com/datasheet/MEM50000278.pdf,,
XTAL50000279,XTAL50000279,OscInc,OscInc,xtal50000279,Crystal Oscillator,Crystal Oscillator,XTAL50000279 Crystal Oscillator from OscInc. Sourced via professional procurement support; specs below.,,,"{""frequency_hz"": ""8000000"", ""package"": ""SMD""}",active,,https://example.com/datasheet/XTAL50000279.pdf,,
MCU50000280,MCU50000280,GigaDevice Semiconductor,GigaDevice Semiconductor,mcu50000280,Microcontroller,Microcontroller,MCU50000280 Microcontroller from GigaDevice Semiconductor. Sourced via professional procurement support; specs below.,,,"{""package"": ""LQFP-48"", ""flash_bytes"": ""131072""}",active,,https://example.com/datasheet/MCU50000280.pdf,,
MOS50000281,MOS50000281,ON Semiconductor,ON Semiconductor,mos50000281,MOSFET,MOSFET,MOS50000281 MOSFET from ON Semiconductor. Sourced via professional procurement support; specs below.,,,"{""package"": ""SOT-23"", ""vds_v"": ""55""}",active,,https://example.com/datasheet/MOS50000281.pdf,,
RES50000282,RES50000282,Yageo,Yageo,res50000282,Resistor,Resistor,RES50000282 Resistor from Yageo. Sourced via professional procurement support; specs below.,,,"{""package"": ""0805"", ""power_rating_w"": ""0.25"", ""tolerance"": ""±1%""}",active,,https://example.com/datasheet/RES50000282.pdf,,
CAP50000283,CAP50000283,Holy Stone,Holy Stone,cap50000283,Capacitor,Capacitor,CAP50000283 Capacitor from Holy Stone. Sourced via professional procurement support; specs below.,,,"{""package"": ""0603"", ""tolerance"": ""±10%""}",active,,https://example.com/datasheet/CAP50000283.pdf,,
IND50000284,IND50000284,Murata Manufacturing,Murata Manufacturing,ind50000284,Inductor,Inductor,IND50000284 Inductor from Murata Manufacturing. Sourced via professional procurement support; specs below.,,,"{""package"": ""0805"", ""current_rating_a"": ""1.5"", ""tolerance"": ""±20%"", ""inductance_uh"": ""4.7"", ""Self Resonant Freq"": ""50MHz""}",active,,https://example.com/datasheet/IND50000284.pdf,,
SEN50000285,SEN50000285,BoschDummy,BoschDummy,sen50000285,Sensors,Sensors,SEN50000285 Sensors from BoschDummy. Sourced via professional procurement support; specs below.,,,"{""accuracy"": ""±0.5"", ""range"": ""0-40"", ""interface"": ""I2C"", ""sensitivity_dbm"": ""260 LSB/g"", ""resolution_bits"": ""12""}",active,,https://example.com/datasheet/SEN50000285.pdf,,
CON50000286,CON50000286,Molex,Molex,con50000286,Connectors,Connectors,CON50000286 Connectors from Molex. Sourced via professional procurement support; specs below.,,,"{""mounting"": ""SMD"", ""voltage_rating_v"": ""50"", ""pitch_mm"": ""2.54""}",active,,https://example.com/datasheet/CON50000286.pdf,,
MOD50000287,MOD50000287,SIMCom,SIMCom,mod50000287,Modules,Modules,MOD50000287 Modules from SIMCom. Sourced via professional procurement support; specs below.,,,"{""interface"": ""UART"", ""output_power_dbm"": ""20"", ""data_rate_bps"": ""2000000""}",active,,https://example.com/datasheet/MOD50000287.pdf,,
OPA50000288,OPA50000288,Analog Devices,Analog Devices,opa50000288,Analog IC,Analog IC,OPA50000288 Analog IC from Analog Devices. Sourced via professional procurement support; specs below.,,,"{""gain_db"": ""100"", ""package"": ""SOIC-8""}",active,,https://example.com/datasheet/OPA50000288.pdf,,
PMIC50000289,PMIC50000289,Infineon Technologies,Infineon Technologies,pmic50000289,Power Management IC,Power Management IC,PMIC50000289 Power Management IC from Infineon Technologies. Sourced via professional procurement support; specs below.,,,"{""voltage_out_v"": ""5"", ""voltage_in_min_v"": ""4.5"", ""package"": ""SOT-23"", ""voltage_in_max_v"": ""28""}",active,,https://example.com/datasheet/PMIC50000289.pdf,,
DIO50000290,DIO50000290,Vishay Intertechnology,Vishay Intertechnology,dio50000290,Diode,Diode,DIO50000290 Diode from Vishay Intertechnology. Sourced via professional procurement support; specs below.,,,"{""vf_v"": ""0.7"", ""vrrm_v"": ""100"", ""if_a"": ""1""}",active,,https://example.com/datasheet/DIO50000290.pdf,,
LED50000291,LED50000291,OSRAM,OSRAM,led50000291,LED Components,LED Components,LED50000291 LED Components from OSRAM. Sourced via professional procurement support; specs below.,,,"{""package"": ""0805"", ""forward_voltage_v"": ""2.1"", ""wavelength_nm"": ""650"", ""forward_current_ma"": ""20""}",active,,https://example.com/datasheet/LED50000291.pdf,,
MEM50000292,MEM50000292,SK Hynix,SK Hynix,mem50000292,Memory IC,Memory IC,MEM50000292 Memory IC from SK Hynix. Sourced via professional procurement support; specs below.,,,"{""interface"": ""SPI"", ""organization"": ""x8"", ""speed_hz"": ""104000000"", ""memory_bytes"": ""16777216""}",active,,https://example.com/datasheet/MEM50000292.pdf,,
XTAL50000293,XTAL50000293,TDK Corporation,TDK Corporation,xtal50000293,Crystal Oscillator,Crystal Oscillator,XTAL50000293 Crystal Oscillator from TDK Corporation. Sourced via professional procurement support; specs below.,,,"{""package"": ""SMD"", ""frequency_hz"": ""8000000"", ""load_capacitance_pf"": ""18""}",active,,https://example.com/datasheet/XTAL50000293.pdf,,
MCU50000294,MCU50000294,Microchip Technology,Microchip Technology,mcu50000294,Microcontroller,Microcontroller,MCU50000294 Microcontroller from Microchip Technology. Sourced via professional procurement support; specs below.,,,"{""voltage_v"": ""3.3"", ""io_count"": ""48""}",active,,https://example.com/datasheet/MCU50000294.pdf,,
MOS50000295,MOS50000295,Alpha & Omega Semiconductor,Alpha & Omega Semiconductor,mos50000295,MOSFET,MOSFET,MOS50000295 MOSFET from Alpha & Omega Semiconductor. Sourced via professional procurement support; specs below.,,,"{""id_a"": ""30"", ""vds_v"": ""55""}",active,,https://example.com/datasheet/MOS50000295.pdf,,
RES50000296,RES50000296,Vishay Intertechnology,Vishay Intertechnology,res50000296,Resistor,Resistor,RES50000296 Resistor from Vishay Intertechnology. Sourced via professional procurement support; specs below.,,,"{""resistance_ohm"": ""10000"", ""power_rating_w"": ""0.25"", ""package"": ""0805"", ""temperature_coeff"": ""X7R""}",active,,https://example.com/datasheet/RES50000296.pdf,,
CAP50000297,CAP50000297,KEMET Electronics,KEMET Electronics,cap50000297,Capacitor,Capacitor,CAP50000297 Capacitor from KEMET Electronics. Sourced via professional procurement support; specs below.,,,"{""tolerance"": ""±10%"", ""capacitance_pf"": ""100000"", ""package"": ""0603""}",active,,https://example.com/datasheet/CAP50000297.pdf,,
IND50000298,IND50000298,Wurth Elektronik,Wurth Elektronik,ind50000298,Inductor,Inductor,IND50000298 Inductor from Wurth Elektronik. Sourced via professional procurement support; specs below.,,,"{""package"": ""0805"", ""tolerance"": ""±20%"", ""current_rating_a"": ""1.5"", ""inductance_uh"": ""4.7""}",active,,https://example.com/datasheet/IND50000298.pdf,,
SEN50000299,SEN50000299,STMicroelectronics,STMicroelectronics,sen50000299,Sensors,Sensors,SEN50000299 Sensors from STMicroelectronics. Sourced via professional procurement support; specs below.,,,"{""sensitivity_dbm"": ""260 LSB/g"", ""interface"": ""I2C"", ""resolution_bits"": ""12""}",active,,https://example.com/datasheet/SEN50000299.pdf,,
CON50000300,CON50000300,Molex,Molex,con50000300,Connectors,Connectors,CON50000300 Connectors from Molex. Sourced via professional procurement support; specs below.,,,"{""positions"": ""40"", ""current_rating_a"": ""3"", ""pitch_mm"": ""2.54""}",active,,https://example.com/datasheet/CON50000300.pdf,,
MOD50000301,MOD50000301,Semtech,Semtech,mod50000301,Modules,Modules,MOD50000301 Modules from Semtech. Sourced via professional procurement support; specs below.,,,"{""output_power_dbm"": ""20"", ""data_rate_bps"": ""2000000"", ""interface"": ""UART""}",active,,https://example.com/datasheet/MOD50000301.pdf,,
OPA50000302,OPA50000302,Silicon Labs,Silicon Labs,opa50000302,Analog IC,Analog IC,OPA50000302 Analog IC from Silicon Labs. Sourced via professional procurement support; specs below.,,,"{""bandwidth_hz"": ""1000000"", ""supply_current_ua"": ""200"", ""gain_db"": ""100""}",active,,https://example.com/datasheet/OPA50000302.pdf,,
PMIC50000303,PMIC50000303,Richtek Technology,Richtek Technology,pmic50000303,Power Management IC,Power Management IC,PMIC50000303 Power Management IC from Richtek Technology. Sourced via professional procurement support; specs below.,,,"{""package"": ""SOT-23"", ""voltage_out_v"": ""5"", ""voltage_in_min_v"": ""4.5"", ""output_current_a"": ""3""}",active,,https://example.com/datasheet/PMIC50000303.pdf,,
DIO50000304,DIO50000304,Littelfuse,Littelfuse,dio50000304,Diode,Diode,DIO50000304 Diode from Littelfuse. Sourced via professional procurement support; specs below.,,,"{""vf_v"": ""0.7"", ""vrrm_v"": ""100""}",active,,https://example.com/datasheet/DIO50000304.pdf,,
LED50000305,LED50000305,Everlight Electronics,Everlight Electronics,led50000305,LED Components,LED Components,LED50000305 LED Components from Everlight Electronics. Sourced via professional procurement support; specs below.,,,"{""forward_current_ma"": ""20"", ""wavelength_nm"": ""650"", ""forward_voltage_v"": ""2.1"", ""package"": ""0805""}",active,,https://example.com/datasheet/LED50000305.pdf,,
MEM50000306,MEM50000306,MemCore,MemCore,mem50000306,Memory IC,Memory IC,MEM50000306 Memory IC from MemCore. Sourced via professional procurement support; specs below.,,,"{""speed_hz"": ""104000000"", ""interface"": ""SPI"", ""memory_bytes"": ""16777216"", ""organization"": ""x8""}",active,,https://example.com/datasheet/MEM50000306.pdf,,
XTAL50000307,XTAL50000307,TDK Corporation,TDK Corporation,xtal50000307,Crystal Oscillator,Crystal Oscillator,XTAL50000307 Crystal Oscillator from TDK Corporation. Sourced via professional procurement support; specs below.,,,"{""frequency_hz"": ""8000000"", ""load_capacitance_pf"": ""18"", ""package"": ""SMD""}",active,,https://example.com/datasheet/XTAL50000307.pdf,,
MCU50000308,MCU50000308,AcmeSemi,AcmeSemi,mcu50000308,Microcontroller,Microcontroller,MCU50000308 Microcontroller from AcmeSemi. Sourced via professional procurement support; specs below.,,,"{""io_count"": ""48"", ""ram_bytes"": ""20480"", ""voltage_v"": ""3.3V""}",active,,https://example.com/datasheet/MCU50000308.pdf,,
MOS50000309,MOS50000309,Vishay Intertechnology,Vishay Intertechnology,mos50000309,MOSFET,MOSFET,MOS50000309 MOSFET from Vishay Intertechnology. Sourced via professional procurement support; specs below.,,,"{""qg_nc"": ""45"", ""vgs_th_v"": ""2.5"", ""id_a"": ""30""}",active,,https://example.com/datasheet/MOS50000309.pdf,,
RES50000310,RES50000310,KEMET Electronics,KEMET Electronics,res50000310,Resistor,Resistor,RES50000310 Resistor from KEMET Electronics. Sourced via professional procurement support; specs below.,,,"{""package"": ""0805"", ""tolerance"": ""±1%"", ""resistance_ohm"": ""10000"", ""power_rating_w"": ""0.25""}",active,,https://example.com/datasheet/RES50000310.pdf,,
CAP50000311,CAP50000311,Walsin Technology,Walsin Technology,cap50000311,Capacitor,Capacitor,CAP50000311 Capacitor from Walsin Technology. Sourced via professional procurement support; specs below.,,,"{""package"": ""0603"", ""voltage_rating_v"": ""50"", ""capacitance_pf"": ""100000"", ""tolerance"": ""±10%""}",active,,https://example.com/datasheet/CAP50000311.pdf,,
IND50000312,IND50000312,Bourns,Bourns,ind50000312,Inductor,Inductor,IND50000312 Inductor from Bourns. Sourced via professional procurement support; specs below.,,,"{""inductance_uh"": ""4.7"", ""current_rating_a"": ""1.5""}",active,,https://example.com/datasheet/IND50000312.pdf,,
SEN50000313,SEN50000313,BoschDummy,BoschDummy,sen50000313,Sensors,Sensors,SEN50000313 Sensors from BoschDummy. Sourced via professional procurement support; specs below.,,,"{""resolution_bits"": ""12"", ""accuracy"": ""±0.5"", ""interface"": ""I2C""}",active,,https://example.com/datasheet/SEN50000313.pdf,,
CON50000314,CON50000314,Molex,Molex,con50000314,Connectors,Connectors,CON50000314 Connectors from Molex. Sourced via professional procurement support; specs below.,,,"{""voltage_rating_v"": ""50"", ""current_rating_a"": ""3"", ""positions"": ""40"", ""mounting"": ""SMD""}",active,,https://example.com/datasheet/CON50000314.pdf,,
MOD50000315,MOD50000315,u-blox,u-blox,mod50000315,Modules,Modules,MOD50000315 Modules from u-blox. Sourced via professional procurement support; specs below.,,,"{""output_power_dbm"": ""20"", ""modulation"": ""GFSK"", ""interface"": ""UART""}",active,,https://example.com/datasheet/MOD50000315.pdf,,
OPA50000316,OPA50000316,Texas Instruments,Texas Instruments,opa50000316,Analog IC,Analog IC,OPA50000316 Analog IC from Texas Instruments. Sourced via professional procurement support; specs below.,,,"{""gain_db"": ""100"", ""bandwidth_hz"": ""1000000"", ""supply_current_ua"": ""200""}",active,,https://example.com/datasheet/OPA50000316.pdf,,
PMIC50000317,PMIC50000317,SGMICRO,SGMICRO,pmic50000317,Power Management IC,Power Management IC,PMIC50000317 Power Management IC from SGMICRO. Sourced via professional procurement support; specs below.,,,"{""voltage_out_v"": ""5"", ""voltage_in_max_v"": ""28"", ""efficiency_percent"": ""92"", ""voltage_in_min_v"": ""4.5""}",active,,https://example.com/datasheet/PMIC50000317.pdf,,
DIO50000318,DIO50000318,RectFab,RectFab,dio50000318,Diode,Diode,DIO50000318 Diode from RectFab. Sourced via professional procurement support; specs below.,,,"{""vf_v"": ""0.7"", ""vrrm_v"": ""100"", ""if_a"": ""1""}",active,,https://example.com/datasheet/DIO50000318.pdf,,
LED50000319,LED50000319,OSRAM,OSRAM,led50000319,LED Components,LED Components,LED50000319 LED Components from OSRAM. Sourced via professional procurement support; specs below.,,,"{""forward_current_ma"": ""20"", ""forward_voltage_v"": ""2.1"", ""wavelength_nm"": ""650"", ""package"": ""0805""}",active,,https://example.com/datasheet/LED50000319.pdf,,
MEM50000320,MEM50000320,Micron Technology,Micron Technology,mem50000320,Memory IC,Memory IC,MEM50000320 Memory IC from Micron Technology. Sourced via professional procurement support; specs below.,,,"{""speed_hz"": ""104000000"", ""memory_bytes"": ""16777216""}",active,,https://example.com/datasheet/MEM50000320.pdf,,
XTAL50000321,XTAL50000321,CrystaWorks,CrystaWorks,xtal50000321,Crystal Oscillator,Crystal Oscillator,XTAL50000321 Crystal Oscillator from CrystaWorks. Sourced via professional procurement support; specs below.,,,"{""package"": ""SMD"", ""frequency_hz"": ""8000000"", ""load_capacitance_pf"": ""18""}",active,,https://example.com/datasheet/XTAL50000321.pdf,,
MCU50000322,MCU50000322,STMicroelectronics,STMicroelectronics,mcu50000322,Microcontroller,Microcontroller,MCU50000322 Microcontroller from STMicroelectronics. Sourced via professional procurement support; specs below.,,,"{""frequency_hz"": ""72000000"", ""package"": ""LQFP-48"", ""voltage_v"": ""3.3""}",active,,https://example.com/datasheet/MCU50000322.pdf,,
MOS50000323,MOS50000323,RiverSemi,RiverSemi,mos50000323,MOSFET,MOSFET,MOS50000323 MOSFET from RiverSemi. Sourced via professional procurement support; specs below.,,,"{""vgs_th_v"": ""2.5"", ""package"": ""SOT-23""}",active,,https://example.com/datasheet/MOS50000323.pdf,,
RES50000324,RES50000324,KEMET Electronics,KEMET Electronics,res50000324,Resistor,Resistor,RES50000324 Resistor from KEMET Electronics. Sourced via professional procurement support; specs below.,,,"{""resistance_ohm"": ""10000"", ""package"": ""0805""}",active,,https://example.com/datasheet/RES50000324.pdf,,
CAP50000325,CAP50000325,Holy Stone,Holy Stone,cap50000325,Capacitor,Capacitor,CAP50000325 Capacitor from Holy Stone. Sourced via professional procurement support; specs below.,,,"{""voltage_rating_v"": ""50"", ""temperature_coeff"": ""X7R""}",active,,https://example.com/datasheet/CAP50000325.pdf,,
IND50000326,IND50000326,TDK Corporation,TDK Corporation,ind50000326,Inductor,Inductor,IND50000326 Inductor from TDK Corporation. Sourced via professional procurement support; specs below.,,,"{""package"": ""0805"", ""tolerance"": ""±20%"", ""inductance_uh"": ""4.7"", ""current_rating_a"": ""1.5""}",active,,https://example.com/datasheet/IND50000326.pdf,,
SEN50000327,SEN50000327,NXP Semiconductors,NXP Semiconductors,sen50000327,Sensors,Sensors,SEN50000327 Sensors from NXP Semiconductors. Sourced via professional procurement support; specs below.,,,"{""resolution_bits"": ""12"", ""interface"": ""I2C"", ""accuracy"": ""±0.5"", ""Response Time"": ""5ms""}",active,,https://example.com/datasheet/SEN50000327.pdf,,
CON50000328,CON50000328,Molex,Molex,con50000328,Connectors,Connectors,CON50000328 Connectors from Molex. Sourced via professional procurement support; specs below.,,,"{""current_rating_a"": ""3"", ""positions"": ""40"", ""mounting"": ""SMD"", ""voltage_rating_v"": ""50""}",active,,https://example.com/datasheet/CON50000328.pdf,,
MOD50000329,MOD50000329,u-blox,u-blox,mod50000329,Modules,Modules,MOD50000329 Modules from u-blox. Sourced via professional procurement support; specs below.,,,"{""output_power_dbm"": ""20"", ""sensitivity_dbm"": ""-95"", ""data_rate_bps"": ""2000000"", ""modulation"": ""GFSK"", ""Antenna Type"": ""PCB""}",active,,https://example.com/datasheet/MOD50000329.pdf,,
OPA50000330,OPA50000330,Analog Devices,Analog Devices,opa50000330,Analog IC,Analog IC,OPA50000330 Analog IC from Analog Devices. Sourced via professional procurement support; specs below.,,,"{""package"": ""SOIC-8"", ""gain_db"": ""100"", ""Input Noise"": ""10nV""}",active,,https://example.com/datasheet/OPA50000330.pdf,,
PMIC50000331,PMIC50000331,Monolithic Power Systems,Monolithic Power Systems,pmic50000331,Power Management IC,Power Management IC,PMIC50000331 Power Management IC from Monolithic Power Systems. Sourced via professional procurement support; specs below.,,,"{""voltage_in_max_v"": ""28"", ""efficiency_percent"": ""92"", ""package"": ""SOT-23"", ""voltage_in_min_v"": ""4.5"", ""output_current_a"": ""3""}",active,,https://example.com/datasheet/PMIC50000331.pdf,,
DIO50000332,DIO50000332,Vishay Intertechnology,Vishay Intertechnology,dio50000332,Diode,Diode,DIO50000332 Diode from Vishay Intertechnology. Sourced via professional procurement support; specs below.,,,"{""vrrm_v"": ""100"", ""vf_v"": ""0.7"", ""if_a"": ""1""}",active,,https://example.com/datasheet/DIO50000332.pdf,,
LED50000333,LED50000333,Everlight Electronics,Everlight Electronics,led50000333,LED Components,LED Components,LED50000333 LED Components from Everlight Electronics. Sourced via professional procurement support; specs below.,,,"{""forward_voltage_v"": ""2.1"", ""package"": ""0805"", ""forward_current_ma"": ""20""}",active,,https://example.com/datasheet/LED50000333.pdf,,
MEM50000334,MEM50000334,StoreX,StoreX,mem50000334,Memory IC,Memory IC,MEM50000334 Memory IC from StoreX. Sourced via professional procurement support; specs below.,,,"{""speed_hz"": ""104000000"", ""interface"": ""SPI""}",active,,https://example.com/datasheet/MEM50000334.pdf,,
XTAL50000335,XTAL50000335,OscInc,OscInc,xtal50000335,Crystal Oscillator,Crystal Oscillator,XTAL50000335 Crystal Oscillator from OscInc. Sourced via professional procurement support; specs below.,,,"{""load_capacitance_pf"": ""18"", ""frequency_hz"": ""8000000""}",active,,https://example.com/datasheet/XTAL50000335.pdf,,
MCU50000336,MCU50000336,GigaDevice Semiconductor,GigaDevice Semiconductor,mcu50000336,Microcontroller,Microcontroller,MCU50000336 Microcontroller from GigaDevice Semiconductor. Sourced via professional procurement support; specs below.,,,"{""voltage_v"": ""3.3"", ""ram_bytes"": ""20480"", ""package"": ""LQFP-48"", ""Thermal Resistance"": ""45 C/W""}",active,,https://example.com/datasheet/MCU50000336.pdf,,
MOS50000337,MOS50000337,Yangjie,Yangjie,mos50000337,MOSFET,MOSFET,MOS50000337 MOSFET from Yangjie. Sourced via professional procurement support; specs below.,,,"{""rds_on_mohm"": ""8"", ""qg_nc"": ""45"", ""id_a"": ""30"", ""vgs_th_v"": ""2.5"", ""vds_v"": ""55V""}",active,,https://example.com/datasheet/MOS50000337.pdf,,
RES50000338,RES50000338,Bourns,Bourns,res50000338,Resistor,Resistor,RES50000338 Resistor from Bourns. Sourced via professional procurement support; specs below.,,,"{""temperature_coeff"": ""X7R"", ""package"": ""0805"", ""resistance_ohm"": ""10000"", ""tolerance"": ""±1%""}",active,,https://example.com/datasheet/RES50000338.pdf,,
CAP50000339,CAP50000339,,,cap50000339,Capacitor,Capacitor,CAP50000339 Capacitor from unspecified. Sourced via professional procurement support; specs below.,,,"{""voltage_rating_v"": ""50"", ""capacitance_pf"": ""100000"", ""temperature_coeff"": ""X7R"", ""tolerance"": ""±10%""}",active,,https://example.com/datasheet/CAP50000339.pdf,,
IND50000340,IND50000340,Wurth Elektronik,Wurth Elektronik,ind50000340,Inductor,Inductor,IND50000340 Inductor from Wurth Elektronik. Sourced via professional procurement support; specs below.,,,"{""tolerance"": ""±20%"", ""current_rating_a"": ""1.5"", ""inductance_uh"": ""4.7"", ""package"": ""0805""}",active,,https://example.com/datasheet/IND50000340.pdf,,
SEN50000341,SEN50000341,TE Connectivity,TE Connectivity,sen50000341,Sensors,Sensors,SEN50000341 Sensors from TE Connectivity. Sourced via professional procurement support; specs below.,,,"{""interface"": ""I2C"", ""sensitivity_dbm"": ""260 LSB/g"", ""range"": ""0-40"", ""Response Time"": ""5ms""}",active,,https://example.com/datasheet/SEN50000341.pdf,,
CON50000342,CON50000342,,,con50000342,Connectors,Connectors,CON50000342 Connectors from unspecified. Sourced via professional procurement support; specs below.,,,"{""voltage_rating_v"": ""50"", ""positions"": ""40""}",active,,https://example.com/datasheet/CON50000342.pdf,,
MOD50000343,MOD50000343,Semtech,Semtech,mod50000343,Modules,Modules,MOD50000343 Modules from Semtech. Sourced via professional procurement support; specs below.,,,"{""modulation"": ""GFSK"", ""sensitivity_dbm"": ""-95""}",active,,https://example.com/datasheet/MOD50000343.pdf,,
OPA50000344,OPA50000344,Analog Devices,Analog Devices,opa50000344,Analog IC,Analog IC,OPA50000344 Analog IC from Analog Devices. Sourced via professional procurement support; specs below.,,,"{""package"": ""SOIC-8"", ""gain_db"": ""100"", ""bandwidth_hz"": ""1000000"", ""supply_current_ua"": ""200"", ""Input Noise"": ""10nV""}",active,,https://example.com/datasheet/OPA50000344.pdf,,
PMIC50000345,PMIC50000345,SGMICRO,SGMICRO,pmic50000345,Power Management IC,Power Management IC,PMIC50000345 Power Management IC from SGMICRO. Sourced via professional procurement support; specs below.,,,"{""package"": ""SOT-23"", ""efficiency_percent"": ""92"", ""voltage_out_v"": ""5"", ""voltage_in_min_v"": ""4.5"", ""Power Good"": ""yes""}",active,,https://example.com/datasheet/PMIC50000345.pdf,,
DIO50000346,DIO50000346,Littelfuse,Littelfuse,dio50000346,Diode,Diode,DIO50000346 Diode from Littelfuse. Sourced via professional procurement support; specs below.,,,"{""vrrm_v"": ""100"", ""if_a"": ""1"", ""vf_v"": ""0.7""}",active,,https://example.com/datasheet/DIO50000346.pdf,,
LED50000347,LED50000347,Kingbright,Kingbright,led50000347,LED Components,LED Components,LED50000347 LED Components from Kingbright. Sourced via professional procurement support; specs below.,,,"{""forward_voltage_v"": ""2.1"", ""wavelength_nm"": ""650""}",active,,https://example.com/datasheet/LED50000347.pdf,,
MEM50000348,MEM50000348,Macronix International,Macronix International,mem50000348,Memory IC,Memory IC,MEM50000348 Memory IC from Macronix International. Sourced via professional procurement support; specs below.,,,"{""memory_bytes"": ""16777216"", ""interface"": ""SPI"", ""organization"": ""x8""}",active,,https://example.com/datasheet/MEM50000348.pdf,,
XTAL50000349,XTAL50000349,AbraconX,AbraconX,xtal50000349,Crystal Oscillator,Crystal Oscillator,XTAL50000349 Crystal Oscillator from AbraconX. Sourced via professional procurement support; specs below.,,,"{""load_capacitance_pf"": ""18"", ""frequency_hz"": ""8000000""}",active,,https://example.com/datasheet/XTAL50000349.pdf,,
MCU50000350,MCU50000350,Holtek Semiconductor,Holtek Semiconductor,mcu50000350,Microcontroller,Microcontroller,MCU50000350 Microcontroller from Holtek Semiconductor. Sourced via professional procurement support; specs below.,,,"{""ram_bytes"": ""20480""}",active,,https://example.com/datasheet/MCU50000350.pdf,,
MOS50000351,MOS50000351,Infineon Technologies,Infineon Technologies,mos50000351,MOSFET,MOSFET,MOS50000351 MOSFET from Infineon Technologies. Sourced via professional procurement support; specs below.,,,"{""vds_v"": ""55"", ""package"": ""SOT-23"", ""rds_on_mohm"": ""8"", ""Gate Charge Type"": ""standard""}",active,,https://example.com/datasheet/MOS50000351.pdf,,
RES50000352,RES50000352,OhmWorks,OhmWorks,res50000352,Resistor,Resistor,RES50000352 Resistor from OhmWorks. Sourced via professional procurement support; specs below.,,,"{""tolerance"": ""±1%"", ""power_rating_w"": ""0.25"", ""temperature_coeff"": ""X7R""}",active,,https://example.com/datasheet/RES50000352.pdf,,
CAP50000353,CAP50000353,DeltaCap,DeltaCap,cap50000353,Capacitor,Capacitor,CAP50000353 Capacitor from DeltaCap. Sourced via professional procurement support; specs below.,,,"{""temperature_coeff"": ""X7R"", ""voltage_rating_v"": ""50""}",active,,https://example.com/datasheet/CAP50000353.pdf,,
IND50000354,IND50000354,TDK Corporation,TDK Corporation,ind50000354,Inductor,Inductor,IND50000354 Inductor from TDK Corporation. Sourced via professional procurement support; specs below.,,,"{""tolerance"": ""±20%"", ""inductance_uh"": ""4.7"", ""current_rating_a"": ""1.5""}",active,,https://example.com/datasheet/IND50000354.pdf,,
SEN50000355,SEN50000355,BoschDummy,BoschDummy,sen50000355,Sensors,Sensors,SEN50000355 Sensors from BoschDummy. Sourced via professional procurement support; specs below.,,,"{""range"": ""0-40"", ""accuracy"": ""±0.5""}",active,,https://example.com/datasheet/SEN50000355.pdf,,
CON50000356,CON50000356,Amphenol,Amphenol,con50000356,Connectors,Connectors,CON50000356 Connectors from Amphenol. Sourced via professional procurement support; specs below.,,,"{""current_rating_a"": ""3"", ""positions"": ""40"", ""voltage_rating_v"": ""50""}",active,,https://example.com/datasheet/CON50000356.pdf,,
MOD50000357,MOD50000357,SIMCom,SIMCom,mod50000357,Modules,Modules,MOD50000357 Modules from SIMCom. Sourced via professional procurement support; specs below.,,,"{""modulation"": ""GFSK"", ""interface"": ""UART"", ""output_power_dbm"": ""20"", ""sensitivity_dbm"": ""-95""}",active,,https://example.com/datasheet/MOD50000357.pdf,,
OPA50000358,OPA50000358,Silicon Labs,Silicon Labs,opa50000358,Analog IC,Analog IC,OPA50000358 Analog IC from Silicon Labs. Sourced via professional procurement support; specs below.,,,"{""gain_db"": ""100"", ""supply_current_ua"": ""200""}",active,,https://example.com/datasheet/OPA50000358.pdf,,
PMIC50000359,PMIC50000359,Infineon Technologies,Infineon Technologies,pmic50000359,Power Management IC,Power Management IC,PMIC50000359 Power Management IC from Infineon Technologies. Sourced via professional procurement support; specs below.,,,"{""efficiency_percent"": ""92"", ""voltage_in_max_v"": ""28""}",active,,https://example.com/datasheet/PMIC50000359.pdf,,
DIO50000360,DIO50000360,ON Semiconductor,ON Semiconductor,dio50000360,Diode,Diode,DIO50000360 Diode from ON Semiconductor. Sourced via professional procurement support; specs below.,,,"{""vf_v"": ""0.7"", ""vrrm_v"": ""100"", ""if_a"": ""1""}",active,,https://example.com/datasheet/DIO50000360.pdf,,
LED50000361,LED50000361,OSRAM,OSRAM,led50000361,LED Components,LED Components,LED50000361 LED Components from OSRAM. Sourced via professional procurement support; specs below.,,,"{""forward_voltage_v"": ""2.1"", ""package"": ""0805"", ""wavelength_nm"": ""650""}",active,,https://example.com/datasheet/LED50000361.pdf,,
MEM50000362,MEM50000362,SK Hynix,SK Hynix,mem50000362,Memory IC,Memory IC,MEM50000362 Memory IC from SK Hynix. Sourced via professional procurement support; specs below.,,,"{""organization"": ""x8"", ""memory_bytes"": ""16777216"", ""interface"": ""SPI"", ""speed_hz"": ""104000000""}",active,,https://example.com/datasheet/MEM50000362.pdf,,
XTAL50000363,XTAL50000363,Wurth Elektronik,Wurth Elektronik,xtal50000363,Crystal Oscillator,Crystal Oscillator,XTAL50000363 Crystal Oscillator from Wurth Elektronik. Sourced via professional procurement support; specs below.,,,"{""frequency_hz"": ""8000000"", ""load_capacitance_pf"": ""18""}",active,,https://example.com/datasheet/XTAL50000363.pdf,,
MCU50000364,MCU50000364,STMicroelectronics,STMicroelectronics,mcu50000364,Microcontroller,Microcontroller,MCU50000364 Microcontroller from STMicroelectronics. Sourced via professional procurement support; specs below.,,,"{""core"": ""ARM Cortex-M4"", ""frequency_hz"": ""72000000"", ""io_count"": ""48"", ""package"": ""LQFP-48"", ""ram_bytes"": ""20KB""}",active,,https://example.com/datasheet/MCU50000364.pdf,,
MOS50000365,MOS50000365,ON Semiconductor,ON Semiconductor,mos50000365,MOSFET,MOSFET,MOS50000365 MOSFET from ON Semiconductor. Sourced via professional procurement support; specs below.,,,"{""vgs_th_v"": ""2.5"", ""qg_nc"": ""45""}",active,,https://example.com/datasheet/MOS50000365.pdf,,
RES50000366,RES50000366,KEMET Electronics,KEMET Electronics,res50000366,Resistor,Resistor,RES50000366 Resistor from KEMET Electronics. Sourced via professional procurement support; specs below.,,,"{""power_rating_w"": ""0.25"", ""package"": ""0805""}",active,,https://example.com/datasheet/RES50000366.pdf,,
CAP50000367,CAP50000367,Holy Stone,Holy Stone,cap50000367,Capacitor,Capacitor,CAP50000367 Capacitor from Holy Stone. Sourced via professional procurement support; specs below.,,,"{""package"": ""0603"", ""voltage_rating_v"": ""50"", ""capacitance_pf"": ""100000"", ""tolerance"": ""±10%"", ""temperature_coeff"": ""X7R""}",active,,https://example.com/datasheet/CAP50000367.pdf,,
IND50000368,IND50000368,Wurth Elektronik,Wurth Elektronik,ind50000368,Inductor,Inductor,IND50000368 Inductor from Wurth Elektronik. Sourced via professional procurement support; specs below.,,,"{""tolerance"": ""±20%"", ""package"": ""0805"", ""current_rating_a"": ""1.5"", ""inductance_uh"": ""4.7""}",active,,https://example.com/datasheet/IND50000368.pdf,,
SEN50000369,SEN50000369,TE Connectivity,TE Connectivity,sen50000369,Sensors,Sensors,SEN50000369 Sensors from TE Connectivity. Sourced via professional procurement support; specs below.,,,"{""accuracy"": ""±0.5"", ""resolution_bits"": ""12""}",active,,https://example.com/datasheet/SEN50000369.pdf,,
CON50000370,CON50000370,TE Connectivity,TE Connectivity,con50000370,Connectors,Connectors,CON50000370 Connectors from TE Connectivity. Sourced via professional procurement support; specs below.,,,"{""current_rating_a"": ""3"", ""mounting"": ""SMD"", ""voltage_rating_v"": ""50""}",active,,https://example.com/datasheet/CON50000370.pdf,,
MOD50000371,MOD50000371,u-blox,u-blox,mod50000371,Modules,Modules,MOD50000371 Modules from u-blox. Sourced via professional procurement support; specs below.,,,"{""data_rate_bps"": ""2000000"", ""modulation"": ""GFSK"", ""sensitivity_dbm"": ""-95""}",active,,https://example.com/datasheet/MOD50000371.pdf,,
OPA50000372,OPA50000372,Maxim Integrated,Maxim Integrated,opa50000372,Analog IC,Analog IC,OPA50000372 Analog IC from Maxim Integrated. Sourced via professional procurement support; specs below.,,,"{""package"": ""SOIC-8"", ""supply_current_ua"": ""200"", ""bandwidth_hz"": ""1000000"", ""gain_db"": ""100""}",active,,https://example.com/datasheet/OPA50000372.pdf,,
PMIC50000373,PMIC50000373,Texas Instruments,Texas Instruments,pmic50000373,Power Management IC,Power Management IC,PMIC50000373 Power Management IC from Texas Instruments. Sourced via professional procurement support; specs below.,,,"{""package"": ""SOT-23"", ""efficiency_percent"": ""92"", ""output_current_a"": ""3"", ""voltage_in_min_v"": ""4.5"", ""voltage_in_max_v"": ""28""}",active,,https://example.com/datasheet/PMIC50000373.pdf,,
DIO50000374,DIO50000374,Diodes Incorporated,Diodes Incorporated,dio50000374,Diode,Diode,DIO50000374 Diode from Diodes Incorporated. Sourced via professional procurement support; specs below.,,,"{""vf_v"": ""0.7"", ""vrrm_v"": ""100"", ""if_a"": ""1""}",active,,https://example.com/datasheet/DIO50000374.pdf,,
LED50000375,LED50000375,PhotonInc,PhotonInc,led50000375,LED Components,LED Components,LED50000375 LED Components from PhotonInc. Sourced via professional procurement support; specs below.,,,"{""wavelength_nm"": ""650"", ""forward_voltage_v"": ""2.1"", ""forward_current_ma"": ""20"", ""package"": ""0805"", ""Luminous Intensity"": ""100mcd""}",active,,https://example.com/datasheet/LED50000375.pdf,,
MEM50000376,MEM50000376,SK Hynix,SK Hynix,mem50000376,Memory IC,Memory IC,MEM50000376 Memory IC from SK Hynix. Sourced via professional procurement support; specs below.,,,"{""interface"": ""SPI"", ""organization"": ""x8"", ""speed_hz"": ""104000000"", ""memory_bytes"": ""16777216""}",active,,https://example.com/datasheet/MEM50000376.pdf,,
XTAL50000377,XTAL50000377,Murata Manufacturing,Murata Manufacturing,xtal50000377,Crystal Oscillator,Crystal Oscillator,XTAL50000377 Crystal Oscillator from Murata Manufacturing. Sourced via professional procurement support; specs below.,,,"{""frequency_hz"": ""8000000"", ""load_capacitance_pf"": ""18"", ""package"": ""SMD""}",active,,https://example.com/datasheet/XTAL50000377.pdf,,
MCU50000378,MCU50000378,Microchip Technology,Microchip Technology,mcu50000378,Microcontroller,Microcontroller,MCU50000378 Microcontroller from Microchip Technology. Sourced via professional procurement support; specs below.,,,"{""core"": ""ARM Cortex-M4""}",active,,https://example.com/datasheet/MCU50000378.pdf,,
MOS50000379,MOS50000379,Yangjie,Yangjie,mos50000379,MOSFET,MOSFET,MOS50000379 MOSFET from Yangjie. Sourced via professional procurement support; specs below.,,,"{""vgs_th_v"": ""2.5"", ""id_a"": ""30""}",active,,https://example.com/datasheet/MOS50000379.pdf,,
RES50000380,RES50000380,Vishay Intertechnology,Vishay Intertechnology,res50000380,Resistor,Resistor,RES50000380 Resistor from Vishay Intertechnology. Sourced via professional procurement support; specs below.,,,"{""package"": ""0805"", ""temperature_coeff"": ""X7R""}",active,,https://example.com/datasheet/RES50000380.pdf,,
CAP50000381,CAP50000381,CapraMicro,CapraMicro,cap50000381,Capacitor,Capacitor,CAP50000381 Capacitor from CapraMicro. Sourced via professional procurement support; specs below.,,,"{""capacitance_pf"": ""100nF"", ""temperature_coeff"": ""X7R"", ""tolerance"": ""±10%""}",active,,https://example.com/datasheet/CAP50000381.pdf,,
IND50000382,IND50000382,TDK Corporation,TDK Corporation,ind50000382,Inductor,Inductor,IND50000382 Inductor from TDK Corporation. Sourced via professional procurement support; specs below.,,,"{""inductance_uh"": ""4.7"", ""tolerance"": ""±20%"", ""package"": ""0805"", ""current_rating_a"": ""1.5""}",active,,https://example.com/datasheet/IND50000382.pdf,,
SEN50000383,SEN50000383,BoschDummy,BoschDummy,sen50000383,Sensors,Sensors,SEN50000383 Sensors from BoschDummy. Sourced via professional procurement support; specs below.,,,"{""resolution_bits"": ""12"", ""accuracy"": ""±0.5"", ""interface"": ""I2C""}",active,,https://example.com/datasheet/SEN50000383.pdf,,
CON50000384,CON50000384,Amphenol,Amphenol,con50000384,Connectors,Connectors,CON50000384 Connectors from Amphenol. Sourced via professional procurement support; specs below.,,,"{""positions"": ""40"", ""pitch_mm"": ""2.54"", ""voltage_rating_v"": ""50"", ""mounting"": ""SMD"", ""current_rating_a"": ""3""}",active,,https://example.com/datasheet/CON50000384.pdf,,
MOD50000385,MOD50000385,Espressif Systems,Espressif Systems,mod50000385,Modules,Modules,MOD50000385 Modules from Espressif Systems. Sourced via professional procurement support; specs below.,,,"{""modulation"": ""GFSK"", ""data_rate_bps"": ""2Mbps"", ""sensitivity_dbm"": ""-95""}",active,,https://example.com/datasheet/MOD50000385.pdf,,
OPA50000386,OPA50000386,OpAmpInc,OpAmpInc,opa50000386,Analog IC,Analog IC,OPA50000386 Analog IC from OpAmpInc. Sourced via professional procurement support; specs below.,,,"{""bandwidth_hz"": ""1000000"", ""supply_current_ua"": ""200""}",active,,https://example.com/datasheet/OPA50000386.pdf,,
PMIC50000387,PMIC50000387,Infineon Technologies,Infineon Technologies,pmic50000387,Power Management IC,Power Management IC,PMIC50000387 Power Management IC from Infineon Technologies. Sourced via professional procurement support; specs below.,,,"{""package"": ""SOT-23"", ""voltage_in_min_v"": ""4.5"", ""voltage_in_max_v"": ""28"", ""output_current_a"": ""3"", ""voltage_out_v"": ""5""}",active,,https://example.com/datasheet/PMIC50000387.pdf,,
DIO50000388,DIO50000388,Littelfuse,Littelfuse,dio50000388,Diode,Diode,DIO50000388 Diode from Littelfuse. Sourced via professional procurement support; specs below.,,,"{""vf_v"": ""0.7"", ""if_a"": ""1""}",active,,https://example.com/datasheet/DIO50000388.pdf,,
LED50000389,LED50000389,OSRAM,OSRAM,led50000389,LED Components,LED Components,LED50000389 LED Components from OSRAM. Sourced via professional procurement support; specs below.,,,"{""forward_voltage_v"": ""2.1"", ""wavelength_nm"": ""650"", ""forward_current_ma"": ""20""}",active,,https://example.com/datasheet/LED50000389.pdf,,
MEM50000390,MEM50000390,SK Hynix,SK Hynix,mem50000390,Memory IC,Memory IC,MEM50000390 Memory IC from SK Hynix. Sourced via professional procurement support; specs below.,,,"{""memory_bytes"": ""16777216"", ""interface"": ""SPI"", ""speed_hz"": ""104000000""}",active,,https://example.com/datasheet/MEM50000390.pdf,,
XTAL50000391,XTAL50000391,Murata Manufacturing,Murata Manufacturing,xtal50000391,Crystal Oscillator,Crystal Oscillator,XTAL50000391 Crystal Oscillator from Murata Manufacturing. Sourced via professional procurement support; specs below.,,,"{""load_capacitance_pf"": ""18"", ""package"": ""SMD"", ""frequency_hz"": ""8000000""}",active,,https://example.com/datasheet/XTAL50000391.pdf,,
MCU50000392,MCU50000392,AcmeSemi,AcmeSemi,mcu50000392,Microcontroller,Microcontroller,MCU50000392 Microcontroller from AcmeSemi. Sourced via professional procurement support; specs below.,,,"{""frequency_hz"": ""72000000"", ""package"": ""LQFP-48""}",active,,https://example.com/datasheet/MCU50000392.pdf,,
MOS50000393,MOS50000393,Yangjie,Yangjie,mos50000393,MOSFET,MOSFET,MOS50000393 MOSFET from Yangjie. Sourced via professional procurement support; specs below.,,,"{""vds_v"": ""55"", ""id_a"": ""30""}",active,,https://example.com/datasheet/MOS50000393.pdf,,
RES50000394,RES50000394,KEMET Electronics,KEMET Electronics,res50000394,Resistor,Resistor,RES50000394 Resistor from KEMET Electronics. Sourced via professional procurement support; specs below.,,,"{""temperature_coeff"": ""X7R"", ""package"": ""0805"", ""resistance_ohm"": ""10000""}",active,,https://example.com/datasheet/RES50000394.pdf,,
CAP50000395,CAP50000395,Walsin Technology,Walsin Technology,cap50000395,Capacitor,Capacitor,CAP50000395 Capacitor from Walsin Technology. Sourced via professional procurement support; specs below.,,,"{""temperature_coeff"": ""X7R"", ""tolerance"": ""±10%"", ""capacitance_pf"": ""100nF"", ""package"": ""0603""}",active,,https://example.com/datasheet/CAP50000395.pdf,,
IND50000396,IND50000396,Murata Manufacturing,Murata Manufacturing,ind50000396,Inductor,Inductor,IND50000396 Inductor from Murata Manufacturing. Sourced via professional procurement support; specs below.,,,"{""package"": ""0805"", ""current_rating_a"": ""1.5"", ""tolerance"": ""±20%"", ""inductance_uh"": ""4.7""}",active,,https://example.com/datasheet/IND50000396.pdf,,
SEN50000397,SEN50000397,NXP Semiconductors,NXP Semiconductors,sen50000397,Sensors,Sensors,SEN50000397 Sensors from NXP Semiconductors. Sourced via professional procurement support; specs below.,,,"{""resolution_bits"": ""12"", ""accuracy"": ""±0.5""}",active,,https://example.com/datasheet/SEN50000397.pdf,,
CON50000398,CON50000398,Amphenol,Amphenol,con50000398,Connectors,Connectors,CON50000398 Connectors from Amphenol. Sourced via professional procurement support; specs below.,,,"{""mounting"": ""SMD"", ""positions"": ""40"", ""pitch_mm"": ""2.54"", ""voltage_rating_v"": ""50"", ""Mating Cycles"": ""500""}",active,,https://example.com/datasheet/CON50000398.pdf,,
MOD50000399,MOD50000399,MeshWorks,MeshWorks,mod50000399,Modules,Modules,MOD50000399 Modules from MeshWorks. Sourced via professional procurement support; specs below.,,,"{""sensitivity_dbm"": ""-95"", ""interface"": ""UART"", ""data_rate_bps"": ""2000000"", ""Antenna Type"": ""PCB""}",active,,https://example.com/datasheet/MOD50000399.pdf,,
OPA50000400,OPA50000400,Texas Instruments,Texas Instruments,opa50000400,Analog IC,Analog IC,OPA50000400 Analog IC from Texas Instruments. Sourced via professional procurement support; specs below.,,,"{""supply_current_ua"": ""200"", ""bandwidth_hz"": ""1000000""}",active,,https://example.com/datasheet/OPA50000400.pdf,,
PMIC50000401,PMIC50000401,Texas Instruments,Texas Instruments,pmic50000401,Power Management IC,Power Management IC,PMIC50000401 Power Management IC from Texas Instruments. Sourced via professional procurement support; specs below.,,,"{""efficiency_percent"": ""92"", ""output_current_a"": ""3"", ""voltage_out_v"": ""5""}",active,,https://example.com/datasheet/PMIC50000401.pdf,,
DIO50000402,DIO50000402,Littelfuse,Littelfuse,dio50000402,Diode,Diode,DIO50000402 Diode from Littelfuse. Sourced via professional procurement support; specs below.,,,"{""if_a"": ""1"", ""vrrm_v"": ""100"", ""vf_v"": ""0.7""}",active,,https://example.com/datasheet/DIO50000402.pdf,,
LED50000403,LED50000403,Kingbright,Kingbright,led50000403,LED Components,LED Components,LED50000403 LED Components from Kingbright. Sourced via professional procurement support; specs below.,,,"{""package"": ""0805"", ""wavelength_nm"": ""650"", ""forward_current_ma"": ""20""}",active,,https://example.com/datasheet/LED50000403.pdf,,
MEM50000404,MEM50000404,ISSI,ISSI,mem50000404,Memory IC,Memory IC,MEM50000404 Memory IC from ISSI. Sourced via professional procurement support; specs below.,,,"{""memory_bytes"": ""16777216"", ""speed_hz"": ""104000000"", ""organization"": ""x8""}",active,,https://example.com/datasheet/MEM50000404.pdf,,
XTAL50000405,XTAL50000405,Wurth Elektronik,Wurth Elektronik,xtal50000405,Crystal Oscillator,Crystal Oscillator,XTAL50000405 Crystal Oscillator from Wurth Elektronik. Sourced via professional procurement support; specs below.,,,"{""package"": ""SMD"", ""frequency_hz"": ""8000000"", ""load_capacitance_pf"": ""18""}",active,,https://example.com/datasheet/XTAL50000405.pdf,,
MCU50000406,MCU50000406,,,mcu50000406,Microcontroller,Microcontroller,MCU50000406 Microcontroller from unspecified. Sourced via professional procurement support; specs below.,,,"{""io_count"": ""48""}",active,,https://example.com/datasheet/MCU50000406.pdf,,
MOS50000407,MOS50000407,Yangjie,Yangjie,mos50000407,MOSFET,MOSFET,MOS50000407 MOSFET from Yangjie. Sourced via professional procurement support; specs below.,,,"{""rds_on_mohm"": ""8"", ""id_a"": ""30"", ""vgs_th_v"": ""2.5""}",active,,https://example.com/datasheet/MOS50000407.pdf,,
RES50000408,RES50000408,Fenghua,Fenghua,res50000408,Resistor,Resistor,RES50000408 Resistor from Fenghua. Sourced via professional procurement support; specs below.,,,"{""temperature_coeff"": ""X7R""}",active,,https://example.com/datasheet/RES50000408.pdf,,
CAP50000409,CAP50000409,TDK Corporation,TDK Corporation,cap50000409,Capacitor,Capacitor,CAP50000409 Capacitor from TDK Corporation. Sourced via professional procurement support; specs below.,,,"{""tolerance"": ""±10%"", ""voltage_rating_v"": ""50"", ""package"": ""0603"", ""Ripple Current"": ""100mA""}",active,,https://example.com/datasheet/CAP50000409.pdf,,
IND50000410,IND50000410,Murata Manufacturing,Murata Manufacturing,ind50000410,Inductor,Inductor,IND50000410 Inductor from Murata Manufacturing. Sourced via professional procurement support; specs below.,,,"{""inductance_uh"": ""4.7"", ""package"": ""0805"", ""tolerance"": ""±20%"", ""Self Resonant Freq"": ""50MHz""}",active,,https://example.com/datasheet/IND50000410.pdf,,
SEN50000411,SEN50000411,NXP Semiconductors,NXP Semiconductors,sen50000411,Sensors,Sensors,SEN50000411 Sensors from NXP Semiconductors. Sourced via professional procurement support; specs below.,,,"{""sensitivity_dbm"": ""260 LSB/g"", ""resolution_bits"": ""12"", ""range"": ""0-40""}",active,,https://example.com/datasheet/SEN50000411.pdf,,
CON50000412,CON50000412,JST,JST,con50000412,Connectors,Connectors,CON50000412 Connectors from JST. Sourced via professional procurement support; specs below.,,,"{""pitch_mm"": ""2.54"", ""positions"": ""40"", ""mounting"": ""SMD""}",active,,https://example.com/datasheet/CON50000412.pdf,,
MOD50000413,MOD50000413,SIMCom,SIMCom,mod50000413,Modules,Modules,MOD50000413 Modules from SIMCom. Sourced via professional procurement support; specs below.,,,"{""output_power_dbm"": ""20"", ""interface"": ""UART"", ""Antenna Type"": ""PCB""}",active,,https://example.com/datasheet/MOD50000413.pdf,,
OPA50000414,OPA50000414,Texas Instruments,Texas Instruments,opa50000414,Analog IC,Analog IC,OPA50000414 Analog IC from Texas Instruments. Sourced via professional procurement support; specs below.,,,"{""package"": ""SOIC-8"", ""gain_db"": ""100""}",active,,https://example.com/datasheet/OPA50000414.pdf,,
PMIC50000415,PMIC50000415,Richtek Technology,Richtek Technology,pmic50000415,Power Management IC,Power Management IC,PMIC50000415 Power Management IC from Richtek Technology. Sourced via professional procurement support; specs below.,,,"{""voltage_in_max_v"": ""28"", ""voltage_out_v"": ""5"", ""Line Regulation"": ""0.5%""}",active,,https://example.com/datasheet/PMIC50000415.pdf,,
DIO50000416,DIO50000416,,,dio50000416,Diode,Diode,DIO50000416 Diode from unspecified. Sourced via professional procurement support; specs below.,,,"{""vf_v"": ""0.7"", ""vrrm_v"": ""100"", ""if_a"": ""1""}",active,,https://example.com/datasheet/DIO50000416.pdf,,
LED50000417,LED50000417,OSRAM,OSRAM,led50000417,LED Components,LED Components,LED50000417 LED Components from OSRAM. Sourced via professional procurement support; specs below.,,,"{""package"": ""0805"", ""forward_current_ma"": ""20""}",active,,https://example.com/datasheet/LED50000417.pdf,,
MEM50000418,MEM50000418,Macronix International,Macronix International,mem50000418,Memory IC,Memory IC,MEM50000418 Memory IC from Macronix International. Sourced via professional procurement support; specs below.,,,"{""organization"": ""x8"", ""memory_bytes"": ""16777216"", ""interface"": ""SPI""}",active,,https://example.com/datasheet/MEM50000418.pdf,,
XTAL50000419,XTAL50000419,OscInc,OscInc,xtal50000419,Crystal Oscillator,Crystal Oscillator,XTAL50000419 Crystal Oscillator from OscInc. Sourced via professional procurement support; specs below.,,,"{""load_capacitance_pf"": ""18"", ""frequency_hz"": ""8000000""}",active,,https://example.com/datasheet/XTAL50000419.pdf,,
MCU50000420,MCU50000420,GigaDevice Semiconductor,GigaDevice Semiconductor,mcu50000420,Microcontroller,Microcontroller,MCU50000420 Microcontroller from GigaDevice Semiconductor. Sourced via professional procurement support; specs below.,,,"{""voltage_v"": ""3.3"", ""io_count"": ""48"", ""core"": ""ARM Cortex-M4""}",active,,https://example.com/datasheet/MCU50000420.pdf,,
MOS50000421,MOS50000421,VoltTech,VoltTech,mos50000421,MOSFET,MOSFET,MOS50000421 MOSFET from VoltTech. Sourced via professional procurement support; specs below.,,,"{""vds_v"": ""55V"", ""qg_nc"": ""45"", ""rds_on_mohm"": ""8""}",active,,https://example.com/datasheet/MOS50000421.pdf,,
RES50000422,RES50000422,Vishay Intertechnology,Vishay Intertechnology,res50000422,Resistor,Resistor,RES50000422 Resistor from Vishay Intertechnology. Sourced via professional procurement support; specs below.,,,"{""resistance_ohm"": ""10kΩ"", ""power_rating_w"": ""0.25"", ""temperature_coeff"": ""X7R""}",active,,https://example.com/datasheet/RES50000422.pdf,,
CAP50000423,CAP50000423,Murata Manufacturing,Murata Manufacturing,cap50000423,Capacitor,Capacitor,CAP50000423 Capacitor from Murata Manufacturing. Sourced via professional procurement support; specs below.,,,"{""tolerance"": ""±10%""}",active,,https://example.com/datasheet/CAP50000423.pdf,,
IND50000424,IND50000424,Wurth Elektronik,Wurth Elektronik,ind50000424,Inductor,Inductor,IND50000424 Inductor from Wurth Elektronik. Sourced via professional procurement support; specs below.,,,"{""inductance_uh"": ""4.7"", ""package"": ""0805"", ""current_rating_a"": ""1.5""}",active,,https://example.com/datasheet/IND50000424.pdf,,
SEN50000425,SEN50000425,STMicroelectronics,STMicroelectronics,sen50000425,Sensors,Sensors,SEN50000425 Sensors from STMicroelectronics. Sourced via professional procurement support; specs below.,,,"{""range"": ""0-40"", ""sensitivity_dbm"": ""260 LSB/g"", ""accuracy"": ""±0.5"", ""resolution_bits"": ""12"", ""interface"": ""I2C""}",active,,https://example.com/datasheet/SEN50000425.pdf,,
CON50000426,CON50000426,Molex,Molex,con50000426,Connectors,Connectors,CON50000426 Connectors from Molex. Sourced via professional procurement support; specs below.,,,"{""pitch_mm"": ""2.54"", ""mounting"": ""SMD"", ""current_rating_a"": ""3"", ""positions"": ""40""}",active,,https://example.com/datasheet/CON50000426.pdf,,
MOD50000427,MOD50000427,Semtech,Semtech,mod50000427,Modules,Modules,MOD50000427 Modules from Semtech. Sourced via professional procurement support; specs below.,,,"{""interface"": ""UART"", ""output_power_dbm"": ""20""}",active,,https://example.com/datasheet/MOD50000427.pdf,,
OPA50000428,OPA50000428,Analog Devices,Analog Devices,opa50000428,Analog IC,Analog IC,OPA50000428 Analog IC from Analog Devices. Sourced via professional procurement support; specs below.,,,"{""supply_current_ua"": ""200"", ""package"": ""SOIC-8""}",active,,https://example.com/datasheet/OPA50000428.pdf,,
PMIC50000429,PMIC50000429,SGMICRO,SGMICRO,pmic50000429,Power Management IC,Power Management IC,PMIC50000429 Power Management IC from SGMICRO. Sourced via professional procurement support; specs below.,,,"{""voltage_in_max_v"": ""28"", ""efficiency_percent"": ""92""}",active,,https://example.com/datasheet/PMIC50000429.pdf,,
DIO50000430,DIO50000430,ON Semiconductor,ON Semiconductor,dio50000430,Diode,Diode,DIO50000430 Diode from ON Semiconductor. Sourced via professional procurement support; specs below.,,,"{""vf_v"": ""0.7"", ""vrrm_v"": ""100""}",active,,https://example.com/datasheet/DIO50000430.pdf,,
LED50000431,LED50000431,Lite-On Technology,Lite-On Technology,led50000431,LED Components,LED Components,LED50000431 LED Components from Lite-On Technology. Sourced via professional procurement support; specs below.,,,"{""forward_voltage_v"": ""2.1"", ""package"": ""0805"", ""forward_current_ma"": ""20""}",active,,https://example.com/datasheet/LED50000431.pdf,,
MEM50000432,MEM50000432,Macronix International,Macronix International,mem50000432,Memory IC,Memory IC,MEM50000432 Memory IC from Macronix International. Sourced via professional procurement support; specs below.,,,"{""memory_bytes"": ""16777216"", ""interface"": ""SPI"", ""speed_hz"": ""104000000""}",active,,https://example.com/datasheet/MEM50000432.pdf,,
XTAL50000433,XTAL50000433,TDK Corporation,TDK Corporation,xtal50000433,Crystal Oscillator,Crystal Oscillator,XTAL50000433 Crystal Oscillator from TDK Corporation. Sourced via professional procurement support; specs below.,,,"{""load_capacitance_pf"": ""18"", ""package"": ""SMD"", ""frequency_hz"": ""8000000""}",active,,https://example.com/datasheet/XTAL50000433.pdf,,
MCU50000434,MCU50000434,Holtek Semiconductor,Holtek Semiconductor,mcu50000434,Microcontroller,Microcontroller,MCU50000434 Microcontroller from Holtek Semiconductor. Sourced via professional procurement support; specs below.,,,"{""ram_bytes"": ""20480"", ""flash_bytes"": ""131072""}",active,,https://example.com/datasheet/MCU50000434.pdf,,
MOS50000435,MOS50000435,HexaFab,HexaFab,mos50000435,MOSFET,MOSFET,MOS50000435 MOSFET from HexaFab. Sourced via professional procurement support; specs below.,,,"{""package"": ""SOT-23"", ""vds_v"": ""55"", ""rds_on_mohm"": ""8"", ""vgs_th_v"": ""2.5""}",active,,https://example.com/datasheet/MOS50000435.pdf,,
RES50000436,RES50000436,Yageo,Yageo,res50000436,Resistor,Resistor,RES50000436 Resistor from Yageo. Sourced via professional procurement support; specs below.,,,"{""temperature_coeff"": ""X7R"", ""resistance_ohm"": ""10kΩ"", ""power_rating_w"": ""0.25"", ""tolerance"": ""±1%""}",active,,https://example.com/datasheet/RES50000436.pdf,,
CAP50000437,CAP50000437,KEMET Electronics,KEMET Electronics,cap50000437,Capacitor,Capacitor,CAP50000437 Capacitor from KEMET Electronics. Sourced via professional procurement support; specs below.,,,"{""package"": ""0603"", ""voltage_rating_v"": ""50"", ""capacitance_pf"": ""100000"", ""temperature_coeff"": ""X7R""}",active,,https://example.com/datasheet/CAP50000437.pdf,,
IND50000438,IND50000438,InduMax,InduMax,ind50000438,Inductor,Inductor,IND50000438 Inductor from InduMax. Sourced via professional procurement support; specs below.,,,"{""inductance_uh"": ""4.7"", ""package"": ""0805""}",active,,https://example.com/datasheet/IND50000438.pdf,,
SEN50000439,SEN50000439,NXP Semiconductors,NXP Semiconductors,sen50000439,Sensors,Sensors,SEN50000439 Sensors from NXP Semiconductors. Sourced via professional procurement support; specs below.,,,"{""range"": ""0-40"", ""accuracy"": ""±0.5"", ""sensitivity_dbm"": ""260 LSB/g""}",active,,https://example.com/datasheet/SEN50000439.pdf,,
CON50000440,CON50000440,LinkFab,LinkFab,con50000440,Connectors,Connectors,CON50000440 Connectors from LinkFab. Sourced via professional procurement support; specs below.,,,"{""voltage_rating_v"": ""50"", ""positions"": ""40"", ""mounting"": ""SMD""}",active,,https://example.com/datasheet/CON50000440.pdf,,
MOD50000441,MOD50000441,u-blox,u-blox,mod50000441,Modules,Modules,MOD50000441 Modules from u-blox. Sourced via professional procurement support; specs below.,,,"{""interface"": ""UART"", ""sensitivity_dbm"": ""-95"", ""data_rate_bps"": ""2000000"", ""output_power_dbm"": ""20""}",active,,https://example.com/datasheet/MOD50000441.pdf,,
OPA50000442,OPA50000442,Silicon Labs,Silicon Labs,opa50000442,Analog IC,Analog IC,OPA50000442 Analog IC from Silicon Labs. Sourced via professional procurement support; specs below.,,,"{""bandwidth_hz"": ""1000000"", ""gain_db"": ""100"", ""supply_current_ua"": ""200""}",active,,https://example.com/datasheet/OPA50000442.pdf,,
PMIC50000443,PMIC50000443,SGMICRO,SGMICRO,pmic50000443,Power Management IC,Power Management IC,PMIC50000443 Power Management IC from SGMICRO. Sourced via professional procurement support; specs below.,,,"{""voltage_out_v"": ""5"", ""voltage_in_max_v"": ""28""}",active,,https://example.com/datasheet/PMIC50000443.pdf,,
DIO50000444,DIO50000444,Littelfuse,Littelfuse,dio50000444,Diode,Diode,DIO50000444 Diode from Littelfuse. Sourced via professional procurement support; specs below.,,,"{""if_a"": ""1"", ""vf_v"": ""0.7"", ""vrrm_v"": ""100""}",active,,https://example.com/datasheet/DIO50000444.pdf,,
LED50000445,LED50000445,Everlight Electronics,Everlight Electronics,led50000445,LED Components,LED Components,LED50000445 LED Components from Everlight Electronics. Sourced via professional procurement support; specs below.,,,"{""package"": ""0805"", ""forward_voltage_v"": ""2.1"", ""wavelength_nm"": ""650""}",active,,https://example.com/datasheet/LED50000445.pdf,,
MEM50000446,MEM50000446,SK Hynix,SK Hynix,mem50000446,Memory IC,Memory IC,MEM50000446 Memory IC from SK Hynix. Sourced via professional procurement support; specs below.,,,"{""speed_hz"": ""104000000"", ""memory_bytes"": ""16777216"", ""interface"": ""SPI""}",active,,https://example.com/datasheet/MEM50000446.pdf,,
XTAL50000447,XTAL50000447,TDK Corporation,TDK Corporation,xtal50000447,Crystal Oscillator,Crystal Oscillator,XTAL50000447 Crystal Oscillator from TDK Corporation. Sourced via professional procurement support; specs below.,,,"{""load_capacitance_pf"": ""18"", ""package"": ""SMD""}",active,,https://example.com/datasheet/XTAL50000447.pdf,,
MCU50000448,MCU50000448,GigaDevice Semiconductor,GigaDevice Semiconductor,mcu50000448,Microcontroller,Microcontroller,MCU50000448 Microcontroller from GigaDevice Semiconductor. Sourced via professional procurement support; specs below.,,,"{""io_count"": ""48"", ""flash_bytes"": ""131072"", ""voltage_v"": ""3.3""}",active,,https://example.com/datasheet/MCU50000448.pdf,,
MOS50000449,MOS50000449,Yangjie,Yangjie,mos50000449,MOSFET,MOSFET,MOS50000449 MOSFET from Yangjie. Sourced via professional procurement support; specs below.,,,"{""rds_on_mohm"": ""8mΩ"", ""id_a"": ""30"", ""package"": ""SOT-23"", ""Leakage Current"": ""1uA""}",active,,https://example.com/datasheet/MOS50000449.pdf,,
RES50000450,RES50000450,Bourns,Bourns,res50000450,Resistor,Resistor,RES50000450 Resistor from Bourns. Sourced via professional procurement support; specs below.,,,"{""resistance_ohm"": ""10000"", ""temperature_coeff"": ""X7R"", ""package"": ""0805""}",active,,https://example.com/datasheet/RES50000450.pdf,,
CAP50000451,CAP50000451,Murata Manufacturing,Murata Manufacturing,cap50000451,Capacitor,Capacitor,CAP50000451 Capacitor from Murata Manufacturing. Sourced via professional procurement support; specs below.,,,"{""package"": ""0603"", ""tolerance"": ""±10%"", ""voltage_rating_v"": ""50"", ""Ripple Current"": ""100mA""}",active,,https://example.com/datasheet/CAP50000451.pdf,,
IND50000452,IND50000452,Bourns,Bourns,ind50000452,Inductor,Inductor,IND50000452 Inductor from Bourns. Sourced via professional procurement support; specs below.,,,"{""package"": ""0805"", ""tolerance"": ""±20%"", ""current_rating_a"": ""1.5""}",active,,https://example.com/datasheet/IND50000452.pdf,,
SEN50000453,SEN50000453,STMicroelectronics,STMicroelectronics,sen50000453,Sensors,Sensors,SEN50000453 Sensors from STMicroelectronics. Sourced via professional procurement support; specs below.,,,"{""interface"": ""I2C"", ""resolution_bits"": ""12"", ""sensitivity_dbm"": ""260 LSB/g"", ""range"": ""0-40""}",active,,https://example.com/datasheet/SEN50000453.pdf,,
CON50000454,CON50000454,JST,JST,con50000454,Connectors,Connectors,CON50000454 Connectors from JST. Sourced via professional procurement support; specs below.,,,"{""positions"": ""40"", ""mounting"": ""SMD"", ""current_rating_a"": ""3"", ""pitch_mm"": ""2.54""}",active,,https://example.com/datasheet/CON50000454.pdf,,
MOD50000455,MOD50000455,AirByte,AirByte,mod50000455,Modules,Modules,MOD50000455 Modules from AirByte. Sourced via professional procurement support; specs below.,,,"{""data_rate_bps"": ""2000000"", ""sensitivity_dbm"": ""-95"", ""modulation"": ""GFSK"", ""Antenna Type"": ""PCB""}",active,,https://example.com/datasheet/MOD50000455.pdf,,
OPA50000456,OPA50000456,Maxim Integrated,Maxim Integrated,opa50000456,Analog IC,Analog IC,OPA50000456 Analog IC from Maxim Integrated. Sourced via professional procurement support; specs below.,,,"{""gain_db"": ""100"", ""package"": ""SOIC-8"", ""bandwidth_hz"": ""1000000""}",active,,https://example.com/datasheet/OPA50000456.pdf,,
PMIC50000457,PMIC50000457,Monolithic Power Systems,Monolithic Power Systems,pmic50000457,Power Management IC,Power Management IC,PMIC50000457 Power Management IC from Monolithic Power Systems. Sourced via professional procurement support; specs below.,,,"{""package"": ""SOT-23"", ""voltage_in_min_v"": ""4.5"", ""output_current_a"": ""3"", ""efficiency_percent"": ""92""}",active,,https://example.com/datasheet/PMIC50000457.pdf,,
DIO50000458,DIO50000458,Littelfuse,Littelfuse,dio50000458,Diode,Diode,DIO50000458 Diode from Littelfuse. Sourced via professional procurement support; specs below.,,,"{""vrrm_v"": ""100"", ""vf_v"": ""0.7""}",active,,https://example.com/datasheet/DIO50000458.pdf,,
LED50000459,LED50000459,Everlight Electronics,Everlight Electronics,led50000459,LED Components,LED Components,LED50000459 LED Components from Everlight Electronics. Sourced via professional procurement support; specs below.,,,"{""forward_current_ma"": ""20"", ""forward_voltage_v"": ""2.1"", ""package"": ""0805"", ""wavelength_nm"": ""650""}",active,,https://example.com/datasheet/LED50000459.pdf,,
MEM50000460,MEM50000460,ISSI,ISSI,mem50000460,Memory IC,Memory IC,MEM50000460 Memory IC from ISSI. Sourced via professional procurement support; specs below.,,,"{""interface"": ""SPI"", ""speed_hz"": ""104000000"", ""memory_bytes"": ""16777216"", ""organization"": ""x8"", ""Access Time"": ""70ns""}",active,,https://example.com/datasheet/MEM50000460.pdf,,
XTAL50000461,XTAL50000461,Wurth Elektronik,Wurth Elektronik,xtal50000461,Crystal Oscillator,Crystal Oscillator,XTAL50000461 Crystal Oscillator from Wurth Elektronik. Sourced via professional procurement support; specs below.,,,"{""frequency_hz"": ""8000000"", ""package"": ""SMD"", ""Frequency Tolerance"": ""±20ppm""}",active,,https://example.com/datasheet/XTAL50000461.pdf,,
MCU50000462,MCU50000462,Microchip Technology,Microchip Technology,mcu50000462,Microcontroller,Microcontroller,MCU50000462 Microcontroller from Microchip Technology. Sourced via professional procurement support; specs below.,,,"{""voltage_v"": ""3.3"", ""package"": ""LQFP-48"", ""core"": ""ARM Cortex-M4""}",active,,https://example.com/datasheet/MCU50000462.pdf,,
MOS50000463,MOS50000463,Infineon Technologies,Infineon Technologies,mos50000463,MOSFET,MOSFET,MOS50000463 MOSFET from Infineon Technologies. Sourced via professional procurement support; specs below.,,,"{""vgs_th_v"": ""2.5"", ""qg_nc"": ""45"", ""vds_v"": ""55V""}",active,,https://example.com/datasheet/MOS50000463.pdf,,
RES50000464,RES50000464,Yageo,Yageo,res50000464,Resistor,Resistor,RES50000464 Resistor from Yageo. Sourced via professional procurement support; specs below.,,,"{""resistance_ohm"": ""10000"", ""tolerance"": ""±1%"", ""temperature_coeff"": ""X7R"", ""Lifecycle Status"": ""Active""}",active,,https://example.com/datasheet/RES50000464.pdf,,
CAP50000465,CAP50000465,KEMET Electronics,KEMET Electronics,cap50000465,Capacitor,Capacitor,CAP50000465 Capacitor from KEMET Electronics. Sourced via professional procurement support; specs below.,,,"{""temperature_coeff"": ""X7R"", ""capacitance_pf"": ""100000"", ""package"": ""0603"", ""tolerance"": ""±10%""}",active,,https://example.com/datasheet/CAP50000465.pdf,,
IND50000466,IND50000466,Murata Manufacturing,Murata Manufacturing,ind50000466,Inductor,Inductor,IND50000466 Inductor from Murata Manufacturing. Sourced via professional procurement support; specs below.,,,"{""current_rating_a"": ""1.5"", ""package"": ""0805"", ""inductance_uh"": ""4.7"", ""tolerance"": ""±20%""}",active,,https://example.com/datasheet/IND50000466.pdf,,
SEN50000467,SEN50000467,STMicroelectronics,STMicroelectronics,sen50000467,Sensors,Sensors,SEN50000467 Sensors from STMicroelectronics. Sourced via professional procurement support; specs below.,,,"{""interface"": ""I2C"", ""accuracy"": ""±0.5"", ""sensitivity_dbm"": ""260 LSB/g"", ""range"": ""0-40"", ""resolution_bits"": ""12"", ""Response Time"": ""5ms""}",active,,https://example.com/datasheet/SEN50000467.pdf,,
CON50000468,CON50000468,PlugWorks,PlugWorks,con50000468,Connectors,Connectors,CON50000468 Connectors from PlugWorks. Sourced via professional procurement support; specs below.,,,"{""current_rating_a"": ""3"", ""pitch_mm"": ""2.54""}",active,,https://example.com/datasheet/CON50000468.pdf,,
MOD50000469,MOD50000469,Semtech,Semtech,mod50000469,Modules,Modules,MOD50000469 Modules from Semtech. Sourced via professional procurement support; specs below.,,,"{""output_power_dbm"": ""20"", ""interface"": ""UART"", ""modulation"": ""GFSK"", ""Protocol Stack"": ""3.0""}",active,,https://example.com/datasheet/MOD50000469.pdf,,
OPA50000470,OPA50000470,Analog Devices,Analog Devices,opa50000470,Analog IC,Analog IC,OPA50000470 Analog IC from Analog Devices. Sourced via professional procurement support; specs below.,,,"{""bandwidth_hz"": ""1000000"", ""supply_current_ua"": ""200"", ""package"": ""SOIC-8""}",active,,https://example.com/datasheet/OPA50000470.pdf,,
PMIC50000471,PMIC50000471,Richtek Technology,Richtek Technology,pmic50000471,Power Management IC,Power Management IC,PMIC50000471 Power Management IC from Richtek Technology. Sourced via professional procurement support; specs below.,,,"{""output_current_a"": ""3"", ""voltage_out_v"": ""5""}",active,,https://example.com/datasheet/PMIC50000471.pdf,,
DIO50000472,DIO50000472,ON Semiconductor,ON Semiconductor,dio50000472,Diode,Diode,DIO50000472 Diode from ON Semiconductor. Sourced via professional procurement support; specs below.,,,"{""vf_v"": ""0.7"", ""if_a"": ""1"", ""vrrm_v"": ""100"", ""Reverse Recovery"": ""50ns""}",active,,https://example.com/datasheet/DIO50000472.pdf,,
LED50000473,LED50000473,Lite-On Technology,Lite-On Technology,led50000473,LED Components,LED Components,LED50000473 LED Components from Lite-On Technology. Sourced via professional procurement support; specs below.,,,"{""package"": ""0805"", ""forward_current_ma"": ""20"", ""forward_voltage_v"": ""2.1"", ""wavelength_nm"": ""650""}",active,,https://example.com/datasheet/LED50000473.pdf,,
MEM50000474,MEM50000474,Macronix International,Macronix International,mem50000474,Memory IC,Memory IC,MEM50000474 Memory IC from Macronix International. Sourced via professional procurement support; specs below.,,,"{""organization"": ""x8"", ""memory_bytes"": ""16777216"", ""interface"": ""SPI""}",active,,https://example.com/datasheet/MEM50000474.pdf,,
XTAL50000475,XTAL50000475,Wurth Elektronik,Wurth Elektronik,xtal50000475,Crystal Oscillator,Crystal Oscillator,XTAL50000475 Crystal Oscillator from Wurth Elektronik. Sourced via professional procurement support; specs below.,,,"{""frequency_hz"": ""8000000"", ""load_capacitance_pf"": ""18"", ""Frequency Tolerance"": ""±20ppm""}",active,,https://example.com/datasheet/XTAL50000475.pdf,,
MCU50000476,MCU50000476,STMicroelectronics,STMicroelectronics,mcu50000476,Microcontroller,Microcontroller,MCU50000476 Microcontroller from STMicroelectronics. Sourced via professional procurement support; specs below.,,,"{""ram_bytes"": ""20480""}",active,,https://example.com/datasheet/MCU50000476.pdf,,
MOS50000477,MOS50000477,ON Semiconductor,ON Semiconductor,mos50000477,MOSFET,MOSFET,MOS50000477 MOSFET from ON Semiconductor. Sourced via professional procurement support; specs below.,,,"{""vgs_th_v"": ""2.5"", ""rds_on_mohm"": ""8"", ""package"": ""SOT-23"", ""vds_v"": ""55""}",active,,https://example.com/datasheet/MOS50000477.pdf,,
RES50000478,RES50000478,KEMET Electronics,KEMET Electronics,res50000478,Resistor,Resistor,RES50000478 Resistor from KEMET Electronics. Sourced via professional procurement support; specs below.,,,"{""temperature_coeff"": ""X7R""}",active,,https://example.com/datasheet/RES50000478.pdf,,
CAP50000479,CAP50000479,KEMET Electronics,KEMET Electronics,cap50000479,Capacitor,Capacitor,CAP50000479 Capacitor from KEMET Electronics. Sourced via professional procurement support; specs below.,,,"{""tolerance"": ""±10%"", ""package"": ""0603"", ""voltage_rating_v"": ""50"", ""capacitance_pf"": ""100000"", ""Ripple Current"": ""100mA""}",active,,https://example.com/datasheet/CAP50000479.pdf,,
IND50000480,IND50000480,Murata Manufacturing,Murata Manufacturing,ind50000480,Inductor,Inductor,IND50000480 Inductor from Murata Manufacturing. Sourced via professional procurement support; specs below.,,,"{""tolerance"": ""±20%"", ""inductance_uh"": ""4.7"", ""current_rating_a"": ""1.5""}",active,,https://example.com/datasheet/IND50000480.pdf,,
SEN50000481,SEN50000481,NXP Semiconductors,NXP Semiconductors,sen50000481,Sensors,Sensors,SEN50000481 Sensors from NXP Semiconductors. Sourced via professional procurement support; specs below.,,,"{""accuracy"": ""±0.5"", ""range"": ""0-40"", ""resolution_bits"": ""12"", ""sensitivity_dbm"": ""260 LSB/g"", ""interface"": ""I2C""}",active,,https://example.com/datasheet/SEN50000481.pdf,,
CON50000482,CON50000482,TE Connectivity,TE Connectivity,con50000482,Connectors,Connectors,CON50000482 Connectors from TE Connectivity. Sourced via professional procurement support; specs below.,,,"{""positions"": ""40"", ""mounting"": ""SMD"", ""pitch_mm"": ""2.54"", ""current_rating_a"": ""3"", ""voltage_rating_v"": ""50""}",active,,https://example.com/datasheet/CON50000482.pdf,,
MOD50000483,MOD50000483,Semtech,Semtech,mod50000483,Modules,Modules,MOD50000483 Modules from Semtech. Sourced via professional procurement support; specs below.,,,"{""sensitivity_dbm"": ""-95"", ""modulation"": ""GFSK"", ""interface"": ""UART""}",active,,https://example.com/datasheet/MOD50000483.pdf,,
OPA50000484,OPA50000484,Silicon Labs,Silicon Labs,opa50000484,Analog IC,Analog IC,OPA50000484 Analog IC from Silicon Labs. Sourced via professional procurement support; specs below.,,,"{""gain_db"": ""100"", ""bandwidth_hz"": ""1000000"", ""supply_current_ua"": ""200""}",active,,https://example.com/datasheet/OPA50000484.pdf,,
PMIC50000485,PMIC50000485,Texas Instruments,Texas Instruments,pmic50000485,Power Management IC,Power Management IC,PMIC50000485 Power Management IC from Texas Instruments. Sourced via professional procurement support; specs below.,,,"{""voltage_out_v"": ""5"", ""efficiency_percent"": ""92"", ""package"": ""SOT-23""}",active,,https://example.com/datasheet/PMIC50000485.pdf,,
DIO50000486,DIO50000486,Littelfuse,Littelfuse,dio50000486,Diode,Diode,DIO50000486 Diode from Littelfuse. Sourced via professional procurement support; specs below.,,,"{""vrrm_v"": ""100"", ""vf_v"": ""0.7"", ""if_a"": ""1""}",active,,https://example.com/datasheet/DIO50000486.pdf,,
LED50000487,LED50000487,Lite-On Technology,Lite-On Technology,led50000487,LED Components,LED Components,LED50000487 LED Components from Lite-On Technology. Sourced via professional procurement support; specs below.,,,"{""forward_current_ma"": ""20"", ""wavelength_nm"": ""650"", ""package"": ""0805"", ""forward_voltage_v"": ""2.1""}",active,,https://example.com/datasheet/LED50000487.pdf,,
MEM50000488,MEM50000488,Winbond Electronics,Winbond Electronics,mem50000488,Memory IC,Memory IC,MEM50000488 Memory IC from Winbond Electronics. Sourced via professional procurement support; specs below.,,,"{""interface"": ""SPI"", ""organization"": ""x8"", ""speed_hz"": ""104000000""}",active,,https://example.com/datasheet/MEM50000488.pdf,,
XTAL50000489,XTAL50000489,Murata Manufacturing,Murata Manufacturing,xtal50000489,Crystal Oscillator,Crystal Oscillator,XTAL50000489 Crystal Oscillator from Murata Manufacturing. Sourced via professional procurement support; specs below.,,,"{""load_capacitance_pf"": ""18"", ""frequency_hz"": ""8000000"", ""package"": ""SMD""}",active,,https://example.com/datasheet/XTAL50000489.pdf,,
MCU50000490,MCU50000490,Microchip Technology,Microchip Technology,mcu50000490,Microcontroller,Microcontroller,MCU50000490 Microcontroller from Microchip Technology. Sourced via professional procurement support; specs below.,,,"{""flash_bytes"": ""131072"", ""frequency_hz"": ""72000000""}",active,,https://example.com/datasheet/MCU50000490.pdf,,
MOS50000491,MOS50000491,Alpha & Omega Semiconductor,Alpha & Omega Semiconductor,mos50000491,MOSFET,MOSFET,MOS50000491 MOSFET from Alpha & Omega Semiconductor. Sourced via professional procurement support; specs below.,,,"{""id_a"": ""30""}",active,,https://example.com/datasheet/MOS50000491.pdf,,
RES50000492,RES50000492,Vishay Intertechnology,Vishay Intertechnology,res50000492,Resistor,Resistor,RES50000492 Resistor from Vishay Intertechnology. Sourced via professional procurement support; specs below.,,,"{""temperature_coeff"": ""X7R"", ""resistance_ohm"": ""10000"", ""power_rating_w"": ""0.25""}",active,,https://example.com/datasheet/RES50000492.pdf,,
CAP50000493,CAP50000493,DeltaCap,DeltaCap,cap50000493,Capacitor,Capacitor,CAP50000493 Capacitor from DeltaCap. Sourced via professional procurement support; specs below.,,,"{""capacitance_pf"": ""100nF"", ""temperature_coeff"": ""X7R"", ""package"": ""0603"", ""voltage_rating_v"": ""50""}",active,,https://example.com/datasheet/CAP50000493.pdf,,
IND50000494,IND50000494,Bourns,Bourns,ind50000494,Inductor,Inductor,IND50000494 Inductor from Bourns. Sourced via professional procurement support; specs below.,,,"{""inductance_uh"": ""4.7"", ""current_rating_a"": ""1.5""}",active,,https://example.com/datasheet/IND50000494.pdf,,
SEN50000495,SEN50000495,NXP Semiconductors,NXP Semiconductors,sen50000495,Sensors,Sensors,SEN50000495 Sensors from NXP Semiconductors. Sourced via professional procurement support; specs below.,,,"{""range"": ""0-40"", ""sensitivity_dbm"": ""260 LSB/g"", ""interface"": ""I2C"", ""accuracy"": ""±0.5""}",active,,https://example.com/datasheet/SEN50000495.pdf,,
CON50000496,CON50000496,Molex,Molex,con50000496,Connectors,Connectors,CON50000496 Connectors from Molex. Sourced via professional procurement support; specs below.,,,"{""current_rating_a"": ""3"", ""voltage_rating_v"": ""50"", ""positions"": ""40"", ""mounting"": ""SMD"", ""pitch_mm"": ""2.54""}",active,,https://example.com/datasheet/CON50000496.pdf,,
MOD50000497,MOD50000497,SIMCom,SIMCom,mod50000497,Modules,Modules,MOD50000497 Modules from SIMCom. Sourced via professional procurement support; specs below.,,,"{""sensitivity_dbm"": ""-95"", ""data_rate_bps"": ""2000000"", ""modulation"": ""GFSK""}",active,,https://example.com/datasheet/MOD50000497.pdf,,
OPA50000498,OPA50000498,LinearX,LinearX,opa50000498,Analog IC,Analog IC,OPA50000498 Analog IC from LinearX. Sourced via professional procurement support; specs below.,,,"{""gain_db"": ""100"", ""bandwidth_hz"": ""1000000"", ""package"": ""SOIC-8""}",active,,https://example.com/datasheet/OPA50000498.pdf,,
PMIC50000499,PMIC50000499,Infineon Technologies,Infineon Technologies,pmic50000499,Power Management IC,Power Management IC,PMIC50000499 Power Management IC from Infineon Technologies. Sourced via professional procurement support; specs below.,,,"{""output_current_a"": ""3"", ""package"": ""SOT-23"", ""voltage_in_min_v"": ""4.5"", ""voltage_in_max_v"": ""28""}",active,,https://example.com/datasheet/PMIC50000499.pdf,,
