mpn,clean_mpn,manufacturer,brand,url_slug,category,subcategory,description,applications,keywords,attributes_json,availability,alternative_parts,datasheet_url,faq,image
MCU100000000,MCU100000000,STMicroelectronics,STMicroelectronics,mcu100000000,Microcontroller,Microcontroller,MCU100000000 Microcontroller from STMicroelectronics. Sourced via professional procurement support; specs below.,,,"{""flash_bytes"": ""131072"", ""voltage_v"": ""3.3"", ""frequency_hz"": ""72000000""}",active,,https://example.com/datasheet/MCU100000000.pdf,,
MOS100000001,MOS100000001,Vishay Intertechnology,Vishay Intertechnology,mos100000001,MOSFET,MOSFET,MOS100000001 MOSFET from Vishay Intertechnology. Sourced via professional procurement support; specs below.,,,"{""vds_v"": ""55"", ""id_a"": ""30A""}",active,,https://example.com/datasheet/MOS100000001.pdf,,
RES100000002,RES100000002,Yageo,Yageo,res100000002,Resistor,Resistor,RES100000002 Resistor from Yageo. Sourced via professional procurement support; specs below.,,,"{""resistance_ohm"": ""10000"", ""temperature_coeff"": ""X7R"", ""MTBF Hours"": ""100000""}",active,,https://example.com/datasheet/RES100000002.pdf,,
CAP100000003,CAP100000003,TDK Corporation,TDK Corporation,cap100000003,Capacitor,Capacitor,CAP100000003 Capacitor from TDK Corporation. Sourced via professional procurement support; specs below.,,,"{""voltage_rating_v"": ""50"", ""package"": ""0603"", ""capacitance_pf"": ""100000"", ""tolerance"": ""±10%"", ""Ripple Current"": ""100mA""}",active,,https://example.com/datasheet/CAP100000003.pdf,,
IND100000004,IND100000004,Bourns,Bourns,ind100000004,Inductor,Inductor,IND100000004 Inductor from Bourns. Sourced via professional procurement support; specs below.,,,"{""current_rating_a"": ""1.5"", ""inductance_uh"": ""4.7""}",active,,https://example.com/datasheet/IND100000004.pdf,,
SEN100000005,SEN100000005,STMicroelectronics,STMicroelectronics,sen100000005,Sensors,Sensors,SEN100000005 Sensors from STMicroelectronics. Sourced via professional procurement support; specs below.,,,"{""sensitivity_dbm"": ""260 LSB/g"", ""accuracy"": ""±0.5"", ""range"": ""0-40"", ""resolution_bits"": ""12"", ""interface"": ""I2C""}",active,,https://example.com/datasheet/SEN100000005.pdf,,
CON100000006,CON100000006,TE Connectivity,TE Connectivity,con100000006,Connectors,Connectors,CON100000006 Connectors from TE Connectivity. Sourced via professional procurement support; specs below.,,,"{""current_rating_a"": ""3"", ""pitch_mm"": ""2.54"", ""voltage_rating_v"": ""50"", ""positions"": ""40""}",active,,https://example.com/datasheet/CON100000006.pdf,,
MOD100000007,MOD100000007,u-blox,u-blox,mod100000007,Modules,Modules,MOD100000007 Modules from u-blox. Sourced via professional procurement support; specs below.,,,"{""data_rate_bps"": ""2000000"", ""sensitivity_dbm"": ""-95"", ""interface"": ""UART"", ""Antenna Type"": ""PCB""}",active,,https://example.com/datasheet/MOD100000007.pdf,,
OPA100000008,OPA100000008,Analog Devices,Analog Devices,opa100000008,Analog IC,Analog IC,OPA100000008 Analog IC from Analog Devices. Sourced via professional procurement support; specs below.,,,"{""gain_db"": ""100"", ""supply_current_ua"": ""200""}",active,,https://example.com/datasheet/OPA100000008.pdf,,
PMIC100000009,PMIC100000009,Richtek Technology,Richtek Technology,pmic100000009,Power Management IC,Power Management IC,PMIC100000009 Power Management IC from Richtek Technology. Sourced via professional procurement support; specs below.,,,"{""output_current_a"": ""3"", ""voltage_in_max_v"": ""28"", ""efficiency_percent"": ""92"", ""voltage_in_min_v"": ""4.5"", ""package"": ""SOT-23""}",active,,https://example.com/datasheet/PMIC100000009.pdf,,
DIO100000010,DIO100000010,Diodes Incorporated,Diodes Incorporated,dio100000010,Diode,Diode,DIO100000010 Diode from Diodes Incorporated. Sourced via professional procurement support; specs below.,,,"{""if_a"": ""1"", ""vf_v"": ""0.7"", ""vrrm_v"": ""100""}",active,,https://example.com/datasheet/DIO100000010.pdf,,
LED100000011,LED100000011,Kingbright,Kingbright,led100000011,LED Components,LED Components,LED100000011 LED Components from Kingbright. Sourced via professional procurement support; specs below.,,,"{""wavelength_nm"": ""650"", ""forward_current_ma"": ""20"", ""package"": ""0805"", ""forward_voltage_v"": ""2.1"", ""Luminous Intensity"": ""100mcd""}",active,,https://example.com/datasheet/LED100000011.pdf,,
MEM100000012,MEM100000012,ISSI,ISSI,mem100000012,Memory IC,Memory IC,MEM100000012 Memory IC from ISSI. Sourced via professional procurement support; specs below.,,,"{""organization"": ""x8"", ""memory_bytes"": ""16777216""}",active,,https://example.com/datasheet/MEM100000012.pdf,,
XTAL100000013,XTAL100000013,OscInc,OscInc,xtal100000013,Crystal Oscillator,Crystal Oscillator,XTAL100000013 Crystal Oscillator from OscInc. Sourced via professional procurement support; specs below.,,,"{""load_capacitance_pf"": ""18"", ""package"": ""SMD"", ""frequency_hz"": ""8000000""}",active,,https://example.com/datasheet/XTAL100000013.pdf,,
MCU100000014,MCU100000014,Nuvoton Technology,Nuvoton Technology,mcu100000014,Microcontroller,Microcontroller,MCU100000014 Microcontroller from Nuvoton Technology. Sourced via professional procurement support; specs below.,,,"{""frequency_hz"": ""72000000"", ""Operating Temp"": ""-40~85""}",active,,https://example.com/datasheet/MCU100000014.pdf,,
MOS100000015,MOS100000015,HexaFab,HexaFab,mos100000015,MOSFET,MOSFET,MOS100000015 MOSFET from HexaFab. Sourced via professional procurement support; specs below.,,,"{""rds_on_mohm"": ""8"", ""qg_nc"": ""45"", ""package"": ""SOT-23"", ""Gate Charge Type"": ""standard""}",active,,https://example.com/datasheet/MOS100000015.pdf,,
RES100000016,RES100000016,OhmWorks,OhmWorks,res100000016,Resistor,Resistor,RES100000016 Resistor from OhmWorks. Sourced via professional procurement support; specs below.,,,"{""resistance_ohm"": ""10000"", ""package"": ""0805"", ""tolerance"": ""±1%""}",active,,https://example.com/datasheet/RES100000016.pdf,,
CAP100000017,CAP100000017,Murata Manufacturing,Murata Manufacturing,cap100000017,Capacitor,Capacitor,CAP100000017 Capacitor from Murata Manufacturing. Sourced via professional procurement support; specs below.,,,"{""tolerance"": ""±10%"", ""capacitance_pf"": ""100000""}",active,,https://example.com/datasheet/CAP100000017.pdf,,
IND100000018,IND100000018,Murata Manufacturing,Murata Manufacturing,ind100000018,Inductor,Inductor,IND100000018 Inductor from Murata Manufacturing. Sourced via professional procurement support; specs below.,,,"{""inductance_uh"": ""4.7"", ""current_rating_a"": ""1.5"", ""package"": ""0805"", ""tolerance"": ""±20%""}",active,,https://example.com/datasheet/IND100000018.pdf,,
SEN100000019,SEN100000019,NXP Semiconductors,NXP Semiconductors,sen100000019,Sensors,Sensors,SEN100000019 Sensors from NXP Semiconductors. Sourced via professional procurement support; specs below.,,,"{""sensitivity_dbm"": ""260 LSB/g"", ""range"": ""0-40"", ""accuracy"": ""±0.5"", ""interface"": ""I2C"", ""resolution_bits"": ""12""}",active,,https://example.com/datasheet/SEN100000019.pdf,,
CON100000020,CON100000020,JST,JST,con100000020,Connectors,Connectors,CON100000020 Connectors from JST. Sourced via professional procurement support; specs below.,,,"{""current_rating_a"": ""3"", ""voltage_rating_v"": ""50"", ""mounting"": ""SMD""}",active,,https://example.com/datasheet/CON100000020.pdf,,
MOD100000021,MOD100000021,u-blox,u-blox,mod100000021,Modules,Modules,MOD100000021 Modules from u-blox. Sourced via professional procurement support; specs below.,,,"{""data_rate_bps"": ""2Mbps"", ""modulation"": ""GFSK"", ""output_power_dbm"": ""20""}",active,,https://example.com/datasheet/MOD100000021.pdf,,
OPA100000022,OPA100000022,Maxim Integrated,Maxim Integrated,opa100000022,Analog IC,Analog IC,OPA100000022 Analog IC from Maxim Integrated. Sourced via professional procurement support; specs below.,,,"{""gain_db"": ""100"", ""package"": ""SOIC-8"", ""Input Noise"": ""10nV""}",active,,https://example.com/datasheet/OPA100000022.pdf,,
PMIC100000023,PMIC100000023,Texas Instruments,Texas Instruments,pmic100000023,Power Management IC,Power Management IC,PMIC100000023 Power Management IC from Texas Instruments. Sourced via professional procurement support; specs below.,,,"{""output_current_a"": ""3"", ""voltage_in_min_v"": ""4.5"", ""package"": ""SOT-23"", ""efficiency_percent"": ""92"", ""voltage_in_max_v"": ""28""}",active,,https://example.com/datasheet/PMIC100000023.pdf,,
DIO100000024,DIO100000024,Diodes Incorporated,Diodes Incorporated,dio100000024,Diode,Diode,DIO100000024 Diode from Diodes Incorporated. Sourced via professional procurement support; specs below.,,,"{""vf_v"": ""0.7"", ""if_a"": ""1"", ""vrrm_v"": ""100""}",active,,https://example.com/datasheet/DIO100000024.pdf,,
LED100000025,LED100000025,Kingbright,Kingbright,led100000025,LED Components,LED Components,LED100000025 LED Components from Kingbright. Sourced via professional procurement support; specs below.,,,"{""wavelength_nm"": ""650"", ""package"": ""0805"", ""forward_current_ma"": ""20""}",active,,https://example.com/datasheet/LED100000025.pdf,,
MEM100000026,MEM100000026,ISSI,ISSI,mem100000026,Memory IC,Memory IC,MEM100000026 Memory IC from ISSI. Sourced via professional procurement support; specs below.,,,"{""speed_hz"": ""104000000"", ""memory_bytes"": ""16777216""}",active,,https://example.com/datasheet/MEM100000026.pdf,,
XTAL100000027,XTAL100000027,AbraconX,AbraconX,xtal100000027,Crystal Oscillator,Crystal Oscillator,XTAL100000027 Crystal Oscillator from AbraconX. Sourced via professional procurement support; specs below.,,,"{""package"": ""SMD"", ""frequency_hz"": ""8000000""}",active,,https://example.com/datasheet/XTAL100000027.pdf,,
MCU100000028,MCU100000028,Microchip Technology,Microchip Technology,mcu100000028,Microcontroller,Microcontroller,MCU100000028 Microcontroller from Microchip Technology. Sourced via professional procurement support; specs below.,,,"{""voltage_v"": ""3.3""}",active,,https://example.com/datasheet/MCU100000028.pdf,,
MOS100000029,MOS100000029,Infineon Technologies,Infineon Technologies,mos100000029,MOSFET,MOSFET,MOS100000029 MOSFET from Infineon Technologies. Sourced via professional procurement support; specs below.,,,"{""id_a"": ""30""}",active,,https://example.com/datasheet/MOS100000029.pdf,,
RES100000030,RES100000030,Vishay Intertechnology,Vishay Intertechnology,res100000030,Resistor,Resistor,RES100000030 Resistor from Vishay Intertechnology. Sourced via professional procurement support; specs below.,,,"{""resistance_ohm"": ""10000"", ""package"": ""0805""}",active,,https://example.com/datasheet/RES100000030.pdf,,
CAP100000031,CAP100000031,TDK Corporation,TDK Corporation,cap100000031,Capacitor,Capacitor,CAP100000031 Capacitor from TDK Corporation. Sourced via professional procurement support; specs below.,,,"{""package"": ""0603"", ""voltage_rating_v"": ""50"", ""temperature_coeff"": ""X7R""}",active,,https://example.com/datasheet/CAP100000031.pdf,,
IND100000032,IND100000032,Bourns,Bourns,ind100000032,Inductor,Inductor,IND100000032 Inductor from Bourns. Sourced via professional procurement support; specs below.,,,"{""package"": ""0805"", ""inductance_uh"": ""4.7"", ""tolerance"": ""±20%"", ""current_rating_a"": ""1.5""}",active,,https://example.com/datasheet/IND100000032.pdf,,
SEN100000033,SEN100000033,NXP Semiconductors,NXP Semiconductors,sen100000033,Sensors,Sensors,SEN100000033 Sensors from NXP Semiconductors. Sourced via professional procurement support; specs below.,,,"{""range"": ""0-40"", ""resolution_bits"": ""12"", ""Response Time"": ""5ms""}",active,,https://example.com/datasheet/SEN100000033.pdf,,
CON100000034,CON100000034,LinkFab,LinkFab,con100000034,Connectors,Connectors,CON100000034 Connectors from LinkFab. Sourced via professional procurement support; specs below.,,,"{""mounting"": ""SMD"", ""pitch_mm"": ""2.54""}",active,,https://example.com/datasheet/CON100000034.pdf,,
MOD100000035,MOD100000035,SIMCom,SIMCom,mod100000035,Modules,Modules,MOD100000035 Modules from SIMCom. Sourced via professional procurement support; specs below.,,,"{""data_rate_bps"": ""2000000""}",active,,https://example.com/datasheet/MOD100000035.pdf,,
OPA100000036,OPA100000036,Texas Instruments,Texas Instruments,opa100000036,Analog IC,Analog IC,OPA100000036 Analog IC from Texas Instruments. Sourced via professional procurement support; specs below.,,,"{""supply_current_ua"": ""200"", ""bandwidth_hz"": ""1000000"", ""gain_db"": ""100"", ""package"": ""SOIC-8""}",active,,https://example.com/datasheet/OPA100000036.pdf,,
PMIC100000037,PMIC100000037,Infineon Technologies,Infineon Technologies,pmic100000037,Power Management IC,Power Management IC,PMIC100000037 Power Management IC from Infineon Technologies. Sourced via professional procurement support; specs below.,,,"{""output_current_a"": ""3"", ""voltage_in_min_v"": ""4.5"", ""package"": ""SOT-23"", ""voltage_out_v"": ""5""}",active,,https://example.com/datasheet/PMIC100000037.pdf,,
DIO100000038,DIO100000038,Vishay Intertechnology,Vishay Intertechnology,dio100000038,Diode,Diode,DIO100000038 Diode from Vishay Intertechnology. Sourced via professional procurement support; specs below.,,,"{""if_a"": ""1"", ""vrrm_v"": ""100""}",active,,https://example.com/datasheet/DIO100000038.pdf,,
LED100000039,LED100000039,Everlight Electronics,Everlight Electronics,led100000039,LED Components,LED Components,LED100000039 LED Components from Everlight Electronics. Sourced via professional procurement support; specs below.,,,"{""forward_current_ma"": ""20"", ""package"": ""0805"", ""wavelength_nm"": ""650""}",active,,https://example.com/datasheet/LED100000039.pdf,,
MEM100000040,MEM100000040,Winbond Electronics,Winbond Electronics,mem100000040,Memory IC,Memory IC,MEM100000040 Memory IC from Winbond Electronics. Sourced via professional procurement support; specs below.,,,"{""interface"": ""SPI"", ""memory_bytes"": ""16777216""}",active,,https://example.com/datasheet/MEM100000040.pdf,,
XTAL100000041,XTAL100000041,Wurth Elektronik,Wurth Elektronik,xtal100000041,Crystal Oscillator,Crystal Oscillator,XTAL100000041 Crystal Oscillator from Wurth Elektronik. Sourced via professional procurement support; specs below.,,,"{""package"": ""SMD"", ""frequency_hz"": ""8000000""}",active,,https://example.com/datasheet/XTAL100000041.pdf,,
MCU100000042,MCU100000042,STMicroelectronics,STMicroelectronics,mcu100000042,Microcontroller,Microcontroller,MCU100000042 Microcontroller from STMicroelectronics. Sourced via professional procurement support; specs below.,,,"{""frequency_hz"": ""72000000"", ""core"": ""ARM Cortex-M4""}",active,,https://example.com/datasheet/MCU100000042.pdf,,
MOS100000043,MOS100000043,Infineon Technologies,Infineon Technologies,mos100000043,MOSFET,MOSFET,MOS100000043 MOSFET from Infineon Technologies. Sourced via professional procurement support; specs below.,,,"{""vds_v"": ""55V"", ""id_a"": ""30"", ""rds_on_mohm"": ""8"", ""package"": ""SOT-23""}",active,,https://example.com/datasheet/MOS100000043.pdf,,
RES100000044,RES100000044,Bourns,Bourns,res100000044,Resistor,Resistor,RES100000044 Resistor from Bourns. Sourced via professional procurement support; specs below.,,,"{""resistance_ohm"": ""10kΩ"", ""tolerance"": ""±1%"", ""power_rating_w"": ""0.25"", ""package"": ""0805""}",active,,https://example.com/datasheet/RES100000044.pdf,,
CAP100000045,CAP100000045,KEMET Electronics,KEMET Electronics,cap100000045,Capacitor,Capacitor,CAP100000045 Capacitor from KEMET Electronics. Sourced via professional procurement support; specs below.,,,"{""capacitance_pf"": ""100nF"", ""tolerance"": ""±10%"", ""voltage_rating_v"": ""50""}",active,,https://example.com/datasheet/CAP100000045.pdf,,
IND100000046,IND100000046,Wurth Elektronik,Wurth Elektronik,ind100000046,Inductor,Inductor,IND100000046 Inductor from Wurth Elektronik. Sourced via professional procurement support; specs below.,,,"{""current_rating_a"": ""1.5"", ""tolerance"": ""±20%""}",active,,https://example.com/datasheet/IND100000046.pdf,,
SEN100000047,SEN100000047,BoschDummy,BoschDummy,sen100000047,Sensors,Sensors,SEN100000047 Sensors from BoschDummy. Sourced via professional procurement support; specs below.,,,"{""interface"": ""I2C"", ""range"": ""0-40""}",active,,https://example.com/datasheet/SEN100000047.pdf,,
CON100000048,CON100000048,JST,JST,con100000048,Connectors,Connectors,CON100000048 Connectors from JST. Sourced via professional procurement support; specs below.,,,"{""positions"": ""40"", ""voltage_rating_v"": ""50""}",active,,https://example.com/datasheet/CON100000048.pdf,,
MOD100000049,MOD100000049,u-blox,u-blox,mod100000049,Modules,Modules,MOD100000049 Modules from u-blox. Sourced via professional procurement support; specs below.,,,"{""data_rate_bps"": ""2000000"", ""output_power_dbm"": ""20"", ""Antenna Type"": ""PCB""}",active,,https://example.com/datasheet/MOD100000049.pdf,,
OPA100000050,OPA100000050,Maxim Integrated,Maxim Integrated,opa100000050,Analog IC,Analog IC,OPA100000050 Analog IC from Maxim Integrated. Sourced via professional procurement support; specs below.,,,"{""gain_db"": ""100"", ""supply_current_ua"": ""200"", ""package"": ""SOIC-8""}",active,,https://example.com/datasheet/OPA100000050.pdf,,
PMIC100000051,PMIC100000051,Texas Instruments,Texas Instruments,pmic100000051,Power Management IC,Power Management IC,PMIC100000051 Power Management IC from Texas Instruments. Sourced via professional procurement support; specs below.,,,"{""efficiency_percent"": ""92"", ""voltage_in_max_v"": ""28"", ""output_current_a"": ""3""}",active,,https://example.com/datasheet/PMIC100000051.pdf,,
DIO100000052,DIO100000052,Vishay Intertechnology,Vishay Intertechnology,dio100000052,Diode,Diode,DIO100000052 Diode from Vishay Intertechnology. Sourced via professional procurement support; specs below.,,,"{""vrrm_v"": ""100"", ""if_a"": ""1""}",active,,https://example.com/datasheet/DIO100000052.pdf,,
LED100000053,LED100000053,OSRAM,OSRAM,led100000053,LED Components,LED Components,LED100000053 LED Components from OSRAM. Sourced via professional procurement support; specs below.,,,"{""wavelength_nm"": ""650"", ""forward_voltage_v"": ""2.1"", ""package"": ""0805"", ""forward_current_ma"": ""20""}",active,,https://example.com/datasheet/LED100000053.pdf,,
MEM100000054,MEM100000054,ISSI,ISSI,mem100000054,Memory IC,Memory IC,MEM100000054 Memory IC from ISSI. Sourced via professional procurement support; specs below.,,,"{""organization"": ""x8"", ""speed_hz"": ""104000000""}",active,,https://example.com/datasheet/MEM100000054.pdf,,
XTAL100000055,XTAL100000055,AbraconX,AbraconX,xtal100000055,Crystal Oscillator,Crystal Oscillator,XTAL100000055 Crystal Oscillator from AbraconX. Sourced via professional procurement support; specs below.,,,"{""package"": ""SMD"", ""frequency_hz"": ""8000000"", ""load_capacitance_pf"": ""18""}",active,,https://example.com/datasheet/XTAL100000055.pdf,,
MCU100000056,MCU100000056,Microchip Technology,Microchip Technology,mcu100000056,Microcontroller,Microcontroller,MCU100000056 Microcontroller from Microchip Technology. Sourced via professional procurement support; specs below.,,,"{""ram_bytes"": ""20480"", ""core"": ""ARM Cortex-M4""}",active,,https://example.com/datasheet/MCU100000056.pdf,,
MOS100000057,MOS100000057,,,mos100000057,MOSFET,MOSFET,MOS100000057 MOSFET from unspecified. Sourced via professional procurement support; specs below.,,,"{""qg_nc"": ""45"", ""vds_v"": ""55"", ""package"": ""SOT-23"", ""rds_on_mohm"": ""8""}",active,,https://example.com/datasheet/MOS100000057.pdf,,
RES100000058,RES100000058,Yageo,Yageo,res100000058,Resistor,Resistor,RES100000058 Resistor from Yageo. Sourced via professional procurement support; specs below.,,,"{""tolerance"": ""±1%"", ""power_rating_w"": ""0.25"", ""resistance_ohm"": ""10000"", ""temperature_coeff"": ""X7R"", ""Lifecycle Status"": ""Active""}",active,,https://example.com/datasheet/RES100000058.pdf,,
CAP100000059,CAP100000059,DeltaCap,DeltaCap,cap100000059,Capacitor,Capacitor,CAP100000059 Capacitor from DeltaCap. Sourced via professional procurement support; specs below.,,,"{""voltage_rating_v"": ""50"", ""temperature_coeff"": ""X7R""}",active,,https://example.com/datasheet/CAP100000059.pdf,,
IND100000060,IND100000060,Bourns,Bourns,ind100000060,Inductor,Inductor,IND100000060 Inductor from Bourns. Sourced via professional procurement support; specs below.,,,"{""tolerance"": ""±20%"", ""inductance_uh"": ""4.7""}",active,,https://example.com/datasheet/IND100000060.pdf,,
SEN100000061,SEN100000061,STMicroelectronics,STMicroelectronics,sen100000061,Sensors,Sensors,SEN100000061 Sensors from STMicroelectronics. Sourced via professional procurement support; specs below.,,,"{""resolution_bits"": ""12"", ""range"": ""0-40"", ""sensitivity_dbm"": ""260 LSB/g""}",active,,https://example.com/datasheet/SEN100000061.pdf,,
CON100000062,CON100000062,LinkFab,LinkFab,con100000062,Connectors,Connectors,CON100000062 Connectors from LinkFab. Sourced via professional procurement support; specs below.,,,"{""mounting"": ""SMD"", ""pitch_mm"": ""2.54"", ""current_rating_a"": ""3"", ""voltage_rating_v"": ""50""}",active,,https://example.com/datasheet/CON100000062.pdf,,
MOD100000063,MOD100000063,Quectel,Quectel,mod100000063,Modules,Modules,MOD100000063 Modules from Quectel. Sourced via professional procurement support; specs below.,,,"{""data_rate_bps"": ""2000000"", ""interface"": ""UART"", ""sensitivity_dbm"": ""-95""}",active,,https://example.com/datasheet/MOD100000063.pdf,,
OPA100000064,OPA100000064,Analog Devices,Analog Devices,opa100000064,Analog IC,Analog IC,OPA100000064 Analog IC from Analog Devices. Sourced via professional procurement support; specs below.,,,"{""package"": ""SOIC-8"", ""bandwidth_hz"": ""1000000""}",active,,https://example.com/datasheet/OPA100000064.pdf,,
PMIC100000065,PMIC100000065,PowerLite,PowerLite,pmic100000065,Power Management IC,Power Management IC,PMIC100000065 Power Management IC from PowerLite. Sourced via professional procurement support; specs below.,,,"{""voltage_in_max_v"": ""28"", ""efficiency_percent"": ""92""}",active,,https://example.com/datasheet/PMIC100000065.pdf,,
DIO100000066,DIO100000066,ON Semiconductor,ON Semiconductor,dio100000066,Diode,Diode,DIO100000066 Diode from ON Semiconductor. Sourced via professional procurement support; specs below.,,,"{""if_a"": ""1"", ""vf_v"": ""0.7"", ""Reverse Recovery"": ""50ns""}",active,,https://example.com/datasheet/DIO100000066.pdf,,
LED100000067,LED100000067,OSRAM,OSRAM,led100000067,LED Components,LED Components,LED100000067 LED Components from OSRAM. Sourced via professional procurement support; specs below.,,,"{""forward_current_ma"": ""20"", ""wavelength_nm"": ""650"", ""package"": ""0805"", ""forward_voltage_v"": ""2.1"", ""Luminous Intensity"": ""100mcd""}",active,,https://example.com/datasheet/LED100000067.pdf,,
MEM100000068,MEM100000068,SK Hynix,SK Hynix,mem100000068,Memory IC,Memory IC,MEM100000068 Memory IC from SK Hynix. Sourced via professional procurement support; specs below.,,,"{""speed_hz"": ""104000000"", ""interface"": ""SPI"", ""memory_bytes"": ""16777216"", ""organization"": ""x8""}",active,,https://example.com/datasheet/MEM100000068.pdf,,
XTAL100000069,XTAL100000069,TDK Corporation,TDK Corporation,xtal100000069,Crystal Oscillator,Crystal Oscillator,XTAL100000069 Crystal Oscillator from TDK Corporation. Sourced via professional procurement support; specs below.,,,"{""package"": ""SMD"", ""load_capacitance_pf"": ""18""}",active,,https://example.com/datasheet/XTAL100000069.pdf,,
MCU100000070,MCU100000070,Microchip Technology,Microchip Technology,mcu100000070,Microcontroller,Microcontroller,MCU100000070 Microcontroller from Microchip Technology. Sourced via professional procurement support; specs below.,,,"{""ram_bytes"": ""20KB"", ""frequency_hz"": ""72000000"", ""io_count"": ""48""}",active,,https://example.com/datasheet/MCU100000070.pdf,,
MOS100000071,MOS100000071,Alpha & Omega Semiconductor,Alpha & Omega Semiconductor,mos100000071,MOSFET,MOSFET,MOS100000071 MOSFET from Alpha & Omega Semiconductor. Sourced via professional procurement support; specs below.,,,"{""package"": ""SOT-23"", ""qg_nc"": ""45""}",active,,https://example.com/datasheet/MOS100000071.pdf,,
RES100000072,RES100000072,Bourns,Bourns,res100000072,Resistor,Resistor,RES100000072 Resistor from Bourns. Sourced via professional procurement support; specs below.,,,"{""temperature_coeff"": ""X7R"", ""package"": ""0805""}",active,,https://example.com/datasheet/RES100000072.pdf,,
CAP100000073,CAP100000073,TDK Corporation,TDK Corporation,cap100000073,Capacitor,Capacitor,CAP100000073 Capacitor from TDK Corporation. Sourced via professional procurement support; specs below.,,,"{""temperature_coeff"": ""X7R"", ""capacitance_pf"": ""100000"", ""tolerance"": ""±10%"", ""voltage_rating_v"": ""50""}",active,,https://example.com/datasheet/CAP100000073.pdf,,
IND100000074,IND100000074,TDK Corporation,TDK Corporation,ind100000074,Inductor,Inductor,IND100000074 Inductor from TDK Corporation. Sourced via professional procurement support; specs below.,,,"{""current_rating_a"": ""1.5"", ""package"": ""0805"", ""inductance_uh"": ""4.7"", ""tolerance"": ""±20%""}",active,,https://example.com/datasheet/IND100000074.pdf,,
SEN100000075,SEN100000075,NXP Semiconductors,NXP Semiconductors,sen100000075,Sensors,Sensors,SEN100000075 Sensors from NXP Semiconductors. Sourced via professional procurement support; specs below.,,,"{""sensitivity_dbm"": ""260 LSB/g"", ""range"": ""0-40"", ""accuracy"": ""±0.5"", ""resolution_bits"": ""12"", ""interface"": ""I2C""}",active,,https://example.com/datasheet/SEN100000075.pdf,,
CON100000076,CON100000076,Hirose Electric,Hirose Electric,con100000076,Connectors,Connectors,CON100000076 Connectors from Hirose Electric. Sourced via professional procurement support; specs below.,,,"{""positions"": ""40"", ""current_rating_a"": ""3"", ""voltage_rating_v"": ""50"", ""mounting"": ""SMD"", ""Contact Plating"": ""Gold""}",active,,https://example.com/datasheet/CON100000076.pdf,,
MOD100000077,MOD100000077,Semtech,Semtech,mod100000077,Modules,Modules,MOD100000077 Modules from Semtech. Sourced via professional procurement support; specs below.,,,"{""sensitivity_dbm"": ""-95"", ""modulation"": ""GFSK"", ""data_rate_bps"": ""2Mbps""}",active,,https://example.com/datasheet/MOD100000077.pdf,,
OPA100000078,OPA100000078,Analog Devices,Analog Devices,opa100000078,Analog IC,Analog IC,OPA100000078 Analog IC from Analog Devices. Sourced via professional procurement support; specs below.,,,"{""supply_current_ua"": ""200"", ""bandwidth_hz"": ""1000000"", ""package"": ""SOIC-8"", ""Input Noise"": ""10nV""}",active,,https://example.com/datasheet/OPA100000078.pdf,,
PMIC100000079,PMIC100000079,Infineon Technologies,Infineon Technologies,pmic100000079,Power Management IC,Power Management IC,PMIC100000079 Power Management IC from Infineon Technologies. Sourced via professional procurement support; specs below.,,,"{""efficiency_percent"": ""92"", ""voltage_in_max_v"": ""28""}",active,,https://example.com/datasheet/PMIC100000079.pdf,,
DIO100000080,DIO100000080,Littelfuse,Littelfuse,dio100000080,Diode,Diode,DIO100000080 Diode from Littelfuse. Sourced via professional procurement support; specs below.,,,"{""if_a"": ""1"", ""vrrm_v"": ""100"", ""vf_v"": ""0.7""}",active,,https://example.com/datasheet/DIO100000080.pdf,,
LED100000081,LED100000081,PhotonInc,PhotonInc,led100000081,LED Components,LED Components,LED100000081 LED Components from PhotonInc. Sourced via professional procurement support; specs below.,,,"{""forward_voltage_v"": ""2.1"", ""forward_current_ma"": ""20"", ""package"": ""0805""}",active,,https://example.com/datasheet/LED100000081.pdf,,
MEM100000082,MEM100000082,Macronix International,Macronix International,mem100000082,Memory IC,Memory IC,MEM100000082 Memory IC from Macronix International. Sourced via professional procurement support; specs below.,,,"{""interface"": ""SPI"", ""memory_bytes"": ""16777216"", ""speed_hz"": ""104000000""}",active,,https://example.com/datasheet/MEM100000082.pdf,,
XTAL100000083,XTAL100000083,Murata Manufacturing,Murata Manufacturing,xtal100000083,Crystal Oscillator,Crystal Oscillator,XTAL100000083 Crystal Oscillator from Murata Manufacturing. Sourced via professional procurement support; specs below.,,,"{""load_capacitance_pf"": ""18"", ""package"": ""SMD"", ""frequency_hz"": ""8000000""}",active,,https://example.com/datasheet/XTAL100000083.pdf,,
MCU100000084,MCU100000084,QubitCore,QubitCore,mcu100000084,Microcontroller,Microcontroller,MCU100000084 Microcontroller from QubitCore. Sourced via professional procurement support; specs below.,,,"{""package"": ""LQFP-48"", ""frequency_hz"": ""72000000""}",active,,https://example.com/datasheet/MCU100000084.pdf,,
MOS100000085,MOS100000085,Alpha & Omega Semiconductor,Alpha & Omega Semiconductor,mos100000085,MOSFET,MOSFET,MOS100000085 MOSFET from Alpha & Omega Semiconductor. Sourced via professional procurement support; specs below.,,,"{""id_a"": ""30A"", ""vds_v"": ""55"", ""rds_on_mohm"": ""8""}",active,,https://example.com/datasheet/MOS100000085.pdf,,
RES100000086,RES100000086,Vishay Intertechnology,Vishay Intertechnology,res100000086,Resistor,Resistor,RES100000086 Resistor from Vishay Intertechnology. Sourced via professional procurement support; specs below.,,,"{""resistance_ohm"": ""10000"", ""power_rating_w"": ""0.25"", ""tolerance"": ""±1%"", ""package"": ""0805""}",active,,https://example.com/datasheet/RES100000086.pdf,,
CAP100000087,CAP100000087,Holy Stone,Holy Stone,cap100000087,Capacitor,Capacitor,CAP100000087 Capacitor from Holy Stone. Sourced via professional procurement support; specs below.,,,"{""capacitance_pf"": ""100000"", ""voltage_rating_v"": ""50"", ""tolerance"": ""±10%""}",active,,https://example.com/datasheet/CAP100000087.pdf,,
IND100000088,IND100000088,Wurth Elektronik,Wurth Elektronik,ind100000088,Inductor,Inductor,IND100000088 Inductor from Wurth Elektronik. Sourced via professional procurement support; specs below.,,,"{""inductance_uh"": ""4.7"", ""current_rating_a"": ""1.5""}",active,,https://example.com/datasheet/IND100000088.pdf,,
SEN100000089,SEN100000089,BoschDummy,BoschDummy,sen100000089,Sensors,Sensors,SEN100000089 Sensors from BoschDummy. Sourced via professional procurement support; specs below.,,,"{""range"": ""0-40"", ""interface"": ""I2C"", ""accuracy"": ""±0.5"", ""sensitivity_dbm"": ""260 LSB/g"", ""resolution_bits"": ""12"", ""Output Type"": ""Analog""}",active,,https://example.com/datasheet/SEN100000089.pdf,,
CON100000090,CON100000090,Molex,Molex,con100000090,Connectors,Connectors,CON100000090 Connectors from Molex. Sourced via professional procurement support; specs below.,,,"{""pitch_mm"": ""2.54"", ""voltage_rating_v"": ""50"", ""positions"": ""40"", ""mounting"": ""SMD"", ""current_rating_a"": ""3""}",active,,https://example.com/datasheet/CON100000090.pdf,,
MOD100000091,MOD100000091,Espressif Systems,Espressif Systems,mod100000091,Modules,Modules,MOD100000091 Modules from Espressif Systems. Sourced via professional procurement support; specs below.,,,"{""output_power_dbm"": ""20"", ""data_rate_bps"": ""2000000"", ""interface"": ""UART"", ""modulation"": ""GFSK""}",active,,https://example.com/datasheet/MOD100000091.pdf,,
OPA100000092,OPA100000092,Maxim Integrated,Maxim Integrated,opa100000092,Analog IC,Analog IC,OPA100000092 Analog IC from Maxim Integrated. Sourced via professional procurement support; specs below.,,,"{""supply_current_ua"": ""200"", ""gain_db"": ""100"", ""package"": ""SOIC-8"", ""bandwidth_hz"": ""1000000""}",active,,https://example.com/datasheet/OPA100000092.pdf,,
PMIC100000093,PMIC100000093,Infineon Technologies,Infineon Technologies,pmic100000093,Power Management IC,Power Management IC,PMIC100000093 Power Management IC from Infineon Technologies. Sourced via professional procurement support; specs below.,,,"{""voltage_in_min_v"": ""4.5"", ""voltage_in_max_v"": ""28""}",active,,https://example.com/datasheet/PMIC100000093.pdf,,
DIO100000094,DIO100000094,Diodes Incorporated,Diodes Incorporated,dio100000094,Diode,Diode,DIO100000094 Diode from Diodes Incorporated. Sourced via professional procurement support; specs below.,,,"{""vf_v"": ""0.7"", ""if_a"": ""1"", ""vrrm_v"": ""100""}",active,,https://example.com/datasheet/DIO100000094.pdf,,
LED100000095,LED100000095,LedWorks,LedWorks,led100000095,LED Components,LED Components,LED100000095 LED Components from LedWorks. Sourced via professional procurement support; specs below.,,,"{""package"": ""0805"", ""forward_current_ma"": ""20""}",active,,https://example.com/datasheet/LED100000095.pdf,,
MEM100000096,MEM100000096,Micron Technology,Micron Technology,mem100000096,Memory IC,Memory IC,MEM100000096 Memory IC from Micron Technology. Sourced via professional procurement support; specs below.,,,"{""memory_bytes"": ""16777216"", ""speed_hz"": ""104000000"", ""organization"": ""x8"", ""interface"": ""SPI""}",active,,https://example.com/datasheet/MEM100000096.pdf,,
XTAL100000097,XTAL100000097,Murata Manufacturing,Murata Manufacturing,xtal100000097,Crystal Oscillator,Crystal Oscillator,XTAL100000097 Crystal Oscillator from Murata Manufacturing. Sourced via professional procurement support; specs below.,,,"{""package"": ""SMD"", ""frequency_hz"": ""8000000"", ""load_capacitance_pf"": ""18""}",active,,https://example.com/datasheet/XTAL100000097.pdf,,
MCU100000098,MCU100000098,STMicroelectronics,STMicroelectronics,mcu100000098,Microcontroller,Microcontroller,MCU100000098 Microcontroller from STMicroelectronics. Sourced via professional procurement support; specs below.,,,"{""ram_bytes"": ""20480"", ""voltage_v"": ""3.3""}",active,,https://example.com/datasheet/MCU100000098.pdf,,
MOS100000099,MOS100000099,Vishay Intertechnology,Vishay Intertechnology,mos100000099,MOSFET,MOSFET,MOS100000099 MOSFET from Vishay Intertechnology. Sourced via professional procurement support; specs below.,,,"{""rds_on_mohm"": ""8"", ""vgs_th_v"": ""2.5"", ""Gate Charge Type"": ""standard""}",active,,https://example.com/datasheet/MOS100000099.pdf,,
RES100000100,RES100000100,Yageo,Yageo,res100000100,Resistor,Resistor,RES100000100 Resistor from Yageo. Sourced via professional procurement support; specs below.,,,"{""temperature_coeff"": ""X7R"", ""tolerance"": ""±1%"", ""power_rating_w"": ""0.25"", ""resistance_ohm"": ""10000""}",active,,https://example.com/datasheet/RES100000100.pdf,,
CAP100000101,CAP100000101,Murata Manufacturing,Murata Manufacturing,cap100000101,Capacitor,Capacitor,CAP100000101 Capacitor from Murata Manufacturing. Sourced via professional procurement support; specs below.,,,"{""package"": ""0603"", ""capacitance_pf"": ""100nF"", ""voltage_rating_v"": ""50""}",active,,https://example.com/datasheet/CAP100000101.pdf,,
IND100000102,IND100000102,Wurth Elektronik,Wurth Elektronik,ind100000102,Inductor,Inductor,IND100000102 Inductor from Wurth Elektronik. Sourced via professional procurement support; specs below.,,,"{""package"": ""0805"", ""current_rating_a"": ""1.5"", ""inductance_uh"": ""4.7"", ""tolerance"": ""±20%""}",active,,https://example.com/datasheet/IND100000102.pdf,,
SEN100000103,SEN100000103,TE Connectivity,TE Connectivity,sen100000103,Sensors,Sensors,SEN100000103 Sensors from TE Connectivity. Sourced via professional procurement support; specs below.,,,"{""accuracy"": ""±0.5"", ""resolution_bits"": ""12"", ""range"": ""0-40"", ""sensitivity_dbm"": ""260 LSB/g"", ""interface"": ""I2C""}",active,,https://example.com/datasheet/SEN100000103.pdf,,
CON100000104,CON100000104,TE Connectivity,TE Connectivity,con100000104,Connectors,Connectors,CON100000104 Connectors from TE Connectivity. Sourced via professional procurement support; specs below.,,,"{""mounting"": ""SMD"", ""positions"": ""40"", ""pitch_mm"": ""2.54""}",active,,https://example.com/datasheet/CON100000104.pdf,,
MOD100000105,MOD100000105,u-blox,u-blox,mod100000105,Modules,Modules,MOD100000105 Modules from u-blox. Sourced via professional procurement support; specs below.,,,"{""sensitivity_dbm"": ""-95"", ""interface"": ""UART"", ""data_rate_bps"": ""2000000"", ""modulation"": ""GFSK""}",active,,https://example.com/datasheet/MOD100000105.pdf,,
OPA100000106,OPA100000106,Analog Devices,Analog Devices,opa100000106,Analog IC,Analog IC,OPA100000106 Analog IC from Analog Devices. Sourced via professional procurement support; specs below.,,,"{""bandwidth_hz"": ""1000000"", ""gain_db"": ""100"", ""supply_current_ua"": ""200"", ""package"": ""SOIC-8""}",active,,https://example.com/datasheet/OPA100000106.pdf,,
PMIC100000107,PMIC100000107,Texas Instruments,Texas Instruments,pmic100000107,Power Management IC,Power Management IC,PMIC100000107 Power Management IC from Texas Instruments. Sourced via professional procurement support; specs below.,,,"{""package"": ""SOT-23"", ""efficiency_percent"": ""92"", ""voltage_in_min_v"": ""4.5"", ""voltage_in_max_v"": ""28""}",active,,https://example.com/datasheet/PMIC100000107.pdf,,
DIO100000108,DIO100000108,ON Semiconductor,ON Semiconductor,dio100000108,Diode,Diode,DIO100000108 Diode from ON Semiconductor. Sourced via professional procurement support; specs below.,,,"{""vf_v"": ""0.7"", ""if_a"": ""1""}",active,,https://example.com/datasheet/DIO100000108.pdf,,
LED100000109,LED100000109,Everlight Electronics,Everlight Electronics,led100000109,LED Components,LED Components,LED100000109 LED Components from Everlight Electronics. Sourced via professional procurement support; specs below.,,,"{""package"": ""0805"", ""forward_current_ma"": ""20"", ""wavelength_nm"": ""650"", ""Luminous Intensity"": ""100mcd""}",active,,https://example.com/datasheet/LED100000109.pdf,,
MEM100000110,MEM100000110,Winbond Electronics,Winbond Electronics,mem100000110,Memory IC,Memory IC,MEM100000110 Memory IC from Winbond Electronics. Sourced via professional procurement support; specs below.,,,"{""speed_hz"": ""104000000"", ""memory_bytes"": ""16777216"", ""organization"": ""x8"", ""interface"": ""SPI""}",active,,https://example.com/datasheet/MEM100000110.pdf,,
XTAL100000111,XTAL100000111,Murata Manufacturing,Murata Manufacturing,xtal100000111,Crystal Oscillator,Crystal Oscillator,XTAL100000111 Crystal Oscillator from Murata Manufacturing. Sourced via professional procurement support; specs below.,,,"{""load_capacitance_pf"": ""18"", ""frequency_hz"": ""8000000"", ""package"": ""SMD""}",active,,https://example.com/datasheet/XTAL100000111.pdf,,
MCU100000112,MCU100000112,QubitCore,QubitCore,mcu100000112,Microcontroller,Microcontroller,MCU100000112 Microcontroller from QubitCore. Sourced via professional procurement support; specs below.,,,"{""frequency_hz"": ""72000000"", ""voltage_v"": ""3.3"", ""flash_bytes"": ""131072"", ""Thermal Resistance"": ""45 C/W""}",active,,https://example.com/datasheet/MCU100000112.pdf,,
MOS100000113,MOS100000113,Vishay Intertechnology,Vishay Intertechnology,mos100000113,MOSFET,MOSFET,MOS100000113 MOSFET from Vishay Intertechnology. Sourced via professional procurement support; specs below.,,,"{""vds_v"": ""55V"", ""rds_on_mohm"": ""8"", ""id_a"": ""30"", ""vgs_th_v"": ""2.5""}",active,,https://example.com/datasheet/MOS100000113.pdf,,
RES100000114,RES100000114,KEMET Electronics,KEMET Electronics,res100000114,Resistor,Resistor,RES100000114 Resistor from KEMET Electronics. Sourced via professional procurement support; specs below.,,,"{""tolerance"": ""±1%"", ""resistance_ohm"": ""10kΩ""}",active,,https://example.com/datasheet/RES100000114.pdf,,
CAP100000115,CAP100000115,Holy Stone,Holy Stone,cap100000115,Capacitor,Capacitor,CAP100000115 Capacitor from Holy Stone. Sourced via professional procurement support; specs below.,,,"{""temperature_coeff"": ""X7R"", ""capacitance_pf"": ""100000""}",active,,https://example.com/datasheet/CAP100000115.pdf,,
IND100000116,IND100000116,Murata Manufacturing,Murata Manufacturing,ind100000116,Inductor,Inductor,IND100000116 Inductor from Murata Manufacturing. Sourced via professional procurement support; specs below.,,,"{""current_rating_a"": ""1.5"", ""package"": ""0805""}",active,,https://example.com/datasheet/IND100000116.pdf,,
SEN100000117,SEN100000117,BoschDummy,BoschDummy,sen100000117,Sensors,Sensors,SEN100000117 Sensors from BoschDummy. Sourced via professional procurement support; specs below.,,,"{""sensitivity_dbm"": ""260 LSB/g"", ""interface"": ""I2C"", ""accuracy"": ""±0.5""}",active,,https://example.com/datasheet/SEN100000117.pdf,,
CON100000118,CON100000118,Hirose Electric,Hirose Electric,con100000118,Connectors,Connectors,CON100000118 Connectors from Hirose Electric. Sourced via professional procurement support; specs below.,,,"{""pitch_mm"": ""2.54"", ""voltage_rating_v"": ""50""}",active,,https://example.com/datasheet/CON100000118.pdf,,
MOD100000119,MOD100000119,Espressif Systems,Espressif Systems,mod100000119,Modules,Modules,MOD100000119 Modules from Espressif Systems. Sourced via professional procurement support; specs below.,,,"{""output_power_dbm"": ""20"", ""modulation"": ""GFSK"", ""data_rate_bps"": ""2000000"", ""sensitivity_dbm"": ""-95""}",active,,https://example.com/datasheet/MOD100000119.pdf,,
OPA100000120,OPA100000120,Maxim Integrated,Maxim Integrated,opa100000120,Analog IC,Analog IC,OPA100000120 Analog IC from Maxim Integrated. Sourced via professional procurement support; specs below.,,,"{""package"": ""SOIC-8"", ""gain_db"": ""100""}",active,,https://example.com/datasheet/OPA100000120.pdf,,
PMIC100000121,PMIC100000121,Infineon Technologies,Infineon Technologies,pmic100000121,Power Management IC,Power Management IC,PMIC100000121 Power Management IC from Infineon Technologies. Sourced via professional procurement support; specs below.,,,"{""voltage_in_max_v"": ""28"", ""voltage_in_min_v"": ""4.5"", ""output_current_a"": ""3"", ""efficiency_percent"": ""92"", ""voltage_out_v"": ""5""}",active,,https://example.com/datasheet/PMIC100000121.pdf,,
DIO100000122,DIO100000122,Littelfuse,Littelfuse,dio100000122,Diode,Diode,DIO100000122 Diode from Littelfuse. Sourced via professional procurement support; specs below.,,,"{""vf_v"": ""0.7"", ""if_a"": ""1"", ""Reverse Recovery"": ""50ns""}",active,,https://example.com/datasheet/DIO100000122.pdf,,
LED100000123,LED100000123,OSRAM,OSRAM,led100000123,LED Components,LED Components,LED100000123 LED Components from OSRAM. Sourced via professional procurement support; specs below.,,,"{""forward_current_ma"": ""20"", ""package"": ""0805"", ""wavelength_nm"": ""650"", ""Luminous Intensity"": ""100mcd""}",active,,https://example.com/datasheet/LED100000123.pdf,,
MEM100000124,MEM100000124,ISSI,ISSI,mem100000124,Memory IC,Memory IC,MEM100000124 Memory IC from ISSI. Sourced via professional procurement support; specs below.,,,"{""speed_hz"": ""104000000"", ""organization"": ""x8"", ""interface"": ""SPI"", ""Access Time"": ""70ns""}",active,,https://example.com/datasheet/MEM100000124.pdf,,
XTAL100000125,XTAL100000125,Wurth Elektronik,Wurth Elektronik,xtal100000125,Crystal Oscillator,Crystal Oscillator,XTAL100000125 Crystal Oscillator from Wurth Elektronik. Sourced via professional procurement support; specs below.,,,"{""package"": ""SMD"", ""load_capacitance_pf"": ""18"", ""Frequency Tolerance"": ""±20ppm""}",active,,https://example.com/datasheet/XTAL100000125.pdf,,
MCU100000126,MCU100000126,Microchip Technology,Microchip Technology,mcu100000126,Microcontroller,Microcontroller,MCU100000126 Microcontroller from Microchip Technology. Sourced via professional procurement support; specs below.,,,"{""voltage_v"": ""3.3"", ""ram_bytes"": ""20KB"", ""flash_bytes"": ""131072""}",active,,https://example.com/datasheet/MCU100000126.pdf,,
MOS100000127,MOS100000127,Infineon Technologies,Infineon Technologies,mos100000127,MOSFET,MOSFET,MOS100000127 MOSFET from Infineon Technologies. Sourced via professional procurement support; specs below.,,,"{""rds_on_mohm"": ""8"", ""id_a"": ""30"", ""vds_v"": ""55""}",active,,https://example.com/datasheet/MOS100000127.pdf,,
RES100000128,RES100000128,Vishay Intertechnology,Vishay Intertechnology,res100000128,Resistor,Resistor,RES100000128 Resistor from Vishay Intertechnology. Sourced via professional procurement support; specs below.,,,"{""tolerance"": ""±1%"", ""resistance_ohm"": ""10000"", ""power_rating_w"": ""0.25""}",active,,https://example.com/datasheet/RES100000128.pdf,,
CAP100000129,CAP100000129,Walsin Technology,Walsin Technology,cap100000129,Capacitor,Capacitor,CAP100000129 Capacitor from Walsin Technology. Sourced via professional procurement support; specs below.,,,"{""capacitance_pf"": ""100000"", ""temperature_coeff"": ""X7R"", ""voltage_rating_v"": ""50"", ""tolerance"": ""±10%""}",active,,https://example.com/datasheet/CAP100000129.pdf,,
IND100000130,IND100000130,Murata Manufacturing,Murata Manufacturing,ind100000130,Inductor,Inductor,IND100000130 Inductor from Murata Manufacturing. Sourced via professional procurement support; specs below.,,,"{""tolerance"": ""±20%"", ""package"": ""0805"", ""current_rating_a"": ""1.5"", ""inductance_uh"": ""4.7""}",active,,https://example.com/datasheet/IND100000130.pdf,,
SEN100000131,SEN100000131,STMicroelectronics,STMicroelectronics,sen100000131,Sensors,Sensors,SEN100000131 Sensors from STMicroelectronics. Sourced via professional procurement support; specs below.,,,"{""resolution_bits"": ""12"", ""range"": ""0-40"", ""accuracy"": ""±0.5""}",active,,https://example.com/datasheet/SEN100000131.pdf,,
CON100000132,CON100000132,ConnX,ConnX,con100000132,Connectors,Connectors,CON100000132 Connectors from ConnX. Sourced via professional procurement support; specs below.,,,"{""voltage_rating_v"": ""50"", ""current_rating_a"": ""3"", ""pitch_mm"": ""2.54"", ""mounting"": ""SMD"", ""positions"": ""40""}",active,,https://example.com/datasheet/CON100000132.pdf,,
MOD100000133,MOD100000133,SIMCom,SIMCom,mod100000133,Modules,Modules,MOD100000133 Modules from SIMCom. Sourced via professional procurement support; specs below.,,,"{""interface"": ""UART"", ""data_rate_bps"": ""2Mbps""}",active,,https://example.com/datasheet/MOD100000133.pdf,,
OPA100000134,OPA100000134,Texas Instruments,Texas Instruments,opa100000134,Analog IC,Analog IC,OPA100000134 Analog IC from Texas Instruments. Sourced via professional procurement support; specs below.,,,"{""gain_db"": ""100"", ""package"": ""SOIC-8"", ""bandwidth_hz"": ""1000000"", ""supply_current_ua"": ""200""}",active,,https://example.com/datasheet/OPA100000134.pdf,,
PMIC100000135,PMIC100000135,Texas Instruments,Texas Instruments,pmic100000135,Power Management IC,Power Management IC,PMIC100000135 Power Management IC from Texas Instruments. Sourced via professional procurement support; specs below.,,,"{""package"": ""SOT-23"", ""efficiency_percent"": ""92"", ""voltage_in_min_v"": ""4.5""}",active,,https://example.com/datasheet/PMIC100000135.pdf,,
DIO100000136,DIO100000136,Vishay Intertechnology,Vishay Intertechnology,dio100000136,Diode,Diode,DIO100000136 Diode from Vishay Intertechnology. Sourced via professional procurement support; specs below.,,,"{""if_a"": ""1"", ""vrrm_v"": ""100""}",active,,https://example.com/datasheet/DIO100000136.pdf,,
LED100000137,LED100000137,,,led100000137,LED Components,LED Components,LED100000137 LED Components from unspecified. Sourced via professional procurement support; specs below.,,,"{""wavelength_nm"": ""650"", ""package"": ""0805""}",active,,https://example.com/datasheet/LED100000137.pdf,,
MEM100000138,MEM100000138,Winbond Electronics,Winbond Electronics,mem100000138,Memory IC,Memory IC,MEM100000138 Memory IC from Winbond Electronics. Sourced via professional procurement support; specs below.,,,"{""speed_hz"": ""104000000"", ""organization"": ""x8"", ""interface"": ""SPI""}",active,,https://example.com/datasheet/MEM100000138.pdf,,
XTAL100000139,XTAL100000139,AbraconX,AbraconX,xtal100000139,Crystal Oscillator,Crystal Oscillator,XTAL100000139 Crystal Oscillator from AbraconX. Sourced via professional procurement support; specs below.,,,"{""load_capacitance_pf"": ""18"", ""package"": ""SMD""}",active,,https://example.com/datasheet/XTAL100000139.pdf,,
MCU100000140,MCU100000140,AcmeSemi,AcmeSemi,mcu100000140,Microcontroller,Microcontroller,MCU100000140 Microcontroller from AcmeSemi. Sourced via professional procurement support; specs below.,,,"{""package"": ""LQFP-48"", ""core"": ""ARM Cortex-M4"", ""flash_bytes"": ""131072""}",active,,https://example.com/datasheet/MCU100000140.pdf,,
MOS100000141,MOS100000141,ON Semiconductor,ON Semiconductor,mos100000141,MOSFET,MOSFET,MOS100000141 MOSFET from ON Semiconductor. Sourced via professional procurement support; specs below.,,,"{""id_a"": ""30"", ""vds_v"": ""55"", ""package"": ""SOT-23""}",active,,https://example.com/datasheet/MOS100000141.pdf,,
RES100000142,RES100000142,Vishay Intertechnology,Vishay Intertechnology,res100000142,Resistor,Resistor,RES100000142 Resistor from Vishay Intertechnology. Sourced via professional procurement support; specs below.,,,"{""package"": ""0805"", ""temperature_coeff"": ""X7R"", ""resistance_ohm"": ""10000"", ""MTBF Hours"": ""100000""}",active,,https://example.com/datasheet/RES100000142.pdf,,
CAP100000143,CAP100000143,KEMET Electronics,KEMET Electronics,cap100000143,Capacitor,Capacitor,CAP100000143 Capacitor from KEMET Electronics. Sourced via professional procurement support; specs below.,,,"{""package"": ""0603"", ""tolerance"": ""±10%"", ""temperature_coeff"": ""X7R"", ""capacitance_pf"": ""100000""}",active,,https://example.com/datasheet/CAP100000143.pdf,,
IND100000144,IND100000144,TDK Corporation,TDK Corporation,ind100000144,Inductor,Inductor,IND100000144 Inductor from TDK Corporation. Sourced via professional procurement support; specs below.,,,"{""inductance_uh"": ""4.7"", ""current_rating_a"": ""1.5""}",active,,https://example.com/datasheet/IND100000144.pdf,,
SEN100000145,SEN100000145,NXP Semiconductors,NXP Semiconductors,sen100000145,Sensors,Sensors,SEN100000145 Sensors from NXP Semiconductors. Sourced via professional procurement support; specs below.,,,"{""resolution_bits"": ""12"", ""interface"": ""I2C"", ""sensitivity_dbm"": ""260 LSB/g"", ""accuracy"": ""±0.5"", ""range"": ""0-40""}",active,,https://example.com/datasheet/SEN100000145.pdf,,
CON100000146,CON100000146,Hirose Electric,Hirose Electric,con100000146,Connectors,Connectors,CON100000146 Connectors from Hirose Electric. Sourced via professional procurement support; specs below.,,,"{""mounting"": ""SMD"", ""positions"": ""40"", ""voltage_rating_v"": ""50""}",active,,https://example.com/datasheet/CON100000146.pdf,,
MOD100000147,MOD100000147,Espressif Systems,Espressif Systems,mod100000147,Modules,Modules,MOD100000147 Modules from Espressif Systems. Sourced via professional procurement support; specs below.,,,"{""interface"": ""UART"", ""data_rate_bps"": ""2000000""}",active,,https://example.com/datasheet/MOD100000147.pdf,,
OPA100000148,OPA100000148,Silicon Labs,Silicon Labs,opa100000148,Analog IC,Analog IC,OPA100000148 Analog IC from Silicon Labs. Sourced via professional procurement support; specs below.,,,"{""gain_db"": ""100"", ""package"": ""SOIC-8"", ""supply_current_ua"": ""200"", ""bandwidth_hz"": ""1000000""}",active,,https://example.com/datasheet/OPA100000148.pdf,,
PMIC100000149,PMIC100000149,Richtek Technology,Richtek Technology,pmic100000149,Power Management IC,Power Management IC,PMIC100000149 Power Management IC from Richtek Technology. Sourced via professional procurement support; specs below.,,,"{""voltage_in_min_v"": ""4.5"", ""output_current_a"": ""3"", ""package"": ""SOT-23""}",active,,https://example.com/datasheet/PMIC100000149.pdf,,
DIO100000150,DIO100000150,Littelfuse,Littelfuse,dio100000150,Diode,Diode,DIO100000150 Diode from Littelfuse. Sourced via professional procurement support; specs below.,,,"{""if_a"": ""1"", ""vf_v"": ""0.7""}",active,,https://example.com/datasheet/DIO100000150.pdf,,
LED100000151,LED100000151,Everlight Electronics,Everlight Electronics,led100000151,LED Components,LED Components,LED100000151 LED Components from Everlight Electronics. Sourced via professional procurement support; specs below.,,,"{""forward_voltage_v"": ""2.1"", ""package"": ""0805"", ""wavelength_nm"": ""650"", ""forward_current_ma"": ""20""}",active,,https://example.com/datasheet/LED100000151.pdf,,
MEM100000152,MEM100000152,Micron Technology,Micron Technology,mem100000152,Memory IC,Memory IC,MEM100000152 Memory IC from Micron Technology. Sourced via professional procurement support; specs below.,,,"{""memory_bytes"": ""16777216"", ""organization"": ""x8"", ""speed_hz"": ""104000000"", ""interface"": ""SPI""}",active,,https://example.com/datasheet/MEM100000152.pdf,,
XTAL100000153,XTAL100000153,AbraconX,AbraconX,xtal100000153,Crystal Oscillator,Crystal Oscillator,XTAL100000153 Crystal Oscillator from AbraconX. Sourced via professional procurement support; specs below.,,,"{""load_capacitance_pf"": ""18"", ""frequency_hz"": ""8000000""}",active,,https://example.com/datasheet/XTAL100000153.pdf,,
MCU100000154,MCU100000154,Microchip Technology,Microchip Technology,mcu100000154,Microcontroller,Microcontroller,MCU100000154 Microcontroller from Microchip Technology. Sourced via professional procurement support; specs below.,,,"{""voltage_v"": ""3.3V""}",active,,https://example.com/datasheet/MCU100000154.pdf,,
MOS100000155,MOS100000155,Alpha & Omega Semiconductor,Alpha & Omega Semiconductor,mos100000155,MOSFET,MOSFET,MOS100000155 MOSFET from Alpha & Omega Semiconductor. Sourced via professional procurement support; specs below.,,,"{""rds_on_mohm"": ""8"", ""vds_v"": ""55""}",active,,https://example.com/datasheet/MOS100000155.pdf,,
RES100000156,RES100000156,Fenghua,Fenghua,res100000156,Resistor,Resistor,RES100000156 Resistor from Fenghua. Sourced via professional procurement support; specs below.,,,"{""tolerance"": ""±1%"", ""temperature_coeff"": ""X7R"", ""resistance_ohm"": ""10kΩ"", ""package"": ""0805""}",active,,https://example.com/datasheet/RES100000156.pdf,,
CAP100000157,CAP100000157,SigmaStore,SigmaStore,cap100000157,Capacitor,Capacitor,CAP100000157 Capacitor from SigmaStore. Sourced via professional procurement support; specs below.,,,"{""voltage_rating_v"": ""50"", ""tolerance"": ""±10%""}",active,,https://example.com/datasheet/CAP100000157.pdf,,
IND100000158,IND100000158,CoilWorks,CoilWorks,ind100000158,Inductor,Inductor,IND100000158 Inductor from CoilWorks. Sourced via professional procurement support; specs below.,,,"{""package"": ""0805"", ""inductance_uh"": ""4.7"", ""tolerance"": ""±20%"", ""current_rating_a"": ""1.5""}",active,,https://example.com/datasheet/IND100000158.pdf,,
SEN100000159,SEN100000159,TE Connectivity,TE Connectivity,sen100000159,Sensors,Sensors,SEN100000159 Sensors from TE Connectivity. Sourced via professional procurement support; specs below.,,,"{""range"": ""0-40"", ""resolution_bits"": ""12""}",active,,https://example.com/datasheet/SEN100000159.pdf,,
CON100000160,CON100000160,Amphenol,Amphenol,con100000160,Connectors,Connectors,CON100000160 Connectors from Amphenol. Sourced via professional procurement support; specs below.,,,"{""voltage_rating_v"": ""50"", ""mounting"": ""SMD"", ""current_rating_a"": ""3"", ""positions"": ""40"", ""pitch_mm"": ""2.54""}",active,,https://example.com/datasheet/CON100000160.pdf,,
MOD100000161,MOD100000161,SIMCom,SIMCom,mod100000161,Modules,Modules,MOD100000161 Modules from SIMCom. Sourced via professional procurement support; specs below.,,,"{""modulation"": ""GFSK"", ""interface"": ""UART""}",active,,https://example.com/datasheet/MOD100000161.pdf,,
OPA100000162,OPA100000162,Texas Instruments,Texas Instruments,opa100000162,Analog IC,Analog IC,OPA100000162 Analog IC from Texas Instruments. Sourced via professional procurement support; specs below.,,,"{""supply_current_ua"": ""200"", ""gain_db"": ""100""}",active,,https://example.com/datasheet/OPA100000162.pdf,,
PMIC100000163,PMIC100000163,Texas Instruments,Texas Instruments,pmic100000163,Power Management IC,Power Management IC,PMIC100000163 Power Management IC from Texas Instruments. Sourced via professional procurement support; specs below.,,,"{""package"": ""SOT-23"", ""voltage_in_min_v"": ""4.5"", ""output_current_a"": ""3"", ""voltage_in_max_v"": ""28"", ""voltage_out_v"": ""5""}",active,,https://example.com/datasheet/PMIC100000163.pdf,,
DIO100000164,DIO100000164,Diodes Incorporated,Diodes Incorporated,dio100000164,Diode,Diode,DIO100000164 Diode from Diodes Incorporated. Sourced via professional procurement support; specs below.,,,"{""vrrm_v"": ""100"", ""if_a"": ""1""}",active,,https://example.com/datasheet/DIO100000164.pdf,,
LED100000165,LED100000165,Lite-On Technology,Lite-On Technology,led100000165,LED Components,LED Components,LED100000165 LED Components from Lite-On Technology. Sourced via professional procurement support; specs below.,,,"{""forward_voltage_v"": ""2.1"", ""forward_current_ma"": ""20"", ""wavelength_nm"": ""650""}",active,,https://example.com/datasheet/LED100000165.pdf,,
MEM100000166,MEM100000166,MemCore,MemCore,mem100000166,Memory IC,Memory IC,MEM100000166 Memory IC from MemCore. Sourced via professional procurement support; specs below.,,,"{""organization"": ""x8"", ""memory_bytes"": ""16777216""}",active,,https://example.com/datasheet/MEM100000166.pdf,,
XTAL100000167,XTAL100000167,Wurth Elektronik,Wurth Elektronik,xtal100000167,Crystal Oscillator,Crystal Oscillator,XTAL100000167 Crystal Oscillator from Wurth Elektronik. Sourced via professional procurement support; specs below.,,,"{""package"": ""SMD"", ""frequency_hz"": ""8000000""}",active,,https://example.com/datasheet/XTAL100000167.pdf,,
MCU100000168,MCU100000168,GigaDevice Semiconductor,GigaDevice Semiconductor,mcu100000168,Microcontroller,Microcontroller,MCU100000168 Microcontroller from GigaDevice Semiconductor. Sourced via professional procurement support; specs below.,,,"{""core"": ""ARM Cortex-M4""}",active,,https://example.com/datasheet/MCU100000168.pdf,,
MOS100000169,MOS100000169,,,mos100000169,MOSFET,MOSFET,MOS100000169 MOSFET from unspecified. Sourced via professional procurement support; specs below.,,,"{""vds_v"": ""55"", ""rds_on_mohm"": ""8"", ""id_a"": ""30"", ""package"": ""SOT-23""}",active,,https://example.com/datasheet/MOS100000169.pdf,,
RES100000170,RES100000170,Fenghua,Fenghua,res100000170,Resistor,Resistor,RES100000170 Resistor from Fenghua. Sourced via professional procurement support; specs below.,,,"{""temperature_coeff"": ""X7R"", ""tolerance"": ""±1%"", ""resistance_ohm"": ""10kΩ"", ""power_rating_w"": ""0.25""}",active,,https://example.com/datasheet/RES100000170.pdf,,
CAP100000171,CAP100000171,KEMET Electronics,KEMET Electronics,cap100000171,Capacitor,Capacitor,CAP100000171 Capacitor from KEMET Electronics. Sourced via professional procurement support; specs below.,,,"{""voltage_rating_v"": ""50"", ""capacitance_pf"": ""100000"", ""temperature_coeff"": ""X7R"", ""package"": ""0603""}",active,,https://example.com/datasheet/CAP100000171.pdf,,
IND100000172,IND100000172,TDK Corporation,TDK Corporation,ind100000172,Inductor,Inductor,IND100000172 Inductor from TDK Corporation. Sourced via professional procurement support; specs below.,,,"{""tolerance"": ""±20%"", ""package"": ""0805"", ""current_rating_a"": ""1.5"", ""inductance_uh"": ""4.7""}",active,,https://example.com/datasheet/IND100000172.pdf,,
SEN100000173,SEN100000173,BoschDummy,BoschDummy,sen100000173,Sensors,Sensors,SEN100000173 Sensors from BoschDummy. Sourced via professional procurement support; specs below.,,,"{""interface"": ""I2C"", ""sensitivity_dbm"": ""260 LSB/g"", ""accuracy"": ""±0.5""}",active,,https://example.com/datasheet/SEN100000173.pdf,,
CON100000174,CON100000174,Amphenol,Amphenol,con100000174,Connectors,Connectors,CON100000174 Connectors from Amphenol. Sourced via professional procurement support; specs below.,,,"{""voltage_rating_v"": ""50"", ""pitch_mm"": ""2.54""}",active,,https://example.com/datasheet/CON100000174.pdf,,
MOD100000175,MOD100000175,u-blox,u-blox,mod100000175,Modules,Modules,MOD100000175 Modules from u-blox. Sourced via professional procurement support; specs below.,,,"{""sensitivity_dbm"": ""-95"", ""data_rate_bps"": ""2Mbps"", ""output_power_dbm"": ""20"", ""Antenna Type"": ""PCB""}",active,,https://example.com/datasheet/MOD100000175.pdf,,
OPA100000176,OPA100000176,Analog Devices,Analog Devices,opa100000176,Analog IC,Analog IC,OPA100000176 Analog IC from Analog Devices. Sourced via professional procurement support; specs below.,,,"{""supply_current_ua"": ""200"", ""bandwidth_hz"": ""1000000"", ""gain_db"": ""100"", ""package"": ""SOIC-8""}",active,,https://example.com/datasheet/OPA100000176.pdf,,
PMIC100000177,PMIC100000177,Texas Instruments,Texas Instruments,pmic100000177,Power Management IC,Power Management IC,PMIC100000177 Power Management IC from Texas Instruments. Sourced via professional procurement support; specs below.,,,"{""package"": ""SOT-23"", ""efficiency_percent"": ""92""}",active,,https://example.com/datasheet/PMIC100000177.pdf,,
DIO100000178,DIO100000178,Diodes Incorporated,Diodes Incorporated,dio100000178,Diode,Diode,DIO100000178 Diode from Diodes Incorporated. Sourced via professional procurement support; specs below.,,,"{""vrrm_v"": ""100"", ""if_a"": ""1"", ""vf_v"": ""0.7""}",active,,https://example.com/datasheet/DIO100000178.pdf,,
LED100000179,LED100000179,OSRAM,OSRAM,led100000179,LED Components,LED Components,LED100000179 LED Components from OSRAM. Sourced via professional procurement support; specs below.,,,"{""package"": ""0805"", ""forward_current_ma"": ""20"", ""wavelength_nm"": ""650"", ""forward_voltage_v"": ""2.1"", ""Luminous Intensity"": ""100mcd""}",active,,https://example.com/datasheet/LED100000179.pdf,,
MEM100000180,MEM100000180,ISSI,ISSI,mem100000180,Memory IC,Memory IC,MEM100000180 Memory IC from ISSI. Sourced via professional procurement support; specs below.,,,"{""interface"": ""SPI"", ""speed_hz"": ""104000000"", ""organization"": ""x8"", ""memory_bytes"": ""16777216""}",active,,https://example.com/datasheet/MEM100000180.pdf,,
XTAL100000181,XTAL100000181,AbraconX,AbraconX,xtal100000181,Crystal Oscillator,Crystal Oscillator,XTAL100000181 Crystal Oscillator from AbraconX. Sourced via professional procurement support; specs below.,,,"{""load_capacitance_pf"": ""18"", ""package"": ""SMD""}",active,,https://example.com/datasheet/XTAL100000181.pdf,,
MCU100000182,MCU100000182,GigaDevice Semiconductor,GigaDevice Semiconductor,mcu100000182,Microcontroller,Microcontroller,MCU100000182 Microcontroller from GigaDevice Semiconductor. Sourced via professional procurement support; specs below.,,,"{""io_count"": ""48""}",active,,https://example.com/datasheet/MCU100000182.pdf,,
MOS100000183,MOS100000183,Infineon Technologies,Infineon Technologies,mos100000183,MOSFET,MOSFET,MOS100000183 MOSFET from Infineon Technologies. Sourced via professional procurement support; specs below.,,,"{""vds_v"": ""55"", ""package"": ""SOT-23"", ""rds_on_mohm"": ""8""}",active,,https://example.com/datasheet/MOS100000183.pdf,,
RES100000184,RES100000184,KEMET Electronics,KEMET Electronics,res100000184,Resistor,Resistor,RES100000184 Resistor from KEMET Electronics. Sourced via professional procurement support; specs below.,,,"{""package"": ""0805"", ""tolerance"": ""±1%""}",active,,https://example.com/datasheet/RES100000184.pdf,,
CAP100000185,CAP100000185,Holy Stone,Holy Stone,cap100000185,Capacitor,Capacitor,CAP100000185 Capacitor from Holy Stone. Sourced via professional procurement support; specs below.,,,"{""temperature_coeff"": ""X7R"", ""package"": ""0603""}",active,,https://example.com/datasheet/CAP100000185.pdf,,
IND100000186,IND100000186,CoilWorks,CoilWorks,ind100000186,Inductor,Inductor,IND100000186 Inductor from CoilWorks. Sourced via professional procurement support; specs below.,,,"{""package"": ""0805"", ""tolerance"": ""±20%"", ""inductance_uh"": ""4.7""}",active,,https://example.com/datasheet/IND100000186.pdf,,
SEN100000187,SEN100000187,BoschDummy,BoschDummy,sen100000187,Sensors,Sensors,SEN100000187 Sensors from BoschDummy. Sourced via professional procurement support; specs below.,,,"{""range"": ""0-40"", ""sensitivity_dbm"": ""260 LSB/g"", ""accuracy"": ""±0.5"", ""resolution_bits"": ""12"", ""interface"": ""I2C""}",active,,https://example.com/datasheet/SEN100000187.pdf,,
CON100000188,CON100000188,Hirose Electric,Hirose Electric,con100000188,Connectors,Connectors,CON100000188 Connectors from Hirose Electric. Sourced via professional procurement support; specs below.,,,"{""pitch_mm"": ""2.54"", ""positions"": ""40"", ""voltage_rating_v"": ""50""}",active,,https://example.com/datasheet/CON100000188.pdf,,
MOD100000189,MOD100000189,AirByte,AirByte,mod100000189,Modules,Modules,MOD100000189 Modules from AirByte. Sourced via professional procurement support; specs below.,,,"{""modulation"": ""GFSK"", ""interface"": ""UART"", ""data_rate_bps"": ""2000000"", ""output_power_dbm"": ""20""}",active,,https://example.com/datasheet/MOD100000189.pdf,,
OPA100000190,OPA100000190,Texas Instruments,Texas Instruments,opa100000190,Analog IC,Analog IC,OPA100000190 Analog IC from Texas Instruments. Sourced via professional procurement support; specs below.,,,"{""supply_current_ua"": ""200"", ""package"": ""SOIC-8"", ""bandwidth_hz"": ""1000000"", ""gain_db"": ""100""}",active,,https://example.com/datasheet/OPA100000190.pdf,,
PMIC100000191,PMIC100000191,Richtek Technology,Richtek Technology,pmic100000191,Power Management IC,Power Management IC,PMIC100000191 Power Management IC from Richtek Technology. Sourced via professional procurement support; specs below.,,,"{""voltage_out_v"": ""5"", ""output_current_a"": ""3""}",active,,https://example.com/datasheet/PMIC100000191.pdf,,
DIO100000192,DIO100000192,Littelfuse,Littelfuse,dio100000192,Diode,Diode,DIO100000192 Diode from Littelfuse. Sourced via professional procurement support; specs below.,,,"{""if_a"": ""1"", ""vf_v"": ""0.7""}",active,,https://example.com/datasheet/DIO100000192.pdf,,
LED100000193,LED100000193,Kingbright,Kingbright,led100000193,LED Components,LED Components,LED100000193 LED Components from Kingbright. Sourced via professional procurement support; specs below.,,,"{""wavelength_nm"": ""650"", ""package"": ""0805"", ""forward_voltage_v"": ""2.1"", ""Luminous Intensity"": ""100mcd""}",active,,https://example.com/datasheet/LED100000193.pdf,,
MEM100000194,MEM100000194,ISSI,ISSI,mem100000194,Memory IC,Memory IC,MEM100000194 Memory IC from ISSI. Sourced via professional procurement support; specs below.,,,"{""memory_bytes"": ""16777216"", ""speed_hz"": ""104000000""}",active,,https://example.com/datasheet/MEM100000194.pdf,,
XTAL100000195,XTAL100000195,AbraconX,AbraconX,xtal100000195,Crystal Oscillator,Crystal Oscillator,XTAL100000195 Crystal Oscillator from AbraconX. Sourced via professional procurement support; specs below.,,,"{""package"": ""SMD"", ""load_capacitance_pf"": ""18""}",active,,https://example.com/datasheet/XTAL100000195.pdf,,
MCU100000196,MCU100000196,Nuvoton Technology,Nuvoton Technology,mcu100000196,Microcontroller,Microcontroller,MCU100000196 Microcontroller from Nuvoton Technology. Sourced via professional procurement support; specs below.,,,"{""package"": ""LQFP-48"", ""frequency_hz"": ""72MHz"", ""core"": ""ARM Cortex-M4""}",active,,https://example.com/datasheet/MCU100000196.pdf,,
MOS100000197,MOS100000197,ON Semiconductor,ON Semiconductor,mos100000197,MOSFET,MOSFET,MOS100000197 MOSFET from ON Semiconductor. Sourced via professional procurement support; specs below.,,,"{""rds_on_mohm"": ""8mΩ"", ""package"": ""SOT-23"", ""vgs_th_v"": ""2.5"", ""Leakage Current"": ""1uA""}",active,,https://example.com/datasheet/MOS100000197.pdf,,
RES100000198,RES100000198,Vishay Intertechnology,Vishay Intertechnology,res100000198,Resistor,Resistor,RES100000198 Resistor from Vishay Intertechnology. Sourced via professional procurement support; specs below.,,,"{""temperature_coeff"": ""X7R""}",active,,https://example.com/datasheet/RES100000198.pdf,,
CAP100000199,CAP100000199,Murata Manufacturing,Murata Manufacturing,cap100000199,Capacitor,Capacitor,CAP100000199 Capacitor from Murata Manufacturing. Sourced via professional procurement support; specs below.,,,"{""voltage_rating_v"": ""50"", ""tolerance"": ""±10%"", ""package"": ""0603"", ""capacitance_pf"": ""100000""}",active,,https://example.com/datasheet/CAP100000199.pdf,,
IND100000200,IND100000200,TDK Corporation,TDK Corporation,ind100000200,Inductor,Inductor,IND100000200 Inductor from TDK Corporation. Sourced via professional procurement support; specs below.,,,"{""inductance_uh"": ""4.7"", ""package"": ""0805"", ""current_rating_a"": ""1.5"", ""tolerance"": ""±20%""}",active,,https://example.com/datasheet/IND100000200.pdf,,
SEN100000201,SEN100000201,BoschDummy,BoschDummy,sen100000201,Sensors,Sensors,SEN100000201 Sensors from BoschDummy. Sourced via professional procurement support; specs below.,,,"{""resolution_bits"": ""12"", ""range"": ""0-40"", ""interface"": ""I2C"", ""Response Time"": ""5ms""}",active,,https://example.com/datasheet/SEN100000201.pdf,,
CON100000202,CON100000202,Molex,Molex,con100000202,Connectors,Connectors,CON100000202 Connectors from Molex. Sourced via professional procurement support; specs below.,,,"{""current_rating_a"": ""3"", ""voltage_rating_v"": ""50"", ""mounting"": ""SMD"", ""pitch_mm"": ""2.54""}",active,,https://example.com/datasheet/CON100000202.pdf,,
MOD100000203,MOD100000203,,,mod100000203,Modules,Modules,MOD100000203 Modules from unspecified. Sourced via professional procurement support; specs below.,,,"{""data_rate_bps"": ""2Mbps"", ""interface"": ""UART"", ""modulation"": ""GFSK"", ""sensitivity_dbm"": ""-95""}",active,,https://example.com/datasheet/MOD100000203.pdf,,
OPA100000204,OPA100000204,Analog Devices,Analog Devices,opa100000204,Analog IC,Analog IC,OPA100000204 Analog IC from Analog Devices. Sourced via professional procurement support; specs below.,,,"{""gain_db"": ""100"", ""supply_current_ua"": ""200""}",active,,https://example.com/datasheet/OPA100000204.pdf,,
PMIC100000205,PMIC100000205,Texas Instruments,Texas Instruments,pmic100000205,Power Management IC,Power Management IC,PMIC100000205 Power Management IC from Texas Instruments. Sourced via professional procurement support; specs below.,,,"{""voltage_in_min_v"": ""4.5"", ""package"": ""SOT-23"", ""voltage_out_v"": ""5"", ""output_current_a"": ""3"", ""voltage_in_max_v"": ""28""}",active,,https://example.com/datasheet/PMIC100000205.pdf,,
DIO100000206,DIO100000206,Littelfuse,Littelfuse,dio100000206,Diode,Diode,DIO100000206 Diode from Littelfuse. Sourced via professional procurement support; specs below.,,,"{""vf_v"": ""0.7"", ""vrrm_v"": ""100"", ""Reverse Recovery"": ""50ns""}",active,,https://example.com/datasheet/DIO100000206.pdf,,
LED100000207,LED100000207,OSRAM,OSRAM,led100000207,LED Components,LED Components,LED100000207 LED Components from OSRAM. Sourced via professional procurement support; specs below.,,,"{""wavelength_nm"": ""650"", ""forward_voltage_v"": ""2.1"", ""forward_current_ma"": ""20""}",active,,https://example.com/datasheet/LED100000207.pdf,,
MEM100000208,MEM100000208,Micron Technology,Micron Technology,mem100000208,Memory IC,Memory IC,MEM100000208 Memory IC from Micron Technology. Sourced via professional procurement support; specs below.,,,"{""organization"": ""x8"", ""speed_hz"": ""104000000"", ""memory_bytes"": ""16777216"", ""interface"": ""SPI""}",active,,https://example.com/datasheet/MEM100000208.pdf,,
XTAL100000209,XTAL100000209,Murata Manufacturing,Murata Manufacturing,xtal100000209,Crystal Oscillator,Crystal Oscillator,XTAL100000209 Crystal Oscillator from Murata Manufacturing. Sourced via professional procurement support; specs below.,,,"{""load_capacitance_pf"": ""18"", ""package"": ""SMD""}",active,,https://example.com/datasheet/XTAL100000209.pdf,,
MCU100000210,MCU100000210,GigaDevice Semiconductor,GigaDevice Semiconductor,mcu100000210,Microcontroller,Microcontroller,MCU100000210 Microcontroller from GigaDevice Semiconductor. Sourced via professional procurement support; specs below.,,,"{""ram_bytes"": ""20480""}",active,,https://example.com/datasheet/MCU100000210.pdf,,
MOS100000211,MOS100000211,Alpha & Omega Semiconductor,Alpha & Omega Semiconductor,mos100000211,MOSFET,MOSFET,MOS100000211 MOSFET from Alpha & Omega Semiconductor. Sourced via professional procurement support; specs below.,,,"{""package"": ""SOT-23"", ""id_a"": ""30A"", ""vgs_th_v"": ""2.5""}",active,,https://example.com/datasheet/MOS100000211.pdf,,
RES100000212,RES100000212,OhmWorks,OhmWorks,res100000212,Resistor,Resistor,RES100000212 Resistor from OhmWorks. Sourced via professional procurement support; specs below.,,,"{""power_rating_w"": ""0.25"", ""resistance_ohm"": ""10000"", ""temperature_coeff"": ""X7R"", ""tolerance"": ""±1%""}",active,,https://example.com/datasheet/RES100000212.pdf,,
CAP100000213,CAP100000213,Holy Stone,Holy Stone,cap100000213,Capacitor,Capacitor,CAP100000213 Capacitor from Holy Stone. Sourced via professional procurement support; specs below.,,,"{""package"": ""0603"", ""temperature_coeff"": ""X7R"", ""voltage_rating_v"": ""50""}",active,,https://example.com/datasheet/CAP100000213.pdf,,
IND100000214,IND100000214,Wurth Elektronik,Wurth Elektronik,ind100000214,Inductor,Inductor,IND100000214 Inductor from Wurth Elektronik. Sourced via professional procurement support; specs below.,,,"{""inductance_uh"": ""4.7"", ""package"": ""0805"", ""current_rating_a"": ""1.5""}",active,,https://example.com/datasheet/IND100000214.pdf,,
SEN100000215,SEN100000215,BoschDummy,BoschDummy,sen100000215,Sensors,Sensors,SEN100000215 Sensors from BoschDummy. Sourced via professional procurement support; specs below.,,,"{""resolution_bits"": ""12"", ""interface"": ""I2C"", ""accuracy"": ""±0.5"", ""sensitivity_dbm"": ""260 LSB/g""}",active,,https://example.com/datasheet/SEN100000215.pdf,,
CON100000216,CON100000216,TE Connectivity,TE Connectivity,con100000216,Connectors,Connectors,CON100000216 Connectors from TE Connectivity. Sourced via professional procurement support; specs below.,,,"{""positions"": ""40"", ""pitch_mm"": ""2.54"", ""mounting"": ""SMD""}",active,,https://example.com/datasheet/CON100000216.pdf,,
MOD100000217,MOD100000217,Quectel,Quectel,mod100000217,Modules,Modules,MOD100000217 Modules from Quectel. Sourced via professional procurement support; specs below.,,,"{""data_rate_bps"": ""2000000"", ""modulation"": ""GFSK"", ""output_power_dbm"": ""20""}",active,,https://example.com/datasheet/MOD100000217.pdf,,
OPA100000218,OPA100000218,Maxim Integrated,Maxim Integrated,opa100000218,Analog IC,Analog IC,OPA100000218 Analog IC from Maxim Integrated. Sourced via professional procurement support; specs below.,,,"{""supply_current_ua"": ""200"", ""package"": ""SOIC-8"", ""bandwidth_hz"": ""1000000"", ""gain_db"": ""100""}",active,,https://example.com/datasheet/OPA100000218.pdf,,
PMIC100000219,PMIC100000219,SGMICRO,SGMICRO,pmic100000219,Power Management IC,Power Management IC,PMIC100000219 Power Management IC from SGMICRO. Sourced via professional procurement support; specs below.,,,"{""efficiency_percent"": ""92"", ""voltage_in_min_v"": ""4.5""}",active,,https://example.com/datasheet/PMIC100000219.pdf,,
DIO100000220,DIO100000220,Littelfuse,Littelfuse,dio100000220,Diode,Diode,DIO100000220 Diode from Littelfuse. Sourced via professional procurement support; specs below.,,,"{""if_a"": ""1"", ""vf_v"": ""0.7""}",active,,https://example.com/datasheet/DIO100000220.pdf,,
LED100000221,LED100000221,OSRAM,OSRAM,led100000221,LED Components,LED Components,LED100000221 LED Components from OSRAM. Sourced via professional procurement support; specs below.,,,"{""package"": ""0805"", ""forward_voltage_v"": ""2.1"", ""wavelength_nm"": ""650""}",active,,https://example.com/datasheet/LED100000221.pdf,,
MEM100000222,MEM100000222,MemCore,MemCore,mem100000222,Memory IC,Memory IC,MEM100000222 Memory IC from MemCore. Sourced via professional procurement support; specs below.,,,"{""memory_bytes"": ""16777216"", ""interface"": ""SPI"", ""organization"": ""x8""}",active,,https://example.com/datasheet/MEM100000222.pdf,,
XTAL100000223,XTAL100000223,TDK Corporation,TDK Corporation,xtal100000223,Crystal Oscillator,Crystal Oscillator,XTAL100000223 Crystal Oscillator from TDK Corporation. Sourced via professional procurement support; specs below.,,,"{""package"": ""SMD"", ""load_capacitance_pf"": ""18""}",active,,https://example.com/datasheet/XTAL100000223.pdf,,
MCU100000224,MCU100000224,STMicroelectronics,STMicroelectronics,mcu100000224,Microcontroller,Microcontroller,MCU100000224 Microcontroller from STMicroelectronics. Sourced via professional procurement support; specs below.,,,"{""voltage_v"": ""3.3"", ""package"": ""LQFP-48"", ""ram_bytes"": ""20480""}",active,,https://example.com/datasheet/MCU100000224.pdf,,
MOS100000225,MOS100000225,Infineon Technologies,Infineon Technologies,mos100000225,MOSFET,MOSFET,MOS100000225 MOSFET from Infineon Technologies. Sourced via professional procurement support; specs below.,,,"{""qg_nc"": ""45"", ""rds_on_mohm"": ""8""}",active,,https://example.com/datasheet/MOS100000225.pdf,,
RES100000226,RES100000226,Fenghua,Fenghua,res100000226,Resistor,Resistor,RES100000226 Resistor from Fenghua. Sourced via professional procurement support; specs below.,,,"{""power_rating_w"": ""0.25"", ""resistance_ohm"": ""10000"", ""tolerance"": ""±1%"", ""MTBF Hours"": ""100000""}",active,,https://example.com/datasheet/RES100000226.pdf,,
CAP100000227,CAP100000227,Murata Manufacturing,Murata Manufacturing,cap100000227,Capacitor,Capacitor,CAP100000227 Capacitor from Murata Manufacturing. Sourced via professional procurement support; specs below.,,,"{""tolerance"": ""±10%"", ""package"": ""0603""}",active,,https://example.com/datasheet/CAP100000227.pdf,,
IND100000228,IND100000228,TDK Corporation,TDK Corporation,ind100000228,Inductor,Inductor,IND100000228 Inductor from TDK Corporation. Sourced via professional procurement support; specs below.,,,"{""package"": ""0805"", ""current_rating_a"": ""1.5"", ""inductance_uh"": ""4.7"", ""tolerance"": ""±20%""}",active,,https://example.com/datasheet/IND100000228.pdf,,
SEN100000229,SEN100000229,BoschDummy,BoschDummy,sen100000229,Sensors,Sensors,SEN100000229 Sensors from BoschDummy. Sourced via professional procurement support; specs below.,,,"{""resolution_bits"": ""12"", ""range"": ""0-40""}",active,,https://example.com/datasheet/SEN100000229.pdf,,
CON100000230,CON100000230,TE Connectivity,TE Connectivity,con100000230,Connectors,Connectors,CON100000230 Connectors from TE Connectivity. Sourced via professional procurement support; specs below.,,,"{""voltage_rating_v"": ""50"", ""mounting"": ""SMD"", ""current_rating_a"": ""3"", ""positions"": ""40"", ""pitch_mm"": ""2.54""}",active,,https://example.com/datasheet/CON100000230.pdf,,
MOD100000231,MOD100000231,Espressif Systems,Espressif Systems,mod100000231,Modules,Modules,MOD100000231 Modules from Espressif Systems. Sourced via professional procurement support; specs below.,,,"{""modulation"": ""GFSK"", ""data_rate_bps"": ""2000000"", ""interface"": ""UART""}",active,,https://example.com/datasheet/MOD100000231.pdf,,
OPA100000232,OPA100000232,Texas Instruments,Texas Instruments,opa100000232,Analog IC,Analog IC,OPA100000232 Analog IC from Texas Instruments. Sourced via professional procurement support; specs below.,,,"{""package"": ""SOIC-8"", ""gain_db"": ""100"", ""supply_current_ua"": ""200""}",active,,https://example.com/datasheet/OPA100000232.pdf,,
PMIC100000233,PMIC100000233,Richtek Technology,Richtek Technology,pmic100000233,Power Management IC,Power Management IC,PMIC100000233 Power Management IC from Richtek Technology. Sourced via professional procurement support; specs below.,,,"{""voltage_in_max_v"": ""28"", ""voltage_out_v"": ""5"", ""output_current_a"": ""3"", ""efficiency_percent"": ""92"", ""package"": ""SOT-23"", ""Power Good"": ""yes""}",active,,https://example.com/datasheet/PMIC100000233.pdf,,
DIO100000234,DIO100000234,Diodes Incorporated,Diodes Incorporated,dio100000234,Diode,Diode,DIO100000234 Diode from Diodes Incorporated. Sourced via professional procurement support; specs below.,,,"{""vf_v"": ""0.7"", ""if_a"": ""1""}",active,,https://example.com/datasheet/DIO100000234.pdf,,
LED100000235,LED100000235,Everlight Electronics,Everlight Electronics,led100000235,LED Components,LED Components,LED100000235 LED Components from Everlight Electronics. Sourced via professional procurement support; specs below.,,,"{""wavelength_nm"": ""650"", ""forward_current_ma"": ""20"", ""package"": ""0805""}",active,,https://example.com/datasheet/LED100000235.pdf,,
MEM100000236,MEM100000236,Macronix International,Macronix International,mem100000236,Memory IC,Memory IC,MEM100000236 Memory IC from Macronix International. Sourced via professional procurement support; specs below.,,,"{""memory_bytes"": ""16777216"", ""speed_hz"": ""104000000"", ""interface"": ""SPI"", ""organization"": ""x8""}",active,,https://example.com/datasheet/MEM100000236.pdf,,
XTAL100000237,XTAL100000237,Murata Manufacturing,Murata Manufacturing,xtal100000237,Crystal Oscillator,Crystal Oscillator,XTAL100000237 Crystal Oscillator from Murata Manufacturing. Sourced via professional procurement support; specs below.,,,"{""package"": ""SMD"", ""frequency_hz"": ""8000000""}",active,,https://example.com/datasheet/XTAL100000237.pdf,,
MCU100000238,MCU100000238,Microchip Technology,Microchip Technology,mcu100000238,Microcontroller,Microcontroller,MCU100000238 Microcontroller from Microchip Technology. Sourced via professional procurement support; specs below.,,,"{""frequency_hz"": ""72000000"", ""core"": ""ARM Cortex-M4"", ""Operating Temp"": ""-40~85""}",active,,https://example.com/datasheet/MCU100000238.pdf,,
MOS100000239,MOS100000239,ON Semiconductor,ON Semiconductor,mos100000239,MOSFET,MOSFET,MOS100000239 MOSFET from ON Semiconductor. Sourced via professional procurement support; specs below.,,,"{""vgs_th_v"": ""2.5"", ""package"": ""SOT-23"", ""id_a"": ""30"", ""vds_v"": ""55V""}",active,,https://example.com/datasheet/MOS100000239.pdf,,
RES100000240,RES100000240,Bourns,Bourns,res100000240,Resistor,Resistor,RES100000240 Resistor from Bourns. Sourced via professional procurement support; specs below.,,,"{""tolerance"": ""±1%"", ""resistance_ohm"": ""10000"", ""power_rating_w"": ""0.25""}",active,,https://example.com/datasheet/RES100000240.pdf,,
CAP100000241,CAP100000241,Walsin Technology,Walsin Technology,cap100000241,Capacitor,Capacitor,CAP100000241 Capacitor from Walsin Technology. Sourced via professional procurement support; specs below.,,,"{""voltage_rating_v"": ""50"", ""temperature_coeff"": ""X7R"", ""tolerance"": ""±10%"", ""capacitance_pf"": ""100000"", ""package"": ""0603""}",active,,https://example.com/datasheet/CAP100000241.pdf,,
IND100000242,IND100000242,TDK Corporation,TDK Corporation,ind100000242,Inductor,Inductor,IND100000242 Inductor from TDK Corporation. Sourced via professional procurement support; specs below.,,,"{""package"": ""0805"", ""tolerance"": ""±20%""}",active,,https://example.com/datasheet/IND100000242.pdf,,
SEN100000243,SEN100000243,TE Connectivity,TE Connectivity,sen100000243,Sensors,Sensors,SEN100000243 Sensors from TE Connectivity. Sourced via professional procurement support; specs below.,,,"{""resolution_bits"": ""12"", ""interface"": ""I2C"", ""sensitivity_dbm"": ""260 LSB/g""}",active,,https://example.com/datasheet/SEN100000243.pdf,,
CON100000244,CON100000244,Amphenol,Amphenol,con100000244,Connectors,Connectors,CON100000244 Connectors from Amphenol. Sourced via professional procurement support; specs below.,,,"{""pitch_mm"": ""2.54"", ""voltage_rating_v"": ""50"", ""current_rating_a"": ""3""}",active,,https://example.com/datasheet/CON100000244.pdf,,
MOD100000245,MOD100000245,Espressif Systems,Espressif Systems,mod100000245,Modules,Modules,MOD100000245 Modules from Espressif Systems. Sourced via professional procurement support; specs below.,,,"{""modulation"": ""GFSK"", ""data_rate_bps"": ""2Mbps""}",active,,https://example.com/datasheet/MOD100000245.pdf,,
OPA100000246,OPA100000246,Texas Instruments,Texas Instruments,opa100000246,Analog IC,Analog IC,OPA100000246 Analog IC from Texas Instruments. Sourced via professional procurement support; specs below.,,,"{""gain_db"": ""100"", ""supply_current_ua"": ""200"", ""bandwidth_hz"": ""1000000"", ""package"": ""SOIC-8""}",active,,https://example.com/datasheet/OPA100000246.pdf,,
PMIC100000247,PMIC100000247,Richtek Technology,Richtek Technology,pmic100000247,Power Management IC,Power Management IC,PMIC100000247 Power Management IC from Richtek Technology. Sourced via professional procurement support; specs below.,,,"{""efficiency_percent"": ""92"", ""voltage_out_v"": ""5"", ""voltage_in_max_v"": ""28"", ""package"": ""SOT-23""}",active,,https://example.com/datasheet/PMIC100000247.pdf,,
DIO100000248,DIO100000248,Vishay Intertechnology,Vishay Intertechnology,dio100000248,Diode,Diode,DIO100000248 Diode from Vishay Intertechnology. Sourced via professional procurement support; specs below.,,,"{""vf_v"": ""0.7"", ""vrrm_v"": ""100""}",active,,https://example.com/datasheet/DIO100000248.pdf,,
LED100000249,LED100000249,OSRAM,OSRAM,led100000249,LED Components,LED Components,LED100000249 LED Components from OSRAM. Sourced via professional procurement support; specs below.,,,"{""forward_current_ma"": ""20"", ""package"": ""0805"", ""forward_voltage_v"": ""2.1"", ""wavelength_nm"": ""650""}",active,,https://example.com/datasheet/LED100000249.pdf,,
MEM100000250,MEM100000250,Micron Technology,Micron Technology,mem100000250,Memory IC,Memory IC,MEM100000250 Memory IC from Micron Technology. Sourced via professional procurement support; specs below.,,,"{""memory_bytes"": ""16777216"", ""organization"": ""x8"", ""interface"": ""SPI"", ""speed_hz"": ""104000000""}",active,,https://example.com/datasheet/MEM100000250.pdf,,
XTAL100000251,XTAL100000251,AbraconX,AbraconX,xtal100000251,Crystal Oscillator,Crystal Oscillator,XTAL100000251 Crystal Oscillator from AbraconX. Sourced via professional procurement support; specs below.,,,"{""package"": ""SMD"", ""load_capacitance_pf"": ""18"", ""frequency_hz"": ""8000000""}",active,,https://example.com/datasheet/XTAL100000251.pdf,,
MCU100000252,MCU100000252,Nuvoton Technology,Nuvoton Technology,mcu100000252,Microcontroller,Microcontroller,MCU100000252 Microcontroller from Nuvoton Technology. Sourced via professional procurement support; specs below.,,,"{""frequency_hz"": ""72000000"", ""ram_bytes"": ""20KB"", ""package"": ""LQFP-48""}",active,,https://example.com/datasheet/MCU100000252.pdf,,
MOS100000253,MOS100000253,Alpha & Omega Semiconductor,Alpha & Omega Semiconductor,mos100000253,MOSFET,MOSFET,MOS100000253 MOSFET from Alpha & Omega Semiconductor. Sourced via professional procurement support; specs below.,,,"{""vds_v"": ""55V"", ""package"": ""SOT-23""}",active,,https://example.com/datasheet/MOS100000253.pdf,,
RES100000254,RES100000254,KEMET Electronics,KEMET Electronics,res100000254,Resistor,Resistor,RES100000254 Resistor from KEMET Electronics. Sourced via professional procurement support; specs below.,,,"{""package"": ""0805"", ""resistance_ohm"": ""10000""}",active,,https://example.com/datasheet/RES100000254.pdf,,
CAP100000255,CAP100000255,Walsin Technology,Walsin Technology,cap100000255,Capacitor,Capacitor,CAP100000255 Capacitor from Walsin Technology. Sourced via professional procurement support; specs below.,,,"{""tolerance"": ""±10%"", ""voltage_rating_v"": ""50"", ""package"": ""0603""}",active,,https://example.com/datasheet/CAP100000255.pdf,,
IND100000256,IND100000256,Wurth Elektronik,Wurth Elektronik,ind100000256,Inductor,Inductor,IND100000256 Inductor from Wurth Elektronik. Sourced via professional procurement support; specs below.,,,"{""package"": ""0805"", ""current_rating_a"": ""1.5""}",active,,https://example.com/datasheet/IND100000256.pdf,,
SEN100000257,SEN100000257,NXP Semiconductors,NXP Semiconductors,sen100000257,Sensors,Sensors,SEN100000257 Sensors from NXP Semiconductors. Sourced via professional procurement support; specs below.,,,"{""range"": ""0-40"", ""interface"": ""I2C"", ""sensitivity_dbm"": ""260 LSB/g"", ""resolution_bits"": ""12""}",active,,https://example.com/datasheet/SEN100000257.pdf,,
CON100000258,CON100000258,Hirose Electric,Hirose Electric,con100000258,Connectors,Connectors,CON100000258 Connectors from Hirose Electric. Sourced via professional procurement support; specs below.,,,"{""mounting"": ""SMD"", ""voltage_rating_v"": ""50"", ""pitch_mm"": ""2.54"", ""positions"": ""40"", ""current_rating_a"": ""3""}",active,,https://example.com/datasheet/CON100000258.pdf,,
MOD100000259,MOD100000259,Quectel,Quectel,mod100000259,Modules,Modules,MOD100000259 Modules from Quectel. Sourced via professional procurement support; specs below.,,,"{""sensitivity_dbm"": ""-95"", ""data_rate_bps"": ""2Mbps"", ""output_power_dbm"": ""20"", ""modulation"": ""GFSK"", ""Protocol Stack"": ""3.0""}",active,,https://example.com/datasheet/MOD100000259.pdf,,
OPA100000260,OPA100000260,Texas Instruments,Texas Instruments,opa100000260,Analog IC,Analog IC,OPA100000260 Analog IC from Texas Instruments. Sourced via professional procurement support; specs below.,,,"{""supply_current_ua"": ""200"", ""gain_db"": ""100""}",active,,https://example.com/datasheet/OPA100000260.pdf,,
PMIC100000261,PMIC100000261,SGMICRO,SGMICRO,pmic100000261,Power Management IC,Power Management IC,PMIC100000261 Power Management IC from SGMICRO. Sourced via professional procurement support; specs below.,,,"{""voltage_in_max_v"": ""28"", ""voltage_out_v"": ""5""}",active,,https://example.com/datasheet/PMIC100000261.pdf,,
DIO100000262,DIO100000262,Diodes Incorporated,Diodes Incorporated,dio100000262,Diode,Diode,DIO100000262 Diode from Diodes Incorporated. Sourced via professional procurement support; specs below.,,,"{""if_a"": ""1"", ""vrrm_v"": ""100"", ""vf_v"": ""0.7""}",active,,https://example.com/datasheet/DIO100000262.pdf,,
LED100000263,LED100000263,OSRAM,OSRAM,led100000263,LED Components,LED Components,LED100000263 LED Components from OSRAM. Sourced via professional procurement support; specs below.,,,"{""package"": ""0805"", ""forward_current_ma"": ""20""}",active,,https://example.com/datasheet/LED100000263.pdf,,
MEM100000264,MEM100000264,Macronix International,Macronix International,mem100000264,Memory IC,Memory IC,MEM100000264 Memory IC from Macronix International. Sourced via professional procurement support; specs below.,,,"{""memory_bytes"": ""16777216"", ""speed_hz"": ""104000000"", ""interface"": ""SPI""}",active,,https://example.com/datasheet/MEM100000264.pdf,,
XTAL100000265,XTAL100000265,Murata Manufacturing,Murata Manufacturing,xtal100000265,Crystal Oscillator,Crystal Oscillator,XTAL100000265 Crystal Oscillator from Murata Manufacturing. Sourced via professional procurement support; specs below.,,,"{""load_capacitance_pf"": ""18"", ""frequency_hz"": ""8000000""}",active,,https://example.com/datasheet/XTAL100000265.pdf,,
MCU100000266,MCU100000266,Nuvoton Technology,Nuvoton Technology,mcu100000266,Microcontroller,Microcontroller,MCU100000266 Microcontroller from Nuvoton Technology. Sourced via professional procurement support; specs below.,,,"{""voltage_v"": ""3.3"", ""package"": ""LQFP-48""}",active,,https://example.com/datasheet/MCU100000266.pdf,,
MOS100000267,MOS100000267,Yangjie,Yangjie,mos100000267,MOSFET,MOSFET,MOS100000267 MOSFET from Yangjie. Sourced via professional procurement support; specs below.,,,"{""id_a"": ""30"", ""vds_v"": ""55V"", ""package"": ""SOT-23""}",active,,https://example.com/datasheet/MOS100000267.pdf,,
RES100000268,RES100000268,Vishay Intertechnology,Vishay Intertechnology,res100000268,Resistor,Resistor,RES100000268 Resistor from Vishay Intertechnology. Sourced via professional procurement support; specs below.,,,"{""package"": ""0805"", ""power_rating_w"": ""0.25"", ""temperature_coeff"": ""X7R"", ""MTBF Hours"": ""100000""}",active,,https://example.com/datasheet/RES100000268.pdf,,
CAP100000269,CAP100000269,CapraMicro,CapraMicro,cap100000269,Capacitor,Capacitor,CAP100000269 Capacitor from CapraMicro. Sourced via professional procurement support; specs below.,,,"{""capacitance_pf"": ""100000"", ""temperature_coeff"": ""X7R"", ""voltage_rating_v"": ""50""}",active,,https://example.com/datasheet/CAP100000269.pdf,,
IND100000270,IND100000270,Murata Manufacturing,Murata Manufacturing,ind100000270,Inductor,Inductor,IND100000270 Inductor from Murata Manufacturing. Sourced via professional procurement support; specs below.,,,"{""current_rating_a"": ""1.5"", ""tolerance"": ""±20%"", ""inductance_uh"": ""4.7""}",active,,https://example.com/datasheet/IND100000270.pdf,,
SEN100000271,SEN100000271,STMicroelectronics,STMicroelectronics,sen100000271,Sensors,Sensors,SEN100000271 Sensors from STMicroelectronics. Sourced via professional procurement support; specs below.,,,"{""sensitivity_dbm"": ""260 LSB/g"", ""accuracy"": ""±0.5"", ""interface"": ""I2C"", ""resolution_bits"": ""12"", ""range"": ""0-40""}",active,,https://example.com/datasheet/SEN100000271.pdf,,
CON100000272,CON100000272,Hirose Electric,Hirose Electric,con100000272,Connectors,Connectors,CON100000272 Connectors from Hirose Electric. Sourced via professional procurement support; specs below.,,,"{""positions"": ""40"", ""current_rating_a"": ""3""}",active,,https://example.com/datasheet/CON100000272.pdf,,
MOD100000273,MOD100000273,Quectel,Quectel,mod100000273,Modules,Modules,MOD100000273 Modules from Quectel. Sourced via professional procurement support; specs below.,,,"{""data_rate_bps"": ""2000000"", ""output_power_dbm"": ""20"", ""sensitivity_dbm"": ""-95""}",active,,https://example.com/datasheet/MOD100000273.pdf,,
OPA100000274,OPA100000274,Analog Devices,Analog Devices,opa100000274,Analog IC,Analog IC,OPA100000274 Analog IC from Analog Devices. Sourced via professional procurement support; specs below.,,,"{""supply_current_ua"": ""200"", ""bandwidth_hz"": ""1000000"", ""Input Noise"": ""10nV""}",active,,https://example.com/datasheet/OPA100000274.pdf,,
PMIC100000275,PMIC100000275,Texas Instruments,Texas Instruments,pmic100000275,Power Management IC,Power Management IC,PMIC100000275 Power Management IC from Texas Instruments. Sourced via professional procurement support; specs below.,,,"[1, 2, 3]",active,,https://example.com/datasheet/PMIC100000275.pdf,,
DIO100000276,DIO100000276,Littelfuse,Littelfuse,dio100000276,Diode,Diode,DIO100000276 Diode from Littelfuse. Sourced via professional procurement support; specs below.,,,"{""vf_v"": ""0.7"", ""if_a"": ""1""}",active,,https://example.com/datasheet/DIO100000276.pdf,,
LED100000277,LED100000277,Everlight Electronics,Everlight Electronics,led100000277,LED Components,LED Components,LED100000277 LED Components from Everlight Electronics. Sourced via professional procurement support; specs below.,,,"{""wavelength_nm"": ""650"", ""forward_voltage_v"": ""2.1""}",active,,https://example.com/datasheet/LED100000277.pdf,,
MEM100000278,MEM100000278,Macronix International,Macronix International,mem100000278,Memory IC,Memory IC,MEM100000278 Memory IC from Macronix International. Sourced via professional procurement support; specs below.,,,"{""interface"": ""SPI"", ""memory_bytes"": ""16777216"", ""speed_hz"": ""104000000"", ""organization"": ""x8""}",active,,https://example.com/datasheet/MEM100000278.pdf,,
XTAL100000279,XTAL100000279,AbraconX,AbraconX,xtal100000279,Crystal Oscillator,Crystal Oscillator,XTAL100000279 Crystal Oscillator from AbraconX. Sourced via professional procurement support; specs below.,,,"{""frequency_hz"": ""8000000"", ""load_capacitance_pf"": ""18""}",active,,https://example.com/datasheet/XTAL100000279.pdf,,
MCU100000280,MCU100000280,Microchip Technology,Microchip Technology,mcu100000280,Microcontroller,Microcontroller,MCU100000280 Microcontroller from Microchip Technology. Sourced via professional procurement support; specs below.,,,"{""voltage_v"": ""3.3"", ""core"": ""ARM Cortex-M4"", ""io_count"": ""48"", ""package"": ""LQFP-48"", ""Operating Temp"": ""-40~85""}",active,,https://example.com/datasheet/MCU100000280.pdf,,
MOS100000281,MOS100000281,ON Semiconductor,ON Semiconductor,mos100000281,MOSFET,MOSFET,MOS100000281 MOSFET from ON Semiconductor. Sourced via professional procurement support; specs below.,,,"{""rds_on_mohm"": ""8"", ""id_a"": ""30"", ""vgs_th_v"": ""2.5""}",active,,https://example.com/datasheet/MOS100000281.pdf,,
RES100000282,RES100000282,Yageo,Yageo,res100000282,Resistor,Resistor,RES100000282 Resistor from Yageo. Sourced via professional procurement support; specs below.,,,"{""power_rating_w"": ""0.25"", ""resistance_ohm"": ""10kΩ"", ""temperature_coeff"": ""X7R"", ""package"": ""0805""}",active,,https://example.com/datasheet/RES100000282.pdf,,
CAP100000283,CAP100000283,Holy Stone,Holy Stone,cap100000283,Capacitor,Capacitor,CAP100000283 Capacitor from Holy Stone. Sourced via professional procurement support; specs below.,,,"{""package"": ""0603"", ""voltage_rating_v"": ""50"", ""capacitance_pf"": ""100000""}",active,,https://example.com/datasheet/CAP100000283.pdf,,
IND100000284,IND100000284,TDK Corporation,TDK Corporation,ind100000284,Inductor,Inductor,IND100000284 Inductor from TDK Corporation. Sourced via professional procurement support; specs below.,,,"{""inductance_uh"": ""4.7"", ""tolerance"": ""±20%"", ""package"": ""0805"", ""current_rating_a"": ""1.5""}",active,,https://example.com/datasheet/IND100000284.pdf,,
SEN100000285,SEN100000285,TE Connectivity,TE Connectivity,sen100000285,Sensors,Sensors,SEN100000285 Sensors from TE Connectivity. Sourced via professional procurement support; specs below.,,,"{""interface"": ""I2C"", ""sensitivity_dbm"": ""260 LSB/g""}",active,,https://example.com/datasheet/SEN100000285.pdf,,
CON100000286,CON100000286,Molex,Molex,con100000286,Connectors,Connectors,CON100000286 Connectors from Molex. Sourced via professional procurement support; specs below.,,,"{""current_rating_a"": ""3"", ""mounting"": ""SMD"", ""positions"": ""40""}",active,,https://example.com/datasheet/CON100000286.pdf,,
MOD100000287,MOD100000287,SIMCom,SIMCom,mod100000287,Modules,Modules,MOD100000287 Modules from SIMCom. Sourced via professional procurement support; specs below.,,,"{""modulation"": ""GFSK"", ""data_rate_bps"": ""2000000"", ""sensitivity_dbm"": ""-95""}",active,,https://example.com/datasheet/MOD100000287.pdf,,
OPA100000288,OPA100000288,Maxim Integrated,Maxim Integrated,opa100000288,Analog IC,Analog IC,OPA100000288 Analog IC from Maxim Integrated. Sourced via professional procurement support; specs below.,,,"{""gain_db"": ""100"", ""bandwidth_hz"": ""1000000""}",active,,https://example.com/datasheet/OPA100000288.pdf,,
PMIC100000289,PMIC100000289,Infineon Technologies,Infineon Technologies,pmic100000289,Power Management IC,Power Management IC,PMIC100000289 Power Management IC from Infineon Technologies. Sourced via professional procurement support; specs below.,,,"{""voltage_out_v"": ""5"", ""package"": ""SOT-23"", ""voltage_in_min_v"": ""4.5"", ""voltage_in_max_v"": ""28"", ""output_current_a"": ""3""}",active,,https://example.com/datasheet/PMIC100000289.pdf,,
DIO100000290,DIO100000290,Vishay Intertechnology,Vishay Intertechnology,dio100000290,Diode,Diode,DIO100000290 Diode from Vishay Intertechnology. Sourced via professional procurement support; specs below.,,,"{""vrrm_v"": ""100"", ""vf_v"": ""0.7""}",active,,https://example.com/datasheet/DIO100000290.pdf,,
LED100000291,LED100000291,Everlight Electronics,Everlight Electronics,led100000291,LED Components,LED Components,LED100000291 LED Components from Everlight Electronics. Sourced via professional procurement support; specs below.,,,"{""forward_voltage_v"": ""2.1"", ""wavelength_nm"": ""650"", ""forward_current_ma"": ""20""}",active,,https://example.com/datasheet/LED100000291.pdf,,
MEM100000292,MEM100000292,ISSI,ISSI,mem100000292,Memory IC,Memory IC,MEM100000292 Memory IC from ISSI. Sourced via professional procurement support; specs below.,,,"{""interface"": ""SPI"", ""organization"": ""x8"", ""memory_bytes"": ""16777216"", ""Access Time"": ""70ns""}",active,,https://example.com/datasheet/MEM100000292.pdf,,
XTAL100000293,XTAL100000293,Wurth Elektronik,Wurth Elektronik,xtal100000293,Crystal Oscillator,Crystal Oscillator,XTAL100000293 Crystal Oscillator from Wurth Elektronik. Sourced via professional procurement support; specs below.,,,"{""package"": ""SMD"", ""load_capacitance_pf"": ""18"", ""frequency_hz"": ""8000000""}",active,,https://example.com/datasheet/XTAL100000293.pdf,,
MCU100000294,MCU100000294,Nuvoton Technology,Nuvoton Technology,mcu100000294,Microcontroller,Microcontroller,MCU100000294 Microcontroller from Nuvoton Technology. Sourced via professional procurement support; specs below.,,,"{""ram_bytes"": ""20480"", ""frequency_hz"": ""72000000"", ""voltage_v"": ""3.3"", ""io_count"": ""48""}",active,,https://example.com/datasheet/MCU100000294.pdf,,
MOS100000295,MOS100000295,ON Semiconductor,ON Semiconductor,mos100000295,MOSFET,MOSFET,MOS100000295 MOSFET from ON Semiconductor. Sourced via professional procurement support; specs below.,,,"{""package"": ""SOT-23"", ""vgs_th_v"": ""2.5"", ""id_a"": ""30"", ""qg_nc"": ""45""}",active,,https://example.com/datasheet/MOS100000295.pdf,,
RES100000296,RES100000296,KEMET Electronics,KEMET Electronics,res100000296,Resistor,Resistor,RES100000296 Resistor from KEMET Electronics. Sourced via professional procurement support; specs below.,,,"{""power_rating_w"": ""0.25"", ""package"": ""0805"", ""resistance_ohm"": ""10000""}",active,,https://example.com/datasheet/RES100000296.pdf,,
CAP100000297,CAP100000297,Holy Stone,Holy Stone,cap100000297,Capacitor,Capacitor,CAP100000297 Capacitor from Holy Stone. Sourced via professional procurement support; specs below.,,,"{""temperature_coeff"": ""X7R"", ""package"": ""0603""}",active,,https://example.com/datasheet/CAP100000297.pdf,,
IND100000298,IND100000298,Murata Manufacturing,Murata Manufacturing,ind100000298,Inductor,Inductor,IND100000298 Inductor from Murata Manufacturing. Sourced via professional procurement support; specs below.,,,"{""inductance_uh"": ""4.7"", ""tolerance"": ""±20%"", ""current_rating_a"": ""1.5""}",active,,https://example.com/datasheet/IND100000298.pdf,,
SEN100000299,SEN100000299,TE Connectivity,TE Connectivity,sen100000299,Sensors,Sensors,SEN100000299 Sensors from TE Connectivity. Sourced via professional procurement support; specs below.,,,"{""resolution_bits"": ""12"", ""sensitivity_dbm"": ""260 LSB/g"", ""interface"": ""I2C""}",active,,https://example.com/datasheet/SEN100000299.pdf,,
CON100000300,CON100000300,Molex,Molex,con100000300,Connectors,Connectors,CON100000300 Connectors from Molex. Sourced via professional procurement support; specs below.,,,"{""positions"": ""40"", ""voltage_rating_v"": ""50"", ""current_rating_a"": ""3"", ""pitch_mm"": ""2.54"", ""mounting"": ""SMD""}",active,,https://example.com/datasheet/CON100000300.pdf,,
MOD100000301,MOD100000301,Semtech,Semtech,mod100000301,Modules,Modules,MOD100000301 Modules from Semtech. Sourced via professional procurement support; specs below.,,,"{""interface"": ""UART"", ""output_power_dbm"": ""20""}",active,,https://example.com/datasheet/MOD100000301.pdf,,
OPA100000302,OPA100000302,Analog Devices,Analog Devices,opa100000302,Analog IC,Analog IC,OPA100000302 Analog IC from Analog Devices. Sourced via professional procurement support; specs below.,,,"{""supply_current_ua"": ""200"", ""gain_db"": ""100"", ""package"": ""SOIC-8""}",active,,https://example.com/datasheet/OPA100000302.pdf,,
PMIC100000303,PMIC100000303,Infineon Technologies,Infineon Technologies,pmic100000303,Power Management IC,Power Management IC,PMIC100000303 Power Management IC from Infineon Technologies. Sourced via professional procurement support; specs below.,,,"{""efficiency_percent"": ""92"", ""voltage_in_min_v"": ""4.5"", ""output_current_a"": ""3"", ""voltage_out_v"": ""5""}",active,,https://example.com/datasheet/PMIC100000303.pdf,,
DIO100000304,DIO100000304,Littelfuse,Littelfuse,dio100000304,Diode,Diode,DIO100000304 Diode from Littelfuse. Sourced via professional procurement support; specs below.,,,"{""vrrm_v"": ""100"", ""vf_v"": ""0.7"", ""if_a"": ""1""}",active,,https://example.com/datasheet/DIO100000304.pdf,,
LED100000305,LED100000305,Lite-On Technology,Lite-On Technology,led100000305,LED Components,LED Components,LED100000305 LED Components from Lite-On Technology. Sourced via professional procurement support; specs below.,,,"{""forward_voltage_v"": ""2.1"", ""wavelength_nm"": ""650"", ""forward_current_ma"": ""20""}",active,,https://example.com/datasheet/LED100000305.pdf,,
MEM100000306,MEM100000306,Micron Technology,Micron Technology,mem100000306,Memory IC,Memory IC,MEM100000306 Memory IC from Micron Technology. Sourced via professional procurement support; specs below.,,,"{""speed_hz"": ""104000000"", ""organization"": ""x8""}",active,,https://example.com/datasheet/MEM100000306.pdf,,
XTAL100000307,XTAL100000307,TDK Corporation,TDK Corporation,xtal100000307,Crystal Oscillator,Crystal Oscillator,XTAL100000307 Crystal Oscillator from TDK Corporation. Sourced via professional procurement support; specs below.,,,"{""frequency_hz"": ""8000000"", ""load_capacitance_pf"": ""18""}",active,,https://example.com/datasheet/XTAL100000307.pdf,,
MCU100000308,MCU100000308,Microchip Technology,Microchip Technology,mcu100000308,Microcontroller,Microcontroller,MCU100000308 Microcontroller from Microchip Technology. Sourced via professional procurement support; specs below.,,,"{""voltage_v"": ""3.3"", ""ESD Rating"": ""2kV""}",active,,https://example.com/datasheet/MCU100000308.pdf,,
MOS100000309,MOS100000309,Yangjie,Yangjie,mos100000309,MOSFET,MOSFET,MOS100000309 MOSFET from Yangjie. Sourced via professional procurement support; specs below.,,,"{""rds_on_mohm"": ""8""}",active,,https://example.com/datasheet/MOS100000309.pdf,,
RES100000310,RES100000310,Bourns,Bourns,res100000310,Resistor,Resistor,RES100000310 Resistor from Bourns. Sourced via professional procurement support; specs below.,,,"{""tolerance"": ""±1%"", ""resistance_ohm"": ""10000"", ""power_rating_w"": ""0.25"", ""temperature_coeff"": ""X7R"", ""MTBF Hours"": ""100000""}",active,,https://example.com/datasheet/RES100000310.pdf,,
CAP100000311,CAP100000311,KEMET Electronics,KEMET Electronics,cap100000311,Capacitor,Capacitor,CAP100000311 Capacitor from KEMET Electronics. Sourced via professional procurement support; specs below.,,,"{""temperature_coeff"": ""X7R"", ""tolerance"": ""±10%""}",active,,https://example.com/datasheet/CAP100000311.pdf,,
IND100000312,IND100000312,Bourns,Bourns,ind100000312,Inductor,Inductor,IND100000312 Inductor from Bourns. Sourced via professional procurement support; specs below.,,,"{""tolerance"": ""±20%"", ""inductance_uh"": ""4.7""}",active,,https://example.com/datasheet/IND100000312.pdf,,
SEN100000313,SEN100000313,NXP Semiconductors,NXP Semiconductors,sen100000313,Sensors,Sensors,SEN100000313 Sensors from NXP Semiconductors. Sourced via professional procurement support; specs below.,,,"{""interface"": ""I2C"", ""accuracy"": ""±0.5"", ""resolution_bits"": ""12"", ""sensitivity_dbm"": ""260 LSB/g""}",active,,https://example.com/datasheet/SEN100000313.pdf,,
CON100000314,CON100000314,Molex,Molex,con100000314,Connectors,Connectors,CON100000314 Connectors from Molex. Sourced via professional procurement support; specs below.,,,"{""positions"": ""40"", ""pitch_mm"": ""2.54"", ""voltage_rating_v"": ""50"", ""current_rating_a"": ""3""}",active,,https://example.com/datasheet/CON100000314.pdf,,
MOD100000315,MOD100000315,Quectel,Quectel,mod100000315,Modules,Modules,MOD100000315 Modules from Quectel. Sourced via professional procurement support; specs below.,,,"{""sensitivity_dbm"": ""-95"", ""output_power_dbm"": ""20"", ""modulation"": ""GFSK""}",active,,https://example.com/datasheet/MOD100000315.pdf,,
OPA100000316,OPA100000316,Silicon Labs,Silicon Labs,opa100000316,Analog IC,Analog IC,OPA100000316 Analog IC from Silicon Labs. Sourced via professional procurement support; specs below.,,,"{""supply_current_ua"": ""200"", ""package"": ""SOIC-8"", ""gain_db"": ""100"", ""bandwidth_hz"": ""1000000"", ""Phase Margin"": ""60°""}",active,,https://example.com/datasheet/OPA100000316.pdf,,
PMIC100000317,PMIC100000317,Monolithic Power Systems,Monolithic Power Systems,pmic100000317,Power Management IC,Power Management IC,PMIC100000317 Power Management IC from Monolithic Power Systems. Sourced via professional procurement support; specs below.,,,"{""efficiency_percent"": ""92"", ""voltage_out_v"": ""5"", ""voltage_in_min_v"": ""4.5""}",active,,https://example.com/datasheet/PMIC100000317.pdf,,
DIO100000318,DIO100000318,Diodes Incorporated,Diodes Incorporated,dio100000318,Diode,Diode,DIO100000318 Diode from Diodes Incorporated. Sourced via professional procurement support; specs below.,,,"{""vrrm_v"": ""100"", ""if_a"": ""1""}",active,,https://example.com/datasheet/DIO100000318.pdf,,
LED100000319,LED100000319,OSRAM,OSRAM,led100000319,LED Components,LED Components,LED100000319 LED Components from OSRAM. Sourced via professional procurement support; specs below.,,,"{""wavelength_nm"": ""650"", ""package"": ""0805"", ""forward_voltage_v"": ""2.1"", ""forward_current_ma"": ""20""}",active,,https://example.com/datasheet/LED100000319.pdf,,
MEM100000320,MEM100000320,Micron Technology,Micron Technology,mem100000320,Memory IC,Memory IC,MEM100000320 Memory IC from Micron Technology. Sourced via professional procurement support; specs below.,,,"{""organization"": ""x8"", ""interface"": ""SPI""}",active,,https://example.com/datasheet/MEM100000320.pdf,,
XTAL100000321,XTAL100000321,TDK Corporation,TDK Corporation,xtal100000321,Crystal Oscillator,Crystal Oscillator,XTAL100000321 Crystal Oscillator from TDK Corporation. Sourced via professional procurement support; specs below.,,,"{""package"": ""SMD"", ""frequency_hz"": ""8000000"", ""load_capacitance_pf"": ""18""}",active,,https://example.com/datasheet/XTAL100000321.pdf,,
MCU100000322,MCU100000322,Microchip Technology,Microchip Technology,mcu100000322,Microcontroller,Microcontroller,MCU100000322 Microcontroller from Microchip Technology. Sourced via professional procurement support; specs below.,,,"{""ram_bytes"": ""20480"", ""frequency_hz"": ""72MHz""}",active,,https://example.com/datasheet/MCU100000322.pdf,,
MOS100000323,MOS100000323,Infineon Technologies,Infineon Technologies,mos100000323,MOSFET,MOSFET,MOS100000323 MOSFET from Infineon Technologies. Sourced via professional procurement support; specs below.,,,"{""package"": ""SOT-23"", ""vgs_th_v"": ""2.5"", ""vds_v"": ""55"", ""id_a"": ""30""}",active,,https://example.com/datasheet/MOS100000323.pdf,,
RES100000324,RES100000324,Bourns,Bourns,res100000324,Resistor,Resistor,RES100000324 Resistor from Bourns. Sourced via professional procurement support; specs below.,,,"{""power_rating_w"": ""0.25"", ""temperature_coeff"": ""X7R"", ""resistance_ohm"": ""10000"", ""package"": ""0805""}",active,,https://example.com/datasheet/RES100000324.pdf,,
CAP100000325,CAP100000325,KEMET Electronics,KEMET Electronics,cap100000325,Capacitor,Capacitor,CAP100000325 Capacitor from KEMET Electronics. Sourced via professional procurement support; specs below.,,,"{""temperature_coeff"": ""X7R"", ""capacitance_pf"": ""100000"", ""package"": ""0603"", ""tolerance"": ""±10%""}",active,,https://example.com/datasheet/CAP100000325.pdf,,
IND100000326,IND100000326,Wurth Elektronik,Wurth Elektronik,ind100000326,Inductor,Inductor,IND100000326 Inductor from Wurth Elektronik. Sourced via professional procurement support; specs below.,,,"{""package"": ""0805"", ""current_rating_a"": ""1.5"", ""inductance_uh"": ""4.7"", ""tolerance"": ""±20%""}",active,,https://example.com/datasheet/IND100000326.pdf,,
SEN100000327,SEN100000327,TE Connectivity,TE Connectivity,sen100000327,Sensors,Sensors,SEN100000327 Sensors from TE Connectivity. Sourced via professional procurement support; specs below.,,,"{""resolution_bits"": ""12"", ""accuracy"": ""±0.5"", ""sensitivity_dbm"": ""260 LSB/g"", ""interface"": ""I2C"", ""range"": ""0-40""}",active,,https://example.com/datasheet/SEN100000327.pdf,,
CON100000328,CON100000328,PlugWorks,PlugWorks,con100000328,Connectors,Connectors,CON100000328 Connectors from PlugWorks. Sourced via professional procurement support; specs below.,,,"{""mounting"": ""SMD"", ""current_rating_a"": ""3"", ""voltage_rating_v"": ""50"", ""positions"": ""40""}",active,,https://example.com/datasheet/CON100000328.pdf,,
MOD100000329,MOD100000329,Semtech,Semtech,mod100000329,Modules,Modules,MOD100000329 Modules from Semtech. Sourced via professional procurement support; specs below.,,,"{""interface"": ""UART""}",active,,https://example.com/datasheet/MOD100000329.pdf,,
OPA100000330,OPA100000330,Texas Instruments,Texas Instruments,opa100000330,Analog IC,Analog IC,OPA100000330 Analog IC from Texas Instruments. Sourced via professional procurement support; specs below.,,,"{""package"": ""SOIC-8"", ""bandwidth_hz"": ""1000000"", ""gain_db"": ""100"", ""supply_current_ua"": ""200""}",active,,https://example.com/datasheet/OPA100000330.pdf,,
PMIC100000331,PMIC100000331,Monolithic Power Systems,Monolithic Power Systems,pmic100000331,Power Management IC,Power Management IC,PMIC100000331 Power Management IC from Monolithic Power Systems. Sourced via professional procurement support; specs below.,,,"{""voltage_in_min_v"": ""4.5"", ""voltage_out_v"": ""5""}",active,,https://example.com/datasheet/PMIC100000331.pdf,,
DIO100000332,DIO100000332,Vishay Intertechnology,Vishay Intertechnology,dio100000332,Diode,Diode,DIO100000332 Diode from Vishay Intertechnology. Sourced via professional procurement support; specs below.,,,"{""vrrm_v"": ""100"", ""if_a"": ""1"", ""vf_v"": ""0.7""}",active,,https://example.com/datasheet/DIO100000332.pdf,,
LED100000333,LED100000333,Kingbright,Kingbright,led100000333,LED Components,LED Components,LED100000333 LED Components from Kingbright. Sourced via professional procurement support; specs below.,,,"{""forward_current_ma"": ""20"", ""wavelength_nm"": ""650"", ""forward_voltage_v"": ""2.1"", ""package"": ""0805""}",active,,https://example.com/datasheet/LED100000333.pdf,,
MEM100000334,MEM100000334,ISSI,ISSI,mem100000334,Memory IC,Memory IC,MEM100000334 Memory IC from ISSI. Sourced via professional procurement support; specs below.,,,"{""memory_bytes"": ""16777216"", ""speed_hz"": ""104000000"", ""organization"": ""x8"", ""interface"": ""SPI""}",active,,https://example.com/datasheet/MEM100000334.pdf,,
XTAL100000335,XTAL100000335,AbraconX,AbraconX,xtal100000335,Crystal Oscillator,Crystal Oscillator,XTAL100000335 Crystal Oscillator from AbraconX. Sourced via professional procurement support; specs below.,,,"{""load_capacitance_pf"": ""18"", ""frequency_hz"": ""8000000"", ""Frequency Tolerance"": ""±20ppm""}",active,,https://example.com/datasheet/XTAL100000335.pdf,,
MCU100000336,MCU100000336,GigaDevice Semiconductor,GigaDevice Semiconductor,mcu100000336,Microcontroller,Microcontroller,MCU100000336 Microcontroller from GigaDevice Semiconductor. Sourced via professional procurement support; specs below.,,,"{""frequency_hz"": ""72000000"", ""flash_bytes"": ""128KB"", ""io_count"": ""48""}",active,,https://example.com/datasheet/MCU100000336.pdf,,
MOS100000337,MOS100000337,Infineon Technologies,Infineon Technologies,mos100000337,MOSFET,MOSFET,MOS100000337 MOSFET from Infineon Technologies. Sourced via professional procurement support; specs below.,,,"{""vgs_th_v"": ""2.5"", ""id_a"": ""30"", ""vds_v"": ""55"", ""rds_on_mohm"": ""8"", ""Leakage Current"": ""1uA""}",active,,https://example.com/datasheet/MOS100000337.pdf,,
RES100000338,RES100000338,Vishay Intertechnology,Vishay Intertechnology,res100000338,Resistor,Resistor,RES100000338 Resistor from Vishay Intertechnology. Sourced via professional procurement support; specs below.,,,"{""power_rating_w"": ""0.25"", ""package"": ""0805"", ""Lifecycle Status"": ""Active""}",active,,https://example.com/datasheet/RES100000338.pdf,,
CAP100000339,CAP100000339,KEMET Electronics,KEMET Electronics,cap100000339,Capacitor,Capacitor,CAP100000339 Capacitor from KEMET Electronics. Sourced via professional procurement support; specs below.,,,"{""tolerance"": ""±10%"", ""temperature_coeff"": ""X7R"", ""voltage_rating_v"": ""50"", ""package"": ""0603"", ""Ripple Current"": ""100mA""}",active,,https://example.com/datasheet/CAP100000339.pdf,,
IND100000340,IND100000340,Bourns,Bourns,ind100000340,Inductor,Inductor,IND100000340 Inductor from Bourns. Sourced via professional procurement support; specs below.,,,"{""tolerance"": ""±20%"", ""current_rating_a"": ""1.5"", ""inductance_uh"": ""4.7"", ""package"": ""0805""}",active,,https://example.com/datasheet/IND100000340.pdf,,
SEN100000341,SEN100000341,BoschDummy,BoschDummy,sen100000341,Sensors,Sensors,SEN100000341 Sensors from BoschDummy. Sourced via professional procurement support; specs below.,,,"{""interface"": ""I2C"", ""accuracy"": ""±0.5"", ""sensitivity_dbm"": ""260 LSB/g""}",active,,https://example.com/datasheet/SEN100000341.pdf,,
CON100000342,CON100000342,PlugWorks,PlugWorks,con100000342,Connectors,Connectors,CON100000342 Connectors from PlugWorks. Sourced via professional procurement support; specs below.,,,"{""mounting"": ""SMD"", ""pitch_mm"": ""2.54"", ""voltage_rating_v"": ""50"", ""positions"": ""40""}",active,,https://example.com/datasheet/CON100000342.pdf,,
MOD100000343,MOD100000343,SIMCom,SIMCom,mod100000343,Modules,Modules,MOD100000343 Modules from SIMCom. Sourced via professional procurement support; specs below.,,,"{""output_power_dbm"": ""20"", ""sensitivity_dbm"": ""-95"", ""data_rate_bps"": ""2000000"", ""interface"": ""UART""}",active,,https://example.com/datasheet/MOD100000343.pdf,,
OPA100000344,OPA100000344,LinearX,LinearX,opa100000344,Analog IC,Analog IC,OPA100000344 Analog IC from LinearX. Sourced via professional procurement support; specs below.,,,"{""gain_db"": ""100"", ""bandwidth_hz"": ""1000000""}",active,,https://example.com/datasheet/OPA100000344.pdf,,
PMIC100000345,PMIC100000345,Richtek Technology,Richtek Technology,pmic100000345,Power Management IC,Power Management IC,PMIC100000345 Power Management IC from Richtek Technology. Sourced via professional procurement support; specs below.,,,"{""package"": ""SOT-23"", ""output_current_a"": ""3"", ""efficiency_percent"": ""92"", ""voltage_out_v"": ""5"", ""voltage_in_min_v"": ""4.5""}",active,,https://example.com/datasheet/PMIC100000345.pdf,,
DIO100000346,DIO100000346,Diodes Incorporated,Diodes Incorporated,dio100000346,Diode,Diode,DIO100000346 Diode from Diodes Incorporated. Sourced via professional procurement support; specs below.,,,"{""vrrm_v"": ""100"", ""if_a"": ""1""}",active,,https://example.com/datasheet/DIO100000346.pdf,,
LED100000347,LED100000347,OSRAM,OSRAM,led100000347,LED Components,LED Components,LED100000347 LED Components from OSRAM. Sourced via professional procurement support; specs below.,,,"{""package"": ""0805"", ""wavelength_nm"": ""650""}",active,,https://example.com/datasheet/LED100000347.pdf,,
MEM100000348,MEM100000348,StoreX,StoreX,mem100000348,Memory IC,Memory IC,MEM100000348 Memory IC from StoreX. Sourced via professional procurement support; specs below.,,,"{""organization"": ""x8"", ""speed_hz"": ""104000000""}",active,,https://example.com/datasheet/MEM100000348.pdf,,
XTAL100000349,XTAL100000349,Murata Manufacturing,Murata Manufacturing,xtal100000349,Crystal Oscillator,Crystal Oscillator,XTAL100000349 Crystal Oscillator from Murata Manufacturing. Sourced via professional procurement support; specs below.,,,"{""package"": ""SMD"", ""frequency_hz"": ""8000000""}",active,,https://example.com/datasheet/XTAL100000349.pdf,,
MCU100000350,MCU100000350,QubitCore,QubitCore,mcu100000350,Microcontroller,Microcontroller,MCU100000350 Microcontroller from QubitCore. Sourced via professional procurement support; specs below.,,,"{""voltage_v"": ""3.3"", ""frequency_hz"": ""72000000"", ""flash_bytes"": ""131072""}",active,,https://example.com/datasheet/MCU100000350.pdf,,
MOS100000351,MOS100000351,Infineon Technologies,Infineon Technologies,mos100000351,MOSFET,MOSFET,MOS100000351 MOSFET from Infineon Technologies. Sourced via professional procurement support; specs below.,,,"{""vgs_th_v"": ""2.5"", ""qg_nc"": ""45"", ""rds_on_mohm"": ""8""}",active,,https://example.com/datasheet/MOS100000351.pdf,,
RES100000352,RES100000352,Yageo,Yageo,res100000352,Resistor,Resistor,RES100000352 Resistor from Yageo. Sourced via professional procurement support; specs below.,,,"{""tolerance"": ""±1%"", ""power_rating_w"": ""0.25""}",active,,https://example.com/datasheet/RES100000352.pdf,,
CAP100000353,CAP100000353,Holy Stone,Holy Stone,cap100000353,Capacitor,Capacitor,CAP100000353 Capacitor from Holy Stone. Sourced via professional procurement support; specs below.,,,"{""voltage_rating_v"": ""50"", ""tolerance"": ""±10%""}",active,,https://example.com/datasheet/CAP100000353.pdf,,
IND100000354,IND100000354,TDK Corporation,TDK Corporation,ind100000354,Inductor,Inductor,IND100000354 Inductor from TDK Corporation. Sourced via professional procurement support; specs below.,,,"{""current_rating_a"": ""1.5"", ""package"": ""0805"", ""inductance_uh"": ""4.7""}",active,,https://example.com/datasheet/IND100000354.pdf,,
SEN100000355,SEN100000355,STMicroelectronics,STMicroelectronics,sen100000355,Sensors,Sensors,SEN100000355 Sensors from STMicroelectronics. Sourced via professional procurement support; specs below.,,,"{""sensitivity_dbm"": ""260 LSB/g"", ""range"": ""0-40"", ""accuracy"": ""±0.5"", ""interface"": ""I2C""}",active,,https://example.com/datasheet/SEN100000355.pdf,,
CON100000356,CON100000356,JST,JST,con100000356,Connectors,Connectors,CON100000356 Connectors from JST. Sourced via professional procurement support; specs below.,,,"{""positions"": ""40"", ""mounting"": ""SMD""}",active,,https://example.com/datasheet/CON100000356.pdf,,
MOD100000357,MOD100000357,Semtech,Semtech,mod100000357,Modules,Modules,MOD100000357 Modules from Semtech. Sourced via professional procurement support; specs below.,,,"{""interface"": ""UART"", ""data_rate_bps"": ""2Mbps""}",active,,https://example.com/datasheet/MOD100000357.pdf,,
OPA100000358,OPA100000358,Analog Devices,Analog Devices,opa100000358,Analog IC,Analog IC,OPA100000358 Analog IC from Analog Devices. Sourced via professional procurement support; specs below.,,,"{""bandwidth_hz"": ""1000000"", ""gain_db"": ""100""}",active,,https://example.com/datasheet/OPA100000358.pdf,,
PMIC100000359,PMIC100000359,SGMICRO,SGMICRO,pmic100000359,Power Management IC,Power Management IC,PMIC100000359 Power Management IC from SGMICRO. Sourced via professional procurement support; specs below.,,,"{""voltage_in_min_v"": ""4.5"", ""package"": ""SOT-23"", ""voltage_out_v"": ""5"", ""voltage_in_max_v"": ""28""}",active,,https://example.com/datasheet/PMIC100000359.pdf,,
DIO100000360,DIO100000360,ON Semiconductor,ON Semiconductor,dio100000360,Diode,Diode,DIO100000360 Diode from ON Semiconductor. Sourced via professional procurement support; specs below.,,,"{""vrrm_v"": ""100"", ""vf_v"": ""0.7"", ""if_a"": ""1""}",active,,https://example.com/datasheet/DIO100000360.pdf,,
LED100000361,LED100000361,Everlight Electronics,Everlight Electronics,led100000361,LED Components,LED Components,LED100000361 LED Components from Everlight Electronics. Sourced via professional procurement support; specs below.,,,"{""wavelength_nm"": ""650"", ""forward_voltage_v"": ""2.1"", ""package"": ""0805"", ""forward_current_ma"": ""20"", ""Luminous Intensity"": ""100mcd""}",active,,https://example.com/datasheet/LED100000361.pdf,,
MEM100000362,MEM100000362,MemCore,MemCore,mem100000362,Memory IC,Memory IC,MEM100000362 Memory IC from MemCore. Sourced via professional procurement support; specs below.,,,"{""speed_hz"": ""104000000"", ""memory_bytes"": ""16777216""}",active,,https://example.com/datasheet/MEM100000362.pdf,,
XTAL100000363,XTAL100000363,CrystaWorks,CrystaWorks,xtal100000363,Crystal Oscillator,Crystal Oscillator,XTAL100000363 Crystal Oscillator from CrystaWorks. Sourced via professional procurement support; specs below.,,,"{""package"": ""SMD"", ""load_capacitance_pf"": ""18""}",active,,https://example.com/datasheet/XTAL100000363.pdf,,
MCU100000364,MCU100000364,Microchip Technology,Microchip Technology,mcu100000364,Microcontroller,Microcontroller,MCU100000364 Microcontroller from Microchip Technology. Sourced via professional procurement support; specs below.,,,"{""package"": ""LQFP-48"", ""voltage_v"": ""3.3V"", ""core"": ""ARM Cortex-M4"", ""flash_bytes"": ""131072""}",active,,https://example.com/datasheet/MCU100000364.pdf,,
MOS100000365,MOS100000365,Yangjie,Yangjie,mos100000365,MOSFET,MOSFET,MOS100000365 MOSFET from Yangjie. Sourced via professional procurement support; specs below.,,,"{""vds_v"": ""55"", ""package"": ""SOT-23"", ""Leakage Current"": ""1uA""}",active,,https://example.com/datasheet/MOS100000365.pdf,,
RES100000366,RES100000366,KEMET Electronics,KEMET Electronics,res100000366,Resistor,Resistor,RES100000366 Resistor from KEMET Electronics. Sourced via professional procurement support; specs below.,,,"{""temperature_coeff"": ""X7R"", ""resistance_ohm"": ""10000"", ""package"": ""0805"", ""tolerance"": ""±1%""}",active,,https://example.com/datasheet/RES100000366.pdf,,
CAP100000367,CAP100000367,Holy Stone,Holy Stone,cap100000367,Capacitor,Capacitor,CAP100000367 Capacitor from Holy Stone. Sourced via professional procurement support; specs below.,,,"{""capacitance_pf"": ""100nF"", ""voltage_rating_v"": ""50"", ""tolerance"": ""±10%"", ""temperature_coeff"": ""X7R""}",active,,https://example.com/datasheet/CAP100000367.pdf,,
IND100000368,IND100000368,Bourns,Bourns,ind100000368,Inductor,Inductor,IND100000368 Inductor from Bourns. Sourced via professional procurement support; specs below.,,,"{""tolerance"": ""±20%"", ""inductance_uh"": ""4.7"", ""package"": ""0805""}",active,,https://example.com/datasheet/IND100000368.pdf,,
SEN100000369,SEN100000369,STMicroelectronics,STMicroelectronics,sen100000369,Sensors,Sensors,SEN100000369 Sensors from STMicroelectronics. Sourced via professional procurement support; specs below.,,,"{""sensitivity_dbm"": ""260 LSB/g"", ""range"": ""0-40"", ""accuracy"": ""±0.5"", ""resolution_bits"": ""12"", ""interface"": ""I2C""}",active,,https://example.com/datasheet/SEN100000369.pdf,,
CON100000370,CON100000370,Amphenol,Amphenol,con100000370,Connectors,Connectors,CON100000370 Connectors from Amphenol. Sourced via professional procurement support; specs below.,,,"{""voltage_rating_v"": ""50"", ""mounting"": ""SMD"", ""positions"": ""40"", ""Contact Plating"": ""Gold""}",active,,https://example.com/datasheet/CON100000370.pdf,,
MOD100000371,MOD100000371,SIMCom,SIMCom,mod100000371,Modules,Modules,MOD100000371 Modules from SIMCom. Sourced via professional procurement support; specs below.,,,"{""output_power_dbm"": ""20"", ""data_rate_bps"": ""2000000"", ""modulation"": ""GFSK"", ""interface"": ""UART""}",active,,https://example.com/datasheet/MOD100000371.pdf,,
OPA100000372,OPA100000372,Texas Instruments,Texas Instruments,opa100000372,Analog IC,Analog IC,OPA100000372 Analog IC from Texas Instruments. Sourced via professional procurement support; specs below.,,,"{""supply_current_ua"": ""200"", ""gain_db"": ""100""}",active,,https://example.com/datasheet/OPA100000372.pdf,,
PMIC100000373,PMIC100000373,SGMICRO,SGMICRO,pmic100000373,Power Management IC,Power Management IC,PMIC100000373 Power Management IC from SGMICRO. Sourced via professional procurement support; specs below.,,,"{""voltage_in_max_v"": ""28"", ""voltage_in_min_v"": ""4.5"", ""Power Good"": ""yes""}",active,,https://example.com/datasheet/PMIC100000373.pdf,,
DIO100000374,DIO100000374,Littelfuse,Littelfuse,dio100000374,Diode,Diode,DIO100000374 Diode from Littelfuse. Sourced via professional procurement support; specs below.,,,"{""vf_v"": ""0.7"", ""if_a"": ""1"", ""vrrm_v"": ""100""}",active,,https://example.com/datasheet/DIO100000374.pdf,,
LED100000375,LED100000375,Lite-On Technology,Lite-On Technology,led100000375,LED Components,LED Components,LED100000375 LED Components from Lite-On Technology. Sourced via professional procurement support; specs below.,,,"{""package"": ""0805"", ""forward_current_ma"": ""20""}",active,,https://example.com/datasheet/LED100000375.pdf,,
MEM100000376,MEM100000376,SK Hynix,SK Hynix,mem100000376,Memory IC,Memory IC,MEM100000376 Memory IC from SK Hynix. Sourced via professional procurement support; specs below.,,,"{""interface"": ""SPI"", ""memory_bytes"": ""16777216"", ""speed_hz"": ""104000000""}",active,,https://example.com/datasheet/MEM100000376.pdf,,
XTAL100000377,XTAL100000377,TDK Corporation,TDK Corporation,xtal100000377,Crystal Oscillator,Crystal Oscillator,XTAL100000377 Crystal Oscillator from TDK Corporation. Sourced via professional procurement support; specs below.,,,"{""load_capacitance_pf"": ""18"", ""frequency_hz"": ""8000000""}",active,,https://example.com/datasheet/XTAL100000377.pdf,,
MCU100000378,MCU100000378,QubitCore,QubitCore,mcu100000378,Microcontroller,Microcontroller,MCU100000378 Microcontroller from QubitCore. Sourced via professional procurement support; specs below.,,,"{""flash_bytes"": ""131072"", ""core"": ""ARM Cortex-M4""}",active,,https://example.com/datasheet/MCU100000378.pdf,,
MOS100000379,MOS100000379,Vishay Intertechnology,Vishay Intertechnology,mos100000379,MOSFET,MOSFET,MOS100000379 MOSFET from Vishay Intertechnology. Sourced via professional procurement support; specs below.,,,"{""qg_nc"": ""45"", ""vds_v"": ""55""}",active,,https://example.com/datasheet/MOS100000379.pdf,,
RES100000380,RES100000380,Yageo,Yageo,res100000380,Resistor,Resistor,RES100000380 Resistor from Yageo. Sourced via professional procurement support; specs below.,,,"{""temperature_coeff"": ""X7R"", ""power_rating_w"": ""0.25"", ""resistance_ohm"": ""10000"", ""package"": ""0805""}",active,,https://example.com/datasheet/RES100000380.pdf,,
CAP100000381,CAP100000381,Holy Stone,Holy Stone,cap100000381,Capacitor,Capacitor,CAP100000381 Capacitor from Holy Stone. Sourced via professional procurement support; specs below.,,,"{""voltage_rating_v"": ""50"", ""temperature_coeff"": ""X7R"", ""capacitance_pf"": ""100000"", ""package"": ""0603""}",active,,https://example.com/datasheet/CAP100000381.pdf,,
IND100000382,IND100000382,CoilWorks,CoilWorks,ind100000382,Inductor,Inductor,IND100000382 Inductor from CoilWorks. Sourced via professional procurement support; specs below.,,,"{""current_rating_a"": ""1.5"", ""package"": ""0805"", ""inductance_uh"": ""4.7"", ""tolerance"": ""±20%"", ""Self Resonant Freq"": ""50MHz""}",active,,https://example.com/datasheet/IND100000382.pdf,,
SEN100000383,SEN100000383,NXP Semiconductors,NXP Semiconductors,sen100000383,Sensors,Sensors,SEN100000383 Sensors from NXP Semiconductors. Sourced via professional procurement support; specs below.,,,"{""accuracy"": ""±0.5"", ""interface"": ""I2C"", ""range"": ""0-40"", ""resolution_bits"": ""12"", ""sensitivity_dbm"": ""260 LSB/g""}",active,,https://example.com/datasheet/SEN100000383.pdf,,
CON100000384,CON100000384,TE Connectivity,TE Connectivity,con100000384,Connectors,Connectors,CON100000384 Connectors from TE Connectivity. Sourced via professional procurement support; specs below.,,,"{""voltage_rating_v"": ""50"", ""current_rating_a"": ""3"", ""positions"": ""40""}",active,,https://example.com/datasheet/CON100000384.pdf,,
MOD100000385,MOD100000385,Espressif Systems,Espressif Systems,mod100000385,Modules,Modules,MOD100000385 Modules from Espressif Systems. Sourced via professional procurement support; specs below.,,,"{""interface"": ""UART"", ""data_rate_bps"": ""2000000"", ""sensitivity_dbm"": ""-95""}",active,,https://example.com/datasheet/MOD100000385.pdf,,
OPA100000386,OPA100000386,Analog Devices,Analog Devices,opa100000386,Analog IC,Analog IC,OPA100000386 Analog IC from Analog Devices. Sourced via professional procurement support; specs below.,,,"{""supply_current_ua"": ""200"", ""package"": ""SOIC-8""}",active,,https://example.com/datasheet/OPA100000386.pdf,,
PMIC100000387,PMIC100000387,Monolithic Power Systems,Monolithic Power Systems,pmic100000387,Power Management IC,Power Management IC,PMIC100000387 Power Management IC from Monolithic Power Systems. Sourced via professional procurement support; specs below.,,,"{""voltage_out_v"": ""5"", ""output_current_a"": ""3"", ""package"": ""SOT-23""}",active,,https://example.com/datasheet/PMIC100000387.pdf,,
DIO100000388,DIO100000388,ON Semiconductor,ON Semiconductor,dio100000388,Diode,Diode,DIO100000388 Diode from ON Semiconductor. Sourced via professional procurement support; specs below.,,,"{""vf_v"": ""0.7"", ""vrrm_v"": ""100"", ""if_a"": ""1""}",active,,https://example.com/datasheet/DIO100000388.pdf,,
LED100000389,LED100000389,LedWorks,LedWorks,led100000389,LED Components,LED Components,LED100000389 LED Components from LedWorks. Sourced via professional procurement support; specs below.,,,"{""forward_voltage_v"": ""2.1"", ""wavelength_nm"": ""650""}",active,,https://example.com/datasheet/LED100000389.pdf,,
MEM100000390,MEM100000390,SK Hynix,SK Hynix,mem100000390,Memory IC,Memory IC,MEM100000390 Memory IC from SK Hynix. Sourced via professional procurement support; specs below.,,,"{""memory_bytes"": ""16777216"", ""speed_hz"": ""104000000"", ""Access Time"": ""70ns""}",active,,https://example.com/datasheet/MEM100000390.pdf,,
XTAL100000391,XTAL100000391,Murata Manufacturing,Murata Manufacturing,xtal100000391,Crystal Oscillator,Crystal Oscillator,XTAL100000391 Crystal Oscillator from Murata Manufacturing. Sourced via professional procurement support; specs below.,,,"{""frequency_hz"": ""8000000"", ""package"": ""SMD""}",active,,https://example.com/datasheet/XTAL100000391.pdf,,
MCU100000392,MCU100000392,Microchip Technology,Microchip Technology,mcu100000392,Microcontroller,Microcontroller,MCU100000392 Microcontroller from Microchip Technology. Sourced via professional procurement support; specs below.,,,"{""frequency_hz"": ""72000000"", ""voltage_v"": ""3.3"", ""core"": ""ARM Cortex-M4""}",active,,https://example.com/datasheet/MCU100000392.pdf,,
MOS100000393,MOS100000393,Yangjie,Yangjie,mos100000393,MOSFET,MOSFET,MOS100000393 MOSFET from Yangjie. Sourced via professional procurement support; specs below.,,,"{""id_a"": ""30"", ""rds_on_mohm"": ""8mΩ"", ""vgs_th_v"": ""2.5"", ""vds_v"": ""55""}",active,,https://example.com/datasheet/MOS100000393.pdf,,
RES100000394,RES100000394,Bourns,Bourns,res100000394,Resistor,Resistor,RES100000394 Resistor from Bourns. Sourced via professional procurement support; specs below.,,,"{""resistance_ohm"": ""10000"", ""tolerance"": ""±1%"", ""power_rating_w"": ""0.25"", ""temperature_coeff"": ""X7R"", ""Lifecycle Status"": ""Active""}",active,,https://example.com/datasheet/RES100000394.pdf,,
CAP100000395,CAP100000395,Murata Manufacturing,Murata Manufacturing,cap100000395,Capacitor,Capacitor,CAP100000395 Capacitor from Murata Manufacturing. Sourced via professional procurement support; specs below.,,,"{""temperature_coeff"": ""X7R"", ""package"": ""0603"", ""voltage_rating_v"": ""50""}",active,,https://example.com/datasheet/CAP100000395.pdf,,
IND100000396,IND100000396,Murata Manufacturing,Murata Manufacturing,ind100000396,Inductor,Inductor,IND100000396 Inductor from Murata Manufacturing. Sourced via professional procurement support; specs below.,,,"{""current_rating_a"": ""1.5"", ""inductance_uh"": ""4.7"", ""package"": ""0805"", ""Self Resonant Freq"": ""50MHz""}",active,,https://example.com/datasheet/IND100000396.pdf,,
SEN100000397,SEN100000397,STMicroelectronics,STMicroelectronics,sen100000397,Sensors,Sensors,SEN100000397 Sensors from STMicroelectronics. Sourced via professional procurement support; specs below.,,,"{""sensitivity_dbm"": ""260 LSB/g"", ""resolution_bits"": ""12"", ""interface"": ""I2C"", ""range"": ""0-40""}",active,,https://example.com/datasheet/SEN100000397.pdf,,
CON100000398,CON100000398,Molex,Molex,con100000398,Connectors,Connectors,CON100000398 Connectors from Molex. Sourced via professional procurement support; specs below.,,,"{""pitch_mm"": ""2.54"", ""voltage_rating_v"": ""50"", ""current_rating_a"": ""3"", ""positions"": ""40"", ""mounting"": ""SMD""}",active,,https://example.com/datasheet/CON100000398.pdf,,
MOD100000399,MOD100000399,u-blox,u-blox,mod100000399,Modules,Modules,MOD100000399 Modules from u-blox. Sourced via professional procurement support; specs below.,,,"{""interface"": ""UART"", ""output_power_dbm"": ""20"", ""modulation"": ""GFSK"", ""data_rate_bps"": ""2Mbps""}",active,,https://example.com/datasheet/MOD100000399.pdf,,
OPA100000400,OPA100000400,Analog Devices,Analog Devices,opa100000400,Analog IC,Analog IC,OPA100000400 Analog IC from Analog Devices. Sourced via professional procurement support; specs below.,,,"{""gain_db"": ""100"", ""package"": ""SOIC-8"", ""bandwidth_hz"": ""1000000"", ""supply_current_ua"": ""200""}",active,,https://example.com/datasheet/OPA100000400.pdf,,
PMIC100000401,PMIC100000401,Texas Instruments,Texas Instruments,pmic100000401,Power Management IC,Power Management IC,PMIC100000401 Power Management IC from Texas Instruments. Sourced via professional procurement support; specs below.,,,"{""voltage_out_v"": ""5"", ""output_current_a"": ""3"", ""package"": ""SOT-23""}",active,,https://example.com/datasheet/PMIC100000401.pdf,,
DIO100000402,DIO100000402,ON Semiconductor,ON Semiconductor,dio100000402,Diode,Diode,DIO100000402 Diode from ON Semiconductor. Sourced via professional procurement support; specs below.,,,"{""vrrm_v"": ""100"", ""vf_v"": ""0.7""}",active,,https://example.com/datasheet/DIO100000402.pdf,,
LED100000403,LED100000403,Everlight Electronics,Everlight Electronics,led100000403,LED Components,LED Components,LED100000403 LED Components from Everlight Electronics. Sourced via professional procurement support; specs below.,,,"{""wavelength_nm"": ""650"", ""package"": ""0805"", ""forward_current_ma"": ""20"", ""forward_voltage_v"": ""2.1""}",active,,https://example.com/datasheet/LED100000403.pdf,,
MEM100000404,MEM100000404,Winbond Electronics,Winbond Electronics,mem100000404,Memory IC,Memory IC,MEM100000404 Memory IC from Winbond Electronics. Sourced via professional procurement support; specs below.,,,"{""organization"": ""x8"", ""interface"": ""SPI"", ""memory_bytes"": ""16777216""}",active,,https://example.com/datasheet/MEM100000404.pdf,,
XTAL100000405,XTAL100000405,Murata Manufacturing,Murata Manufacturing,xtal100000405,Crystal Oscillator,Crystal Oscillator,XTAL100000405 Crystal Oscillator from Murata Manufacturing. Sourced via professional procurement support; specs below.,,,"[1, 2, 3]",active,,https://example.com/datasheet/XTAL100000405.pdf,,
MCU100000406,MCU100000406,Microchip Technology,Microchip Technology,mcu100000406,Microcontroller,Microcontroller,MCU100000406 Microcontroller from Microchip Technology. Sourced via professional procurement support; specs below.,,,"{""io_count"": ""48"", ""package"": ""LQFP-48"", ""frequency_hz"": ""72000000"", ""ram_bytes"": ""20480""}",active,,https://example.com/datasheet/MCU100000406.pdf,,
MOS100000407,MOS100000407,Infineon Technologies,Infineon Technologies,mos100000407,MOSFET,MOSFET,MOS100000407 MOSFET from Infineon Technologies. Sourced via professional procurement support; specs below.,,,"{""id_a"": ""30A"", ""rds_on_mohm"": ""8"", ""Leakage Current"": ""1uA""}",active,,https://example.com/datasheet/MOS100000407.pdf,,
RES100000408,RES100000408,Bourns,Bourns,res100000408,Resistor,Resistor,RES100000408 Resistor from Bourns. Sourced via professional procurement support; specs below.,,,"{""package"": ""0805"", ""tolerance"": ""±1%"", ""power_rating_w"": ""0.25"", ""Lifecycle Status"": ""Active""}",active,,https://example.com/datasheet/RES100000408.pdf,,
CAP100000409,CAP100000409,KEMET Electronics,KEMET Electronics,cap100000409,Capacitor,Capacitor,CAP100000409 Capacitor from KEMET Electronics. Sourced via professional procurement support; specs below.,,,"{""voltage_rating_v"": ""50"", ""package"": ""0603"", ""capacitance_pf"": ""100000"", ""temperature_coeff"": ""X7R""}",active,,https://example.com/datasheet/CAP100000409.pdf,,
IND100000410,IND100000410,Murata Manufacturing,Murata Manufacturing,ind100000410,Inductor,Inductor,IND100000410 Inductor from Murata Manufacturing. Sourced via professional procurement support; specs below.,,,"{""package"": ""0805"", ""inductance_uh"": ""4.7"", ""current_rating_a"": ""1.5""}",active,,https://example.com/datasheet/IND100000410.pdf,,
SEN100000411,SEN100000411,BoschDummy,BoschDummy,sen100000411,Sensors,Sensors,SEN100000411 Sensors from BoschDummy. Sourced via professional procurement support; specs below.,,,"{""sensitivity_dbm"": ""260 LSB/g"", ""interface"": ""I2C"", ""accuracy"": ""±0.5""}",active,,https://example.com/datasheet/SEN100000411.pdf,,
CON100000412,CON100000412,Hirose Electric,Hirose Electric,con100000412,Connectors,Connectors,CON100000412 Connectors from Hirose Electric. Sourced via professional procurement support; specs below.,,,"{""current_rating_a"": ""3"", ""voltage_rating_v"": ""50"", ""mounting"": ""SMD""}",active,,https://example.com/datasheet/CON100000412.pdf,,
MOD100000413,MOD100000413,Semtech,Semtech,mod100000413,Modules,Modules,MOD100000413 Modules from Semtech. Sourced via professional procurement support; specs below.,,,"{""modulation"": ""GFSK"", ""output_power_dbm"": ""20"", ""sensitivity_dbm"": ""-95""}",active,,https://example.com/datasheet/MOD100000413.pdf,,
OPA100000414,OPA100000414,Analog Devices,Analog Devices,opa100000414,Analog IC,Analog IC,OPA100000414 Analog IC from Analog Devices. Sourced via professional procurement support; specs below.,,,"{""package"": ""SOIC-8"", ""supply_current_ua"": ""200"", ""bandwidth_hz"": ""1000000"", ""gain_db"": ""100""}",active,,https://example.com/datasheet/OPA100000414.pdf,,
PMIC100000415,PMIC100000415,Richtek Technology,Richtek Technology,pmic100000415,Power Management IC,Power Management IC,PMIC100000415 Power Management IC from Richtek Technology. Sourced via professional procurement support; specs below.,,,"{""efficiency_percent"": ""92"", ""package"": ""SOT-23""}",active,,https://example.com/datasheet/PMIC100000415.pdf,,
DIO100000416,DIO100000416,ON Semiconductor,ON Semiconductor,dio100000416,Diode,Diode,DIO100000416 Diode from ON Semiconductor. Sourced via professional procurement support; specs below.,,,"{""if_a"": ""1"", ""vrrm_v"": ""100""}",active,,https://example.com/datasheet/DIO100000416.pdf,,
LED100000417,LED100000417,Everlight Electronics,Everlight Electronics,led100000417,LED Components,LED Components,LED100000417 LED Components from Everlight Electronics. Sourced via professional procurement support; specs below.,,,"{""forward_voltage_v"": ""2.1"", ""forward_current_ma"": ""20""}",active,,https://example.com/datasheet/LED100000417.pdf,,
MEM100000418,MEM100000418,Micron Technology,Micron Technology,mem100000418,Memory IC,Memory IC,MEM100000418 Memory IC from Micron Technology. Sourced via professional procurement support; specs below.,,,"{""interface"": ""SPI"", ""organization"": ""x8"", ""memory_bytes"": ""16777216""}",active,,https://example.com/datasheet/MEM100000418.pdf,,
XTAL100000419,XTAL100000419,Murata Manufacturing,Murata Manufacturing,xtal100000419,Crystal Oscillator,Crystal Oscillator,XTAL100000419 Crystal Oscillator from Murata Manufacturing. Sourced via professional procurement support; specs below.,,,"{""frequency_hz"": ""8000000"", ""package"": ""SMD"", ""load_capacitance_pf"": ""18""}",active,,https://example.com/datasheet/XTAL100000419.pdf,,
MCU100000420,MCU100000420,Holtek Semiconductor,Holtek Semiconductor,mcu100000420,Microcontroller,Microcontroller,MCU100000420 Microcontroller from Holtek Semiconductor. Sourced via professional procurement support; specs below.,,,"{""voltage_v"": ""3.3"", ""flash_bytes"": ""131072"", ""frequency_hz"": ""72000000""}",active,,https://example.com/datasheet/MCU100000420.pdf,,
MOS100000421,MOS100000421,Vishay Intertechnology,Vishay Intertechnology,mos100000421,MOSFET,MOSFET,MOS100000421 MOSFET from Vishay Intertechnology. Sourced via professional procurement support; specs below.,,,"{""package"": ""SOT-23"", ""rds_on_mohm"": ""8mΩ"", ""Gate Charge Type"": ""standard""}",active,,https://example.com/datasheet/MOS100000421.pdf,,
RES100000422,RES100000422,Fenghua,Fenghua,res100000422,Resistor,Resistor,RES100000422 Resistor from Fenghua. Sourced via professional procurement support; specs below.,,,"{""package"": ""0805"", ""tolerance"": ""±1%"", ""temperature_coeff"": ""X7R""}",active,,https://example.com/datasheet/RES100000422.pdf,,
CAP100000423,CAP100000423,Murata Manufacturing,Murata Manufacturing,cap100000423,Capacitor,Capacitor,CAP100000423 Capacitor from Murata Manufacturing. Sourced via professional procurement support; specs below.,,,"{""temperature_coeff"": ""X7R"", ""package"": ""0603""}",active,,https://example.com/datasheet/CAP100000423.pdf,,
IND100000424,IND100000424,Wurth Elektronik,Wurth Elektronik,ind100000424,Inductor,Inductor,IND100000424 Inductor from Wurth Elektronik. Sourced via professional procurement support; specs below.,,,"{""inductance_uh"": ""4.7"", ""package"": ""0805""}",active,,https://example.com/datasheet/IND100000424.pdf,,
SEN100000425,SEN100000425,BoschDummy,BoschDummy,sen100000425,Sensors,Sensors,SEN100000425 Sensors from BoschDummy. Sourced via professional procurement support; specs below.,,,"{""accuracy"": ""±0.5"", ""range"": ""0-40"", ""resolution_bits"": ""12""}",active,,https://example.com/datasheet/SEN100000425.pdf,,
CON100000426,CON100000426,TE Connectivity,TE Connectivity,con100000426,Connectors,Connectors,CON100000426 Connectors from TE Connectivity. Sourced via professional procurement support; specs below.,,,"{""voltage_rating_v"": ""50"", ""current_rating_a"": ""3""}",active,,https://example.com/datasheet/CON100000426.pdf,,
MOD100000427,MOD100000427,Espressif Systems,Espressif Systems,mod100000427,Modules,Modules,MOD100000427 Modules from Espressif Systems. Sourced via professional procurement support; specs below.,,,"{""output_power_dbm"": ""20"", ""sensitivity_dbm"": ""-95"", ""modulation"": ""GFSK"", ""data_rate_bps"": ""2Mbps""}",active,,https://example.com/datasheet/MOD100000427.pdf,,
OPA100000428,OPA100000428,Analog Devices,Analog Devices,opa100000428,Analog IC,Analog IC,OPA100000428 Analog IC from Analog Devices. Sourced via professional procurement support; specs below.,,,"{""gain_db"": ""100"", ""package"": ""SOIC-8"", ""bandwidth_hz"": ""1000000"", ""supply_current_ua"": ""200""}",active,,https://example.com/datasheet/OPA100000428.pdf,,
PMIC100000429,PMIC100000429,Infineon Technologies,Infineon Technologies,pmic100000429,Power Management IC,Power Management IC,PMIC100000429 Power Management IC from Infineon Technologies. Sourced via professional procurement support; specs below.,,,"{""output_current_a"": ""3"", ""voltage_in_max_v"": ""28"", ""efficiency_percent"": ""92"", ""voltage_in_min_v"": ""4.5""}",active,,https://example.com/datasheet/PMIC100000429.pdf,,
DIO100000430,DIO100000430,Littelfuse,Littelfuse,dio100000430,Diode,Diode,DIO100000430 Diode from Littelfuse. Sourced via professional procurement support; specs below.,,,"{""if_a"": ""1"", ""vrrm_v"": ""100"", ""vf_v"": ""0.7""}",active,,https://example.com/datasheet/DIO100000430.pdf,,
LED100000431,LED100000431,Everlight Electronics,Everlight Electronics,led100000431,LED Components,LED Components,LED100000431 LED Components from Everlight Electronics. Sourced via professional procurement support; specs below.,,,"{""package"": ""0805"", ""forward_voltage_v"": ""2.1"", ""wavelength_nm"": ""650""}",active,,https://example.com/datasheet/LED100000431.pdf,,
MEM100000432,MEM100000432,StoreX,StoreX,mem100000432,Memory IC,Memory IC,MEM100000432 Memory IC from StoreX. Sourced via professional procurement support; specs below.,,,"{""speed_hz"": ""104000000"", ""interface"": ""SPI"", ""memory_bytes"": ""16777216""}",active,,https://example.com/datasheet/MEM100000432.pdf,,
XTAL100000433,XTAL100000433,AbraconX,AbraconX,xtal100000433,Crystal Oscillator,Crystal Oscillator,XTAL100000433 Crystal Oscillator from AbraconX. Sourced via professional procurement support; specs below.,,,"{""frequency_hz"": ""8000000"", ""load_capacitance_pf"": ""18"", ""package"": ""SMD""}",active,,https://example.com/datasheet/XTAL100000433.pdf,,
MCU100000434,MCU100000434,STMicroelectronics,STMicroelectronics,mcu100000434,Microcontroller,Microcontroller,MCU100000434 Microcontroller from STMicroelectronics. Sourced via professional procurement support; specs below.,,,"{""voltage_v"": ""3.3"", ""flash_bytes"": ""131072"", ""ram_bytes"": ""20480""}",active,,https://example.com/datasheet/MCU100000434.pdf,,
MOS100000435,MOS100000435,Alpha & Omega Semiconductor,Alpha & Omega Semiconductor,mos100000435,MOSFET,MOSFET,MOS100000435 MOSFET from Alpha & Omega Semiconductor. Sourced via professional procurement support; specs below.,,,"{""package"": ""SOT-23"", ""rds_on_mohm"": ""8"", ""id_a"": ""30"", ""vgs_th_v"": ""2.5""}",active,,https://example.com/datasheet/MOS100000435.pdf,,
RES100000436,RES100000436,KEMET Electronics,KEMET Electronics,res100000436,Resistor,Resistor,RES100000436 Resistor from KEMET Electronics. Sourced via professional procurement support; specs below.,,,"[1, 2, 3]",active,,https://example.com/datasheet/RES100000436.pdf,,
CAP100000437,CAP100000437,TDK Corporation,TDK Corporation,cap100000437,Capacitor,Capacitor,CAP100000437 Capacitor from TDK Corporation. Sourced via professional procurement support; specs below.,,,"{""package"": ""0603"", ""capacitance_pf"": ""100nF""}",active,,https://example.com/datasheet/CAP100000437.pdf,,
IND100000438,IND100000438,CoilWorks,CoilWorks,ind100000438,Inductor,Inductor,IND100000438 Inductor from CoilWorks. Sourced via professional procurement support; specs below.,,,"{""tolerance"": ""±20%"", ""inductance_uh"": ""4.7""}",active,,https://example.com/datasheet/IND100000438.pdf,,
SEN100000439,SEN100000439,BoschDummy,BoschDummy,sen100000439,Sensors,Sensors,SEN100000439 Sensors from BoschDummy. Sourced via professional procurement support; specs below.,,,"{""range"": ""0-40"", ""sensitivity_dbm"": ""260 LSB/g""}",active,,https://example.com/datasheet/SEN100000439.pdf,,
CON100000440,CON100000440,JST,JST,con100000440,Connectors,Connectors,CON100000440 Connectors from JST. Sourced via professional procurement support; specs below.,,,"{""mounting"": ""SMD"", ""current_rating_a"": ""3""}",active,,https://example.com/datasheet/CON100000440.pdf,,
MOD100000441,MOD100000441,ModuLink,ModuLink,mod100000441,Modules,Modules,MOD100000441 Modules from ModuLink. Sourced via professional procurement support; specs below.,,,"{""data_rate_bps"": ""2000000"", ""interface"": ""UART""}",active,,https://example.com/datasheet/MOD100000441.pdf,,
OPA100000442,OPA100000442,Maxim Integrated,Maxim Integrated,opa100000442,Analog IC,Analog IC,OPA100000442 Analog IC from Maxim Integrated. Sourced via professional procurement support; specs below.,,,"{""supply_current_ua"": ""200"", ""gain_db"": ""100""}",active,,https://example.com/datasheet/OPA100000442.pdf,,
PMIC100000443,PMIC100000443,Texas Instruments,Texas Instruments,pmic100000443,Power Management IC,Power Management IC,PMIC100000443 Power Management IC from Texas Instruments. Sourced via professional procurement support; specs below.,,,"{""voltage_out_v"": ""5"", ""package"": ""SOT-23""}",active,,https://example.com/datasheet/PMIC100000443.pdf,,
DIO100000444,DIO100000444,Vishay Intertechnology,Vishay Intertechnology,dio100000444,Diode,Diode,DIO100000444 Diode from Vishay Intertechnology. Sourced via professional procurement support; specs below.,,,"{""vf_v"": ""0.7"", ""if_a"": ""1""}",active,,https://example.com/datasheet/DIO100000444.pdf,,
LED100000445,LED100000445,Kingbright,Kingbright,led100000445,LED Components,LED Components,LED100000445 LED Components from Kingbright. Sourced via professional procurement support; specs below.,,,"{""wavelength_nm"": ""650"", ""package"": ""0805"", ""forward_voltage_v"": ""2.1"", ""forward_current_ma"": ""20""}",active,,https://example.com/datasheet/LED100000445.pdf,,
MEM100000446,MEM100000446,Micron Technology,Micron Technology,mem100000446,Memory IC,Memory IC,MEM100000446 Memory IC from Micron Technology. Sourced via professional procurement support; specs below.,,,"{""memory_bytes"": ""16777216"", ""interface"": ""SPI""}",active,,https://example.com/datasheet/MEM100000446.pdf,,
XTAL100000447,XTAL100000447,Murata Manufacturing,Murata Manufacturing,xtal100000447,Crystal Oscillator,Crystal Oscillator,XTAL100000447 Crystal Oscillator from Murata Manufacturing. Sourced via professional procurement support; specs below.,,,"{""frequency_hz"": ""8000000"", ""load_capacitance_pf"": ""18""}",active,,https://example.com/datasheet/XTAL100000447.pdf,,
MCU100000448,MCU100000448,Nuvoton Technology,Nuvoton Technology,mcu100000448,Microcontroller,Microcontroller,MCU100000448 Microcontroller from Nuvoton Technology. Sourced via professional procurement support; specs below.,,,"{""flash_bytes"": ""131072"", ""ram_bytes"": ""20480"", ""package"": ""LQFP-48""}",active,,https://example.com/datasheet/MCU100000448.pdf,,
MOS100000449,MOS100000449,Yangjie,Yangjie,mos100000449,MOSFET,MOSFET,MOS100000449 MOSFET from Yangjie. Sourced via professional procurement support; specs below.,,,"{""package"": ""SOT-23"", ""vds_v"": ""55"", ""vgs_th_v"": ""2.5""}",active,,https://example.com/datasheet/MOS100000449.pdf,,
RES100000450,RES100000450,Vishay Intertechnology,Vishay Intertechnology,res100000450,Resistor,Resistor,RES100000450 Resistor from Vishay Intertechnology. Sourced via professional procurement support; specs below.,,,"{""package"": ""0805"", ""power_rating_w"": ""0.25"", ""temperature_coeff"": ""X7R"", ""tolerance"": ""±1%""}",active,,https://example.com/datasheet/RES100000450.pdf,,
CAP100000451,CAP100000451,TDK Corporation,TDK Corporation,cap100000451,Capacitor,Capacitor,CAP100000451 Capacitor from TDK Corporation. Sourced via professional procurement support; specs below.,,,"{""package"": ""0603"", ""voltage_rating_v"": ""50""}",active,,https://example.com/datasheet/CAP100000451.pdf,,
IND100000452,IND100000452,Bourns,Bourns,ind100000452,Inductor,Inductor,IND100000452 Inductor from Bourns. Sourced via professional procurement support; specs below.,,,"{""current_rating_a"": ""1.5"", ""package"": ""0805"", ""Self Resonant Freq"": ""50MHz""}",active,,https://example.com/datasheet/IND100000452.pdf,,
SEN100000453,SEN100000453,TE Connectivity,TE Connectivity,sen100000453,Sensors,Sensors,SEN100000453 Sensors from TE Connectivity. Sourced via professional procurement support; specs below.,,,"{""range"": ""0-40"", ""interface"": ""I2C"", ""resolution_bits"": ""12""}",active,,https://example.com/datasheet/SEN100000453.pdf,,
CON100000454,CON100000454,JST,JST,con100000454,Connectors,Connectors,CON100000454 Connectors from JST. Sourced via professional procurement support; specs below.,,,"{""positions"": ""40"", ""pitch_mm"": ""2.54"", ""voltage_rating_v"": ""50"", ""mounting"": ""SMD"", ""current_rating_a"": ""3""}",active,,https://example.com/datasheet/CON100000454.pdf,,
MOD100000455,MOD100000455,MeshWorks,MeshWorks,mod100000455,Modules,Modules,MOD100000455 Modules from MeshWorks. Sourced via professional procurement support; specs below.,,,"{""modulation"": ""GFSK"", ""data_rate_bps"": ""2Mbps"", ""sensitivity_dbm"": ""-95""}",active,,https://example.com/datasheet/MOD100000455.pdf,,
OPA100000456,OPA100000456,Analog Devices,Analog Devices,opa100000456,Analog IC,Analog IC,OPA100000456 Analog IC from Analog Devices. Sourced via professional procurement support; specs below.,,,"{""supply_current_ua"": ""200"", ""package"": ""SOIC-8""}",active,,https://example.com/datasheet/OPA100000456.pdf,,
PMIC100000457,PMIC100000457,Richtek Technology,Richtek Technology,pmic100000457,Power Management IC,Power Management IC,PMIC100000457 Power Management IC from Richtek Technology. Sourced via professional procurement support; specs below.,,,"{""voltage_in_min_v"": ""4.5"", ""output_current_a"": ""3"", ""voltage_out_v"": ""5"", ""package"": ""SOT-23""}",active,,https://example.com/datasheet/PMIC100000457.pdf,,
DIO100000458,DIO100000458,Diodes Incorporated,Diodes Incorporated,dio100000458,Diode,Diode,DIO100000458 Diode from Diodes Incorporated. Sourced via professional procurement support; specs below.,,,"{""if_a"": ""1"", ""vrrm_v"": ""100""}",active,,https://example.com/datasheet/DIO100000458.pdf,,
LED100000459,LED100000459,Kingbright,Kingbright,led100000459,LED Components,LED Components,LED100000459 LED Components from Kingbright. Sourced via professional procurement support; specs below.,,,"{""forward_voltage_v"": ""2.1"", ""wavelength_nm"": ""650"", ""forward_current_ma"": ""20""}",active,,https://example.com/datasheet/LED100000459.pdf,,
MEM100000460,MEM100000460,StoreX,StoreX,mem100000460,Memory IC,Memory IC,MEM100000460 Memory IC from StoreX. Sourced via professional procurement support; specs below.,,,"{""speed_hz"": ""104000000"", ""memory_bytes"": ""16777216""}",active,,https://example.com/datasheet/MEM100000460.pdf,,
XTAL100000461,XTAL100000461,Murata Manufacturing,Murata Manufacturing,xtal100000461,Crystal Oscillator,Crystal Oscillator,XTAL100000461 Crystal Oscillator from Murata Manufacturing. Sourced via professional procurement support; specs below.,,,"{""load_capacitance_pf"": ""18"", ""package"": ""SMD""}",active,,https://example.com/datasheet/XTAL100000461.pdf,,
MCU100000462,MCU100000462,Holtek Semiconductor,Holtek Semiconductor,mcu100000462,Microcontroller,Microcontroller,MCU100000462 Microcontroller from Holtek Semiconductor. Sourced via professional procurement support; specs below.,,,"{""ram_bytes"": ""20480"", ""voltage_v"": ""3.3"", ""io_count"": ""48""}",active,,https://example.com/datasheet/MCU100000462.pdf,,
MOS100000463,MOS100000463,ON Semiconductor,ON Semiconductor,mos100000463,MOSFET,MOSFET,MOS100000463 MOSFET from ON Semiconductor. Sourced via professional procurement support; specs below.,,,"{""package"": ""SOT-23"", ""rds_on_mohm"": ""8"", ""vgs_th_v"": ""2.5""}",active,,https://example.com/datasheet/MOS100000463.pdf,,
RES100000464,RES100000464,Bourns,Bourns,res100000464,Resistor,Resistor,RES100000464 Resistor from Bourns. Sourced via professional procurement support; specs below.,,,"{""resistance_ohm"": ""10000"", ""power_rating_w"": ""0.25"", ""package"": ""0805""}",active,,https://example.com/datasheet/RES100000464.pdf,,
CAP100000465,CAP100000465,KEMET Electronics,KEMET Electronics,cap100000465,Capacitor,Capacitor,CAP100000465 Capacitor from KEMET Electronics. Sourced via professional procurement support; specs below.,,,"{""voltage_rating_v"": ""50"", ""tolerance"": ""±10%"", ""temperature_coeff"": ""X7R"", ""capacitance_pf"": ""100000"", ""Ripple Current"": ""100mA""}",active,,https://example.com/datasheet/CAP100000465.pdf,,
IND100000466,IND100000466,Wurth Elektronik,Wurth Elektronik,ind100000466,Inductor,Inductor,IND100000466 Inductor from Wurth Elektronik. Sourced via professional procurement support; specs below.,,,"{""package"": ""0805"", ""tolerance"": ""±20%"", ""inductance_uh"": ""4.7"", ""current_rating_a"": ""1.5""}",active,,https://example.com/datasheet/IND100000466.pdf,,
SEN100000467,SEN100000467,NXP Semiconductors,NXP Semiconductors,sen100000467,Sensors,Sensors,SEN100000467 Sensors from NXP Semiconductors. Sourced via professional procurement support; specs below.,,,"{""range"": ""0-40"", ""sensitivity_dbm"": ""260 LSB/g"", ""accuracy"": ""±0.5""}",active,,https://example.com/datasheet/SEN100000467.pdf,,
CON100000468,CON100000468,PlugWorks,PlugWorks,con100000468,Connectors,Connectors,CON100000468 Connectors from PlugWorks. Sourced via professional procurement support; specs below.,,,"{""current_rating_a"": ""3"", ""pitch_mm"": ""2.54""}",active,,https://example.com/datasheet/CON100000468.pdf,,
MOD100000469,MOD100000469,SIMCom,SIMCom,mod100000469,Modules,Modules,MOD100000469 Modules from SIMCom. Sourced via professional procurement support; specs below.,,,"{""modulation"": ""GFSK"", ""data_rate_bps"": ""2000000"", ""output_power_dbm"": ""20"", ""interface"": ""UART""}",active,,https://example.com/datasheet/MOD100000469.pdf,,
OPA100000470,OPA100000470,Analog Devices,Analog Devices,opa100000470,Analog IC,Analog IC,OPA100000470 Analog IC from Analog Devices. Sourced via professional procurement support; specs below.,,,"{""package"": ""SOIC-8"", ""gain_db"": ""100"", ""supply_current_ua"": ""200"", ""bandwidth_hz"": ""1000000""}",active,,https://example.com/datasheet/OPA100000470.pdf,,
PMIC100000471,PMIC100000471,Richtek Technology,Richtek Technology,pmic100000471,Power Management IC,Power Management IC,PMIC100000471 Power Management IC from Richtek Technology. Sourced via professional procurement support; specs below.,,,"[1, 2, 3]",active,,https://example.com/datasheet/PMIC100000471.pdf,,
DIO100000472,DIO100000472,,,dio100000472,Diode,Diode,DIO100000472 Diode from unspecified. Sourced via professional procurement support; specs below.,,,"{""vrrm_v"": ""100"", ""if_a"": ""1""}",active,,https://example.com/datasheet/DIO100000472.pdf,,
LED100000473,LED100000473,LedWorks,LedWorks,led100000473,LED Components,LED Components,LED100000473 LED Components from LedWorks. Sourced via professional procurement support; specs below.,,,"{""wavelength_nm"": ""650"", ""package"": ""0805"", ""forward_current_ma"": ""20""}",active,,https://example.com/datasheet/LED100000473.pdf,,
MEM100000474,MEM100000474,Winbond Electronics,Winbond Electronics,mem100000474,Memory IC,Memory IC,MEM100000474 Memory IC from Winbond Electronics. Sourced via professional procurement support; specs below.,,,"{""speed_hz"": ""104000000"", ""interface"": ""SPI""}",active,,https://example.com/datasheet/MEM100000474.pdf,,
XTAL100000475,XTAL100000475,TDK Corporation,TDK Corporation,xtal100000475,Crystal Oscillator,Crystal Oscillator,XTAL100000475 Crystal Oscillator from TDK Corporation. Sourced via professional procurement support; specs below.,,,"{""load_capacitance_pf"": ""18"", ""frequency_hz"": ""8000000"", ""package"": ""SMD""}",active,,https://example.com/datasheet/XTAL100000475.pdf,,
MCU100000476,MCU100000476,Holtek Semiconductor,Holtek Semiconductor,mcu100000476,Microcontroller,Microcontroller,MCU100000476 Microcontroller from Holtek Semiconductor. Sourced via professional procurement support; specs below.,,,"{""flash_bytes"": ""128KB"", ""io_count"": ""48"", ""voltage_v"": ""3.3"", ""package"": ""LQFP-48""}",active,,https://example.com/datasheet/MCU100000476.pdf,,
MOS100000477,MOS100000477,Vishay Intertechnology,Vishay Intertechnology,mos100000477,MOSFET,MOSFET,MOS100000477 MOSFET from Vishay Intertechnology. Sourced via professional procurement support; specs below.,,,"{""package"": ""SOT-23"", ""qg_nc"": ""45""}",active,,https://example.com/datasheet/MOS100000477.pdf,,
RES100000478,RES100000478,KEMET Electronics,KEMET Electronics,res100000478,Resistor,Resistor,RES100000478 Resistor from KEMET Electronics. Sourced via professional procurement support; specs below.,,,"{""tolerance"": ""±1%"", ""temperature_coeff"": ""X7R"", ""resistance_ohm"": ""10000"", ""power_rating_w"": ""0.25""}",active,,https://example.com/datasheet/RES100000478.pdf,,
CAP100000479,CAP100000479,Holy Stone,Holy Stone,cap100000479,Capacitor,Capacitor,CAP100000479 Capacitor from Holy Stone. Sourced via professional procurement support; specs below.,,,"{""temperature_coeff"": ""X7R"", ""capacitance_pf"": ""100000"", ""tolerance"": ""±10%"", ""package"": ""0603""}",active,,https://example.com/datasheet/CAP100000479.pdf,,
IND100000480,IND100000480,Bourns,Bourns,ind100000480,Inductor,Inductor,IND100000480 Inductor from Bourns. Sourced via professional procurement support; specs below.,,,"{""inductance_uh"": ""4.7"", ""tolerance"": ""±20%"", ""package"": ""0805""}",active,,https://example.com/datasheet/IND100000480.pdf,,
SEN100000481,SEN100000481,NXP Semiconductors,NXP Semiconductors,sen100000481,Sensors,Sensors,SEN100000481 Sensors from NXP Semiconductors. Sourced via professional procurement support; specs below.,,,"{""range"": ""0-40"", ""accuracy"": ""±0.5"", ""interface"": ""I2C"", ""sensitivity_dbm"": ""260 LSB/g""}",active,,https://example.com/datasheet/SEN100000481.pdf,,
CON100000482,CON100000482,TE Connectivity,TE Connectivity,con100000482,Connectors,Connectors,CON100000482 Connectors from TE Connectivity. Sourced via professional procurement support; specs below.,,,"{""positions"": ""40"", ""mounting"": ""SMD"", ""voltage_rating_v"": ""50"", ""current_rating_a"": ""3"", ""pitch_mm"": ""2.54""}",active,,https://example.com/datasheet/CON100000482.pdf,,
MOD100000483,MOD100000483,Espressif Systems,Espressif Systems,mod100000483,Modules,Modules,MOD100000483 Modules from Espressif Systems. Sourced via professional procurement support; specs below.,,,"{""data_rate_bps"": ""2000000"", ""output_power_dbm"": ""20""}",active,,https://example.com/datasheet/MOD100000483.pdf,,
OPA100000484,OPA100000484,OpAmpInc,OpAmpInc,opa100000484,Analog IC,Analog IC,OPA100000484 Analog IC from OpAmpInc. Sourced via professional procurement support; specs below.,,,"{""gain_db"": ""100"", ""package"": ""SOIC-8"", ""supply_current_ua"": ""200""}",active,,https://example.com/datasheet/OPA100000484.pdf,,
PMIC100000485,PMIC100000485,Richtek Technology,Richtek Technology,pmic100000485,Power Management IC,Power Management IC,PMIC100000485 Power Management IC from Richtek Technology. Sourced via professional procurement support; specs below.,,,"{""efficiency_percent"": ""92"", ""voltage_out_v"": ""5"", ""voltage_in_min_v"": ""4.5"", ""package"": ""SOT-23"", ""voltage_in_max_v"": ""28""}",active,,https://example.com/datasheet/PMIC100000485.pdf,,
DIO100000486,DIO100000486,ON Semiconductor,ON Semiconductor,dio100000486,Diode,Diode,DIO100000486 Diode from ON Semiconductor. Sourced via professional procurement support; specs below.,,,"{""vf_v"": ""0.7"", ""if_a"": ""1"", ""Reverse Recovery"": ""50ns""}",active,,https://example.com/datasheet/DIO100000486.pdf,,
LED100000487,LED100000487,Lite-On Technology,Lite-On Technology,led100000487,LED Components,LED Components,LED100000487 LED Components from Lite-On Technology. Sourced via professional procurement support; specs below.,,,"{""package"": ""0805"", ""forward_current_ma"": ""20""}",active,,https://example.com/datasheet/LED100000487.pdf,,
MEM100000488,MEM100000488,Winbond Electronics,Winbond Electronics,mem100000488,Memory IC,Memory IC,MEM100000488 Memory IC from Winbond Electronics. Sourced via professional procurement support; specs below.,,,"{""memory_bytes"": ""16777216"", ""organization"": ""x8""}",active,,https://example.com/datasheet/MEM100000488.pdf,,
XTAL100000489,XTAL100000489,TDK Corporation,TDK Corporation,xtal100000489,Crystal Oscillator,Crystal Oscillator,XTAL100000489 Crystal Oscillator from TDK Corporation. Sourced via professional procurement support; specs below.,,,"{""package"": ""SMD"", ""frequency_hz"": ""8000000""}",active,,https://example.com/datasheet/XTAL100000489.pdf,,
MCU100000490,MCU100000490,AcmeSemi,AcmeSemi,mcu100000490,Microcontroller,Microcontroller,MCU100000490 Microcontroller from AcmeSemi. Sourced via professional procurement support; specs below.,,,"{""ram_bytes"": ""20480"", ""frequency_hz"": ""72000000"", ""io_count"": ""48"", ""Thermal Resistance"": ""45 C/W""}",active,,https://example.com/datasheet/MCU100000490.pdf,,
MOS100000491,MOS100000491,HexaFab,HexaFab,mos100000491,MOSFET,MOSFET,MOS100000491 MOSFET from HexaFab. Sourced via professional procurement support; specs below.,,,"{""id_a"": ""30""}",active,,https://example.com/datasheet/MOS100000491.pdf,,
RES100000492,RES100000492,Yageo,Yageo,res100000492,Resistor,Resistor,RES100000492 Resistor from Yageo. Sourced via professional procurement support; specs below.,,,"{""tolerance"": ""±1%"", ""resistance_ohm"": ""10000"", ""package"": ""0805"", ""power_rating_w"": ""0.25"", ""Lifecycle Status"": ""Active""}",active,,https://example.com/datasheet/RES100000492.pdf,,
CAP100000493,CAP100000493,Holy Stone,Holy Stone,cap100000493,Capacitor,Capacitor,CAP100000493 Capacitor from Holy Stone. Sourced via professional procurement support; specs below.,,,"{""tolerance"": ""±10%"", ""voltage_rating_v"": ""50"", ""package"": ""0603"", ""capacitance_pf"": ""100000""}",active,,https://example.com/datasheet/CAP100000493.pdf,,
IND100000494,IND100000494,CoilWorks,CoilWorks,ind100000494,Inductor,Inductor,IND100000494 Inductor from CoilWorks. Sourced via professional procurement support; specs below.,,,"{""package"": ""0805"", ""tolerance"": ""±20%""}",active,,https://example.com/datasheet/IND100000494.pdf,,
SEN100000495,SEN100000495,STMicroelectronics,STMicroelectronics,sen100000495,Sensors,Sensors,SEN100000495 Sensors from STMicroelectronics. Sourced via professional procurement support; specs below.,,,"{""accuracy"": ""±0.5"", ""range"": ""0-40"", ""resolution_bits"": ""12"", ""sensitivity_dbm"": ""260 LSB/g"", ""Output Type"": ""Analog""}",active,,https://example.com/datasheet/SEN100000495.pdf,,
CON100000496,CON100000496,Molex,Molex,con100000496,Connectors,Connectors,CON100000496 Connectors from Molex. Sourced via professional procurement support; specs below.,,,"{""current_rating_a"": ""3"", ""positions"": ""40"", ""mounting"": ""SMD"", ""pitch_mm"": ""2.54""}",active,,https://example.com/datasheet/CON100000496.pdf,,
MOD100000497,MOD100000497,Semtech,Semtech,mod100000497,Modules,Modules,MOD100000497 Modules from Semtech. Sourced via professional procurement support; specs below.,,,"{""data_rate_bps"": ""2000000"", ""modulation"": ""GFSK""}",active,,https://example.com/datasheet/MOD100000497.pdf,,
OPA100000498,OPA100000498,Analog Devices,Analog Devices,opa100000498,Analog IC,Analog IC,OPA100000498 Analog IC from Analog Devices. Sourced via professional procurement support; specs below.,,,"{""gain_db"": ""100"", ""bandwidth_hz"": ""1000000""}",active,,https://example.com/datasheet/OPA100000498.pdf,,
PMIC100000499,PMIC100000499,Texas Instruments,Texas Instruments,pmic100000499,Power Management IC,Power Management IC,PMIC100000499 Power Management IC from Texas Instruments. Sourced via professional procurement support; specs below.,,,"{""voltage_out_v"": ""5"", ""efficiency_percent"": ""92"", ""output_current_a"": ""3""}",active,,https://example.com/datasheet/PMIC100000499.pdf,,
DIO100000500,DIO100000500,Diodes Incorporated,Diodes Incorporated,dio100000500,Diode,Diode,DIO100000500 Diode from Diodes Incorporated. Sourced via professional procurement support; specs below.,,,"{""vf_v"": ""0.7"", ""vrrm_v"": ""100"", ""if_a"": ""1""}",active,,https://example.com/datasheet/DIO100000500.pdf,,
LED100000501,LED100000501,Kingbright,Kingbright,led100000501,LED Components,LED Components,LED100000501 LED Components from Kingbright. Sourced via professional procurement support; specs below.,,,"{""forward_current_ma"": ""20"", ""forward_voltage_v"": ""2.1"", ""wavelength_nm"": ""650"", ""package"": ""0805"", ""Luminous Intensity"": ""100mcd""}",active,,https://example.com/datasheet/LED100000501.pdf,,
MEM100000502,MEM100000502,Winbond Electronics,Winbond Electronics,mem100000502,Memory IC,Memory IC,MEM100000502 Memory IC from Winbond Electronics. Sourced via professional procurement support; specs below.,,,"{""organization"": ""x8"", ""speed_hz"": ""104000000"", ""memory_bytes"": ""16777216""}",active,,https://example.com/datasheet/MEM100000502.pdf,,
XTAL100000503,XTAL100000503,Wurth Elektronik,Wurth Elektronik,xtal100000503,Crystal Oscillator,Crystal Oscillator,XTAL100000503 Crystal Oscillator from Wurth Elektronik. Sourced via professional procurement support; specs below.,,,"{""package"": ""SMD"", ""load_capacitance_pf"": ""18""}",active,,https://example.com/datasheet/XTAL100000503.pdf,,
MCU100000504,MCU100000504,GigaDevice Semiconductor,GigaDevice Semiconductor,mcu100000504,Microcontroller,Microcontroller,MCU100000504 Microcontroller from GigaDevice Semiconductor. Sourced via professional procurement support; specs below.,,,"{""flash_bytes"": ""128KB"", ""core"": ""ARM Cortex-M4"", ""voltage_v"": ""3.3""}",active,,https://example.com/datasheet/MCU100000504.pdf,,
MOS100000505,MOS100000505,Vishay Intertechnology,Vishay Intertechnology,mos100000505,MOSFET,MOSFET,MOS100000505 MOSFET from Vishay Intertechnology. Sourced via professional procurement support; specs below.,,,"{""vds_v"": ""55"", ""rds_on_mohm"": ""8mΩ""}",active,,https://example.com/datasheet/MOS100000505.pdf,,
RES100000506,RES100000506,Yageo,Yageo,res100000506,Resistor,Resistor,RES100000506 Resistor from Yageo. Sourced via professional procurement support; specs below.,,,"{""package"": ""0805"", ""resistance_ohm"": ""10000"", ""temperature_coeff"": ""X7R""}",active,,https://example.com/datasheet/RES100000506.pdf,,
CAP100000507,CAP100000507,SigmaStore,SigmaStore,cap100000507,Capacitor,Capacitor,CAP100000507 Capacitor from SigmaStore. Sourced via professional procurement support; specs below.,,,"{""package"": ""0603"", ""capacitance_pf"": ""100000"", ""voltage_rating_v"": ""50"", ""tolerance"": ""±10%""}",active,,https://example.com/datasheet/CAP100000507.pdf,,
IND100000508,IND100000508,InduMax,InduMax,ind100000508,Inductor,Inductor,IND100000508 Inductor from InduMax. Sourced via professional procurement support; specs below.,,,"{""tolerance"": ""±20%"", ""current_rating_a"": ""1.5"", ""package"": ""0805""}",active,,https://example.com/datasheet/IND100000508.pdf,,
SEN100000509,SEN100000509,BoschDummy,BoschDummy,sen100000509,Sensors,Sensors,SEN100000509 Sensors from BoschDummy. Sourced via professional procurement support; specs below.,,,"{""accuracy"": ""±0.5"", ""sensitivity_dbm"": ""260 LSB/g"", ""range"": ""0-40""}",active,,https://example.com/datasheet/SEN100000509.pdf,,
CON100000510,CON100000510,Molex,Molex,con100000510,Connectors,Connectors,CON100000510 Connectors from Molex. Sourced via professional procurement support; specs below.,,,"{""current_rating_a"": ""3"", ""pitch_mm"": ""2.54"", ""voltage_rating_v"": ""50"", ""positions"": ""40"", ""mounting"": ""SMD""}",active,,https://example.com/datasheet/CON100000510.pdf,,
MOD100000511,MOD100000511,Semtech,Semtech,mod100000511,Modules,Modules,MOD100000511 Modules from Semtech. Sourced via professional procurement support; specs below.,,,"{""modulation"": ""GFSK"", ""output_power_dbm"": ""20"", ""interface"": ""UART"", ""data_rate_bps"": ""2000000""}",active,,https://example.com/datasheet/MOD100000511.pdf,,
OPA100000512,OPA100000512,Analog Devices,Analog Devices,opa100000512,Analog IC,Analog IC,OPA100000512 Analog IC from Analog Devices. Sourced via professional procurement support; specs below.,,,"{""supply_current_ua"": ""200"", ""package"": ""SOIC-8"", ""gain_db"": ""100""}",active,,https://example.com/datasheet/OPA100000512.pdf,,
PMIC100000513,PMIC100000513,Monolithic Power Systems,Monolithic Power Systems,pmic100000513,Power Management IC,Power Management IC,PMIC100000513 Power Management IC from Monolithic Power Systems. Sourced via professional procurement support; specs below.,,,"{""voltage_in_min_v"": ""4.5"", ""efficiency_percent"": ""92"", ""package"": ""SOT-23"", ""voltage_in_max_v"": ""28""}",active,,https://example.com/datasheet/PMIC100000513.pdf,,
DIO100000514,DIO100000514,Vishay Intertechnology,Vishay Intertechnology,dio100000514,Diode,Diode,DIO100000514 Diode from Vishay Intertechnology. Sourced via professional procurement support; specs below.,,,"{""vf_v"": ""0.7"", ""vrrm_v"": ""100""}",active,,https://example.com/datasheet/DIO100000514.pdf,,
LED100000515,LED100000515,OSRAM,OSRAM,led100000515,LED Components,LED Components,LED100000515 LED Components from OSRAM. Sourced via professional procurement support; specs below.,,,"{""package"": ""0805"", ""forward_current_ma"": ""20"", ""forward_voltage_v"": ""2.1""}",active,,https://example.com/datasheet/LED100000515.pdf,,
MEM100000516,MEM100000516,Macronix International,Macronix International,mem100000516,Memory IC,Memory IC,MEM100000516 Memory IC from Macronix International. Sourced via professional procurement support; specs below.,,,"{""organization"": ""x8"", ""interface"": ""SPI"", ""memory_bytes"": ""16777216"", ""speed_hz"": ""104000000""}",active,,https://example.com/datasheet/MEM100000516.pdf,,
XTAL100000517,XTAL100000517,Wurth Elektronik,Wurth Elektronik,xtal100000517,Crystal Oscillator,Crystal Oscillator,XTAL100000517 Crystal Oscillator from Wurth Elektronik. Sourced via professional procurement support; specs below.,,,"{""load_capacitance_pf"": ""18"", ""frequency_hz"": ""8000000""}",active,,https://example.com/datasheet/XTAL100000517.pdf,,
MCU100000518,MCU100000518,Nuvoton Technology,Nuvoton Technology,mcu100000518,Microcontroller,Microcontroller,MCU100000518 Microcontroller from Nuvoton Technology. Sourced via professional procurement support; specs below.,,,"{""core"": ""ARM Cortex-M4"", ""ESD Rating"": ""2kV""}",active,,https://example.com/datasheet/MCU100000518.pdf,,
MOS100000519,MOS100000519,Alpha & Omega Semiconductor,Alpha & Omega Semiconductor,mos100000519,MOSFET,MOSFET,MOS100000519 MOSFET from Alpha & Omega Semiconductor. Sourced via professional procurement support; specs below.,,,"{""vgs_th_v"": ""2.5"", ""rds_on_mohm"": ""8"", ""id_a"": ""30""}",active,,https://example.com/datasheet/MOS100000519.pdf,,
RES100000520,RES100000520,Vishay Intertechnology,Vishay Intertechnology,res100000520,Resistor,Resistor,RES100000520 Resistor from Vishay Intertechnology. Sourced via professional procurement support; specs below.,,,"{""resistance_ohm"": ""10000"", ""tolerance"": ""±1%"", ""temperature_coeff"": ""X7R"", ""power_rating_w"": ""0.25""}",active,,https://example.com/datasheet/RES100000520.pdf,,
CAP100000521,CAP100000521,Walsin Technology,Walsin Technology,cap100000521,Capacitor,Capacitor,CAP100000521 Capacitor from Walsin Technology. Sourced via professional procurement support; specs below.,,,"{""temperature_coeff"": ""X7R"", ""capacitance_pf"": ""100nF"", ""voltage_rating_v"": ""50""}",active,,https://example.com/datasheet/CAP100000521.pdf,,
IND100000522,IND100000522,TDK Corporation,TDK Corporation,ind100000522,Inductor,Inductor,IND100000522 Inductor from TDK Corporation. Sourced via professional procurement support; specs below.,,,"{""package"": ""0805"", ""inductance_uh"": ""4.7"", ""Self Resonant Freq"": ""50MHz""}",active,,https://example.com/datasheet/IND100000522.pdf,,
SEN100000523,SEN100000523,NXP Semiconductors,NXP Semiconductors,sen100000523,Sensors,Sensors,SEN100000523 Sensors from NXP Semiconductors. Sourced via professional procurement support; specs below.,,,"{""accuracy"": ""±0.5"", ""resolution_bits"": ""12"", ""interface"": ""I2C"", ""range"": ""0-40""}",active,,https://example.com/datasheet/SEN100000523.pdf,,
CON100000524,CON100000524,Hirose Electric,Hirose Electric,con100000524,Connectors,Connectors,CON100000524 Connectors from Hirose Electric. Sourced via professional procurement support; specs below.,,,"{""positions"": ""40"", ""mounting"": ""SMD"", ""voltage_rating_v"": ""50""}",active,,https://example.com/datasheet/CON100000524.pdf,,
MOD100000525,MOD100000525,Quectel,Quectel,mod100000525,Modules,Modules,MOD100000525 Modules from Quectel. Sourced via professional procurement support; specs below.,,,"{""interface"": ""UART"", ""data_rate_bps"": ""2Mbps"", ""output_power_dbm"": ""20"", ""modulation"": ""GFSK""}",active,,https://example.com/datasheet/MOD100000525.pdf,,
OPA100000526,OPA100000526,Silicon Labs,Silicon Labs,opa100000526,Analog IC,Analog IC,OPA100000526 Analog IC from Silicon Labs. Sourced via professional procurement support; specs below.,,,"{""gain_db"": ""100"", ""bandwidth_hz"": ""1000000""}",active,,https://example.com/datasheet/OPA100000526.pdf,,
PMIC100000527,PMIC100000527,Texas Instruments,Texas Instruments,pmic100000527,Power Management IC,Power Management IC,PMIC100000527 Power Management IC from Texas Instruments. Sourced via professional procurement support; specs below.,,,"{""voltage_in_max_v"": ""28"", ""voltage_in_min_v"": ""4.5"", ""efficiency_percent"": ""92""}",active,,https://example.com/datasheet/PMIC100000527.pdf,,
DIO100000528,DIO100000528,Littelfuse,Littelfuse,dio100000528,Diode,Diode,DIO100000528 Diode from Littelfuse. Sourced via professional procurement support; specs below.,,,"{""if_a"": ""1"", ""vrrm_v"": ""100""}",active,,https://example.com/datasheet/DIO100000528.pdf,,
LED100000529,LED100000529,Everlight Electronics,Everlight Electronics,led100000529,LED Components,LED Components,LED100000529 LED Components from Everlight Electronics. Sourced via professional procurement support; specs below.,,,"{""wavelength_nm"": ""650"", ""forward_current_ma"": ""20"", ""package"": ""0805"", ""forward_voltage_v"": ""2.1""}",active,,https://example.com/datasheet/LED100000529.pdf,,
MEM100000530,MEM100000530,ISSI,ISSI,mem100000530,Memory IC,Memory IC,MEM100000530 Memory IC from ISSI. Sourced via professional procurement support; specs below.,,,"{""speed_hz"": ""104000000"", ""organization"": ""x8"", ""memory_bytes"": ""16777216"", ""interface"": ""SPI""}",active,,https://example.com/datasheet/MEM100000530.pdf,,
XTAL100000531,XTAL100000531,TDK Corporation,TDK Corporation,xtal100000531,Crystal Oscillator,Crystal Oscillator,XTAL100000531 Crystal Oscillator from TDK Corporation. Sourced via professional procurement support; specs below.,,,"{""frequency_hz"": ""8000000"", ""package"": ""SMD"", ""load_capacitance_pf"": ""18""}",active,,https://example.com/datasheet/XTAL100000531.pdf,,
MCU100000532,MCU100000532,GigaDevice Semiconductor,GigaDevice Semiconductor,mcu100000532,Microcontroller,Microcontroller,MCU100000532 Microcontroller from GigaDevice Semiconductor. Sourced via professional procurement support; specs below.,,,"{""flash_bytes"": ""128KB"", ""voltage_v"": ""3.3""}",active,,https://example.com/datasheet/MCU100000532.pdf,,
MOS100000533,MOS100000533,Yangjie,Yangjie,mos100000533,MOSFET,MOSFET,MOS100000533 MOSFET from Yangjie. Sourced via professional procurement support; specs below.,,,"{""rds_on_mohm"": ""8"", ""package"": ""SOT-23"", ""qg_nc"": ""45""}",active,,https://example.com/datasheet/MOS100000533.pdf,,
RES100000534,RES100000534,Fenghua,Fenghua,res100000534,Resistor,Resistor,RES100000534 Resistor from Fenghua. Sourced via professional procurement support; specs below.,,,"{""package"": ""0805"", ""tolerance"": ""±1%"", ""power_rating_w"": ""0.25""}",active,,https://example.com/datasheet/RES100000534.pdf,,
CAP100000535,CAP100000535,KEMET Electronics,KEMET Electronics,cap100000535,Capacitor,Capacitor,CAP100000535 Capacitor from KEMET Electronics. Sourced via professional procurement support; specs below.,,,"{""temperature_coeff"": ""X7R"", ""tolerance"": ""±10%"", ""Ripple Current"": ""100mA""}",active,,https://example.com/datasheet/CAP100000535.pdf,,
IND100000536,IND100000536,Wurth Elektronik,Wurth Elektronik,ind100000536,Inductor,Inductor,IND100000536 Inductor from Wurth Elektronik. Sourced via professional procurement support; specs below.,,,"{""package"": ""0805"", ""tolerance"": ""±20%"", ""current_rating_a"": ""1.5""}",active,,https://example.com/datasheet/IND100000536.pdf,,
SEN100000537,SEN100000537,TE Connectivity,TE Connectivity,sen100000537,Sensors,Sensors,SEN100000537 Sensors from TE Connectivity. Sourced via professional procurement support; specs below.,,,"{""interface"": ""I2C"", ""accuracy"": ""±0.5""}",active,,https://example.com/datasheet/SEN100000537.pdf,,
CON100000538,CON100000538,Molex,Molex,con100000538,Connectors,Connectors,CON100000538 Connectors from Molex. Sourced via professional procurement support; specs below.,,,"{""mounting"": ""SMD"", ""current_rating_a"": ""3"", ""pitch_mm"": ""2.54""}",active,,https://example.com/datasheet/CON100000538.pdf,,
MOD100000539,MOD100000539,Espressif Systems,Espressif Systems,mod100000539,Modules,Modules,MOD100000539 Modules from Espressif Systems. Sourced via professional procurement support; specs below.,,,"{""sensitivity_dbm"": ""-95"", ""modulation"": ""GFSK"", ""interface"": ""UART"", ""output_power_dbm"": ""20""}",active,,https://example.com/datasheet/MOD100000539.pdf,,
OPA100000540,OPA100000540,Silicon Labs,Silicon Labs,opa100000540,Analog IC,Analog IC,OPA100000540 Analog IC from Silicon Labs. Sourced via professional procurement support; specs below.,,,"{""supply_current_ua"": ""200"", ""gain_db"": ""100""}",active,,https://example.com/datasheet/OPA100000540.pdf,,
PMIC100000541,PMIC100000541,Infineon Technologies,Infineon Technologies,pmic100000541,Power Management IC,Power Management IC,PMIC100000541 Power Management IC from Infineon Technologies. Sourced via professional procurement support; specs below.,,,"{""output_current_a"": ""3"", ""efficiency_percent"": ""92""}",active,,https://example.com/datasheet/PMIC100000541.pdf,,
DIO100000542,DIO100000542,Littelfuse,Littelfuse,dio100000542,Diode,Diode,DIO100000542 Diode from Littelfuse. Sourced via professional procurement support; specs below.,,,"{""vrrm_v"": ""100"", ""if_a"": ""1""}",active,,https://example.com/datasheet/DIO100000542.pdf,,
LED100000543,LED100000543,Lite-On Technology,Lite-On Technology,led100000543,LED Components,LED Components,LED100000543 LED Components from Lite-On Technology. Sourced via professional procurement support; specs below.,,,"{""forward_current_ma"": ""20"", ""forward_voltage_v"": ""2.1""}",active,,https://example.com/datasheet/LED100000543.pdf,,
MEM100000544,MEM100000544,SK Hynix,SK Hynix,mem100000544,Memory IC,Memory IC,MEM100000544 Memory IC from SK Hynix. Sourced via professional procurement support; specs below.,,,"{""interface"": ""SPI"", ""speed_hz"": ""104000000"", ""memory_bytes"": ""16777216""}",active,,https://example.com/datasheet/MEM100000544.pdf,,
XTAL100000545,XTAL100000545,TDK Corporation,TDK Corporation,xtal100000545,Crystal Oscillator,Crystal Oscillator,XTAL100000545 Crystal Oscillator from TDK Corporation. Sourced via professional procurement support; specs below.,,,"{""package"": ""SMD"", ""frequency_hz"": ""8000000""}",active,,https://example.com/datasheet/XTAL100000545.pdf,,
MCU100000546,MCU100000546,Microchip Technology,Microchip Technology,mcu100000546,Microcontroller,Microcontroller,MCU100000546 Microcontroller from Microchip Technology. Sourced via professional procurement support; specs below.,,,"{""ram_bytes"": ""20480"", ""core"": ""ARM Cortex-M4"", ""voltage_v"": ""3.3"", ""package"": ""LQFP-48""}",active,,https://example.com/datasheet/MCU100000546.pdf,,
MOS100000547,MOS100000547,Infineon Technologies,Infineon Technologies,mos100000547,MOSFET,MOSFET,MOS100000547 MOSFET from Infineon Technologies. Sourced via professional procurement support; specs below.,,,"{""rds_on_mohm"": ""8"", ""package"": ""SOT-23""}",active,,https://example.com/datasheet/MOS100000547.pdf,,
RES100000548,RES100000548,KEMET Electronics,KEMET Electronics,res100000548,Resistor,Resistor,RES100000548 Resistor from KEMET Electronics. Sourced via professional procurement support; specs below.,,,"{""resistance_ohm"": ""10000"", ""temperature_coeff"": ""X7R""}",active,,https://example.com/datasheet/RES100000548.pdf,,
CAP100000549,CAP100000549,Walsin Technology,Walsin Technology,cap100000549,Capacitor,Capacitor,CAP100000549 Capacitor from Walsin Technology. Sourced via professional procurement support; specs below.,,,"{""temperature_coeff"": ""X7R"", ""tolerance"": ""±10%"", ""capacitance_pf"": ""100nF"", ""Ripple Current"": ""100mA""}",active,,https://example.com/datasheet/CAP100000549.pdf,,
IND100000550,IND100000550,Wurth Elektronik,Wurth Elektronik,ind100000550,Inductor,Inductor,IND100000550 Inductor from Wurth Elektronik. Sourced via professional procurement support; specs below.,,,"{""tolerance"": ""±20%"", ""current_rating_a"": ""1.5"", ""Self Resonant Freq"": ""50MHz""}",active,,https://example.com/datasheet/IND100000550.pdf,,
SEN100000551,SEN100000551,BoschDummy,BoschDummy,sen100000551,Sensors,Sensors,SEN100000551 Sensors from BoschDummy. Sourced via professional procurement support; specs below.,,,"{""accuracy"": ""±0.5"", ""interface"": ""I2C"", ""range"": ""0-40""}",active,,https://example.com/datasheet/SEN100000551.pdf,,
CON100000552,CON100000552,TE Connectivity,TE Connectivity,con100000552,Connectors,Connectors,CON100000552 Connectors from TE Connectivity. Sourced via professional procurement support; specs below.,,,"{""pitch_mm"": ""2.54"", ""positions"": ""40"", ""current_rating_a"": ""3"", ""mounting"": ""SMD""}",active,,https://example.com/datasheet/CON100000552.pdf,,
MOD100000553,MOD100000553,Espressif Systems,Espressif Systems,mod100000553,Modules,Modules,MOD100000553 Modules from Espressif Systems. Sourced via professional procurement support; specs below.,,,"{""output_power_dbm"": ""20"", ""sensitivity_dbm"": ""-95"", ""modulation"": ""GFSK""}",active,,https://example.com/datasheet/MOD100000553.pdf,,
OPA100000554,OPA100000554,Texas Instruments,Texas Instruments,opa100000554,Analog IC,Analog IC,OPA100000554 Analog IC from Texas Instruments. Sourced via professional procurement support; specs below.,,,"{""supply_current_ua"": ""200"", ""gain_db"": ""100""}",active,,https://example.com/datasheet/OPA100000554.pdf,,
PMIC100000555,PMIC100000555,Infineon Technologies,Infineon Technologies,pmic100000555,Power Management IC,Power Management IC,PMIC100000555 Power Management IC from Infineon Technologies. Sourced via professional procurement support; specs below.,,,"{""voltage_in_min_v"": ""4.5"", ""voltage_in_max_v"": ""28"", ""efficiency_percent"": ""92"", ""voltage_out_v"": ""5"", ""package"": ""SOT-23""}",active,,https://example.com/datasheet/PMIC100000555.pdf,,
DIO100000556,DIO100000556,,,dio100000556,Diode,Diode,DIO100000556 Diode from unspecified. Sourced via professional procurement support; specs below.,,,"{""if_a"": ""1"", ""vrrm_v"": ""100"", ""vf_v"": ""0.7""}",active,,https://example.com/datasheet/DIO100000556.pdf,,
LED100000557,LED100000557,Kingbright,Kingbright,led100000557,LED Components,LED Components,LED100000557 LED Components from Kingbright. Sourced via professional procurement support; specs below.,,,"{""wavelength_nm"": ""650"", ""package"": ""0805"", ""forward_voltage_v"": ""2.1"", ""forward_current_ma"": ""20""}",active,,https://example.com/datasheet/LED100000557.pdf,,
MEM100000558,MEM100000558,Macronix International,Macronix International,mem100000558,Memory IC,Memory IC,MEM100000558 Memory IC from Macronix International. Sourced via professional procurement support; specs below.,,,"{""speed_hz"": ""104000000"", ""memory_bytes"": ""16777216"", ""organization"": ""x8""}",active,,https://example.com/datasheet/MEM100000558.pdf,,
XTAL100000559,XTAL100000559,Wurth Elektronik,Wurth Elektronik,xtal100000559,Crystal Oscillator,Crystal Oscillator,XTAL100000559 Crystal Oscillator from Wurth Elektronik. Sourced via professional procurement support; specs below.,,,"{""frequency_hz"": ""8000000"", ""load_capacitance_pf"": ""18""}",active,,https://example.com/datasheet/XTAL100000559.pdf,,
MCU100000560,MCU100000560,Holtek Semiconductor,Holtek Semiconductor,mcu100000560,Microcontroller,Microcontroller,MCU100000560 Microcontroller from Holtek Semiconductor. Sourced via professional procurement support; specs below.,,,"{""ram_bytes"": ""20480"", ""flash_bytes"": ""131072"", ""Thermal Resistance"": ""45 C/W""}",active,,https://example.com/datasheet/MCU100000560.pdf,,
MOS100000561,MOS100000561,Yangjie,Yangjie,mos100000561,MOSFET,MOSFET,MOS100000561 MOSFET from Yangjie. Sourced via professional procurement support; specs below.,,,"{""vgs_th_v"": ""2.5"", ""package"": ""SOT-23""}",active,,https://example.com/datasheet/MOS100000561.pdf,,
RES100000562,RES100000562,Yageo,Yageo,res100000562,Resistor,Resistor,RES100000562 Resistor from Yageo. Sourced via professional procurement support; specs below.,,,"{""package"": ""0805"", ""power_rating_w"": ""0.25"", ""tolerance"": ""±1%"", ""temperature_coeff"": ""X7R"", ""Lifecycle Status"": ""Active""}",active,,https://example.com/datasheet/RES100000562.pdf,,
CAP100000563,CAP100000563,Holy Stone,Holy Stone,cap100000563,Capacitor,Capacitor,CAP100000563 Capacitor from Holy Stone. Sourced via professional procurement support; specs below.,,,"{""tolerance"": ""±10%"", ""voltage_rating_v"": ""50"", ""capacitance_pf"": ""100000"", ""package"": ""0603""}",active,,https://example.com/datasheet/CAP100000563.pdf,,
IND100000564,IND100000564,Wurth Elektronik,Wurth Elektronik,ind100000564,Inductor,Inductor,IND100000564 Inductor from Wurth Elektronik. Sourced via professional procurement support; specs below.,,,"{""inductance_uh"": ""4.7"", ""tolerance"": ""±20%"", ""package"": ""0805"", ""current_rating_a"": ""1.5""}",active,,https://example.com/datasheet/IND100000564.pdf,,
SEN100000565,SEN100000565,SenseQ,SenseQ,sen100000565,Sensors,Sensors,SEN100000565 Sensors from SenseQ. Sourced via professional procurement support; specs below.,,,"{""accuracy"": ""±0.5"", ""sensitivity_dbm"": ""260 LSB/g"", ""resolution_bits"": ""12""}",active,,https://example.com/datasheet/SEN100000565.pdf,,
CON100000566,CON100000566,Hirose Electric,Hirose Electric,con100000566,Connectors,Connectors,CON100000566 Connectors from Hirose Electric. Sourced via professional procurement support; specs below.,,,"{""voltage_rating_v"": ""50"", ""current_rating_a"": ""3"", ""pitch_mm"": ""2.54""}",active,,https://example.com/datasheet/CON100000566.pdf,,
MOD100000567,MOD100000567,u-blox,u-blox,mod100000567,Modules,Modules,MOD100000567 Modules from u-blox. Sourced via professional procurement support; specs below.,,,"{""data_rate_bps"": ""2Mbps"", ""interface"": ""UART"", ""sensitivity_dbm"": ""-95""}",active,,https://example.com/datasheet/MOD100000567.pdf,,
OPA100000568,OPA100000568,LinearX,LinearX,opa100000568,Analog IC,Analog IC,OPA100000568 Analog IC from LinearX. Sourced via professional procurement support; specs below.,,,"{""package"": ""SOIC-8"", ""supply_current_ua"": ""200"", ""gain_db"": ""100"", ""bandwidth_hz"": ""1000000""}",active,,https://example.com/datasheet/OPA100000568.pdf,,
PMIC100000569,PMIC100000569,Texas Instruments,Texas Instruments,pmic100000569,Power Management IC,Power Management IC,PMIC100000569 Power Management IC from Texas Instruments. Sourced via professional procurement support; specs below.,,,"{""package"": ""SOT-23"", ""voltage_in_min_v"": ""4.5"", ""voltage_out_v"": ""5"", ""efficiency_percent"": ""92"", ""voltage_in_max_v"": ""28""}",active,,https://example.com/datasheet/PMIC100000569.pdf,,
DIO100000570,DIO100000570,ON Semiconductor,ON Semiconductor,dio100000570,Diode,Diode,DIO100000570 Diode from ON Semiconductor. Sourced via professional procurement support; specs below.,,,"{""if_a"": ""1"", ""vrrm_v"": ""100"", ""vf_v"": ""0.7""}",active,,https://example.com/datasheet/DIO100000570.pdf,,
LED100000571,LED100000571,OSRAM,OSRAM,led100000571,LED Components,LED Components,LED100000571 LED Components from OSRAM. Sourced via professional procurement support; specs below.,,,"{""wavelength_nm"": ""650"", ""package"": ""0805"", ""forward_current_ma"": ""20"", ""forward_voltage_v"": ""2.1""}",active,,https://example.com/datasheet/LED100000571.pdf,,
MEM100000572,MEM100000572,Macronix International,Macronix International,mem100000572,Memory IC,Memory IC,MEM100000572 Memory IC from Macronix International. Sourced via professional procurement support; specs below.,,,"{""organization"": ""x8"", ""speed_hz"": ""104000000""}",active,,https://example.com/datasheet/MEM100000572.pdf,,
XTAL100000573,XTAL100000573,AbraconX,AbraconX,xtal100000573,Crystal Oscillator,Crystal Oscillator,XTAL100000573 Crystal Oscillator from AbraconX. Sourced via professional procurement support; specs below.,,,"{""frequency_hz"": ""8000000"", ""package"": ""SMD"", ""Frequency Tolerance"": ""±20ppm""}",active,,https://example.com/datasheet/XTAL100000573.pdf,,
MCU100000574,MCU100000574,Microchip Technology,Microchip Technology,mcu100000574,Microcontroller,Microcontroller,MCU100000574 Microcontroller from Microchip Technology. Sourced via professional procurement support; specs below.,,,"{""core"": ""ARM Cortex-M4"", ""flash_bytes"": ""131072"", ""ram_bytes"": ""20480"", ""package"": ""LQFP-48""}",active,,https://example.com/datasheet/MCU100000574.pdf,,
MOS100000575,MOS100000575,ON Semiconductor,ON Semiconductor,mos100000575,MOSFET,MOSFET,MOS100000575 MOSFET from ON Semiconductor. Sourced via professional procurement support; specs below.,,,"{""id_a"": ""30"", ""rds_on_mohm"": ""8"", ""package"": ""SOT-23""}",active,,https://example.com/datasheet/MOS100000575.pdf,,
RES100000576,RES100000576,Vishay Intertechnology,Vishay Intertechnology,res100000576,Resistor,Resistor,RES100000576 Resistor from Vishay Intertechnology. Sourced via professional procurement support; specs below.,,,"{""resistance_ohm"": ""10000"", ""tolerance"": ""±1%"", ""power_rating_w"": ""0.25"", ""temperature_coeff"": ""X7R""}",active,,https://example.com/datasheet/RES100000576.pdf,,
CAP100000577,CAP100000577,Murata Manufacturing,Murata Manufacturing,cap100000577,Capacitor,Capacitor,CAP100000577 Capacitor from Murata Manufacturing. Sourced via professional procurement support; specs below.,,,"{""package"": ""0603"", ""capacitance_pf"": ""100000""}",active,,https://example.com/datasheet/CAP100000577.pdf,,
IND100000578,IND100000578,Wurth Elektronik,Wurth Elektronik,ind100000578,Inductor,Inductor,IND100000578 Inductor from Wurth Elektronik. Sourced via professional procurement support; specs below.,,,"{""current_rating_a"": ""1.5"", ""inductance_uh"": ""4.7""}",active,,https://example.com/datasheet/IND100000578.pdf,,
SEN100000579,SEN100000579,NXP Semiconductors,NXP Semiconductors,sen100000579,Sensors,Sensors,SEN100000579 Sensors from NXP Semiconductors. Sourced via professional procurement support; specs below.,,,"{""accuracy"": ""±0.5"", ""sensitivity_dbm"": ""260 LSB/g"", ""resolution_bits"": ""12""}",active,,https://example.com/datasheet/SEN100000579.pdf,,
CON100000580,CON100000580,Molex,Molex,con100000580,Connectors,Connectors,CON100000580 Connectors from Molex. Sourced via professional procurement support; specs below.,,,"{""voltage_rating_v"": ""50"", ""current_rating_a"": ""3"", ""mounting"": ""SMD"", ""pitch_mm"": ""2.54"", ""Mating Cycles"": ""500""}",active,,https://example.com/datasheet/CON100000580.pdf,,
MOD100000581,MOD100000581,MeshWorks,MeshWorks,mod100000581,Modules,Modules,MOD100000581 Modules from MeshWorks. Sourced via professional procurement support; specs below.,,,"{""sensitivity_dbm"": ""-95"", ""modulation"": ""GFSK""}",active,,https://example.com/datasheet/MOD100000581.pdf,,
OPA100000582,OPA100000582,Analog Devices,Analog Devices,opa100000582,Analog IC,Analog IC,OPA100000582 Analog IC from Analog Devices. Sourced via professional procurement support; specs below.,,,"{""supply_current_ua"": ""200"", ""package"": ""SOIC-8"", ""gain_db"": ""100""}",active,,https://example.com/datasheet/OPA100000582.pdf,,
PMIC100000583,PMIC100000583,SGMICRO,SGMICRO,pmic100000583,Power Management IC,Power Management IC,PMIC100000583 Power Management IC from SGMICRO. Sourced via professional procurement support; specs below.,,,"{""efficiency_percent"": ""92"", ""output_current_a"": ""3""}",active,,https://example.com/datasheet/PMIC100000583.pdf,,
DIO100000584,DIO100000584,Vishay Intertechnology,Vishay Intertechnology,dio100000584,Diode,Diode,DIO100000584 Diode from Vishay Intertechnology. Sourced via professional procurement support; specs below.,,,"{""if_a"": ""1"", ""vf_v"": ""0.7"", ""Reverse Recovery"": ""50ns""}",active,,https://example.com/datasheet/DIO100000584.pdf,,
LED100000585,LED100000585,Kingbright,Kingbright,led100000585,LED Components,LED Components,LED100000585 LED Components from Kingbright. Sourced via professional procurement support; specs below.,,,"{""wavelength_nm"": ""650"", ""package"": ""0805"", ""forward_current_ma"": ""20"", ""forward_voltage_v"": ""2.1""}",active,,https://example.com/datasheet/LED100000585.pdf,,
MEM100000586,MEM100000586,Micron Technology,Micron Technology,mem100000586,Memory IC,Memory IC,MEM100000586 Memory IC from Micron Technology. Sourced via professional procurement support; specs below.,,,"{""interface"": ""SPI"", ""speed_hz"": ""104000000"", ""memory_bytes"": ""16777216"", ""organization"": ""x8"", ""Access Time"": ""70ns""}",active,,https://example.com/datasheet/MEM100000586.pdf,,
XTAL100000587,XTAL100000587,Wurth Elektronik,Wurth Elektronik,xtal100000587,Crystal Oscillator,Crystal Oscillator,XTAL100000587 Crystal Oscillator from Wurth Elektronik. Sourced via professional procurement support; specs below.,,,"{""package"": ""SMD"", ""frequency_hz"": ""8000000""}",active,,https://example.com/datasheet/XTAL100000587.pdf,,
MCU100000588,MCU100000588,Holtek Semiconductor,Holtek Semiconductor,mcu100000588,Microcontroller,Microcontroller,MCU100000588 Microcontroller from Holtek Semiconductor. Sourced via professional procurement support; specs below.,,,"{""flash_bytes"": ""131072"", ""ram_bytes"": ""20480""}",active,,https://example.com/datasheet/MCU100000588.pdf,,
MOS100000589,MOS100000589,ON Semiconductor,ON Semiconductor,mos100000589,MOSFET,MOSFET,MOS100000589 MOSFET from ON Semiconductor. Sourced via professional procurement support; specs below.,,,"{""vgs_th_v"": ""2.5"", ""id_a"": ""30A"", ""package"": ""SOT-23""}",active,,https://example.com/datasheet/MOS100000589.pdf,,
RES100000590,RES100000590,Fenghua,Fenghua,res100000590,Resistor,Resistor,RES100000590 Resistor from Fenghua. Sourced via professional procurement support; specs below.,,,"{""tolerance"": ""±1%"", ""resistance_ohm"": ""10kΩ"", ""power_rating_w"": ""0.25"", ""temperature_coeff"": ""X7R""}",active,,https://example.com/datasheet/RES100000590.pdf,,
CAP100000591,CAP100000591,TDK Corporation,TDK Corporation,cap100000591,Capacitor,Capacitor,CAP100000591 Capacitor from TDK Corporation. Sourced via professional procurement support; specs below.,,,"{""voltage_rating_v"": ""50"", ""tolerance"": ""±10%""}",active,,https://example.com/datasheet/CAP100000591.pdf,,
IND100000592,IND100000592,Murata Manufacturing,Murata Manufacturing,ind100000592,Inductor,Inductor,IND100000592 Inductor from Murata Manufacturing. Sourced via professional procurement support; specs below.,,,"{""inductance_uh"": ""4.7"", ""tolerance"": ""±20%""}",active,,https://example.com/datasheet/IND100000592.pdf,,
SEN100000593,SEN100000593,NXP Semiconductors,NXP Semiconductors,sen100000593,Sensors,Sensors,SEN100000593 Sensors from NXP Semiconductors. Sourced via professional procurement support; specs below.,,,"{""sensitivity_dbm"": ""260 LSB/g"", ""accuracy"": ""±0.5"", ""range"": ""0-40"", ""interface"": ""I2C"", ""resolution_bits"": ""12""}",active,,https://example.com/datasheet/SEN100000593.pdf,,
CON100000594,CON100000594,TE Connectivity,TE Connectivity,con100000594,Connectors,Connectors,CON100000594 Connectors from TE Connectivity. Sourced via professional procurement support; specs below.,,,"{""mounting"": ""SMD"", ""positions"": ""40"", ""pitch_mm"": ""2.54"", ""current_rating_a"": ""3"", ""voltage_rating_v"": ""50""}",active,,https://example.com/datasheet/CON100000594.pdf,,
MOD100000595,MOD100000595,Quectel,Quectel,mod100000595,Modules,Modules,MOD100000595 Modules from Quectel. Sourced via professional procurement support; specs below.,,,"{""interface"": ""UART"", ""output_power_dbm"": ""20"", ""data_rate_bps"": ""2Mbps"", ""modulation"": ""GFSK""}",active,,https://example.com/datasheet/MOD100000595.pdf,,
OPA100000596,OPA100000596,Silicon Labs,Silicon Labs,opa100000596,Analog IC,Analog IC,OPA100000596 Analog IC from Silicon Labs. Sourced via professional procurement support; specs below.,,,"{""package"": ""SOIC-8"", ""gain_db"": ""100""}",active,,https://example.com/datasheet/OPA100000596.pdf,,
PMIC100000597,PMIC100000597,Richtek Technology,Richtek Technology,pmic100000597,Power Management IC,Power Management IC,PMIC100000597 Power Management IC from Richtek Technology. Sourced via professional procurement support; specs below.,,,"{""output_current_a"": ""3"", ""voltage_out_v"": ""5"", ""voltage_in_max_v"": ""28"", ""efficiency_percent"": ""92""}",active,,https://example.com/datasheet/PMIC100000597.pdf,,
DIO100000598,DIO100000598,ON Semiconductor,ON Semiconductor,dio100000598,Diode,Diode,DIO100000598 Diode from ON Semiconductor. Sourced via professional procurement support; specs below.,,,"{""vrrm_v"": ""100"", ""vf_v"": ""0.7"", ""Reverse Recovery"": ""50ns""}",active,,https://example.com/datasheet/DIO100000598.pdf,,
LED100000599,LED100000599,Kingbright,Kingbright,led100000599,LED Components,LED Components,LED100000599 LED Components from Kingbright. Sourced via professional procurement support; specs below.,,,"{""forward_current_ma"": ""20"", ""wavelength_nm"": ""650""}",active,,https://example.com/datasheet/LED100000599.pdf,,
MEM100000600,MEM100000600,Micron Technology,Micron Technology,mem100000600,Memory IC,Memory IC,MEM100000600 Memory IC from Micron Technology. Sourced via professional procurement support; specs below.,,,"{""speed_hz"": ""104000000"", ""organization"": ""x8"", ""memory_bytes"": ""16777216"", ""interface"": ""SPI""}",active,,https://example.com/datasheet/MEM100000600.pdf,,
XTAL100000601,XTAL100000601,CrystaWorks,CrystaWorks,xtal100000601,Crystal Oscillator,Crystal Oscillator,XTAL100000601 Crystal Oscillator from CrystaWorks. Sourced via professional procurement support; specs below.,,,"{""package"": ""SMD"", ""frequency_hz"": ""8000000""}",active,,https://example.com/datasheet/XTAL100000601.pdf,,
MCU100000602,MCU100000602,PioneerIC,PioneerIC,mcu100000602,Microcontroller,Microcontroller,MCU100000602 Microcontroller from PioneerIC. Sourced via professional procurement support; specs below.,,,"{""core"": ""ARM Cortex-M4""}",active,,https://example.com/datasheet/MCU100000602.pdf,,
MOS100000603,MOS100000603,HexaFab,HexaFab,mos100000603,MOSFET,MOSFET,MOS100000603 MOSFET from HexaFab. Sourced via professional procurement support; specs below.,,,"{""id_a"": ""30"", ""package"": ""SOT-23"", ""qg_nc"": ""45""}",active,,https://example.com/datasheet/MOS100000603.pdf,,
RES100000604,RES100000604,Vishay Intertechnology,Vishay Intertechnology,res100000604,Resistor,Resistor,RES100000604 Resistor from Vishay Intertechnology. Sourced via professional procurement support; specs below.,,,"{""power_rating_w"": ""0.25"", ""package"": ""0805""}",active,,https://example.com/datasheet/RES100000604.pdf,,
CAP100000605,CAP100000605,KEMET Electronics,KEMET Electronics,cap100000605,Capacitor,Capacitor,CAP100000605 Capacitor from KEMET Electronics. Sourced via professional procurement support; specs below.,,,"{""voltage_rating_v"": ""50"", ""tolerance"": ""±10%"", ""temperature_coeff"": ""X7R""}",active,,https://example.com/datasheet/CAP100000605.pdf,,
IND100000606,IND100000606,Bourns,Bourns,ind100000606,Inductor,Inductor,IND100000606 Inductor from Bourns. Sourced via professional procurement support; specs below.,,,"{""current_rating_a"": ""1.5"", ""tolerance"": ""±20%"", ""package"": ""0805""}",active,,https://example.com/datasheet/IND100000606.pdf,,
SEN100000607,SEN100000607,STMicroelectronics,STMicroelectronics,sen100000607,Sensors,Sensors,SEN100000607 Sensors from STMicroelectronics. Sourced via professional procurement support; specs below.,,,"{""resolution_bits"": ""12"", ""range"": ""0-40"", ""interface"": ""I2C"", ""sensitivity_dbm"": ""260 LSB/g"", ""accuracy"": ""±0.5""}",active,,https://example.com/datasheet/SEN100000607.pdf,,
CON100000608,CON100000608,LinkFab,LinkFab,con100000608,Connectors,Connectors,CON100000608 Connectors from LinkFab. Sourced via professional procurement support; specs below.,,,"{""mounting"": ""SMD"", ""current_rating_a"": ""3"", ""positions"": ""40"", ""voltage_rating_v"": ""50"", ""pitch_mm"": ""2.54""}",active,,https://example.com/datasheet/CON100000608.pdf,,
MOD100000609,MOD100000609,Quectel,Quectel,mod100000609,Modules,Modules,MOD100000609 Modules from Quectel. Sourced via professional procurement support; specs below.,,,"{""interface"": ""UART"", ""output_power_dbm"": ""20"", ""modulation"": ""GFSK""}",active,,https://example.com/datasheet/MOD100000609.pdf,,
OPA100000610,OPA100000610,Maxim Integrated,Maxim Integrated,opa100000610,Analog IC,Analog IC,OPA100000610 Analog IC from Maxim Integrated. Sourced via professional procurement support; specs below.,,,"{""package"": ""SOIC-8"", ""supply_current_ua"": ""200"", ""gain_db"": ""100""}",active,,https://example.com/datasheet/OPA100000610.pdf,,
PMIC100000611,PMIC100000611,Texas Instruments,Texas Instruments,pmic100000611,Power Management IC,Power Management IC,PMIC100000611 Power Management IC from Texas Instruments. Sourced via professional procurement support; specs below.,,,"{""output_current_a"": ""3"", ""voltage_out_v"": ""5"", ""efficiency_percent"": ""92""}",active,,https://example.com/datasheet/PMIC100000611.pdf,,
DIO100000612,DIO100000612,Littelfuse,Littelfuse,dio100000612,Diode,Diode,DIO100000612 Diode from Littelfuse. Sourced via professional procurement support; specs below.,,,"{""vrrm_v"": ""100"", ""vf_v"": ""0.7""}",active,,https://example.com/datasheet/DIO100000612.pdf,,
LED100000613,LED100000613,Lite-On Technology,Lite-On Technology,led100000613,LED Components,LED Components,LED100000613 LED Components from Lite-On Technology. Sourced via professional procurement support; specs below.,,,"{""wavelength_nm"": ""650"", ""forward_voltage_v"": ""2.1"", ""Luminous Intensity"": ""100mcd""}",active,,https://example.com/datasheet/LED100000613.pdf,,
MEM100000614,MEM100000614,Winbond Electronics,Winbond Electronics,mem100000614,Memory IC,Memory IC,MEM100000614 Memory IC from Winbond Electronics. Sourced via professional procurement support; specs below.,,,"{""organization"": ""x8"", ""speed_hz"": ""104000000"", ""memory_bytes"": ""16777216"", ""interface"": ""SPI""}",active,,https://example.com/datasheet/MEM100000614.pdf,,
XTAL100000615,XTAL100000615,Wurth Elektronik,Wurth Elektronik,xtal100000615,Crystal Oscillator,Crystal Oscillator,XTAL100000615 Crystal Oscillator from Wurth Elektronik. Sourced via professional procurement support; specs below.,,,"{""frequency_hz"": ""8000000"", ""load_capacitance_pf"": ""18"", ""Frequency Tolerance"": ""±20ppm""}",active,,https://example.com/datasheet/XTAL100000615.pdf,,
MCU100000616,MCU100000616,STMicroelectronics,STMicroelectronics,mcu100000616,Microcontroller,Microcontroller,MCU100000616 Microcontroller from STMicroelectronics. Sourced via professional procurement support; specs below.,,,"{""ram_bytes"": ""20480"", ""frequency_hz"": ""72MHz""}",active,,https://example.com/datasheet/MCU100000616.pdf,,
MOS100000617,MOS100000617,Yangjie,Yangjie,mos100000617,MOSFET,MOSFET,MOS100000617 MOSFET from Yangjie. Sourced via professional procurement support; specs below.,,,"{""id_a"": ""30"", ""package"": ""SOT-23"", ""rds_on_mohm"": ""8""}",active,,https://example.com/datasheet/MOS100000617.pdf,,
RES100000618,RES100000618,OhmWorks,OhmWorks,res100000618,Resistor,Resistor,RES100000618 Resistor from OhmWorks. Sourced via professional procurement support; specs below.,,,"{""tolerance"": ""±1%"", ""resistance_ohm"": ""10kΩ""}",active,,https://example.com/datasheet/RES100000618.pdf,,
CAP100000619,CAP100000619,Walsin Technology,Walsin Technology,cap100000619,Capacitor,Capacitor,CAP100000619 Capacitor from Walsin Technology. Sourced via professional procurement support; specs below.,,,"{""temperature_coeff"": ""X7R"", ""capacitance_pf"": ""100000""}",active,,https://example.com/datasheet/CAP100000619.pdf,,
IND100000620,IND100000620,Wurth Elektronik,Wurth Elektronik,ind100000620,Inductor,Inductor,IND100000620 Inductor from Wurth Elektronik. Sourced via professional procurement support; specs below.,,,"{""tolerance"": ""±20%"", ""inductance_uh"": ""4.7"", ""current_rating_a"": ""1.5"", ""package"": ""0805""}",active,,https://example.com/datasheet/IND100000620.pdf,,
SEN100000621,SEN100000621,STMicroelectronics,STMicroelectronics,sen100000621,Sensors,Sensors,SEN100000621 Sensors from STMicroelectronics. Sourced via professional procurement support; specs below.,,,"[1, 2, 3]",active,,https://example.com/datasheet/SEN100000621.pdf,,
CON100000622,CON100000622,Amphenol,Amphenol,con100000622,Connectors,Connectors,CON100000622 Connectors from Amphenol. Sourced via professional procurement support; specs below.,,,"{""voltage_rating_v"": ""50"", ""pitch_mm"": ""2.54"", ""mounting"": ""SMD"", ""current_rating_a"": ""3"", ""positions"": ""40"", ""Contact Plating"": ""Gold""}",active,,https://example.com/datasheet/CON100000622.pdf,,
MOD100000623,MOD100000623,SIMCom,SIMCom,mod100000623,Modules,Modules,MOD100000623 Modules from SIMCom. Sourced via professional procurement support; specs below.,,,"{""sensitivity_dbm"": ""-95"", ""output_power_dbm"": ""20"", ""data_rate_bps"": ""2Mbps""}",active,,https://example.com/datasheet/MOD100000623.pdf,,
OPA100000624,OPA100000624,Analog Devices,Analog Devices,opa100000624,Analog IC,Analog IC,OPA100000624 Analog IC from Analog Devices. Sourced via professional procurement support; specs below.,,,"{""bandwidth_hz"": ""1000000"", ""package"": ""SOIC-8""}",active,,https://example.com/datasheet/OPA100000624.pdf,,
PMIC100000625,PMIC100000625,VoltRegInc,VoltRegInc,pmic100000625,Power Management IC,Power Management IC,PMIC100000625 Power Management IC from VoltRegInc. Sourced via professional procurement support; specs below.,,,"{""package"": ""SOT-23"", ""voltage_in_min_v"": ""4.5""}",active,,https://example.com/datasheet/PMIC100000625.pdf,,
DIO100000626,DIO100000626,Littelfuse,Littelfuse,dio100000626,Diode,Diode,DIO100000626 Diode from Littelfuse. Sourced via professional procurement support; specs below.,,,"{""vf_v"": ""0.7"", ""if_a"": ""1""}",active,,https://example.com/datasheet/DIO100000626.pdf,,
LED100000627,LED100000627,Everlight Electronics,Everlight Electronics,led100000627,LED Components,LED Components,LED100000627 LED Components from Everlight Electronics. Sourced via professional procurement support; specs below.,,,"{""package"": ""0805"", ""forward_voltage_v"": ""2.1""}",active,,https://example.com/datasheet/LED100000627.pdf,,
MEM100000628,MEM100000628,Winbond Electronics,Winbond Electronics,mem100000628,Memory IC,Memory IC,MEM100000628 Memory IC from Winbond Electronics. Sourced via professional procurement support; specs below.,,,"{""speed_hz"": ""104000000"", ""memory_bytes"": ""16777216"", ""organization"": ""x8"", ""interface"": ""SPI""}",active,,https://example.com/datasheet/MEM100000628.pdf,,
XTAL100000629,XTAL100000629,Wurth Elektronik,Wurth Elektronik,xtal100000629,Crystal Oscillator,Crystal Oscillator,XTAL100000629 Crystal Oscillator from Wurth Elektronik. Sourced via professional procurement support; specs below.,,,"{""package"": ""SMD"", ""load_capacitance_pf"": ""18"", ""frequency_hz"": ""8000000""}",active,,https://example.com/datasheet/XTAL100000629.pdf,,
MCU100000630,MCU100000630,STMicroelectronics,STMicroelectronics,mcu100000630,Microcontroller,Microcontroller,MCU100000630 Microcontroller from STMicroelectronics. Sourced via professional procurement support; specs below.,,,"{""flash_bytes"": ""131072"", ""core"": ""ARM Cortex-M4""}",active,,https://example.com/datasheet/MCU100000630.pdf,,
MOS100000631,MOS100000631,ON Semiconductor,ON Semiconductor,mos100000631,MOSFET,MOSFET,MOS100000631 MOSFET from ON Semiconductor. Sourced via professional procurement support; specs below.,,,"{""rds_on_mohm"": ""8"", ""vgs_th_v"": ""2.5"", ""qg_nc"": ""45""}",active,,https://example.com/datasheet/MOS100000631.pdf,,
RES100000632,RES100000632,Vishay Intertechnology,Vishay Intertechnology,res100000632,Resistor,Resistor,RES100000632 Resistor from Vishay Intertechnology. Sourced via professional procurement support; specs below.,,,"{""temperature_coeff"": ""X7R"", ""tolerance"": ""±1%"", ""resistance_ohm"": ""10kΩ"", ""package"": ""0805""}",active,,https://example.com/datasheet/RES100000632.pdf,,
CAP100000633,CAP100000633,Holy Stone,Holy Stone,cap100000633,Capacitor,Capacitor,CAP100000633 Capacitor from Holy Stone. Sourced via professional procurement support; specs below.,,,"{""temperature_coeff"": ""X7R"", ""capacitance_pf"": ""100000"", ""package"": ""0603"", ""tolerance"": ""±10%"", ""voltage_rating_v"": ""50""}",active,,https://example.com/datasheet/CAP100000633.pdf,,
IND100000634,IND100000634,Bourns,Bourns,ind100000634,Inductor,Inductor,IND100000634 Inductor from Bourns. Sourced via professional procurement support; specs below.,,,"{""package"": ""0805"", ""current_rating_a"": ""1.5"", ""tolerance"": ""±20%""}",active,,https://example.com/datasheet/IND100000634.pdf,,
SEN100000635,SEN100000635,NXP Semiconductors,NXP Semiconductors,sen100000635,Sensors,Sensors,SEN100000635 Sensors from NXP Semiconductors. Sourced via professional procurement support; specs below.,,,"{""sensitivity_dbm"": ""260 LSB/g"", ""interface"": ""I2C"", ""range"": ""0-40"", ""accuracy"": ""±0.5""}",active,,https://example.com/datasheet/SEN100000635.pdf,,
CON100000636,CON100000636,Hirose Electric,Hirose Electric,con100000636,Connectors,Connectors,CON100000636 Connectors from Hirose Electric. Sourced via professional procurement support; specs below.,,,"{""voltage_rating_v"": ""50"", ""pitch_mm"": ""2.54"", ""mounting"": ""SMD"", ""positions"": ""40""}",active,,https://example.com/datasheet/CON100000636.pdf,,
MOD100000637,MOD100000637,u-blox,u-blox,mod100000637,Modules,Modules,MOD100000637 Modules from u-blox. Sourced via professional procurement support; specs below.,,,"{""output_power_dbm"": ""20"", ""interface"": ""UART"", ""sensitivity_dbm"": ""-95"", ""modulation"": ""GFSK""}",active,,https://example.com/datasheet/MOD100000637.pdf,,
OPA100000638,OPA100000638,Texas Instruments,Texas Instruments,opa100000638,Analog IC,Analog IC,OPA100000638 Analog IC from Texas Instruments. Sourced via professional procurement support; specs below.,,,"{""bandwidth_hz"": ""1000000"", ""supply_current_ua"": ""200"", ""Phase Margin"": ""60°""}",active,,https://example.com/datasheet/OPA100000638.pdf,,
PMIC100000639,PMIC100000639,SGMICRO,SGMICRO,pmic100000639,Power Management IC,Power Management IC,PMIC100000639 Power Management IC from SGMICRO. Sourced via professional procurement support; specs below.,,,"{""voltage_out_v"": ""5"", ""efficiency_percent"": ""92"", ""voltage_in_max_v"": ""28"", ""voltage_in_min_v"": ""4.5""}",active,,https://example.com/datasheet/PMIC100000639.pdf,,
DIO100000640,DIO100000640,,,dio100000640,Diode,Diode,DIO100000640 Diode from unspecified. Sourced via professional procurement support; specs below.,,,"{""if_a"": ""1"", ""vrrm_v"": ""100"", ""vf_v"": ""0.7""}",active,,https://example.com/datasheet/DIO100000640.pdf,,
LED100000641,LED100000641,OSRAM,OSRAM,led100000641,LED Components,LED Components,LED100000641 LED Components from OSRAM. Sourced via professional procurement support; specs below.,,,"{""forward_current_ma"": ""20"", ""wavelength_nm"": ""650"", ""forward_voltage_v"": ""2.1""}",active,,https://example.com/datasheet/LED100000641.pdf,,
MEM100000642,MEM100000642,SK Hynix,SK Hynix,mem100000642,Memory IC,Memory IC,MEM100000642 Memory IC from SK Hynix. Sourced via professional procurement support; specs below.,,,"{""interface"": ""SPI"", ""organization"": ""x8"", ""memory_bytes"": ""16777216"", ""speed_hz"": ""104000000""}",active,,https://example.com/datasheet/MEM100000642.pdf,,
XTAL100000643,XTAL100000643,AbraconX,AbraconX,xtal100000643,Crystal Oscillator,Crystal Oscillator,XTAL100000643 Crystal Oscillator from AbraconX. Sourced via professional procurement support; specs below.,,,"{""frequency_hz"": ""8000000"", ""package"": ""SMD""}",active,,https://example.com/datasheet/XTAL100000643.pdf,,
MCU100000644,MCU100000644,STMicroelectronics,STMicroelectronics,mcu100000644,Microcontroller,Microcontroller,MCU100000644 Microcontroller from STMicroelectronics. Sourced via professional procurement support; specs below.,,,"{""flash_bytes"": ""131072"", ""frequency_hz"": ""72000000""}",active,,https://example.com/datasheet/MCU100000644.pdf,,
MOS100000645,MOS100000645,Alpha & Omega Semiconductor,Alpha & Omega Semiconductor,mos100000645,MOSFET,MOSFET,MOS100000645 MOSFET from Alpha & Omega Semiconductor. Sourced via professional procurement support; specs below.,,,"{""id_a"": ""30"", ""qg_nc"": ""45"", ""rds_on_mohm"": ""8mΩ"", ""package"": ""SOT-23""}",active,,https://example.com/datasheet/MOS100000645.pdf,,
RES100000646,RES100000646,Yageo,Yageo,res100000646,Resistor,Resistor,RES100000646 Resistor from Yageo. Sourced via professional procurement support; specs below.,,,"{""package"": ""0805"", ""resistance_ohm"": ""10000"", ""power_rating_w"": ""0.25""}",active,,https://example.com/datasheet/RES100000646.pdf,,
CAP100000647,CAP100000647,TDK Corporation,TDK Corporation,cap100000647,Capacitor,Capacitor,CAP100000647 Capacitor from TDK Corporation. Sourced via professional procurement support; specs below.,,,"{""temperature_coeff"": ""X7R"", ""package"": ""0603"", ""capacitance_pf"": ""100nF"", ""tolerance"": ""±10%""}",active,,https://example.com/datasheet/CAP100000647.pdf,,
IND100000648,IND100000648,Murata Manufacturing,Murata Manufacturing,ind100000648,Inductor,Inductor,IND100000648 Inductor from Murata Manufacturing. Sourced via professional procurement support; specs below.,,,"{""package"": ""0805"", ""current_rating_a"": ""1.5"", ""inductance_uh"": ""4.7"", ""tolerance"": ""±20%""}",active,,https://example.com/datasheet/IND100000648.pdf,,
SEN100000649,SEN100000649,BoschDummy,BoschDummy,sen100000649,Sensors,Sensors,SEN100000649 Sensors from BoschDummy. Sourced via professional procurement support; specs below.,,,"{""accuracy"": ""±0.5"", ""interface"": ""I2C"", ""sensitivity_dbm"": ""260 LSB/g""}",active,,https://example.com/datasheet/SEN100000649.pdf,,
CON100000650,CON100000650,Molex,Molex,con100000650,Connectors,Connectors,CON100000650 Connectors from Molex. Sourced via professional procurement support; specs below.,,,"{""pitch_mm"": ""2.54"", ""positions"": ""40"", ""voltage_rating_v"": ""50"", ""Mating Cycles"": ""500""}",active,,https://example.com/datasheet/CON100000650.pdf,,
MOD100000651,MOD100000651,Semtech,Semtech,mod100000651,Modules,Modules,MOD100000651 Modules from Semtech. Sourced via professional procurement support; specs below.,,,"{""data_rate_bps"": ""2Mbps""}",active,,https://example.com/datasheet/MOD100000651.pdf,,
OPA100000652,OPA100000652,Silicon Labs,Silicon Labs,opa100000652,Analog IC,Analog IC,OPA100000652 Analog IC from Silicon Labs. Sourced via professional procurement support; specs below.,,,"{""package"": ""SOIC-8"", ""supply_current_ua"": ""200"", ""gain_db"": ""100"", ""bandwidth_hz"": ""1000000""}",active,,https://example.com/datasheet/OPA100000652.pdf,,
PMIC100000653,PMIC100000653,Richtek Technology,Richtek Technology,pmic100000653,Power Management IC,Power Management IC,PMIC100000653 Power Management IC from Richtek Technology. Sourced via professional procurement support; specs below.,,,"{""efficiency_percent"": ""92"", ""voltage_out_v"": ""5"", ""voltage_in_min_v"": ""4.5"", ""output_current_a"": ""3"", ""Power Good"": ""yes""}",active,,https://example.com/datasheet/PMIC100000653.pdf,,
DIO100000654,DIO100000654,Littelfuse,Littelfuse,dio100000654,Diode,Diode,DIO100000654 Diode from Littelfuse. Sourced via professional procurement support; specs below.,,,"{""vf_v"": ""0.7"", ""vrrm_v"": ""100""}",active,,https://example.com/datasheet/DIO100000654.pdf,,
LED100000655,LED100000655,Lite-On Technology,Lite-On Technology,led100000655,LED Components,LED Components,LED100000655 LED Components from Lite-On Technology. Sourced via professional procurement support; specs below.,,,"{""forward_current_ma"": ""20"", ""wavelength_nm"": ""650"", ""forward_voltage_v"": ""2.1""}",active,,https://example.com/datasheet/LED100000655.pdf,,
MEM100000656,MEM100000656,ISSI,ISSI,mem100000656,Memory IC,Memory IC,MEM100000656 Memory IC from ISSI. Sourced via professional procurement support; specs below.,,,"{""memory_bytes"": ""16777216"", ""organization"": ""x8"", ""interface"": ""SPI""}",active,,https://example.com/datasheet/MEM100000656.pdf,,
XTAL100000657,XTAL100000657,Wurth Elektronik,Wurth Elektronik,xtal100000657,Crystal Oscillator,Crystal Oscillator,XTAL100000657 Crystal Oscillator from Wurth Elektronik. Sourced via professional procurement support; specs below.,,,"{""frequency_hz"": ""8000000"", ""package"": ""SMD"", ""load_capacitance_pf"": ""18""}",active,,https://example.com/datasheet/XTAL100000657.pdf,,
MCU100000658,MCU100000658,Microchip Technology,Microchip Technology,mcu100000658,Microcontroller,Microcontroller,MCU100000658 Microcontroller from Microchip Technology. Sourced via professional procurement support; specs below.,,,"{""frequency_hz"": ""72MHz"", ""Operating Temp"": ""-40~85""}",active,,https://example.com/datasheet/MCU100000658.pdf,,
MOS100000659,MOS100000659,Vishay Intertechnology,Vishay Intertechnology,mos100000659,MOSFET,MOSFET,MOS100000659 MOSFET from Vishay Intertechnology. Sourced via professional procurement support; specs below.,,,"{""vgs_th_v"": ""2.5""}",active,,https://example.com/datasheet/MOS100000659.pdf,,
RES100000660,RES100000660,Yageo,Yageo,res100000660,Resistor,Resistor,RES100000660 Resistor from Yageo. Sourced via professional procurement support; specs below.,,,"{""power_rating_w"": ""0.25""}",active,,https://example.com/datasheet/RES100000660.pdf,,
CAP100000661,CAP100000661,TDK Corporation,TDK Corporation,cap100000661,Capacitor,Capacitor,CAP100000661 Capacitor from TDK Corporation. Sourced via professional procurement support; specs below.,,,"{""package"": ""0603"", ""tolerance"": ""±10%"", ""voltage_rating_v"": ""50"", ""temperature_coeff"": ""X7R""}",active,,https://example.com/datasheet/CAP100000661.pdf,,
IND100000662,IND100000662,Bourns,Bourns,ind100000662,Inductor,Inductor,IND100000662 Inductor from Bourns. Sourced via professional procurement support; specs below.,,,"{""inductance_uh"": ""4.7"", ""current_rating_a"": ""1.5""}",active,,https://example.com/datasheet/IND100000662.pdf,,
SEN100000663,SEN100000663,STMicroelectronics,STMicroelectronics,sen100000663,Sensors,Sensors,SEN100000663 Sensors from STMicroelectronics. Sourced via professional procurement support; specs below.,,,"{""interface"": ""I2C"", ""range"": ""0-40""}",active,,https://example.com/datasheet/SEN100000663.pdf,,
CON100000664,CON100000664,TE Connectivity,TE Connectivity,con100000664,Connectors,Connectors,CON100000664 Connectors from TE Connectivity. Sourced via professional procurement support; specs below.,,,"{""voltage_rating_v"": ""50"", ""mounting"": ""SMD"", ""positions"": ""40"", ""Contact Plating"": ""Gold""}",active,,https://example.com/datasheet/CON100000664.pdf,,
MOD100000665,MOD100000665,,,mod100000665,Modules,Modules,MOD100000665 Modules from unspecified. Sourced via professional procurement support; specs below.,,,"{""sensitivity_dbm"": ""-95"", ""interface"": ""UART""}",active,,https://example.com/datasheet/MOD100000665.pdf,,
OPA100000666,OPA100000666,Maxim Integrated,Maxim Integrated,opa100000666,Analog IC,Analog IC,OPA100000666 Analog IC from Maxim Integrated. Sourced via professional procurement support; specs below.,,,"{""supply_current_ua"": ""200"", ""gain_db"": ""100"", ""package"": ""SOIC-8""}",active,,https://example.com/datasheet/OPA100000666.pdf,,
PMIC100000667,PMIC100000667,SGMICRO,SGMICRO,pmic100000667,Power Management IC,Power Management IC,PMIC100000667 Power Management IC from SGMICRO. Sourced via professional procurement support; specs below.,,,"{""output_current_a"": ""3"", ""voltage_out_v"": ""5"", ""Power Good"": ""yes""}",active,,https://example.com/datasheet/PMIC100000667.pdf,,
DIO100000668,DIO100000668,Littelfuse,Littelfuse,dio100000668,Diode,Diode,DIO100000668 Diode from Littelfuse. Sourced via professional procurement support; specs below.,,,"{""vf_v"": ""0.7"", ""if_a"": ""1""}",active,,https://example.com/datasheet/DIO100000668.pdf,,
LED100000669,LED100000669,Kingbright,Kingbright,led100000669,LED Components,LED Components,LED100000669 LED Components from Kingbright. Sourced via professional procurement support; specs below.,,,"{""package"": ""0805"", ""forward_current_ma"": ""20"", ""forward_voltage_v"": ""2.1"", ""Luminous Intensity"": ""100mcd""}",active,,https://example.com/datasheet/LED100000669.pdf,,
MEM100000670,MEM100000670,Micron Technology,Micron Technology,mem100000670,Memory IC,Memory IC,MEM100000670 Memory IC from Micron Technology. Sourced via professional procurement support; specs below.,,,"{""memory_bytes"": ""16777216"", ""speed_hz"": ""104000000"", ""interface"": ""SPI"", ""organization"": ""x8""}",active,,https://example.com/datasheet/MEM100000670.pdf,,
XTAL100000671,XTAL100000671,Wurth Elektronik,Wurth Elektronik,xtal100000671,Crystal Oscillator,Crystal Oscillator,XTAL100000671 Crystal Oscillator from Wurth Elektronik. Sourced via professional procurement support; specs below.,,,"{""package"": ""SMD"", ""load_capacitance_pf"": ""18""}",active,,https://example.com/datasheet/XTAL100000671.pdf,,
MCU100000672,MCU100000672,Nuvoton Technology,Nuvoton Technology,mcu100000672,Microcontroller,Microcontroller,MCU100000672 Microcontroller from Nuvoton Technology. Sourced via professional procurement support; specs below.,,,"{""flash_bytes"": ""131072"", ""core"": ""ARM Cortex-M4""}",active,,https://example.com/datasheet/MCU100000672.pdf,,
MOS100000673,MOS100000673,ON Semiconductor,ON Semiconductor,mos100000673,MOSFET,MOSFET,MOS100000673 MOSFET from ON Semiconductor. Sourced via professional procurement support; specs below.,,,"{""package"": ""SOT-23""}",active,,https://example.com/datasheet/MOS100000673.pdf,,
RES100000674,RES100000674,Yageo,Yageo,res100000674,Resistor,Resistor,RES100000674 Resistor from Yageo. Sourced via professional procurement support; specs below.,,,"{""tolerance"": ""±1%"", ""resistance_ohm"": ""10000"", ""package"": ""0805""}",active,,https://example.com/datasheet/RES100000674.pdf,,
CAP100000675,CAP100000675,Walsin Technology,Walsin Technology,cap100000675,Capacitor,Capacitor,CAP100000675 Capacitor from Walsin Technology. Sourced via professional procurement support; specs below.,,,"{""temperature_coeff"": ""X7R"", ""capacitance_pf"": ""100000"", ""tolerance"": ""±10%"", ""package"": ""0603""}",active,,https://example.com/datasheet/CAP100000675.pdf,,
IND100000676,IND100000676,Bourns,Bourns,ind100000676,Inductor,Inductor,IND100000676 Inductor from Bourns. Sourced via professional procurement support; specs below.,,,"{""package"": ""0805"", ""inductance_uh"": ""4.7"", ""current_rating_a"": ""1.5""}",active,,https://example.com/datasheet/IND100000676.pdf,,
SEN100000677,SEN100000677,NXP Semiconductors,NXP Semiconductors,sen100000677,Sensors,Sensors,SEN100000677 Sensors from NXP Semiconductors. Sourced via professional procurement support; specs below.,,,"{""interface"": ""I2C"", ""accuracy"": ""±0.5"", ""resolution_bits"": ""12"", ""range"": ""0-40"", ""sensitivity_dbm"": ""260 LSB/g""}",active,,https://example.com/datasheet/SEN100000677.pdf,,
CON100000678,CON100000678,Amphenol,Amphenol,con100000678,Connectors,Connectors,CON100000678 Connectors from Amphenol. Sourced via professional procurement support; specs below.,,,"{""positions"": ""40"", ""voltage_rating_v"": ""50"", ""mounting"": ""SMD"", ""current_rating_a"": ""3"", ""pitch_mm"": ""2.54""}",active,,https://example.com/datasheet/CON100000678.pdf,,
MOD100000679,MOD100000679,u-blox,u-blox,mod100000679,Modules,Modules,MOD100000679 Modules from u-blox. Sourced via professional procurement support; specs below.,,,"{""data_rate_bps"": ""2000000"", ""output_power_dbm"": ""20"", ""modulation"": ""GFSK""}",active,,https://example.com/datasheet/MOD100000679.pdf,,
OPA100000680,OPA100000680,Maxim Integrated,Maxim Integrated,opa100000680,Analog IC,Analog IC,OPA100000680 Analog IC from Maxim Integrated. Sourced via professional procurement support; specs below.,,,"{""supply_current_ua"": ""200"", ""bandwidth_hz"": ""1000000"", ""gain_db"": ""100""}",active,,https://example.com/datasheet/OPA100000680.pdf,,
PMIC100000681,PMIC100000681,Monolithic Power Systems,Monolithic Power Systems,pmic100000681,Power Management IC,Power Management IC,PMIC100000681 Power Management IC from Monolithic Power Systems. Sourced via professional procurement support; specs below.,,,"{""voltage_in_min_v"": ""4.5"", ""output_current_a"": ""3"", ""efficiency_percent"": ""92""}",active,,https://example.com/datasheet/PMIC100000681.pdf,,
DIO100000682,DIO100000682,Diodes Incorporated,Diodes Incorporated,dio100000682,Diode,Diode,DIO100000682 Diode from Diodes Incorporated. Sourced via professional procurement support; specs below.,,,"{""vf_v"": ""0.7"", ""vrrm_v"": ""100""}",active,,https://example.com/datasheet/DIO100000682.pdf,,
LED100000683,LED100000683,OSRAM,OSRAM,led100000683,LED Components,LED Components,LED100000683 LED Components from OSRAM. Sourced via professional procurement support; specs below.,,,"{""forward_voltage_v"": ""2.1"", ""package"": ""0805"", ""wavelength_nm"": ""650"", ""forward_current_ma"": ""20""}",active,,https://example.com/datasheet/LED100000683.pdf,,
MEM100000684,MEM100000684,ISSI,ISSI,mem100000684,Memory IC,Memory IC,MEM100000684 Memory IC from ISSI. Sourced via professional procurement support; specs below.,,,"{""memory_bytes"": ""16777216"", ""speed_hz"": ""104000000"", ""organization"": ""x8""}",active,,https://example.com/datasheet/MEM100000684.pdf,,
XTAL100000685,XTAL100000685,Wurth Elektronik,Wurth Elektronik,xtal100000685,Crystal Oscillator,Crystal Oscillator,XTAL100000685 Crystal Oscillator from Wurth Elektronik. Sourced via professional procurement support; specs below.,,,"{""frequency_hz"": ""8000000"", ""load_capacitance_pf"": ""18"", ""package"": ""SMD""}",active,,https://example.com/datasheet/XTAL100000685.pdf,,
MCU100000686,MCU100000686,Nuvoton Technology,Nuvoton Technology,mcu100000686,Microcontroller,Microcontroller,MCU100000686 Microcontroller from Nuvoton Technology. Sourced via professional procurement support; specs below.,,,"{""voltage_v"": ""3.3"", ""ram_bytes"": ""20480""}",active,,https://example.com/datasheet/MCU100000686.pdf,,
MOS100000687,MOS100000687,Yangjie,Yangjie,mos100000687,MOSFET,MOSFET,MOS100000687 MOSFET from Yangjie. Sourced via professional procurement support; specs below.,,,"{""id_a"": ""30"", ""Gate Charge Type"": ""standard""}",active,,https://example.com/datasheet/MOS100000687.pdf,,
RES100000688,RES100000688,KEMET Electronics,KEMET Electronics,res100000688,Resistor,Resistor,RES100000688 Resistor from KEMET Electronics. Sourced via professional procurement support; specs below.,,,"{""resistance_ohm"": ""10000"", ""temperature_coeff"": ""X7R"", ""package"": ""0805"", ""tolerance"": ""±1%""}",active,,https://example.com/datasheet/RES100000688.pdf,,
CAP100000689,CAP100000689,TDK Corporation,TDK Corporation,cap100000689,Capacitor,Capacitor,CAP100000689 Capacitor from TDK Corporation. Sourced via professional procurement support; specs below.,,,"{""package"": ""0603"", ""temperature_coeff"": ""X7R"", ""capacitance_pf"": ""100nF""}",active,,https://example.com/datasheet/CAP100000689.pdf,,
IND100000690,IND100000690,,,ind100000690,Inductor,Inductor,IND100000690 Inductor from unspecified. Sourced via professional procurement support; specs below.,,,"{""inductance_uh"": ""4.7"", ""tolerance"": ""±20%"", ""current_rating_a"": ""1.5""}",active,,https://example.com/datasheet/IND100000690.pdf,,
SEN100000691,SEN100000691,SenseQ,SenseQ,sen100000691,Sensors,Sensors,SEN100000691 Sensors from SenseQ. Sourced via professional procurement support; specs below.,,,"{""range"": ""0-40"", ""interface"": ""I2C"", ""resolution_bits"": ""12""}",active,,https://example.com/datasheet/SEN100000691.pdf,,
CON100000692,CON100000692,LinkFab,LinkFab,con100000692,Connectors,Connectors,CON100000692 Connectors from LinkFab. Sourced via professional procurement support; specs below.,,,"{""voltage_rating_v"": ""50"", ""positions"": ""40"", ""current_rating_a"": ""3"", ""pitch_mm"": ""2.54""}",active,,https://example.com/datasheet/CON100000692.pdf,,
MOD100000693,MOD100000693,ModuLink,ModuLink,mod100000693,Modules,Modules,MOD100000693 Modules from ModuLink. Sourced via professional procurement support; specs below.,,,"{""interface"": ""UART"", ""sensitivity_dbm"": ""-95"", ""data_rate_bps"": ""2Mbps""}",active,,https://example.com/datasheet/MOD100000693.pdf,,
OPA100000694,OPA100000694,Texas Instruments,Texas Instruments,opa100000694,Analog IC,Analog IC,OPA100000694 Analog IC from Texas Instruments. Sourced via professional procurement support; specs below.,,,"{""supply_current_ua"": ""200"", ""bandwidth_hz"": ""1000000""}",active,,https://example.com/datasheet/OPA100000694.pdf,,
PMIC100000695,PMIC100000695,Richtek Technology,Richtek Technology,pmic100000695,Power Management IC,Power Management IC,PMIC100000695 Power Management IC from Richtek Technology. Sourced via professional procurement support; specs below.,,,"{""voltage_in_max_v"": ""28"", ""efficiency_percent"": ""92"", ""package"": ""SOT-23"", ""Power Good"": ""yes""}",active,,https://example.com/datasheet/PMIC100000695.pdf,,
DIO100000696,DIO100000696,ON Semiconductor,ON Semiconductor,dio100000696,Diode,Diode,DIO100000696 Diode from ON Semiconductor. Sourced via professional procurement support; specs below.,,,"{""vrrm_v"": ""100"", ""if_a"": ""1""}",active,,https://example.com/datasheet/DIO100000696.pdf,,
LED100000697,LED100000697,Kingbright,Kingbright,led100000697,LED Components,LED Components,LED100000697 LED Components from Kingbright. Sourced via professional procurement support; specs below.,,,"{""forward_voltage_v"": ""2.1"", ""wavelength_nm"": ""650"", ""package"": ""0805"", ""forward_current_ma"": ""20""}",active,,https://example.com/datasheet/LED100000697.pdf,,
MEM100000698,MEM100000698,StoreX,StoreX,mem100000698,Memory IC,Memory IC,MEM100000698 Memory IC from StoreX. Sourced via professional procurement support; specs below.,,,"{""speed_hz"": ""104000000"", ""organization"": ""x8"", ""memory_bytes"": ""16777216""}",active,,https://example.com/datasheet/MEM100000698.pdf,,
XTAL100000699,XTAL100000699,Wurth Elektronik,Wurth Elektronik,xtal100000699,Crystal Oscillator,Crystal Oscillator,XTAL100000699 Crystal Oscillator from Wurth Elektronik. Sourced via professional procurement support; specs below.,,,"{""load_capacitance_pf"": ""18"", ""package"": ""SMD""}",active,,https://example.com/datasheet/XTAL100000699.pdf,,
MCU100000700,MCU100000700,GigaDevice Semiconductor,GigaDevice Semiconductor,mcu100000700,Microcontroller,Microcontroller,MCU100000700 Microcontroller from GigaDevice Semiconductor. Sourced via professional procurement support; specs below.,,,"{""frequency_hz"": ""72MHz""}",active,,https://example.com/datasheet/MCU100000700.pdf,,
MOS100000701,MOS100000701,Alpha & Omega Semiconductor,Alpha & Omega Semiconductor,mos100000701,MOSFET,MOSFET,MOS100000701 MOSFET from Alpha & Omega Semiconductor. Sourced via professional procurement support; specs below.,,,"{""package"": ""SOT-23""}",active,,https://example.com/datasheet/MOS100000701.pdf,,
RES100000702,RES100000702,Bourns,Bourns,res100000702,Resistor,Resistor,RES100000702 Resistor from Bourns. Sourced via professional procurement support; specs below.,,,"{""package"": ""0805"", ""resistance_ohm"": ""10000""}",active,,https://example.com/datasheet/RES100000702.pdf,,
CAP100000703,CAP100000703,TDK Corporation,TDK Corporation,cap100000703,Capacitor,Capacitor,CAP100000703 Capacitor from TDK Corporation. Sourced via professional procurement support; specs below.,,,"{""temperature_coeff"": ""X7R"", ""tolerance"": ""±10%""}",active,,https://example.com/datasheet/CAP100000703.pdf,,
IND100000704,IND100000704,TDK Corporation,TDK Corporation,ind100000704,Inductor,Inductor,IND100000704 Inductor from TDK Corporation. Sourced via professional procurement support; specs below.,,,"{""current_rating_a"": ""1.5"", ""package"": ""0805"", ""tolerance"": ""±20%"", ""inductance_uh"": ""4.7""}",active,,https://example.com/datasheet/IND100000704.pdf,,
SEN100000705,SEN100000705,BoschDummy,BoschDummy,sen100000705,Sensors,Sensors,SEN100000705 Sensors from BoschDummy. Sourced via professional procurement support; specs below.,,,"{""resolution_bits"": ""12"", ""interface"": ""I2C"", ""sensitivity_dbm"": ""260 LSB/g"", ""accuracy"": ""±0.5"", ""range"": ""0-40""}",active,,https://example.com/datasheet/SEN100000705.pdf,,
CON100000706,CON100000706,Molex,Molex,con100000706,Connectors,Connectors,CON100000706 Connectors from Molex. Sourced via professional procurement support; specs below.,,,"{""pitch_mm"": ""2.54"", ""current_rating_a"": ""3"", ""positions"": ""40"", ""mounting"": ""SMD""}",active,,https://example.com/datasheet/CON100000706.pdf,,
MOD100000707,MOD100000707,Quectel,Quectel,mod100000707,Modules,Modules,MOD100000707 Modules from Quectel. Sourced via professional procurement support; specs below.,,,"{""sensitivity_dbm"": ""-95"", ""data_rate_bps"": ""2000000"", ""interface"": ""UART""}",active,,https://example.com/datasheet/MOD100000707.pdf,,
OPA100000708,OPA100000708,Silicon Labs,Silicon Labs,opa100000708,Analog IC,Analog IC,OPA100000708 Analog IC from Silicon Labs. Sourced via professional procurement support; specs below.,,,"{""package"": ""SOIC-8"", ""supply_current_ua"": ""200"", ""bandwidth_hz"": ""1000000""}",active,,https://example.com/datasheet/OPA100000708.pdf,,
PMIC100000709,PMIC100000709,Monolithic Power Systems,Monolithic Power Systems,pmic100000709,Power Management IC,Power Management IC,PMIC100000709 Power Management IC from Monolithic Power Systems. Sourced via professional procurement support; specs below.,,,"{""efficiency_percent"": ""92"", ""voltage_out_v"": ""5"", ""voltage_in_min_v"": ""4.5"", ""output_current_a"": ""3"", ""package"": ""SOT-23""}",active,,https://example.com/datasheet/PMIC100000709.pdf,,
DIO100000710,DIO100000710,Diodes Incorporated,Diodes Incorporated,dio100000710,Diode,Diode,DIO100000710 Diode from Diodes Incorporated. Sourced via professional procurement support; specs below.,,,"{""vrrm_v"": ""100"", ""vf_v"": ""0.7""}",active,,https://example.com/datasheet/DIO100000710.pdf,,
LED100000711,LED100000711,OSRAM,OSRAM,led100000711,LED Components,LED Components,LED100000711 LED Components from OSRAM. Sourced via professional procurement support; specs below.,,,"{""forward_current_ma"": ""20"", ""forward_voltage_v"": ""2.1""}",active,,https://example.com/datasheet/LED100000711.pdf,,
MEM100000712,MEM100000712,SK Hynix,SK Hynix,mem100000712,Memory IC,Memory IC,MEM100000712 Memory IC from SK Hynix. Sourced via professional procurement support; specs below.,,,"{""interface"": ""SPI"", ""memory_bytes"": ""16777216"", ""speed_hz"": ""104000000"", ""Access Time"": ""70ns""}",active,,https://example.com/datasheet/MEM100000712.pdf,,
XTAL100000713,XTAL100000713,,,xtal100000713,Crystal Oscillator,Crystal Oscillator,XTAL100000713 Crystal Oscillator from unspecified. Sourced via professional procurement support; specs below.,,,"{""package"": ""SMD"", ""frequency_hz"": ""8000000"", ""load_capacitance_pf"": ""18""}",active,,https://example.com/datasheet/XTAL100000713.pdf,,
MCU100000714,MCU100000714,Holtek Semiconductor,Holtek Semiconductor,mcu100000714,Microcontroller,Microcontroller,MCU100000714 Microcontroller from Holtek Semiconductor. Sourced via professional procurement support; specs below.,,,"{""io_count"": ""48"", ""package"": ""LQFP-48""}",active,,https://example.com/datasheet/MCU100000714.pdf,,
MOS100000715,MOS100000715,Infineon Technologies,Infineon Technologies,mos100000715,MOSFET,MOSFET,MOS100000715 MOSFET from Infineon Technologies. Sourced via professional procurement support; specs below.,,,"{""vgs_th_v"": ""2.5"", ""Gate Charge Type"": ""standard""}",active,,https://example.com/datasheet/MOS100000715.pdf,,
RES100000716,RES100000716,ResTech,ResTech,res100000716,Resistor,Resistor,RES100000716 Resistor from ResTech. Sourced via professional procurement support; specs below.,,,"{""tolerance"": ""±1%"", ""temperature_coeff"": ""X7R""}",active,,https://example.com/datasheet/RES100000716.pdf,,
CAP100000717,CAP100000717,Murata Manufacturing,Murata Manufacturing,cap100000717,Capacitor,Capacitor,CAP100000717 Capacitor from Murata Manufacturing. Sourced via professional procurement support; specs below.,,,"{""package"": ""0603"", ""temperature_coeff"": ""X7R"", ""voltage_rating_v"": ""50""}",active,,https://example.com/datasheet/CAP100000717.pdf,,
IND100000718,IND100000718,Wurth Elektronik,Wurth Elektronik,ind100000718,Inductor,Inductor,IND100000718 Inductor from Wurth Elektronik. Sourced via professional procurement support; specs below.,,,"{""package"": ""0805"", ""inductance_uh"": ""4.7"", ""tolerance"": ""±20%"", ""current_rating_a"": ""1.5"", ""Self Resonant Freq"": ""50MHz""}",active,,https://example.com/datasheet/IND100000718.pdf,,
SEN100000719,SEN100000719,TE Connectivity,TE Connectivity,sen100000719,Sensors,Sensors,SEN100000719 Sensors from TE Connectivity. Sourced via professional procurement support; specs below.,,,"{""interface"": ""I2C"", ""range"": ""0-40"", ""sensitivity_dbm"": ""260 LSB/g"", ""resolution_bits"": ""12""}",active,,https://example.com/datasheet/SEN100000719.pdf,,
CON100000720,CON100000720,Molex,Molex,con100000720,Connectors,Connectors,CON100000720 Connectors from Molex. Sourced via professional procurement support; specs below.,,,"{""pitch_mm"": ""2.54"", ""positions"": ""40"", ""mounting"": ""SMD"", ""voltage_rating_v"": ""50"", ""current_rating_a"": ""3""}",active,,https://example.com/datasheet/CON100000720.pdf,,
MOD100000721,MOD100000721,SIMCom,SIMCom,mod100000721,Modules,Modules,MOD100000721 Modules from SIMCom. Sourced via professional procurement support; specs below.,,,"{""output_power_dbm"": ""20"", ""sensitivity_dbm"": ""-95"", ""data_rate_bps"": ""2000000""}",active,,https://example.com/datasheet/MOD100000721.pdf,,
OPA100000722,OPA100000722,Texas Instruments,Texas Instruments,opa100000722,Analog IC,Analog IC,OPA100000722 Analog IC from Texas Instruments. Sourced via professional procurement support; specs below.,,,"{""package"": ""SOIC-8"", ""gain_db"": ""100"", ""bandwidth_hz"": ""1000000"", ""Phase Margin"": ""60°""}",active,,https://example.com/datasheet/OPA100000722.pdf,,
PMIC100000723,PMIC100000723,SGMICRO,SGMICRO,pmic100000723,Power Management IC,Power Management IC,PMIC100000723 Power Management IC from SGMICRO. Sourced via professional procurement support; specs below.,,,"{""output_current_a"": ""3"", ""voltage_in_min_v"": ""4.5"", ""package"": ""SOT-23"", ""efficiency_percent"": ""92"", ""voltage_out_v"": ""5""}",active,,https://example.com/datasheet/PMIC100000723.pdf,,
DIO100000724,DIO100000724,Diodes Incorporated,Diodes Incorporated,dio100000724,Diode,Diode,DIO100000724 Diode from Diodes Incorporated. Sourced via professional procurement support; specs below.,,,"{""if_a"": ""1"", ""vf_v"": ""0.7"", ""vrrm_v"": ""100""}",active,,https://example.com/datasheet/DIO100000724.pdf,,
LED100000725,LED100000725,Lite-On Technology,Lite-On Technology,led100000725,LED Components,LED Components,LED100000725 LED Components from Lite-On Technology. Sourced via professional procurement support; specs below.,,,"{""forward_voltage_v"": ""2.1"", ""forward_current_ma"": ""20"", ""package"": ""0805"", ""wavelength_nm"": ""650""}",active,,https://example.com/datasheet/LED100000725.pdf,,
MEM100000726,MEM100000726,Winbond Electronics,Winbond Electronics,mem100000726,Memory IC,Memory IC,MEM100000726 Memory IC from Winbond Electronics. Sourced via professional procurement support; specs below.,,,"{""memory_bytes"": ""16777216"", ""organization"": ""x8"", ""speed_hz"": ""104000000""}",active,,https://example.com/datasheet/MEM100000726.pdf,,
XTAL100000727,XTAL100000727,AbraconX,AbraconX,xtal100000727,Crystal Oscillator,Crystal Oscillator,XTAL100000727 Crystal Oscillator from AbraconX. Sourced via professional procurement support; specs below.,,,"{""package"": ""SMD"", ""frequency_hz"": ""8000000"", ""load_capacitance_pf"": ""18""}",active,,https://example.com/datasheet/XTAL100000727.pdf,,
MCU100000728,MCU100000728,STMicroelectronics,STMicroelectronics,mcu100000728,Microcontroller,Microcontroller,MCU100000728 Microcontroller from STMicroelectronics. Sourced via professional procurement support; specs below.,,,"{""flash_bytes"": ""128KB"", ""io_count"": ""48""}",active,,https://example.com/datasheet/MCU100000728.pdf,,
MOS100000729,MOS100000729,Vishay Intertechnology,Vishay Intertechnology,mos100000729,MOSFET,MOSFET,MOS100000729 MOSFET from Vishay Intertechnology. Sourced via professional procurement support; specs below.,,,"{""vgs_th_v"": ""2.5"", ""rds_on_mohm"": ""8mΩ""}",active,,https://example.com/datasheet/MOS100000729.pdf,,
RES100000730,RES100000730,Bourns,Bourns,res100000730,Resistor,Resistor,RES100000730 Resistor from Bourns. Sourced via professional procurement support; specs below.,,,"{""tolerance"": ""±1%"", ""temperature_coeff"": ""X7R"", ""resistance_ohm"": ""10000"", ""package"": ""0805""}",active,,https://example.com/datasheet/RES100000730.pdf,,
CAP100000731,CAP100000731,KEMET Electronics,KEMET Electronics,cap100000731,Capacitor,Capacitor,CAP100000731 Capacitor from KEMET Electronics. Sourced via professional procurement support; specs below.,,,"{""temperature_coeff"": ""X7R"", ""voltage_rating_v"": ""50"", ""capacitance_pf"": ""100000"", ""tolerance"": ""±10%""}",active,,https://example.com/datasheet/CAP100000731.pdf,,
IND100000732,IND100000732,TDK Corporation,TDK Corporation,ind100000732,Inductor,Inductor,IND100000732 Inductor from TDK Corporation. Sourced via professional procurement support; specs below.,,,"{""tolerance"": ""±20%"", ""current_rating_a"": ""1.5""}",active,,https://example.com/datasheet/IND100000732.pdf,,
SEN100000733,SEN100000733,STMicroelectronics,STMicroelectronics,sen100000733,Sensors,Sensors,SEN100000733 Sensors from STMicroelectronics. Sourced via professional procurement support; specs below.,,,"{""resolution_bits"": ""12"", ""sensitivity_dbm"": ""260 LSB/g"", ""accuracy"": ""±0.5""}",active,,https://example.com/datasheet/SEN100000733.pdf,,
CON100000734,CON100000734,LinkFab,LinkFab,con100000734,Connectors,Connectors,CON100000734 Connectors from LinkFab. Sourced via professional procurement support; specs below.,,,"{""mounting"": ""SMD"", ""voltage_rating_v"": ""50""}",active,,https://example.com/datasheet/CON100000734.pdf,,
MOD100000735,MOD100000735,,,mod100000735,Modules,Modules,MOD100000735 Modules from unspecified. Sourced via professional procurement support; specs below.,,,"{""sensitivity_dbm"": ""-95"", ""data_rate_bps"": ""2000000"", ""interface"": ""UART"", ""modulation"": ""GFSK""}",active,,https://example.com/datasheet/MOD100000735.pdf,,
OPA100000736,OPA100000736,LinearX,LinearX,opa100000736,Analog IC,Analog IC,OPA100000736 Analog IC from LinearX. Sourced via professional procurement support; specs below.,,,"{""package"": ""SOIC-8"", ""supply_current_ua"": ""200""}",active,,https://example.com/datasheet/OPA100000736.pdf,,
PMIC100000737,PMIC100000737,Richtek Technology,Richtek Technology,pmic100000737,Power Management IC,Power Management IC,PMIC100000737 Power Management IC from Richtek Technology. Sourced via professional procurement support; specs below.,,,"{""voltage_out_v"": ""5"", ""voltage_in_min_v"": ""4.5"", ""output_current_a"": ""3"", ""voltage_in_max_v"": ""28""}",active,,https://example.com/datasheet/PMIC100000737.pdf,,
DIO100000738,DIO100000738,Vishay Intertechnology,Vishay Intertechnology,dio100000738,Diode,Diode,DIO100000738 Diode from Vishay Intertechnology. Sourced via professional procurement support; specs below.,,,"{""if_a"": ""1"", ""vf_v"": ""0.7"", ""vrrm_v"": ""100""}",active,,https://example.com/datasheet/DIO100000738.pdf,,
LED100000739,LED100000739,Kingbright,Kingbright,led100000739,LED Components,LED Components,LED100000739 LED Components from Kingbright. Sourced via professional procurement support; specs below.,,,"{""forward_voltage_v"": ""2.1"", ""wavelength_nm"": ""650"", ""forward_current_ma"": ""20""}",active,,https://example.com/datasheet/LED100000739.pdf,,
MEM100000740,MEM100000740,Macronix International,Macronix International,mem100000740,Memory IC,Memory IC,MEM100000740 Memory IC from Macronix International. Sourced via professional procurement support; specs below.,,,"{""speed_hz"": ""104000000"", ""memory_bytes"": ""16777216"", ""organization"": ""x8"", ""interface"": ""SPI""}",active,,https://example.com/datasheet/MEM100000740.pdf,,
XTAL100000741,XTAL100000741,AbraconX,AbraconX,xtal100000741,Crystal Oscillator,Crystal Oscillator,XTAL100000741 Crystal Oscillator from AbraconX. Sourced via professional procurement support; specs below.,,,"{""package"": ""SMD"", ""frequency_hz"": ""8000000"", ""load_capacitance_pf"": ""18""}",active,,https://example.com/datasheet/XTAL100000741.pdf,,
MCU100000742,MCU100000742,GigaDevice Semiconductor,GigaDevice Semiconductor,mcu100000742,Microcontroller,Microcontroller,MCU100000742 Microcontroller from GigaDevice Semiconductor. Sourced via professional procurement support; specs below.,,,"{""flash_bytes"": ""131072"", ""frequency_hz"": ""72000000"", ""core"": ""ARM Cortex-M4"", ""Thermal Resistance"": ""45 C/W""}",active,,https://example.com/datasheet/MCU100000742.pdf,,
MOS100000743,MOS100000743,Vishay Intertechnology,Vishay Intertechnology,mos100000743,MOSFET,MOSFET,MOS100000743 MOSFET from Vishay Intertechnology. Sourced via professional procurement support; specs below.,,,"{""vgs_th_v"": ""2.5"", ""vds_v"": ""55""}",active,,https://example.com/datasheet/MOS100000743.pdf,,
RES100000744,RES100000744,Yageo,Yageo,res100000744,Resistor,Resistor,RES100000744 Resistor from Yageo. Sourced via professional procurement support; specs below.,,,"{""package"": ""0805"", ""power_rating_w"": ""0.25"", ""temperature_coeff"": ""X7R"", ""resistance_ohm"": ""10000"", ""tolerance"": ""±1%""}",active,,https://example.com/datasheet/RES100000744.pdf,,
CAP100000745,CAP100000745,KEMET Electronics,KEMET Electronics,cap100000745,Capacitor,Capacitor,CAP100000745 Capacitor from KEMET Electronics. Sourced via professional procurement support; specs below.,,,"{""tolerance"": ""±10%"", ""package"": ""0603"", ""temperature_coeff"": ""X7R"", ""capacitance_pf"": ""100000""}",active,,https://example.com/datasheet/CAP100000745.pdf,,
IND100000746,IND100000746,Murata Manufacturing,Murata Manufacturing,ind100000746,Inductor,Inductor,IND100000746 Inductor from Murata Manufacturing. Sourced via professional procurement support; specs below.,,,"{""package"": ""0805"", ""inductance_uh"": ""4.7""}",active,,https://example.com/datasheet/IND100000746.pdf,,
SEN100000747,SEN100000747,NXP Semiconductors,NXP Semiconductors,sen100000747,Sensors,Sensors,SEN100000747 Sensors from NXP Semiconductors. Sourced via professional procurement support; specs below.,,,"{""interface"": ""I2C"", ""range"": ""0-40""}",active,,https://example.com/datasheet/SEN100000747.pdf,,
CON100000748,CON100000748,Hirose Electric,Hirose Electric,con100000748,Connectors,Connectors,CON100000748 Connectors from Hirose Electric. Sourced via professional procurement support; specs below.,,,"{""positions"": ""40"", ""voltage_rating_v"": ""50""}",active,,https://example.com/datasheet/CON100000748.pdf,,
MOD100000749,MOD100000749,SIMCom,SIMCom,mod100000749,Modules,Modules,MOD100000749 Modules from SIMCom. Sourced via professional procurement support; specs below.,,,"{""sensitivity_dbm"": ""-95"", ""interface"": ""UART""}",active,,https://example.com/datasheet/MOD100000749.pdf,,
OPA100000750,OPA100000750,Maxim Integrated,Maxim Integrated,opa100000750,Analog IC,Analog IC,OPA100000750 Analog IC from Maxim Integrated. Sourced via professional procurement support; specs below.,,,"{""gain_db"": ""100"", ""supply_current_ua"": ""200"", ""package"": ""SOIC-8"", ""bandwidth_hz"": ""1000000""}",active,,https://example.com/datasheet/OPA100000750.pdf,,
PMIC100000751,PMIC100000751,VoltRegInc,VoltRegInc,pmic100000751,Power Management IC,Power Management IC,PMIC100000751 Power Management IC from VoltRegInc. Sourced via professional procurement support; specs below.,,,"{""voltage_in_min_v"": ""4.5"", ""efficiency_percent"": ""92""}",active,,https://example.com/datasheet/PMIC100000751.pdf,,
DIO100000752,DIO100000752,Vishay Intertechnology,Vishay Intertechnology,dio100000752,Diode,Diode,DIO100000752 Diode from Vishay Intertechnology. Sourced via professional procurement support; specs below.,,,"{""vrrm_v"": ""100"", ""vf_v"": ""0.7""}",active,,https://example.com/datasheet/DIO100000752.pdf,,
LED100000753,LED100000753,Kingbright,Kingbright,led100000753,LED Components,LED Components,LED100000753 LED Components from Kingbright. Sourced via professional procurement support; specs below.,,,"{""package"": ""0805"", ""wavelength_nm"": ""650""}",active,,https://example.com/datasheet/LED100000753.pdf,,
MEM100000754,MEM100000754,Micron Technology,Micron Technology,mem100000754,Memory IC,Memory IC,MEM100000754 Memory IC from Micron Technology. Sourced via professional procurement support; specs below.,,,"{""interface"": ""SPI"", ""memory_bytes"": ""16777216"", ""Access Time"": ""70ns""}",active,,https://example.com/datasheet/MEM100000754.pdf,,
XTAL100000755,XTAL100000755,,,xtal100000755,Crystal Oscillator,Crystal Oscillator,XTAL100000755 Crystal Oscillator from unspecified. Sourced via professional procurement support; specs below.,,,"{""load_capacitance_pf"": ""18"", ""package"": ""SMD"", ""frequency_hz"": ""8000000""}",active,,https://example.com/datasheet/XTAL100000755.pdf,,
MCU100000756,MCU100000756,Nuvoton Technology,Nuvoton Technology,mcu100000756,Microcontroller,Microcontroller,MCU100000756 Microcontroller from Nuvoton Technology. Sourced via professional procurement support; specs below.,,,"{""core"": ""ARM Cortex-M4"", ""ESD Rating"": ""2kV""}",active,,https://example.com/datasheet/MCU100000756.pdf,,
MOS100000757,MOS100000757,Alpha & Omega Semiconductor,Alpha & Omega Semiconductor,mos100000757,MOSFET,MOSFET,MOS100000757 MOSFET from Alpha & Omega Semiconductor. Sourced via professional procurement support; specs below.,,,"{""id_a"": ""30"", ""qg_nc"": ""45"", ""Gate Charge Type"": ""standard""}",active,,https://example.com/datasheet/MOS100000757.pdf,,
RES100000758,RES100000758,Yageo,Yageo,res100000758,Resistor,Resistor,RES100000758 Resistor from Yageo. Sourced via professional procurement support; specs below.,,,"{""resistance_ohm"": ""10kΩ"", ""temperature_coeff"": ""X7R""}",active,,https://example.com/datasheet/RES100000758.pdf,,
CAP100000759,CAP100000759,Murata Manufacturing,Murata Manufacturing,cap100000759,Capacitor,Capacitor,CAP100000759 Capacitor from Murata Manufacturing. Sourced via professional procurement support; specs below.,,,"{""capacitance_pf"": ""100000"", ""voltage_rating_v"": ""50"", ""tolerance"": ""±10%""}",active,,https://example.com/datasheet/CAP100000759.pdf,,
IND100000760,IND100000760,Murata Manufacturing,Murata Manufacturing,ind100000760,Inductor,Inductor,IND100000760 Inductor from Murata Manufacturing. Sourced via professional procurement support; specs below.,,,"{""current_rating_a"": ""1.5"", ""package"": ""0805""}",active,,https://example.com/datasheet/IND100000760.pdf,,
SEN100000761,SEN100000761,TE Connectivity,TE Connectivity,sen100000761,Sensors,Sensors,SEN100000761 Sensors from TE Connectivity. Sourced via professional procurement support; specs below.,,,"{""accuracy"": ""±0.5"", ""sensitivity_dbm"": ""260 LSB/g"", ""resolution_bits"": ""12"", ""interface"": ""I2C""}",active,,https://example.com/datasheet/SEN100000761.pdf,,
CON100000762,CON100000762,Molex,Molex,con100000762,Connectors,Connectors,CON100000762 Connectors from Molex. Sourced via professional procurement support; specs below.,,,"{""current_rating_a"": ""3"", ""voltage_rating_v"": ""50""}",active,,https://example.com/datasheet/CON100000762.pdf,,
MOD100000763,MOD100000763,u-blox,u-blox,mod100000763,Modules,Modules,MOD100000763 Modules from u-blox. Sourced via professional procurement support; specs below.,,,"{""modulation"": ""GFSK"", ""output_power_dbm"": ""20"", ""data_rate_bps"": ""2000000"", ""interface"": ""UART"", ""sensitivity_dbm"": ""-95""}",active,,https://example.com/datasheet/MOD100000763.pdf,,
OPA100000764,OPA100000764,Texas Instruments,Texas Instruments,opa100000764,Analog IC,Analog IC,OPA100000764 Analog IC from Texas Instruments. Sourced via professional procurement support; specs below.,,,"{""bandwidth_hz"": ""1000000"", ""package"": ""SOIC-8"", ""gain_db"": ""100"", ""supply_current_ua"": ""200""}",active,,https://example.com/datasheet/OPA100000764.pdf,,
PMIC100000765,PMIC100000765,Texas Instruments,Texas Instruments,pmic100000765,Power Management IC,Power Management IC,PMIC100000765 Power Management IC from Texas Instruments. Sourced via professional procurement support; specs below.,,,"{""voltage_out_v"": ""5"", ""output_current_a"": ""3"", ""voltage_in_max_v"": ""28"", ""package"": ""SOT-23""}",active,,https://example.com/datasheet/PMIC100000765.pdf,,
DIO100000766,DIO100000766,ON Semiconductor,ON Semiconductor,dio100000766,Diode,Diode,DIO100000766 Diode from ON Semiconductor. Sourced via professional procurement support; specs below.,,,"{""if_a"": ""1"", ""vf_v"": ""0.7"", ""vrrm_v"": ""100""}",active,,https://example.com/datasheet/DIO100000766.pdf,,
LED100000767,LED100000767,Kingbright,Kingbright,led100000767,LED Components,LED Components,LED100000767 LED Components from Kingbright. Sourced via professional procurement support; specs below.,,,"{""wavelength_nm"": ""650"", ""forward_current_ma"": ""20""}",active,,https://example.com/datasheet/LED100000767.pdf,,
MEM100000768,MEM100000768,Winbond Electronics,Winbond Electronics,mem100000768,Memory IC,Memory IC,MEM100000768 Memory IC from Winbond Electronics. Sourced via professional procurement support; specs below.,,,"{""interface"": ""SPI"", ""organization"": ""x8"", ""speed_hz"": ""104000000"", ""Access Time"": ""70ns""}",active,,https://example.com/datasheet/MEM100000768.pdf,,
XTAL100000769,XTAL100000769,TDK Corporation,TDK Corporation,xtal100000769,Crystal Oscillator,Crystal Oscillator,XTAL100000769 Crystal Oscillator from TDK Corporation. Sourced via professional procurement support; specs below.,,,"{""load_capacitance_pf"": ""18"", ""frequency_hz"": ""8000000""}",active,,https://example.com/datasheet/XTAL100000769.pdf,,
MCU100000770,MCU100000770,GigaDevice Semiconductor,GigaDevice Semiconductor,mcu100000770,Microcontroller,Microcontroller,MCU100000770 Microcontroller from GigaDevice Semiconductor. Sourced via professional procurement support; specs below.,,,"{""core"": ""ARM Cortex-M4""}",active,,https://example.com/datasheet/MCU100000770.pdf,,
MOS100000771,MOS100000771,Yangjie,Yangjie,mos100000771,MOSFET,MOSFET,MOS100000771 MOSFET from Yangjie. Sourced via professional procurement support; specs below.,,,"{""rds_on_mohm"": ""8"", ""id_a"": ""30A"", ""vgs_th_v"": ""2.5""}",active,,https://example.com/datasheet/MOS100000771.pdf,,
RES100000772,RES100000772,KEMET Electronics,KEMET Electronics,res100000772,Resistor,Resistor,RES100000772 Resistor from KEMET Electronics. Sourced via professional procurement support; specs below.,,,"{""tolerance"": ""±1%"", ""power_rating_w"": ""0.25""}",active,,https://example.com/datasheet/RES100000772.pdf,,
CAP100000773,CAP100000773,TDK Corporation,TDK Corporation,cap100000773,Capacitor,Capacitor,CAP100000773 Capacitor from TDK Corporation. Sourced via professional procurement support; specs below.,,,"{""capacitance_pf"": ""100000"", ""package"": ""0603"", ""tolerance"": ""±10%""}",active,,https://example.com/datasheet/CAP100000773.pdf,,
IND100000774,IND100000774,TDK Corporation,TDK Corporation,ind100000774,Inductor,Inductor,IND100000774 Inductor from TDK Corporation. Sourced via professional procurement support; specs below.,,,"{""inductance_uh"": ""4.7"", ""current_rating_a"": ""1.5"", ""package"": ""0805"", ""tolerance"": ""±20%""}",active,,https://example.com/datasheet/IND100000774.pdf,,
SEN100000775,SEN100000775,STMicroelectronics,STMicroelectronics,sen100000775,Sensors,Sensors,SEN100000775 Sensors from STMicroelectronics. Sourced via professional procurement support; specs below.,,,"{""interface"": ""I2C"", ""range"": ""0-40""}",active,,https://example.com/datasheet/SEN100000775.pdf,,
CON100000776,CON100000776,Amphenol,Amphenol,con100000776,Connectors,Connectors,CON100000776 Connectors from Amphenol. Sourced via professional procurement support; specs below.,,,"{""current_rating_a"": ""3"", ""positions"": ""40"", ""voltage_rating_v"": ""50"", ""mounting"": ""SMD""}",active,,https://example.com/datasheet/CON100000776.pdf,,
MOD100000777,MOD100000777,SIMCom,SIMCom,mod100000777,Modules,Modules,MOD100000777 Modules from SIMCom. Sourced via professional procurement support; specs below.,,,"{""output_power_dbm"": ""20"", ""data_rate_bps"": ""2000000"", ""modulation"": ""GFSK"", ""interface"": ""UART""}",active,,https://example.com/datasheet/MOD100000777.pdf,,
OPA100000778,OPA100000778,Analog Devices,Analog Devices,opa100000778,Analog IC,Analog IC,OPA100000778 Analog IC from Analog Devices. Sourced via professional procurement support; specs below.,,,"{""gain_db"": ""100"", ""package"": ""SOIC-8"", ""bandwidth_hz"": ""1000000""}",active,,https://example.com/datasheet/OPA100000778.pdf,,
PMIC100000779,PMIC100000779,Texas Instruments,Texas Instruments,pmic100000779,Power Management IC,Power Management IC,PMIC100000779 Power Management IC from Texas Instruments. Sourced via professional procurement support; specs below.,,,"{""voltage_in_max_v"": ""28"", ""voltage_out_v"": ""5"", ""output_current_a"": ""3"", ""voltage_in_min_v"": ""4.5""}",active,,https://example.com/datasheet/PMIC100000779.pdf,,
DIO100000780,DIO100000780,Diodes Incorporated,Diodes Incorporated,dio100000780,Diode,Diode,DIO100000780 Diode from Diodes Incorporated. Sourced via professional procurement support; specs below.,,,"{""vf_v"": ""0.7"", ""vrrm_v"": ""100"", ""if_a"": ""1""}",active,,https://example.com/datasheet/DIO100000780.pdf,,
LED100000781,LED100000781,OSRAM,OSRAM,led100000781,LED Components,LED Components,LED100000781 LED Components from OSRAM. Sourced via professional procurement support; specs below.,,,"{""wavelength_nm"": ""650"", ""package"": ""0805"", ""forward_current_ma"": ""20""}",active,,https://example.com/datasheet/LED100000781.pdf,,
MEM100000782,MEM100000782,SK Hynix,SK Hynix,mem100000782,Memory IC,Memory IC,MEM100000782 Memory IC from SK Hynix. Sourced via professional procurement support; specs below.,,,"{""memory_bytes"": ""16777216"", ""organization"": ""x8"", ""interface"": ""SPI""}",active,,https://example.com/datasheet/MEM100000782.pdf,,
XTAL100000783,XTAL100000783,TDK Corporation,TDK Corporation,xtal100000783,Crystal Oscillator,Crystal Oscillator,XTAL100000783 Crystal Oscillator from TDK Corporation. Sourced via professional procurement support; specs below.,,,"{""package"": ""SMD"", ""load_capacitance_pf"": ""18"", ""frequency_hz"": ""8000000""}",active,,https://example.com/datasheet/XTAL100000783.pdf,,
MCU100000784,MCU100000784,Holtek Semiconductor,Holtek Semiconductor,mcu100000784,Microcontroller,Microcontroller,MCU100000784 Microcontroller from Holtek Semiconductor. Sourced via professional procurement support; specs below.,,,"{""package"": ""LQFP-48"", ""flash_bytes"": ""128KB""}",active,,https://example.com/datasheet/MCU100000784.pdf,,
MOS100000785,MOS100000785,Yangjie,Yangjie,mos100000785,MOSFET,MOSFET,MOS100000785 MOSFET from Yangjie. Sourced via professional procurement support; specs below.,,,"{""qg_nc"": ""45"", ""rds_on_mohm"": ""8mΩ"", ""id_a"": ""30"", ""package"": ""SOT-23""}",active,,https://example.com/datasheet/MOS100000785.pdf,,
RES100000786,RES100000786,Bourns,Bourns,res100000786,Resistor,Resistor,RES100000786 Resistor from Bourns. Sourced via professional procurement support; specs below.,,,"{""tolerance"": ""±1%"", ""temperature_coeff"": ""X7R"", ""package"": ""0805"", ""resistance_ohm"": ""10kΩ""}",active,,https://example.com/datasheet/RES100000786.pdf,,
CAP100000787,CAP100000787,KEMET Electronics,KEMET Electronics,cap100000787,Capacitor,Capacitor,CAP100000787 Capacitor from KEMET Electronics. Sourced via professional procurement support; specs below.,,,"{""package"": ""0603"", ""capacitance_pf"": ""100nF""}",active,,https://example.com/datasheet/CAP100000787.pdf,,
IND100000788,IND100000788,Wurth Elektronik,Wurth Elektronik,ind100000788,Inductor,Inductor,IND100000788 Inductor from Wurth Elektronik. Sourced via professional procurement support; specs below.,,,"{""current_rating_a"": ""1.5"", ""tolerance"": ""±20%""}",active,,https://example.com/datasheet/IND100000788.pdf,,
SEN100000789,SEN100000789,SenseQ,SenseQ,sen100000789,Sensors,Sensors,SEN100000789 Sensors from SenseQ. Sourced via professional procurement support; specs below.,,,"{""interface"": ""I2C"", ""range"": ""0-40"", ""sensitivity_dbm"": ""260 LSB/g"", ""resolution_bits"": ""12""}",active,,https://example.com/datasheet/SEN100000789.pdf,,
CON100000790,CON100000790,TE Connectivity,TE Connectivity,con100000790,Connectors,Connectors,CON100000790 Connectors from TE Connectivity. Sourced via professional procurement support; specs below.,,,"{""current_rating_a"": ""3"", ""voltage_rating_v"": ""50"", ""positions"": ""40"", ""mounting"": ""SMD"", ""pitch_mm"": ""2.54""}",active,,https://example.com/datasheet/CON100000790.pdf,,
MOD100000791,MOD100000791,AirByte,AirByte,mod100000791,Modules,Modules,MOD100000791 Modules from AirByte. Sourced via professional procurement support; specs below.,,,"{""sensitivity_dbm"": ""-95"", ""output_power_dbm"": ""20"", ""interface"": ""UART"", ""modulation"": ""GFSK""}",active,,https://example.com/datasheet/MOD100000791.pdf,,
OPA100000792,OPA100000792,Maxim Integrated,Maxim Integrated,opa100000792,Analog IC,Analog IC,OPA100000792 Analog IC from Maxim Integrated. Sourced via professional procurement support; specs below.,,,"{""supply_current_ua"": ""200"", ""bandwidth_hz"": ""1000000""}",active,,https://example.com/datasheet/OPA100000792.pdf,,
PMIC100000793,PMIC100000793,SGMICRO,SGMICRO,pmic100000793,Power Management IC,Power Management IC,PMIC100000793 Power Management IC from SGMICRO. Sourced via professional procurement support; specs below.,,,"{""package"": ""SOT-23"", ""voltage_out_v"": ""5"", ""voltage_in_min_v"": ""4.5"", ""output_current_a"": ""3""}",active,,https://example.com/datasheet/PMIC100000793.pdf,,
DIO100000794,DIO100000794,Diodes Incorporated,Diodes Incorporated,dio100000794,Diode,Diode,DIO100000794 Diode from Diodes Incorporated. Sourced via professional procurement support; specs below.,,,"{""if_a"": ""1"", ""vf_v"": ""0.7"", ""Reverse Recovery"": ""50ns""}",active,,https://example.com/datasheet/DIO100000794.pdf,,
LED100000795,LED100000795,Lite-On Technology,Lite-On Technology,led100000795,LED Components,LED Components,LED100000795 LED Components from Lite-On Technology. Sourced via professional procurement support; specs below.,,,"{""wavelength_nm"": ""650"", ""forward_current_ma"": ""20"", ""package"": ""0805"", ""forward_voltage_v"": ""2.1""}",active,,https://example.com/datasheet/LED100000795.pdf,,
MEM100000796,MEM100000796,Winbond Electronics,Winbond Electronics,mem100000796,Memory IC,Memory IC,MEM100000796 Memory IC from Winbond Electronics. Sourced via professional procurement support; specs below.,,,"{""interface"": ""SPI"", ""memory_bytes"": ""16777216"", ""organization"": ""x8""}",active,,https://example.com/datasheet/MEM100000796.pdf,,
XTAL100000797,XTAL100000797,TDK Corporation,TDK Corporation,xtal100000797,Crystal Oscillator,Crystal Oscillator,XTAL100000797 Crystal Oscillator from TDK Corporation. Sourced via professional procurement support; specs below.,,,"{""load_capacitance_pf"": ""18"", ""frequency_hz"": ""8000000"", ""package"": ""SMD""}",active,,https://example.com/datasheet/XTAL100000797.pdf,,
MCU100000798,MCU100000798,GigaDevice Semiconductor,GigaDevice Semiconductor,mcu100000798,Microcontroller,Microcontroller,MCU100000798 Microcontroller from GigaDevice Semiconductor. Sourced via professional procurement support; specs below.,,,"{""frequency_hz"": ""72000000"", ""io_count"": ""48""}",active,,https://example.com/datasheet/MCU100000798.pdf,,
MOS100000799,MOS100000799,Vishay Intertechnology,Vishay Intertechnology,mos100000799,MOSFET,MOSFET,MOS100000799 MOSFET from Vishay Intertechnology. Sourced via professional procurement support; specs below.,,,"{""id_a"": ""30A""}",active,,https://example.com/datasheet/MOS100000799.pdf,,
RES100000800,RES100000800,,,res100000800,Resistor,Resistor,RES100000800 Resistor from unspecified. Sourced via professional procurement support; specs below.,,,"{""power_rating_w"": ""0.25"", ""resistance_ohm"": ""10kΩ""}",active,,https://example.com/datasheet/RES100000800.pdf,,
CAP100000801,CAP100000801,,,cap100000801,Capacitor,Capacitor,CAP100000801 Capacitor from unspecified. Sourced via professional procurement support; specs below.,,,"{""package"": ""0603"", ""voltage_rating_v"": ""50"", ""temperature_coeff"": ""X7R"", ""tolerance"": ""±10%""}",active,,https://example.com/datasheet/CAP100000801.pdf,,
IND100000802,IND100000802,Wurth Elektronik,Wurth Elektronik,ind100000802,Inductor,Inductor,IND100000802 Inductor from Wurth Elektronik. Sourced via professional procurement support; specs below.,,,"{""inductance_uh"": ""4.7"", ""current_rating_a"": ""1.5"", ""package"": ""0805"", ""tolerance"": ""±20%""}",active,,https://example.com/datasheet/IND100000802.pdf,,
SEN100000803,SEN100000803,BoschDummy,BoschDummy,sen100000803,Sensors,Sensors,SEN100000803 Sensors from BoschDummy. Sourced via professional procurement support; specs below.,,,"{""accuracy"": ""±0.5"", ""range"": ""0-40"", ""sensitivity_dbm"": ""260 LSB/g""}",active,,https://example.com/datasheet/SEN100000803.pdf,,
CON100000804,CON100000804,Amphenol,Amphenol,con100000804,Connectors,Connectors,CON100000804 Connectors from Amphenol. Sourced via professional procurement support; specs below.,,,"{""positions"": ""40"", ""current_rating_a"": ""3"", ""voltage_rating_v"": ""50"", ""pitch_mm"": ""2.54""}",active,,https://example.com/datasheet/CON100000804.pdf,,
MOD100000805,MOD100000805,Quectel,Quectel,mod100000805,Modules,Modules,MOD100000805 Modules from Quectel. Sourced via professional procurement support; specs below.,,,"{""modulation"": ""GFSK"", ""sensitivity_dbm"": ""-95"", ""interface"": ""UART"", ""Protocol Stack"": ""3.0""}",active,,https://example.com/datasheet/MOD100000805.pdf,,
OPA100000806,OPA100000806,OpAmpInc,OpAmpInc,opa100000806,Analog IC,Analog IC,OPA100000806 Analog IC from OpAmpInc. Sourced via professional procurement support; specs below.,,,"{""supply_current_ua"": ""200"", ""bandwidth_hz"": ""1000000"", ""gain_db"": ""100""}",active,,https://example.com/datasheet/OPA100000806.pdf,,
PMIC100000807,PMIC100000807,Richtek Technology,Richtek Technology,pmic100000807,Power Management IC,Power Management IC,PMIC100000807 Power Management IC from Richtek Technology. Sourced via professional procurement support; specs below.,,,"{""efficiency_percent"": ""92"", ""voltage_in_max_v"": ""28"", ""package"": ""SOT-23"", ""voltage_in_min_v"": ""4.5""}",active,,https://example.com/datasheet/PMIC100000807.pdf,,
DIO100000808,DIO100000808,Littelfuse,Littelfuse,dio100000808,Diode,Diode,DIO100000808 Diode from Littelfuse. Sourced via professional procurement support; specs below.,,,"{""vf_v"": ""0.7"", ""if_a"": ""1""}",active,,https://example.com/datasheet/DIO100000808.pdf,,
LED100000809,LED100000809,Lite-On Technology,Lite-On Technology,led100000809,LED Components,LED Components,LED100000809 LED Components from Lite-On Technology. Sourced via professional procurement support; specs below.,,,"{""package"": ""0805"", ""forward_voltage_v"": ""2.1"", ""wavelength_nm"": ""650""}",active,,https://example.com/datasheet/LED100000809.pdf,,
MEM100000810,MEM100000810,ISSI,ISSI,mem100000810,Memory IC,Memory IC,MEM100000810 Memory IC from ISSI. Sourced via professional procurement support; specs below.,,,"{""memory_bytes"": ""16777216"", ""organization"": ""x8"", ""interface"": ""SPI"", ""speed_hz"": ""104000000""}",active,,https://example.com/datasheet/MEM100000810.pdf,,
XTAL100000811,XTAL100000811,Murata Manufacturing,Murata Manufacturing,xtal100000811,Crystal Oscillator,Crystal Oscillator,XTAL100000811 Crystal Oscillator from Murata Manufacturing. Sourced via professional procurement support; specs below.,,,"{""load_capacitance_pf"": ""18"", ""package"": ""SMD""}",active,,https://example.com/datasheet/XTAL100000811.pdf,,
MCU100000812,MCU100000812,GigaDevice Semiconductor,GigaDevice Semiconductor,mcu100000812,Microcontroller,Microcontroller,MCU100000812 Microcontroller from GigaDevice Semiconductor. Sourced via professional procurement support; specs below.,,,"{""voltage_v"": ""3.3V"", ""frequency_hz"": ""72000000"", ""flash_bytes"": ""131072""}",active,,https://example.com/datasheet/MCU100000812.pdf,,
MOS100000813,MOS100000813,Infineon Technologies,Infineon Technologies,mos100000813,MOSFET,MOSFET,MOS100000813 MOSFET from Infineon Technologies. Sourced via professional procurement support; specs below.,,,"{""vds_v"": ""55"", ""id_a"": ""30""}",active,,https://example.com/datasheet/MOS100000813.pdf,,
RES100000814,RES100000814,KEMET Electronics,KEMET Electronics,res100000814,Resistor,Resistor,RES100000814 Resistor from KEMET Electronics. Sourced via professional procurement support; specs below.,,,"{""tolerance"": ""±1%"", ""resistance_ohm"": ""10000"", ""power_rating_w"": ""0.25"", ""package"": ""0805""}",active,,https://example.com/datasheet/RES100000814.pdf,,
CAP100000815,CAP100000815,CapraMicro,CapraMicro,cap100000815,Capacitor,Capacitor,CAP100000815 Capacitor from CapraMicro. Sourced via professional procurement support; specs below.,,,"{""temperature_coeff"": ""X7R"", ""capacitance_pf"": ""100nF"", ""voltage_rating_v"": ""50"", ""tolerance"": ""±10%"", ""package"": ""0603""}",active,,https://example.com/datasheet/CAP100000815.pdf,,
IND100000816,IND100000816,TDK Corporation,TDK Corporation,ind100000816,Inductor,Inductor,IND100000816 Inductor from TDK Corporation. Sourced via professional procurement support; specs below.,,,"{""inductance_uh"": ""4.7"", ""current_rating_a"": ""1.5""}",active,,https://example.com/datasheet/IND100000816.pdf,,
SEN100000817,SEN100000817,TE Connectivity,TE Connectivity,sen100000817,Sensors,Sensors,SEN100000817 Sensors from TE Connectivity. Sourced via professional procurement support; specs below.,,,"{""resolution_bits"": ""12"", ""range"": ""0-40"", ""interface"": ""I2C"", ""accuracy"": ""±0.5"", ""sensitivity_dbm"": ""260 LSB/g""}",active,,https://example.com/datasheet/SEN100000817.pdf,,
CON100000818,CON100000818,Hirose Electric,Hirose Electric,con100000818,Connectors,Connectors,CON100000818 Connectors from Hirose Electric. Sourced via professional procurement support; specs below.,,,"{""voltage_rating_v"": ""50"", ""positions"": ""40"", ""pitch_mm"": ""2.54"", ""mounting"": ""SMD""}",active,,https://example.com/datasheet/CON100000818.pdf,,
MOD100000819,MOD100000819,SIMCom,SIMCom,mod100000819,Modules,Modules,MOD100000819 Modules from SIMCom. Sourced via professional procurement support; specs below.,,,"{""interface"": ""UART"", ""modulation"": ""GFSK""}",active,,https://example.com/datasheet/MOD100000819.pdf,,
OPA100000820,OPA100000820,Maxim Integrated,Maxim Integrated,opa100000820,Analog IC,Analog IC,OPA100000820 Analog IC from Maxim Integrated. Sourced via professional procurement support; specs below.,,,"{""package"": ""SOIC-8"", ""supply_current_ua"": ""200"", ""gain_db"": ""100"", ""bandwidth_hz"": ""1000000""}",active,,https://example.com/datasheet/OPA100000820.pdf,,
PMIC100000821,PMIC100000821,Infineon Technologies,Infineon Technologies,pmic100000821,Power Management IC,Power Management IC,PMIC100000821 Power Management IC from Infineon Technologies. Sourced via professional procurement support; specs below.,,,"{""voltage_in_max_v"": ""28"", ""efficiency_percent"": ""92"", ""package"": ""SOT-23""}",active,,https://example.com/datasheet/PMIC100000821.pdf,,
DIO100000822,DIO100000822,Diodes Incorporated,Diodes Incorporated,dio100000822,Diode,Diode,DIO100000822 Diode from Diodes Incorporated. Sourced via professional procurement support; specs below.,,,"{""vrrm_v"": ""100"", ""if_a"": ""1"", ""vf_v"": ""0.7""}",active,,https://example.com/datasheet/DIO100000822.pdf,,
LED100000823,LED100000823,Lite-On Technology,Lite-On Technology,led100000823,LED Components,LED Components,LED100000823 LED Components from Lite-On Technology. Sourced via professional procurement support; specs below.,,,"{""package"": ""0805"", ""forward_current_ma"": ""20"", ""wavelength_nm"": ""650""}",active,,https://example.com/datasheet/LED100000823.pdf,,
MEM100000824,MEM100000824,Micron Technology,Micron Technology,mem100000824,Memory IC,Memory IC,MEM100000824 Memory IC from Micron Technology. Sourced via professional procurement support; specs below.,,,"{""organization"": ""x8"", ""speed_hz"": ""104000000"", ""memory_bytes"": ""16777216"", ""interface"": ""SPI""}",active,,https://example.com/datasheet/MEM100000824.pdf,,
XTAL100000825,XTAL100000825,TDK Corporation,TDK Corporation,xtal100000825,Crystal Oscillator,Crystal Oscillator,XTAL100000825 Crystal Oscillator from TDK Corporation. Sourced via professional procurement support; specs below.,,,"{""package"": ""SMD"", ""frequency_hz"": ""8000000"", ""load_capacitance_pf"": ""18""}",active,,https://example.com/datasheet/XTAL100000825.pdf,,
MCU100000826,MCU100000826,Nuvoton Technology,Nuvoton Technology,mcu100000826,Microcontroller,Microcontroller,MCU100000826 Microcontroller from Nuvoton Technology. Sourced via professional procurement support; specs below.,,,"{""io_count"": ""48"", ""voltage_v"": ""3.3V""}",active,,https://example.com/datasheet/MCU100000826.pdf,,
MOS100000827,MOS100000827,Vishay Intertechnology,Vishay Intertechnology,mos100000827,MOSFET,MOSFET,MOS100000827 MOSFET from Vishay Intertechnology. Sourced via professional procurement support; specs below.,,,"{""qg_nc"": ""45"", ""id_a"": ""30A""}",active,,https://example.com/datasheet/MOS100000827.pdf,,
RES100000828,RES100000828,Vishay Intertechnology,Vishay Intertechnology,res100000828,Resistor,Resistor,RES100000828 Resistor from Vishay Intertechnology. Sourced via professional procurement support; specs below.,,,"{""power_rating_w"": ""0.25"", ""resistance_ohm"": ""10000"", ""tolerance"": ""±1%"", ""MTBF Hours"": ""100000""}",active,,https://example.com/datasheet/RES100000828.pdf,,
CAP100000829,CAP100000829,Holy Stone,Holy Stone,cap100000829,Capacitor,Capacitor,CAP100000829 Capacitor from Holy Stone. Sourced via professional procurement support; specs below.,,,"{""temperature_coeff"": ""X7R"", ""package"": ""0603"", ""voltage_rating_v"": ""50"", ""capacitance_pf"": ""100000"", ""tolerance"": ""±10%""}",active,,https://example.com/datasheet/CAP100000829.pdf,,
IND100000830,IND100000830,TDK Corporation,TDK Corporation,ind100000830,Inductor,Inductor,IND100000830 Inductor from TDK Corporation. Sourced via professional procurement support; specs below.,,,"{""tolerance"": ""±20%"", ""inductance_uh"": ""4.7""}",active,,https://example.com/datasheet/IND100000830.pdf,,
SEN100000831,SEN100000831,TE Connectivity,TE Connectivity,sen100000831,Sensors,Sensors,SEN100000831 Sensors from TE Connectivity. Sourced via professional procurement support; specs below.,,,"{""resolution_bits"": ""12"", ""range"": ""0-40""}",active,,https://example.com/datasheet/SEN100000831.pdf,,
CON100000832,CON100000832,JST,JST,con100000832,Connectors,Connectors,CON100000832 Connectors from JST. Sourced via professional procurement support; specs below.,,,"{""pitch_mm"": ""2.54"", ""positions"": ""40"", ""current_rating_a"": ""3""}",active,,https://example.com/datasheet/CON100000832.pdf,,
MOD100000833,MOD100000833,AirByte,AirByte,mod100000833,Modules,Modules,MOD100000833 Modules from AirByte. Sourced via professional procurement support; specs below.,,,"{""data_rate_bps"": ""2000000"", ""interface"": ""UART"", ""modulation"": ""GFSK"", ""sensitivity_dbm"": ""-95""}",active,,https://example.com/datasheet/MOD100000833.pdf,,
OPA100000834,OPA100000834,Analog Devices,Analog Devices,opa100000834,Analog IC,Analog IC,OPA100000834 Analog IC from Analog Devices. Sourced via professional procurement support; specs below.,,,"{""bandwidth_hz"": ""1000000"", ""gain_db"": ""100"", ""supply_current_ua"": ""200""}",active,,https://example.com/datasheet/OPA100000834.pdf,,
PMIC100000835,PMIC100000835,Infineon Technologies,Infineon Technologies,pmic100000835,Power Management IC,Power Management IC,PMIC100000835 Power Management IC from Infineon Technologies. Sourced via professional procurement support; specs below.,,,"{""voltage_in_max_v"": ""28"", ""package"": ""SOT-23"", ""output_current_a"": ""3"", ""voltage_out_v"": ""5"", ""efficiency_percent"": ""92""}",active,,https://example.com/datasheet/PMIC100000835.pdf,,
DIO100000836,DIO100000836,Diodes Incorporated,Diodes Incorporated,dio100000836,Diode,Diode,DIO100000836 Diode from Diodes Incorporated. Sourced via professional procurement support; specs below.,,,"{""vf_v"": ""0.7"", ""vrrm_v"": ""100""}",active,,https://example.com/datasheet/DIO100000836.pdf,,
LED100000837,LED100000837,Everlight Electronics,Everlight Electronics,led100000837,LED Components,LED Components,LED100000837 LED Components from Everlight Electronics. Sourced via professional procurement support; specs below.,,,"{""wavelength_nm"": ""650"", ""forward_current_ma"": ""20"", ""forward_voltage_v"": ""2.1"", ""package"": ""0805""}",active,,https://example.com/datasheet/LED100000837.pdf,,
MEM100000838,MEM100000838,Macronix International,Macronix International,mem100000838,Memory IC,Memory IC,MEM100000838 Memory IC from Macronix International. Sourced via professional procurement support; specs below.,,,"{""interface"": ""SPI"", ""speed_hz"": ""104000000""}",active,,https://example.com/datasheet/MEM100000838.pdf,,
XTAL100000839,XTAL100000839,Wurth Elektronik,Wurth Elektronik,xtal100000839,Crystal Oscillator,Crystal Oscillator,XTAL100000839 Crystal Oscillator from Wurth Elektronik. Sourced via professional procurement support; specs below.,,,"{""frequency_hz"": ""8000000"", ""package"": ""SMD"", ""load_capacitance_pf"": ""18""}",active,,https://example.com/datasheet/XTAL100000839.pdf,,
MCU100000840,MCU100000840,GigaDevice Semiconductor,GigaDevice Semiconductor,mcu100000840,Microcontroller,Microcontroller,MCU100000840 Microcontroller from GigaDevice Semiconductor. Sourced via professional procurement support; specs below.,,,"{""frequency_hz"": ""72000000"", ""package"": ""LQFP-48""}",active,,https://example.com/datasheet/MCU100000840.pdf,,
MOS100000841,MOS100000841,,,mos100000841,MOSFET,MOSFET,MOS100000841 MOSFET from unspecified. Sourced via professional procurement support; specs below.,,,"{""package"": ""SOT-23"", ""id_a"": ""30""}",active,,https://example.com/datasheet/MOS100000841.pdf,,
RES100000842,RES100000842,Fenghua,Fenghua,res100000842,Resistor,Resistor,RES100000842 Resistor from Fenghua. Sourced via professional procurement support; specs below.,,,"{""temperature_coeff"": ""X7R"", ""tolerance"": ""±1%""}",active,,https://example.com/datasheet/RES100000842.pdf,,
CAP100000843,CAP100000843,Walsin Technology,Walsin Technology,cap100000843,Capacitor,Capacitor,CAP100000843 Capacitor from Walsin Technology. Sourced via professional procurement support; specs below.,,,"{""package"": ""0603"", ""tolerance"": ""±10%"", ""voltage_rating_v"": ""50""}",active,,https://example.com/datasheet/CAP100000843.pdf,,
IND100000844,IND100000844,Murata Manufacturing,Murata Manufacturing,ind100000844,Inductor,Inductor,IND100000844 Inductor from Murata Manufacturing. Sourced via professional procurement support; specs below.,,,"{""package"": ""0805"", ""inductance_uh"": ""4.7""}",active,,https://example.com/datasheet/IND100000844.pdf,,
SEN100000845,SEN100000845,TE Connectivity,TE Connectivity,sen100000845,Sensors,Sensors,SEN100000845 Sensors from TE Connectivity. Sourced via professional procurement support; specs below.,,,"{""accuracy"": ""±0.5"", ""sensitivity_dbm"": ""260 LSB/g""}",active,,https://example.com/datasheet/SEN100000845.pdf,,
CON100000846,CON100000846,Molex,Molex,con100000846,Connectors,Connectors,CON100000846 Connectors from Molex. Sourced via professional procurement support; specs below.,,,"{""positions"": ""40"", ""voltage_rating_v"": ""50""}",active,,https://example.com/datasheet/CON100000846.pdf,,
MOD100000847,MOD100000847,u-blox,u-blox,mod100000847,Modules,Modules,MOD100000847 Modules from u-blox. Sourced via professional procurement support; specs below.,,,"{""sensitivity_dbm"": ""-95"", ""modulation"": ""GFSK""}",active,,https://example.com/datasheet/MOD100000847.pdf,,
OPA100000848,OPA100000848,Maxim Integrated,Maxim Integrated,opa100000848,Analog IC,Analog IC,OPA100000848 Analog IC from Maxim Integrated. Sourced via professional procurement support; specs below.,,,"{""bandwidth_hz"": ""1000000"", ""package"": ""SOIC-8"", ""supply_current_ua"": ""200""}",active,,https://example.com/datasheet/OPA100000848.pdf,,
PMIC100000849,PMIC100000849,Richtek Technology,Richtek Technology,pmic100000849,Power Management IC,Power Management IC,PMIC100000849 Power Management IC from Richtek Technology. Sourced via professional procurement support; specs below.,,,"{""voltage_in_max_v"": ""28"", ""package"": ""SOT-23"", ""voltage_out_v"": ""5"", ""efficiency_percent"": ""92""}",active,,https://example.com/datasheet/PMIC100000849.pdf,,
DIO100000850,DIO100000850,ON Semiconductor,ON Semiconductor,dio100000850,Diode,Diode,DIO100000850 Diode from ON Semiconductor. Sourced via professional procurement support; specs below.,,,"{""vrrm_v"": ""100"", ""vf_v"": ""0.7""}",active,,https://example.com/datasheet/DIO100000850.pdf,,
LED100000851,LED100000851,OSRAM,OSRAM,led100000851,LED Components,LED Components,LED100000851 LED Components from OSRAM. Sourced via professional procurement support; specs below.,,,"{""forward_voltage_v"": ""2.1"", ""forward_current_ma"": ""20""}",active,,https://example.com/datasheet/LED100000851.pdf,,
MEM100000852,MEM100000852,Macronix International,Macronix International,mem100000852,Memory IC,Memory IC,MEM100000852 Memory IC from Macronix International. Sourced via professional procurement support; specs below.,,,"{""memory_bytes"": ""16777216"", ""interface"": ""SPI""}",active,,https://example.com/datasheet/MEM100000852.pdf,,
XTAL100000853,XTAL100000853,TDK Corporation,TDK Corporation,xtal100000853,Crystal Oscillator,Crystal Oscillator,XTAL100000853 Crystal Oscillator from TDK Corporation. Sourced via professional procurement support; specs below.,,,"{""load_capacitance_pf"": ""18"", ""package"": ""SMD""}",active,,https://example.com/datasheet/XTAL100000853.pdf,,
MCU100000854,MCU100000854,STMicroelectronics,STMicroelectronics,mcu100000854,Microcontroller,Microcontroller,MCU100000854 Microcontroller from STMicroelectronics. Sourced via professional procurement support; specs below.,,,"{""frequency_hz"": ""72MHz"", ""package"": ""LQFP-48"", ""core"": ""ARM Cortex-M4""}",active,,https://example.com/datasheet/MCU100000854.pdf,,
MOS100000855,MOS100000855,Vishay Intertechnology,Vishay Intertechnology,mos100000855,MOSFET,MOSFET,MOS100000855 MOSFET from Vishay Intertechnology. Sourced via professional procurement support; specs below.,,,"{""vgs_th_v"": ""2.5"", ""rds_on_mohm"": ""8mΩ""}",active,,https://example.com/datasheet/MOS100000855.pdf,,
RES100000856,RES100000856,KEMET Electronics,KEMET Electronics,res100000856,Resistor,Resistor,RES100000856 Resistor from KEMET Electronics. Sourced via professional procurement support; specs below.,,,"{""tolerance"": ""±1%"", ""power_rating_w"": ""0.25"", ""resistance_ohm"": ""10000"", ""temperature_coeff"": ""X7R""}",active,,https://example.com/datasheet/RES100000856.pdf,,
CAP100000857,CAP100000857,Murata Manufacturing,Murata Manufacturing,cap100000857,Capacitor,Capacitor,CAP100000857 Capacitor from Murata Manufacturing. Sourced via professional procurement support; specs below.,,,"{""temperature_coeff"": ""X7R"", ""voltage_rating_v"": ""50""}",active,,https://example.com/datasheet/CAP100000857.pdf,,
IND100000858,IND100000858,TDK Corporation,TDK Corporation,ind100000858,Inductor,Inductor,IND100000858 Inductor from TDK Corporation. Sourced via professional procurement support; specs below.,,,"{""tolerance"": ""±20%"", ""package"": ""0805""}",active,,https://example.com/datasheet/IND100000858.pdf,,
SEN100000859,SEN100000859,TE Connectivity,TE Connectivity,sen100000859,Sensors,Sensors,SEN100000859 Sensors from TE Connectivity. Sourced via professional procurement support; specs below.,,,"{""range"": ""0-40"", ""sensitivity_dbm"": ""260 LSB/g"", ""interface"": ""I2C"", ""accuracy"": ""±0.5"", ""resolution_bits"": ""12""}",active,,https://example.com/datasheet/SEN100000859.pdf,,
CON100000860,CON100000860,Amphenol,Amphenol,con100000860,Connectors,Connectors,CON100000860 Connectors from Amphenol. Sourced via professional procurement support; specs below.,,,"{""current_rating_a"": ""3"", ""pitch_mm"": ""2.54""}",active,,https://example.com/datasheet/CON100000860.pdf,,
MOD100000861,MOD100000861,SIMCom,SIMCom,mod100000861,Modules,Modules,MOD100000861 Modules from SIMCom. Sourced via professional procurement support; specs below.,,,"{""data_rate_bps"": ""2000000"", ""sensitivity_dbm"": ""-95"", ""interface"": ""UART"", ""output_power_dbm"": ""20"", ""Protocol Stack"": ""3.0""}",active,,https://example.com/datasheet/MOD100000861.pdf,,
OPA100000862,OPA100000862,Silicon Labs,Silicon Labs,opa100000862,Analog IC,Analog IC,OPA100000862 Analog IC from Silicon Labs. Sourced via professional procurement support; specs below.,,,"{""bandwidth_hz"": ""1000000"", ""supply_current_ua"": ""200"", ""package"": ""SOIC-8""}",active,,https://example.com/datasheet/OPA100000862.pdf,,
PMIC100000863,PMIC100000863,Infineon Technologies,Infineon Technologies,pmic100000863,Power Management IC,Power Management IC,PMIC100000863 Power Management IC from Infineon Technologies. Sourced via professional procurement support; specs below.,,,"{""output_current_a"": ""3"", ""package"": ""SOT-23""}",active,,https://example.com/datasheet/PMIC100000863.pdf,,
DIO100000864,DIO100000864,ON Semiconductor,ON Semiconductor,dio100000864,Diode,Diode,DIO100000864 Diode from ON Semiconductor. Sourced via professional procurement support; specs below.,,,"{""if_a"": ""1"", ""vrrm_v"": ""100"", ""vf_v"": ""0.7"", ""Reverse Recovery"": ""50ns""}",active,,https://example.com/datasheet/DIO100000864.pdf,,
LED100000865,LED100000865,PhotonInc,PhotonInc,led100000865,LED Components,LED Components,LED100000865 LED Components from PhotonInc. Sourced via professional procurement support; specs below.,,,"{""package"": ""0805"", ""forward_current_ma"": ""20"", ""forward_voltage_v"": ""2.1"", ""wavelength_nm"": ""650""}",active,,https://example.com/datasheet/LED100000865.pdf,,
MEM100000866,MEM100000866,Winbond Electronics,Winbond Electronics,mem100000866,Memory IC,Memory IC,MEM100000866 Memory IC from Winbond Electronics. Sourced via professional procurement support; specs below.,,,"{""speed_hz"": ""104000000"", ""organization"": ""x8""}",active,,https://example.com/datasheet/MEM100000866.pdf,,
XTAL100000867,XTAL100000867,TDK Corporation,TDK Corporation,xtal100000867,Crystal Oscillator,Crystal Oscillator,XTAL100000867 Crystal Oscillator from TDK Corporation. Sourced via professional procurement support; specs below.,,,"{""frequency_hz"": ""8000000"", ""load_capacitance_pf"": ""18"", ""package"": ""SMD"", ""Frequency Tolerance"": ""±20ppm""}",active,,https://example.com/datasheet/XTAL100000867.pdf,,
MCU100000868,MCU100000868,GigaDevice Semiconductor,GigaDevice Semiconductor,mcu100000868,Microcontroller,Microcontroller,MCU100000868 Microcontroller from GigaDevice Semiconductor. Sourced via professional procurement support; specs below.,,,"{""frequency_hz"": ""72000000""}",active,,https://example.com/datasheet/MCU100000868.pdf,,
MOS100000869,MOS100000869,,,mos100000869,MOSFET,MOSFET,MOS100000869 MOSFET from unspecified. Sourced via professional procurement support; specs below.,,,"{""rds_on_mohm"": ""8"", ""vds_v"": ""55"", ""qg_nc"": ""45""}",active,,https://example.com/datasheet/MOS100000869.pdf,,
RES100000870,RES100000870,KEMET Electronics,KEMET Electronics,res100000870,Resistor,Resistor,RES100000870 Resistor from KEMET Electronics. Sourced via professional procurement support; specs below.,,,"{""resistance_ohm"": ""10kΩ"", ""temperature_coeff"": ""X7R"", ""package"": ""0805"", ""tolerance"": ""±1%""}",active,,https://example.com/datasheet/RES100000870.pdf,,
CAP100000871,CAP100000871,KEMET Electronics,KEMET Electronics,cap100000871,Capacitor,Capacitor,CAP100000871 Capacitor from KEMET Electronics. Sourced via professional procurement support; specs below.,,,"{""package"": ""0603"", ""tolerance"": ""±10%""}",active,,https://example.com/datasheet/CAP100000871.pdf,,
IND100000872,IND100000872,InduMax,InduMax,ind100000872,Inductor,Inductor,IND100000872 Inductor from InduMax. Sourced via professional procurement support; specs below.,,,"{""package"": ""0805"", ""tolerance"": ""±20%"", ""inductance_uh"": ""4.7"", ""current_rating_a"": ""1.5""}",active,,https://example.com/datasheet/IND100000872.pdf,,
SEN100000873,SEN100000873,NXP Semiconductors,NXP Semiconductors,sen100000873,Sensors,Sensors,SEN100000873 Sensors from NXP Semiconductors. Sourced via professional procurement support; specs below.,,,"{""sensitivity_dbm"": ""260 LSB/g"", ""accuracy"": ""±0.5"", ""interface"": ""I2C"", ""resolution_bits"": ""12"", ""Output Type"": ""Analog""}",active,,https://example.com/datasheet/SEN100000873.pdf,,
CON100000874,CON100000874,TE Connectivity,TE Connectivity,con100000874,Connectors,Connectors,CON100000874 Connectors from TE Connectivity. Sourced via professional procurement support; specs below.,,,"{""mounting"": ""SMD"", ""positions"": ""40"", ""current_rating_a"": ""3"", ""voltage_rating_v"": ""50"", ""Contact Plating"": ""Gold""}",active,,https://example.com/datasheet/CON100000874.pdf,,
MOD100000875,MOD100000875,Espressif Systems,Espressif Systems,mod100000875,Modules,Modules,MOD100000875 Modules from Espressif Systems. Sourced via professional procurement support; specs below.,,,"{""modulation"": ""GFSK"", ""data_rate_bps"": ""2000000"", ""interface"": ""UART""}",active,,https://example.com/datasheet/MOD100000875.pdf,,
OPA100000876,OPA100000876,Analog Devices,Analog Devices,opa100000876,Analog IC,Analog IC,OPA100000876 Analog IC from Analog Devices. Sourced via professional procurement support; specs below.,,,"{""bandwidth_hz"": ""1000000"", ""package"": ""SOIC-8"", ""gain_db"": ""100"", ""supply_current_ua"": ""200""}",active,,https://example.com/datasheet/OPA100000876.pdf,,
PMIC100000877,PMIC100000877,SGMICRO,SGMICRO,pmic100000877,Power Management IC,Power Management IC,PMIC100000877 Power Management IC from SGMICRO. Sourced via professional procurement support; specs below.,,,"{""package"": ""SOT-23"", ""output_current_a"": ""3"", ""voltage_in_max_v"": ""28"", ""voltage_out_v"": ""5"", ""voltage_in_min_v"": ""4.5"", ""Power Good"": ""yes""}",active,,https://example.com/datasheet/PMIC100000877.pdf,,
DIO100000878,DIO100000878,ON Semiconductor,ON Semiconductor,dio100000878,Diode,Diode,DIO100000878 Diode from ON Semiconductor. Sourced via professional procurement support; specs below.,,,"{""vf_v"": ""0.7"", ""vrrm_v"": ""100"", ""if_a"": ""1""}",active,,https://example.com/datasheet/DIO100000878.pdf,,
LED100000879,LED100000879,Everlight Electronics,Everlight Electronics,led100000879,LED Components,LED Components,LED100000879 LED Components from Everlight Electronics. Sourced via professional procurement support; specs below.,,,"{""forward_voltage_v"": ""2.1"", ""forward_current_ma"": ""20""}",active,,https://example.com/datasheet/LED100000879.pdf,,
MEM100000880,MEM100000880,Micron Technology,Micron Technology,mem100000880,Memory IC,Memory IC,MEM100000880 Memory IC from Micron Technology. Sourced via professional procurement support; specs below.,,,"{""organization"": ""x8"", ""interface"": ""SPI"", ""speed_hz"": ""104000000""}",active,,https://example.com/datasheet/MEM100000880.pdf,,
XTAL100000881,XTAL100000881,TDK Corporation,TDK Corporation,xtal100000881,Crystal Oscillator,Crystal Oscillator,XTAL100000881 Crystal Oscillator from TDK Corporation. Sourced via professional procurement support; specs below.,,,"{""frequency_hz"": ""8000000"", ""load_capacitance_pf"": ""18""}",active,,https://example.com/datasheet/XTAL100000881.pdf,,
MCU100000882,MCU100000882,Holtek Semiconductor,Holtek Semiconductor,mcu100000882,Microcontroller,Microcontroller,MCU100000882 Microcontroller from Holtek Semiconductor. Sourced via professional procurement support; specs below.,,,"{""voltage_v"": ""3.3V""}",active,,https://example.com/datasheet/MCU100000882.pdf,,
MOS100000883,MOS100000883,Alpha & Omega Semiconductor,Alpha & Omega Semiconductor,mos100000883,MOSFET,MOSFET,MOS100000883 MOSFET from Alpha & Omega Semiconductor. Sourced via professional procurement support; specs below.,,,"{""Gate Charge Type"": ""standard""}",active,,https://example.com/datasheet/MOS100000883.pdf,,
RES100000884,RES100000884,Bourns,Bourns,res100000884,Resistor,Resistor,RES100000884 Resistor from Bourns. Sourced via professional procurement support; specs below.,,,"{""temperature_coeff"": ""X7R"", ""power_rating_w"": ""0.25"", ""package"": ""0805""}",active,,https://example.com/datasheet/RES100000884.pdf,,
CAP100000885,CAP100000885,TDK Corporation,TDK Corporation,cap100000885,Capacitor,Capacitor,CAP100000885 Capacitor from TDK Corporation. Sourced via professional procurement support; specs below.,,,"{""tolerance"": ""±10%"", ""temperature_coeff"": ""X7R"", ""voltage_rating_v"": ""50""}",active,,https://example.com/datasheet/CAP100000885.pdf,,
IND100000886,IND100000886,InduMax,InduMax,ind100000886,Inductor,Inductor,IND100000886 Inductor from InduMax. Sourced via professional procurement support; specs below.,,,"{""package"": ""0805"", ""current_rating_a"": ""1.5""}",active,,https://example.com/datasheet/IND100000886.pdf,,
SEN100000887,SEN100000887,NXP Semiconductors,NXP Semiconductors,sen100000887,Sensors,Sensors,SEN100000887 Sensors from NXP Semiconductors. Sourced via professional procurement support; specs below.,,,"{""range"": ""0-40"", ""accuracy"": ""±0.5"", ""interface"": ""I2C"", ""resolution_bits"": ""12""}",active,,https://example.com/datasheet/SEN100000887.pdf,,
CON100000888,CON100000888,JST,JST,con100000888,Connectors,Connectors,CON100000888 Connectors from JST. Sourced via professional procurement support; specs below.,,,"{""current_rating_a"": ""3"", ""pitch_mm"": ""2.54"", ""mounting"": ""SMD"", ""positions"": ""40""}",active,,https://example.com/datasheet/CON100000888.pdf,,
MOD100000889,MOD100000889,SIMCom,SIMCom,mod100000889,Modules,Modules,MOD100000889 Modules from SIMCom. Sourced via professional procurement support; specs below.,,,"{""output_power_dbm"": ""20"", ""interface"": ""UART""}",active,,https://example.com/datasheet/MOD100000889.pdf,,
OPA100000890,OPA100000890,Maxim Integrated,Maxim Integrated,opa100000890,Analog IC,Analog IC,OPA100000890 Analog IC from Maxim Integrated. Sourced via professional procurement support; specs below.,,,"{""supply_current_ua"": ""200"", ""bandwidth_hz"": ""1000000"", ""gain_db"": ""100""}",active,,https://example.com/datasheet/OPA100000890.pdf,,
PMIC100000891,PMIC100000891,Texas Instruments,Texas Instruments,pmic100000891,Power Management IC,Power Management IC,PMIC100000891 Power Management IC from Texas Instruments. Sourced via professional procurement support; specs below.,,,"{""output_current_a"": ""3"", ""efficiency_percent"": ""92"", ""voltage_in_min_v"": ""4.5"", ""package"": ""SOT-23"", ""voltage_out_v"": ""5""}",active,,https://example.com/datasheet/PMIC100000891.pdf,,
DIO100000892,DIO100000892,Vishay Intertechnology,Vishay Intertechnology,dio100000892,Diode,Diode,DIO100000892 Diode from Vishay Intertechnology. Sourced via professional procurement support; specs below.,,,"{""vf_v"": ""0.7"", ""if_a"": ""1""}",active,,https://example.com/datasheet/DIO100000892.pdf,,
LED100000893,LED100000893,Lite-On Technology,Lite-On Technology,led100000893,LED Components,LED Components,LED100000893 LED Components from Lite-On Technology. Sourced via professional procurement support; specs below.,,,"{""package"": ""0805"", ""forward_voltage_v"": ""2.1""}",active,,https://example.com/datasheet/LED100000893.pdf,,
MEM100000894,MEM100000894,Winbond Electronics,Winbond Electronics,mem100000894,Memory IC,Memory IC,MEM100000894 Memory IC from Winbond Electronics. Sourced via professional procurement support; specs below.,,,"{""speed_hz"": ""104000000"", ""memory_bytes"": ""16777216""}",active,,https://example.com/datasheet/MEM100000894.pdf,,
XTAL100000895,XTAL100000895,TDK Corporation,TDK Corporation,xtal100000895,Crystal Oscillator,Crystal Oscillator,XTAL100000895 Crystal Oscillator from TDK Corporation. Sourced via professional procurement support; specs below.,,,"{""load_capacitance_pf"": ""18"", ""package"": ""SMD""}",active,,https://example.com/datasheet/XTAL100000895.pdf,,
MCU100000896,MCU100000896,Nuvoton Technology,Nuvoton Technology,mcu100000896,Microcontroller,Microcontroller,MCU100000896 Microcontroller from Nuvoton Technology. Sourced via professional procurement support; specs below.,,,"{""voltage_v"": ""3.3"", ""io_count"": ""48"", ""package"": ""LQFP-48"", ""core"": ""ARM Cortex-M4""}",active,,https://example.com/datasheet/MCU100000896.pdf,,
MOS100000897,MOS100000897,Vishay Intertechnology,Vishay Intertechnology,mos100000897,MOSFET,MOSFET,MOS100000897 MOSFET from Vishay Intertechnology. Sourced via professional procurement support; specs below.,,,"{""vds_v"": ""55"", ""id_a"": ""30""}",active,,https://example.com/datasheet/MOS100000897.pdf,,
RES100000898,RES100000898,Fenghua,Fenghua,res100000898,Resistor,Resistor,RES100000898 Resistor from Fenghua. Sourced via professional procurement support; specs below.,,,"{""tolerance"": ""±1%""}",active,,https://example.com/datasheet/RES100000898.pdf,,
CAP100000899,CAP100000899,Walsin Technology,Walsin Technology,cap100000899,Capacitor,Capacitor,CAP100000899 Capacitor from Walsin Technology. Sourced via professional procurement support; specs below.,,,"{""tolerance"": ""±10%"", ""temperature_coeff"": ""X7R""}",active,,https://example.com/datasheet/CAP100000899.pdf,,
IND100000900,IND100000900,Murata Manufacturing,Murata Manufacturing,ind100000900,Inductor,Inductor,IND100000900 Inductor from Murata Manufacturing. Sourced via professional procurement support; specs below.,,,"{""tolerance"": ""±20%"", ""current_rating_a"": ""1.5""}",active,,https://example.com/datasheet/IND100000900.pdf,,
SEN100000901,SEN100000901,TE Connectivity,TE Connectivity,sen100000901,Sensors,Sensors,SEN100000901 Sensors from TE Connectivity. Sourced via professional procurement support; specs below.,,,"{""accuracy"": ""±0.5"", ""interface"": ""I2C"", ""resolution_bits"": ""12""}",active,,https://example.com/datasheet/SEN100000901.pdf,,
CON100000902,CON100000902,Hirose Electric,Hirose Electric,con100000902,Connectors,Connectors,CON100000902 Connectors from Hirose Electric. Sourced via professional procurement support; specs below.,,,"{""mounting"": ""SMD"", ""voltage_rating_v"": ""50"", ""positions"": ""40""}",active,,https://example.com/datasheet/CON100000902.pdf,,
MOD100000903,MOD100000903,Espressif Systems,Espressif Systems,mod100000903,Modules,Modules,MOD100000903 Modules from Espressif Systems. Sourced via professional procurement support; specs below.,,,"{""output_power_dbm"": ""20"", ""data_rate_bps"": ""2000000"", ""sensitivity_dbm"": ""-95"", ""interface"": ""UART""}",active,,https://example.com/datasheet/MOD100000903.pdf,,
OPA100000904,OPA100000904,Maxim Integrated,Maxim Integrated,opa100000904,Analog IC,Analog IC,OPA100000904 Analog IC from Maxim Integrated. Sourced via professional procurement support; specs below.,,,"{""bandwidth_hz"": ""1000000"", ""supply_current_ua"": ""200"", ""gain_db"": ""100"", ""package"": ""SOIC-8"", ""Input Noise"": ""10nV""}",active,,https://example.com/datasheet/OPA100000904.pdf,,
PMIC100000905,PMIC100000905,Richtek Technology,Richtek Technology,pmic100000905,Power Management IC,Power Management IC,PMIC100000905 Power Management IC from Richtek Technology. Sourced via professional procurement support; specs below.,,,"{""voltage_in_max_v"": ""28"", ""efficiency_percent"": ""92"", ""voltage_out_v"": ""5"", ""voltage_in_min_v"": ""4.5"", ""package"": ""SOT-23""}",active,,https://example.com/datasheet/PMIC100000905.pdf,,
DIO100000906,DIO100000906,Vishay Intertechnology,Vishay Intertechnology,dio100000906,Diode,Diode,DIO100000906 Diode from Vishay Intertechnology. Sourced via professional procurement support; specs below.,,,"{""if_a"": ""1"", ""vf_v"": ""0.7"", ""vrrm_v"": ""100""}",active,,https://example.com/datasheet/DIO100000906.pdf,,
LED100000907,LED100000907,Everlight Electronics,Everlight Electronics,led100000907,LED Components,LED Components,LED100000907 LED Components from Everlight Electronics. Sourced via professional procurement support; specs below.,,,"{""wavelength_nm"": ""650"", ""forward_voltage_v"": ""2.1"", ""Luminous Intensity"": ""100mcd""}",active,,https://example.com/datasheet/LED100000907.pdf,,
MEM100000908,MEM100000908,ISSI,ISSI,mem100000908,Memory IC,Memory IC,MEM100000908 Memory IC from ISSI. Sourced via professional procurement support; specs below.,,,"{""interface"": ""SPI"", ""organization"": ""x8""}",active,,https://example.com/datasheet/MEM100000908.pdf,,
XTAL100000909,XTAL100000909,Murata Manufacturing,Murata Manufacturing,xtal100000909,Crystal Oscillator,Crystal Oscillator,XTAL100000909 Crystal Oscillator from Murata Manufacturing. Sourced via professional procurement support; specs below.,,,"{""load_capacitance_pf"": ""18"", ""frequency_hz"": ""8000000"", ""Frequency Tolerance"": ""±20ppm""}",active,,https://example.com/datasheet/XTAL100000909.pdf,,
MCU100000910,MCU100000910,Holtek Semiconductor,Holtek Semiconductor,mcu100000910,Microcontroller,Microcontroller,MCU100000910 Microcontroller from Holtek Semiconductor. Sourced via professional procurement support; specs below.,,,"{""package"": ""LQFP-48""}",active,,https://example.com/datasheet/MCU100000910.pdf,,
MOS100000911,MOS100000911,Alpha & Omega Semiconductor,Alpha & Omega Semiconductor,mos100000911,MOSFET,MOSFET,MOS100000911 MOSFET from Alpha & Omega Semiconductor. Sourced via professional procurement support; specs below.,,,"{""vds_v"": ""55""}",active,,https://example.com/datasheet/MOS100000911.pdf,,
RES100000912,RES100000912,Yageo,Yageo,res100000912,Resistor,Resistor,RES100000912 Resistor from Yageo. Sourced via professional procurement support; specs below.,,,"{""tolerance"": ""±1%"", ""resistance_ohm"": ""10000"", ""power_rating_w"": ""0.25""}",active,,https://example.com/datasheet/RES100000912.pdf,,
CAP100000913,CAP100000913,Murata Manufacturing,Murata Manufacturing,cap100000913,Capacitor,Capacitor,CAP100000913 Capacitor from Murata Manufacturing. Sourced via professional procurement support; specs below.,,,"{""capacitance_pf"": ""100000"", ""temperature_coeff"": ""X7R"", ""voltage_rating_v"": ""50"", ""package"": ""0603""}",active,,https://example.com/datasheet/CAP100000913.pdf,,
IND100000914,IND100000914,Murata Manufacturing,Murata Manufacturing,ind100000914,Inductor,Inductor,IND100000914 Inductor from Murata Manufacturing. Sourced via professional procurement support; specs below.,,,"{""inductance_uh"": ""4.7"", ""tolerance"": ""±20%""}",active,,https://example.com/datasheet/IND100000914.pdf,,
SEN100000915,SEN100000915,NXP Semiconductors,NXP Semiconductors,sen100000915,Sensors,Sensors,SEN100000915 Sensors from NXP Semiconductors. Sourced via professional procurement support; specs below.,,,"{""resolution_bits"": ""12"", ""sensitivity_dbm"": ""260 LSB/g"", ""accuracy"": ""±0.5"", ""range"": ""0-40""}",active,,https://example.com/datasheet/SEN100000915.pdf,,
CON100000916,CON100000916,Amphenol,Amphenol,con100000916,Connectors,Connectors,CON100000916 Connectors from Amphenol. Sourced via professional procurement support; specs below.,,,"{""pitch_mm"": ""2.54"", ""mounting"": ""SMD"", ""positions"": ""40"", ""current_rating_a"": ""3""}",active,,https://example.com/datasheet/CON100000916.pdf,,
MOD100000917,MOD100000917,AirByte,AirByte,mod100000917,Modules,Modules,MOD100000917 Modules from AirByte. Sourced via professional procurement support; specs below.,,,"{""interface"": ""UART"", ""sensitivity_dbm"": ""-95"", ""modulation"": ""GFSK"", ""data_rate_bps"": ""2Mbps""}",active,,https://example.com/datasheet/MOD100000917.pdf,,
OPA100000918,OPA100000918,Silicon Labs,Silicon Labs,opa100000918,Analog IC,Analog IC,OPA100000918 Analog IC from Silicon Labs. Sourced via professional procurement support; specs below.,,,"{""package"": ""SOIC-8"", ""gain_db"": ""100"", ""bandwidth_hz"": ""1000000""}",active,,https://example.com/datasheet/OPA100000918.pdf,,
PMIC100000919,PMIC100000919,Texas Instruments,Texas Instruments,pmic100000919,Power Management IC,Power Management IC,PMIC100000919 Power Management IC from Texas Instruments. Sourced via professional procurement support; specs below.,,,"{""voltage_out_v"": ""5"", ""package"": ""SOT-23""}",active,,https://example.com/datasheet/PMIC100000919.pdf,,
DIO100000920,DIO100000920,Littelfuse,Littelfuse,dio100000920,Diode,Diode,DIO100000920 Diode from Littelfuse. Sourced via professional procurement support; specs below.,,,"{""vrrm_v"": ""100"", ""vf_v"": ""0.7""}",active,,https://example.com/datasheet/DIO100000920.pdf,,
LED100000921,LED100000921,Lite-On Technology,Lite-On Technology,led100000921,LED Components,LED Components,LED100000921 LED Components from Lite-On Technology. Sourced via professional procurement support; specs below.,,,"{""forward_voltage_v"": ""2.1"", ""package"": ""0805"", ""wavelength_nm"": ""650""}",active,,https://example.com/datasheet/LED100000921.pdf,,
MEM100000922,MEM100000922,ISSI,ISSI,mem100000922,Memory IC,Memory IC,MEM100000922 Memory IC from ISSI. Sourced via professional procurement support; specs below.,,,"{""interface"": ""SPI"", ""speed_hz"": ""104000000"", ""organization"": ""x8"", ""memory_bytes"": ""16777216""}",active,,https://example.com/datasheet/MEM100000922.pdf,,
XTAL100000923,XTAL100000923,Murata Manufacturing,Murata Manufacturing,xtal100000923,Crystal Oscillator,Crystal Oscillator,XTAL100000923 Crystal Oscillator from Murata Manufacturing. Sourced via professional procurement support; specs below.,,,"{""package"": ""SMD"", ""load_capacitance_pf"": ""18""}",active,,https://example.com/datasheet/XTAL100000923.pdf,,
MCU100000924,MCU100000924,PioneerIC,PioneerIC,mcu100000924,Microcontroller,Microcontroller,MCU100000924 Microcontroller from PioneerIC. Sourced via professional procurement support; specs below.,,,"{""io_count"": ""48"", ""voltage_v"": ""3.3V""}",active,,https://example.com/datasheet/MCU100000924.pdf,,
MOS100000925,MOS100000925,Yangjie,Yangjie,mos100000925,MOSFET,MOSFET,MOS100000925 MOSFET from Yangjie. Sourced via professional procurement support; specs below.,,,"{""rds_on_mohm"": ""8""}",active,,https://example.com/datasheet/MOS100000925.pdf,,
RES100000926,RES100000926,Bourns,Bourns,res100000926,Resistor,Resistor,RES100000926 Resistor from Bourns. Sourced via professional procurement support; specs below.,,,"{""power_rating_w"": ""0.25"", ""temperature_coeff"": ""X7R"", ""package"": ""0805""}",active,,https://example.com/datasheet/RES100000926.pdf,,
CAP100000927,CAP100000927,TDK Corporation,TDK Corporation,cap100000927,Capacitor,Capacitor,CAP100000927 Capacitor from TDK Corporation. Sourced via professional procurement support; specs below.,,,"{""package"": ""0603"", ""Ripple Current"": ""100mA""}",active,,https://example.com/datasheet/CAP100000927.pdf,,
IND100000928,IND100000928,Murata Manufacturing,Murata Manufacturing,ind100000928,Inductor,Inductor,IND100000928 Inductor from Murata Manufacturing. Sourced via professional procurement support; specs below.,,,"{""current_rating_a"": ""1.5"", ""inductance_uh"": ""4.7""}",active,,https://example.com/datasheet/IND100000928.pdf,,
SEN100000929,SEN100000929,NXP Semiconductors,NXP Semiconductors,sen100000929,Sensors,Sensors,SEN100000929 Sensors from NXP Semiconductors. Sourced via professional procurement support; specs below.,,,"{""range"": ""0-40"", ""sensitivity_dbm"": ""260 LSB/g"", ""accuracy"": ""±0.5""}",active,,https://example.com/datasheet/SEN100000929.pdf,,
CON100000930,CON100000930,JST,JST,con100000930,Connectors,Connectors,CON100000930 Connectors from JST. Sourced via professional procurement support; specs below.,,,"{""pitch_mm"": ""2.54"", ""positions"": ""40"", ""mounting"": ""SMD"", ""current_rating_a"": ""3"", ""Contact Plating"": ""Gold""}",active,,https://example.com/datasheet/CON100000930.pdf,,
MOD100000931,MOD100000931,SIMCom,SIMCom,mod100000931,Modules,Modules,MOD100000931 Modules from SIMCom. Sourced via professional procurement support; specs below.,,,"{""interface"": ""UART""}",active,,https://example.com/datasheet/MOD100000931.pdf,,
OPA100000932,OPA100000932,Silicon Labs,Silicon Labs,opa100000932,Analog IC,Analog IC,OPA100000932 Analog IC from Silicon Labs. Sourced via professional procurement support; specs below.,,,"{""package"": ""SOIC-8"", ""bandwidth_hz"": ""1000000""}",active,,https://example.com/datasheet/OPA100000932.pdf,,
PMIC100000933,PMIC100000933,Monolithic Power Systems,Monolithic Power Systems,pmic100000933,Power Management IC,Power Management IC,PMIC100000933 Power Management IC from Monolithic Power Systems. Sourced via professional procurement support; specs below.,,,"{""efficiency_percent"": ""92"", ""voltage_out_v"": ""5"", ""voltage_in_max_v"": ""28""}",active,,https://example.com/datasheet/PMIC100000933.pdf,,
DIO100000934,DIO100000934,Littelfuse,Littelfuse,dio100000934,Diode,Diode,DIO100000934 Diode from Littelfuse. Sourced via professional procurement support; specs below.,,,"{""if_a"": ""1"", ""vrrm_v"": ""100"", ""Reverse Recovery"": ""50ns""}",active,,https://example.com/datasheet/DIO100000934.pdf,,
LED100000935,LED100000935,Lite-On Technology,Lite-On Technology,led100000935,LED Components,LED Components,LED100000935 LED Components from Lite-On Technology. Sourced via professional procurement support; specs below.,,,"{""forward_voltage_v"": ""2.1"", ""wavelength_nm"": ""650""}",active,,https://example.com/datasheet/LED100000935.pdf,,
MEM100000936,MEM100000936,Micron Technology,Micron Technology,mem100000936,Memory IC,Memory IC,MEM100000936 Memory IC from Micron Technology. Sourced via professional procurement support; specs below.,,,"{""organization"": ""x8"", ""interface"": ""SPI"", ""speed_hz"": ""104000000""}",active,,https://example.com/datasheet/MEM100000936.pdf,,
XTAL100000937,XTAL100000937,AbraconX,AbraconX,xtal100000937,Crystal Oscillator,Crystal Oscillator,XTAL100000937 Crystal Oscillator from AbraconX. Sourced via professional procurement support; specs below.,,,"{""package"": ""SMD"", ""frequency_hz"": ""8000000"", ""load_capacitance_pf"": ""18""}",active,,https://example.com/datasheet/XTAL100000937.pdf,,
MCU100000938,MCU100000938,Microchip Technology,Microchip Technology,mcu100000938,Microcontroller,Microcontroller,MCU100000938 Microcontroller from Microchip Technology. Sourced via professional procurement support; specs below.,,,"{""flash_bytes"": ""128KB"", ""ram_bytes"": ""20480"", ""voltage_v"": ""3.3""}",active,,https://example.com/datasheet/MCU100000938.pdf,,
MOS100000939,MOS100000939,Yangjie,Yangjie,mos100000939,MOSFET,MOSFET,MOS100000939 MOSFET from Yangjie. Sourced via professional procurement support; specs below.,,,"{""id_a"": ""30A"", ""rds_on_mohm"": ""8"", ""vgs_th_v"": ""2.5""}",active,,https://example.com/datasheet/MOS100000939.pdf,,
RES100000940,RES100000940,Vishay Intertechnology,Vishay Intertechnology,res100000940,Resistor,Resistor,RES100000940 Resistor from Vishay Intertechnology. Sourced via professional procurement support; specs below.,,,"{""resistance_ohm"": ""10000"", ""temperature_coeff"": ""X7R""}",active,,https://example.com/datasheet/RES100000940.pdf,,
CAP100000941,CAP100000941,Holy Stone,Holy Stone,cap100000941,Capacitor,Capacitor,CAP100000941 Capacitor from Holy Stone. Sourced via professional procurement support; specs below.,,,"[1, 2, 3]",active,,https://example.com/datasheet/CAP100000941.pdf,,
IND100000942,IND100000942,Wurth Elektronik,Wurth Elektronik,ind100000942,Inductor,Inductor,IND100000942 Inductor from Wurth Elektronik. Sourced via professional procurement support; specs below.,,,"{""current_rating_a"": ""1.5"", ""tolerance"": ""±20%""}",active,,https://example.com/datasheet/IND100000942.pdf,,
SEN100000943,SEN100000943,TE Connectivity,TE Connectivity,sen100000943,Sensors,Sensors,SEN100000943 Sensors from TE Connectivity. Sourced via professional procurement support; specs below.,,,"{""resolution_bits"": ""12"", ""interface"": ""I2C"", ""sensitivity_dbm"": ""260 LSB/g"", ""Response Time"": ""5ms""}",active,,https://example.com/datasheet/SEN100000943.pdf,,
CON100000944,CON100000944,JST,JST,con100000944,Connectors,Connectors,CON100000944 Connectors from JST. Sourced via professional procurement support; specs below.,,,"{""voltage_rating_v"": ""50"", ""current_rating_a"": ""3""}",active,,https://example.com/datasheet/CON100000944.pdf,,
MOD100000945,MOD100000945,Quectel,Quectel,mod100000945,Modules,Modules,MOD100000945 Modules from Quectel. Sourced via professional procurement support; specs below.,,,"{""data_rate_bps"": ""2Mbps"", ""modulation"": ""GFSK"", ""interface"": ""UART""}",active,,https://example.com/datasheet/MOD100000945.pdf,,
OPA100000946,OPA100000946,Silicon Labs,Silicon Labs,opa100000946,Analog IC,Analog IC,OPA100000946 Analog IC from Silicon Labs. Sourced via professional procurement support; specs below.,,,"{""package"": ""SOIC-8"", ""supply_current_ua"": ""200"", ""gain_db"": ""100"", ""bandwidth_hz"": ""1000000""}",active,,https://example.com/datasheet/OPA100000946.pdf,,
PMIC100000947,PMIC100000947,Texas Instruments,Texas Instruments,pmic100000947,Power Management IC,Power Management IC,PMIC100000947 Power Management IC from Texas Instruments. Sourced via professional procurement support; specs below.,,,"{""output_current_a"": ""3"", ""voltage_in_min_v"": ""4.5"", ""package"": ""SOT-23"", ""voltage_in_max_v"": ""28""}",active,,https://example.com/datasheet/PMIC100000947.pdf,,
DIO100000948,DIO100000948,ON Semiconductor,ON Semiconductor,dio100000948,Diode,Diode,DIO100000948 Diode from ON Semiconductor. Sourced via professional procurement support; specs below.,,,"{""if_a"": ""1"", ""vrrm_v"": ""100""}",active,,https://example.com/datasheet/DIO100000948.pdf,,
LED100000949,LED100000949,Lite-On Technology,Lite-On Technology,led100000949,LED Components,LED Components,LED100000949 LED Components from Lite-On Technology. Sourced via professional procurement support; specs below.,,,"{""wavelength_nm"": ""650"", ""package"": ""0805"", ""forward_current_ma"": ""20"", ""forward_voltage_v"": ""2.1""}",active,,https://example.com/datasheet/LED100000949.pdf,,
MEM100000950,MEM100000950,Macronix International,Macronix International,mem100000950,Memory IC,Memory IC,MEM100000950 Memory IC from Macronix International. Sourced via professional procurement support; specs below.,,,"{""speed_hz"": ""104000000"", ""memory_bytes"": ""16777216"", ""interface"": ""SPI"", ""organization"": ""x8""}",active,,https://example.com/datasheet/MEM100000950.pdf,,
XTAL100000951,XTAL100000951,Wurth Elektronik,Wurth Elektronik,xtal100000951,Crystal Oscillator,Crystal Oscillator,XTAL100000951 Crystal Oscillator from Wurth Elektronik. Sourced via professional procurement support; specs below.,,,"{""load_capacitance_pf"": ""18"", ""frequency_hz"": ""8000000"", ""package"": ""SMD""}",active,,https://example.com/datasheet/XTAL100000951.pdf,,
MCU100000952,MCU100000952,Holtek Semiconductor,Holtek Semiconductor,mcu100000952,Microcontroller,Microcontroller,MCU100000952 Microcontroller from Holtek Semiconductor. Sourced via professional procurement support; specs below.,,,"{""frequency_hz"": ""72000000"", ""core"": ""ARM Cortex-M4""}",active,,https://example.com/datasheet/MCU100000952.pdf,,
MOS100000953,MOS100000953,Vishay Intertechnology,Vishay Intertechnology,mos100000953,MOSFET,MOSFET,MOS100000953 MOSFET from Vishay Intertechnology. Sourced via professional procurement support; specs below.,,,"{""id_a"": ""30""}",active,,https://example.com/datasheet/MOS100000953.pdf,,
RES100000954,RES100000954,KEMET Electronics,KEMET Electronics,res100000954,Resistor,Resistor,RES100000954 Resistor from KEMET Electronics. Sourced via professional procurement support; specs below.,,,"{""tolerance"": ""±1%"", ""temperature_coeff"": ""X7R""}",active,,https://example.com/datasheet/RES100000954.pdf,,
CAP100000955,CAP100000955,,,cap100000955,Capacitor,Capacitor,CAP100000955 Capacitor from unspecified. Sourced via professional procurement support; specs below.,,,"{""voltage_rating_v"": ""50"", ""tolerance"": ""±10%"", ""temperature_coeff"": ""X7R"", ""capacitance_pf"": ""100000"", ""package"": ""0603""}",active,,https://example.com/datasheet/CAP100000955.pdf,,
IND100000956,IND100000956,Murata Manufacturing,Murata Manufacturing,ind100000956,Inductor,Inductor,IND100000956 Inductor from Murata Manufacturing. Sourced via professional procurement support; specs below.,,,"{""tolerance"": ""±20%"", ""current_rating_a"": ""1.5""}",active,,https://example.com/datasheet/IND100000956.pdf,,
SEN100000957,SEN100000957,STMicroelectronics,STMicroelectronics,sen100000957,Sensors,Sensors,SEN100000957 Sensors from STMicroelectronics. Sourced via professional procurement support; specs below.,,,"{""interface"": ""I2C"", ""sensitivity_dbm"": ""260 LSB/g"", ""range"": ""0-40"", ""accuracy"": ""±0.5""}",active,,https://example.com/datasheet/SEN100000957.pdf,,
CON100000958,CON100000958,PlugWorks,PlugWorks,con100000958,Connectors,Connectors,CON100000958 Connectors from PlugWorks. Sourced via professional procurement support; specs below.,,,"{""mounting"": ""SMD"", ""voltage_rating_v"": ""50"", ""current_rating_a"": ""3"", ""positions"": ""40"", ""pitch_mm"": ""2.54""}",active,,https://example.com/datasheet/CON100000958.pdf,,
MOD100000959,MOD100000959,SIMCom,SIMCom,mod100000959,Modules,Modules,MOD100000959 Modules from SIMCom. Sourced via professional procurement support; specs below.,,,"{""data_rate_bps"": ""2Mbps"", ""modulation"": ""GFSK"", ""output_power_dbm"": ""20""}",active,,https://example.com/datasheet/MOD100000959.pdf,,
OPA100000960,OPA100000960,Texas Instruments,Texas Instruments,opa100000960,Analog IC,Analog IC,OPA100000960 Analog IC from Texas Instruments. Sourced via professional procurement support; specs below.,,,"{""supply_current_ua"": ""200"", ""package"": ""SOIC-8""}",active,,https://example.com/datasheet/OPA100000960.pdf,,
PMIC100000961,PMIC100000961,Infineon Technologies,Infineon Technologies,pmic100000961,Power Management IC,Power Management IC,PMIC100000961 Power Management IC from Infineon Technologies. Sourced via professional procurement support; specs below.,,,"{""output_current_a"": ""3"", ""efficiency_percent"": ""92"", ""package"": ""SOT-23"", ""voltage_in_min_v"": ""4.5""}",active,,https://example.com/datasheet/PMIC100000961.pdf,,
DIO100000962,DIO100000962,Vishay Intertechnology,Vishay Intertechnology,dio100000962,Diode,Diode,DIO100000962 Diode from Vishay Intertechnology. Sourced via professional procurement support; specs below.,,,"{""vrrm_v"": ""100"", ""vf_v"": ""0.7""}",active,,https://example.com/datasheet/DIO100000962.pdf,,
LED100000963,LED100000963,Lite-On Technology,Lite-On Technology,led100000963,LED Components,LED Components,LED100000963 LED Components from Lite-On Technology. Sourced via professional procurement support; specs below.,,,"{""forward_current_ma"": ""20"", ""forward_voltage_v"": ""2.1""}",active,,https://example.com/datasheet/LED100000963.pdf,,
MEM100000964,MEM100000964,Winbond Electronics,Winbond Electronics,mem100000964,Memory IC,Memory IC,MEM100000964 Memory IC from Winbond Electronics. Sourced via professional procurement support; specs below.,,,"{""organization"": ""x8"", ""memory_bytes"": ""16777216"", ""speed_hz"": ""104000000""}",active,,https://example.com/datasheet/MEM100000964.pdf,,
XTAL100000965,XTAL100000965,AbraconX,AbraconX,xtal100000965,Crystal Oscillator,Crystal Oscillator,XTAL100000965 Crystal Oscillator from AbraconX. Sourced via professional procurement support; specs below.,,,"{""package"": ""SMD"", ""frequency_hz"": ""8000000"", ""load_capacitance_pf"": ""18""}",active,,https://example.com/datasheet/XTAL100000965.pdf,,
MCU100000966,MCU100000966,Microchip Technology,Microchip Technology,mcu100000966,Microcontroller,Microcontroller,MCU100000966 Microcontroller from Microchip Technology. Sourced via professional procurement support; specs below.,,,"{""core"": ""ARM Cortex-M4"", ""ram_bytes"": ""20480""}",active,,https://example.com/datasheet/MCU100000966.pdf,,
MOS100000967,MOS100000967,Vishay Intertechnology,Vishay Intertechnology,mos100000967,MOSFET,MOSFET,MOS100000967 MOSFET from Vishay Intertechnology. Sourced via professional procurement support; specs below.,,,"{""package"": ""SOT-23"", ""vds_v"": ""55"", ""qg_nc"": ""45"", ""id_a"": ""30A"", ""Gate Charge Type"": ""standard""}",active,,https://example.com/datasheet/MOS100000967.pdf,,
RES100000968,RES100000968,Fenghua,Fenghua,res100000968,Resistor,Resistor,RES100000968 Resistor from Fenghua. Sourced via professional procurement support; specs below.,,,"{""power_rating_w"": ""0.25"", ""package"": ""0805"", ""temperature_coeff"": ""X7R"", ""tolerance"": ""±1%""}",active,,https://example.com/datasheet/RES100000968.pdf,,
CAP100000969,CAP100000969,Walsin Technology,Walsin Technology,cap100000969,Capacitor,Capacitor,CAP100000969 Capacitor from Walsin Technology. Sourced via professional procurement support; specs below.,,,"{""voltage_rating_v"": ""50"", ""temperature_coeff"": ""X7R"", ""package"": ""0603"", ""capacitance_pf"": ""100000""}",active,,https://example.com/datasheet/CAP100000969.pdf,,
IND100000970,IND100000970,TDK Corporation,TDK Corporation,ind100000970,Inductor,Inductor,IND100000970 Inductor from TDK Corporation. Sourced via professional procurement support; specs below.,,,"{""inductance_uh"": ""4.7"", ""package"": ""0805"", ""Self Resonant Freq"": ""50MHz""}",active,,https://example.com/datasheet/IND100000970.pdf,,
SEN100000971,SEN100000971,TE Connectivity,TE Connectivity,sen100000971,Sensors,Sensors,SEN100000971 Sensors from TE Connectivity. Sourced via professional procurement support; specs below.,,,"{""resolution_bits"": ""12"", ""interface"": ""I2C""}",active,,https://example.com/datasheet/SEN100000971.pdf,,
CON100000972,CON100000972,ConnX,ConnX,con100000972,Connectors,Connectors,CON100000972 Connectors from ConnX. Sourced via professional procurement support; specs below.,,,"{""positions"": ""40"", ""voltage_rating_v"": ""50"", ""current_rating_a"": ""3"", ""pitch_mm"": ""2.54"", ""mounting"": ""SMD""}",active,,https://example.com/datasheet/CON100000972.pdf,,
MOD100000973,MOD100000973,Semtech,Semtech,mod100000973,Modules,Modules,MOD100000973 Modules from Semtech. Sourced via professional procurement support; specs below.,,,"{""interface"": ""UART"", ""data_rate_bps"": ""2000000""}",active,,https://example.com/datasheet/MOD100000973.pdf,,
OPA100000974,OPA100000974,Maxim Integrated,Maxim Integrated,opa100000974,Analog IC,Analog IC,OPA100000974 Analog IC from Maxim Integrated. Sourced via professional procurement support; specs below.,,,"{""gain_db"": ""100"", ""bandwidth_hz"": ""1000000"", ""supply_current_ua"": ""200""}",active,,https://example.com/datasheet/OPA100000974.pdf,,
PMIC100000975,PMIC100000975,Monolithic Power Systems,Monolithic Power Systems,pmic100000975,Power Management IC,Power Management IC,PMIC100000975 Power Management IC from Monolithic Power Systems. Sourced via professional procurement support; specs below.,,,"{""voltage_out_v"": ""5"", ""output_current_a"": ""3"", ""voltage_in_max_v"": ""28""}",active,,https://example.com/datasheet/PMIC100000975.pdf,,
DIO100000976,DIO100000976,Littelfuse,Littelfuse,dio100000976,Diode,Diode,DIO100000976 Diode from Littelfuse. Sourced via professional procurement support; specs below.,,,"{""if_a"": ""1"", ""vrrm_v"": ""100""}",active,,https://example.com/datasheet/DIO100000976.pdf,,
LED100000977,LED100000977,PhotonInc,PhotonInc,led100000977,LED Components,LED Components,LED100000977 LED Components from PhotonInc. Sourced via professional procurement support; specs below.,,,"{""forward_voltage_v"": ""2.1"", ""wavelength_nm"": ""650""}",active,,https://example.com/datasheet/LED100000977.pdf,,
MEM100000978,MEM100000978,StoreX,StoreX,mem100000978,Memory IC,Memory IC,MEM100000978 Memory IC from StoreX. Sourced via professional procurement support; specs below.,,,"{""memory_bytes"": ""16777216"", ""speed_hz"": ""104000000"", ""organization"": ""x8""}",active,,https://example.com/datasheet/MEM100000978.pdf,,
XTAL100000979,XTAL100000979,AbraconX,AbraconX,xtal100000979,Crystal Oscillator,Crystal Oscillator,XTAL100000979 Crystal Oscillator from AbraconX. Sourced via professional procurement support; specs below.,,,"{""package"": ""SMD"", ""frequency_hz"": ""8000000""}",active,,https://example.com/datasheet/XTAL100000979.pdf,,
MCU100000980,MCU100000980,STMicroelectronics,STMicroelectronics,mcu100000980,Microcontroller,Microcontroller,MCU100000980 Microcontroller from STMicroelectronics. Sourced via professional procurement support; specs below.,,,"{""flash_bytes"": ""131072"", ""ram_bytes"": ""20KB""}",active,,https://example.com/datasheet/MCU100000980.pdf,,
MOS100000981,MOS100000981,Infineon Technologies,Infineon Technologies,mos100000981,MOSFET,MOSFET,MOS100000981 MOSFET from Infineon Technologies. Sourced via professional procurement support; specs below.,,,"{""package"": ""SOT-23"", ""vgs_th_v"": ""2.5""}",active,,https://example.com/datasheet/MOS100000981.pdf,,
RES100000982,RES100000982,,,res100000982,Resistor,Resistor,RES100000982 Resistor from unspecified. Sourced via professional procurement support; specs below.,,,"{""power_rating_w"": ""0.25"", ""package"": ""0805"", ""resistance_ohm"": ""10kΩ"", ""temperature_coeff"": ""X7R""}",active,,https://example.com/datasheet/RES100000982.pdf,,
CAP100000983,CAP100000983,TDK Corporation,TDK Corporation,cap100000983,Capacitor,Capacitor,CAP100000983 Capacitor from TDK Corporation. Sourced via professional procurement support; specs below.,,,"{""temperature_coeff"": ""X7R"", ""tolerance"": ""±10%"", ""package"": ""0603""}",active,,https://example.com/datasheet/CAP100000983.pdf,,
IND100000984,IND100000984,Wurth Elektronik,Wurth Elektronik,ind100000984,Inductor,Inductor,IND100000984 Inductor from Wurth Elektronik. Sourced via professional procurement support; specs below.,,,"{""current_rating_a"": ""1.5"", ""inductance_uh"": ""4.7"", ""package"": ""0805""}",active,,https://example.com/datasheet/IND100000984.pdf,,
SEN100000985,SEN100000985,BoschDummy,BoschDummy,sen100000985,Sensors,Sensors,SEN100000985 Sensors from BoschDummy. Sourced via professional procurement support; specs below.,,,"{""sensitivity_dbm"": ""260 LSB/g"", ""accuracy"": ""±0.5"", ""resolution_bits"": ""12""}",active,,https://example.com/datasheet/SEN100000985.pdf,,
CON100000986,CON100000986,Molex,Molex,con100000986,Connectors,Connectors,CON100000986 Connectors from Molex. Sourced via professional procurement support; specs below.,,,"{""voltage_rating_v"": ""50"", ""current_rating_a"": ""3"", ""positions"": ""40"", ""pitch_mm"": ""2.54""}",active,,https://example.com/datasheet/CON100000986.pdf,,
MOD100000987,MOD100000987,u-blox,u-blox,mod100000987,Modules,Modules,MOD100000987 Modules from u-blox. Sourced via professional procurement support; specs below.,,,"{""modulation"": ""GFSK""}",active,,https://example.com/datasheet/MOD100000987.pdf,,
OPA100000988,OPA100000988,Silicon Labs,Silicon Labs,opa100000988,Analog IC,Analog IC,OPA100000988 Analog IC from Silicon Labs. Sourced via professional procurement support; specs below.,,,"{""gain_db"": ""100"", ""supply_current_ua"": ""200"", ""package"": ""SOIC-8"", ""bandwidth_hz"": ""1000000"", ""Input Noise"": ""10nV""}",active,,https://example.com/datasheet/OPA100000988.pdf,,
PMIC100000989,PMIC100000989,Infineon Technologies,Infineon Technologies,pmic100000989,Power Management IC,Power Management IC,PMIC100000989 Power Management IC from Infineon Technologies. Sourced via professional procurement support; specs below.,,,"{""efficiency_percent"": ""92"", ""output_current_a"": ""3"", ""package"": ""SOT-23"", ""voltage_in_max_v"": ""28"", ""voltage_in_min_v"": ""4.5""}",active,,https://example.com/datasheet/PMIC100000989.pdf,,
DIO100000990,DIO100000990,DiodeX,DiodeX,dio100000990,Diode,Diode,DIO100000990 Diode from DiodeX. Sourced via professional procurement support; specs below.,,,"{""vrrm_v"": ""100"", ""if_a"": ""1""}",active,,https://example.com/datasheet/DIO100000990.pdf,,
LED100000991,LED100000991,Lite-On Technology,Lite-On Technology,led100000991,LED Components,LED Components,LED100000991 LED Components from Lite-On Technology. Sourced via professional procurement support; specs below.,,,"{""wavelength_nm"": ""650"", ""forward_current_ma"": ""20"", ""forward_voltage_v"": ""2.1""}",active,,https://example.com/datasheet/LED100000991.pdf,,
MEM100000992,MEM100000992,Macronix International,Macronix International,mem100000992,Memory IC,Memory IC,MEM100000992 Memory IC from Macronix International. Sourced via professional procurement support; specs below.,,,"{""interface"": ""SPI"", ""memory_bytes"": ""16777216"", ""organization"": ""x8""}",active,,https://example.com/datasheet/MEM100000992.pdf,,
XTAL100000993,XTAL100000993,TDK Corporation,TDK Corporation,xtal100000993,Crystal Oscillator,Crystal Oscillator,XTAL100000993 Crystal Oscillator from TDK Corporation. Sourced via professional procurement support; specs below.,,,"{""load_capacitance_pf"": ""18"", ""frequency_hz"": ""8000000"", ""package"": ""SMD""}",active,,https://example.com/datasheet/XTAL100000993.pdf,,
MCU100000994,MCU100000994,Nuvoton Technology,Nuvoton Technology,mcu100000994,Microcontroller,Microcontroller,MCU100000994 Microcontroller from Nuvoton Technology. Sourced via professional procurement support; specs below.,,,"{""voltage_v"": ""3.3V""}",active,,https://example.com/datasheet/MCU100000994.pdf,,
MOS100000995,MOS100000995,Yangjie,Yangjie,mos100000995,MOSFET,MOSFET,MOS100000995 MOSFET from Yangjie. Sourced via professional procurement support; specs below.,,,"{""id_a"": ""30"", ""package"": ""SOT-23"", ""rds_on_mohm"": ""8""}",active,,https://example.com/datasheet/MOS100000995.pdf,,
RES100000996,RES100000996,Yageo,Yageo,res100000996,Resistor,Resistor,RES100000996 Resistor from Yageo. Sourced via professional procurement support; specs below.,,,"{""tolerance"": ""±1%"", ""resistance_ohm"": ""10000"", ""package"": ""0805""}",active,,https://example.com/datasheet/RES100000996.pdf,,
CAP100000997,CAP100000997,Murata Manufacturing,Murata Manufacturing,cap100000997,Capacitor,Capacitor,CAP100000997 Capacitor from Murata Manufacturing. Sourced via professional procurement support; specs below.,,,"{""temperature_coeff"": ""X7R"", ""tolerance"": ""±10%"", ""package"": ""0603""}",active,,https://example.com/datasheet/CAP100000997.pdf,,
IND100000998,IND100000998,Wurth Elektronik,Wurth Elektronik,ind100000998,Inductor,Inductor,IND100000998 Inductor from Wurth Elektronik. Sourced via professional procurement support; specs below.,,,"{""inductance_uh"": ""4.7"", ""tolerance"": ""±20%"", ""package"": ""0805""}",active,,https://example.com/datasheet/IND100000998.pdf,,
SEN100000999,SEN100000999,LumenDetect,LumenDetect,sen100000999,Sensors,Sensors,SEN100000999 Sensors from LumenDetect. Sourced via professional procurement support; specs below.,,,"{""range"": ""0-40"", ""resolution_bits"": ""12"", ""interface"": ""I2C""}",active,,https://example.com/datasheet/SEN100000999.pdf,,
