category_id,raw_name,canonical_name,parent,level,seo_slug,legacy_l1_slug,status,tier
CAT-0001,电容,Passive Components,,1,passive-components,passive-components,active,A
CAT-0002,贴片电容(MLCC),贴片电容(MLCC),电容,2,passive-components-mlcc,passive-components,active,B
CAT-0003,直插独石电容(MLCC),直插独石电容(MLCC),电容,2,passive-components-mlcc-431,passive-components,active,B
CAT-0004,贴片型铝电解电容,贴片型铝电解电容,电容,2,passive-components-lcsc-418,passive-components,active,B
CAT-0005,直插铝电解电容,直插铝电解电容,电容,2,passive-components-lcsc-315,passive-components,active,B
CAT-0006,牛角型电解电容,牛角型电解电容,电容,2,passive-components-lcsc-11182,passive-components,active,B
CAT-0007,螺栓型铝电解电容,螺栓型铝电解电容,电容,2,passive-components-lcsc-11164,passive-components,active,B
CAT-0008,钽电容,钽电容,电容,2,passive-components-lcsc-314,passive-components,active,B
CAT-0009,固态电容,固态电容,电容,2,passive-components-lcsc-927,passive-components,active,B
CAT-0010,安规电容,安规电容,电容,2,passive-components-lcsc-477,passive-components,active,B
CAT-0011,直插瓷片电容,直插瓷片电容,电容,2,passive-components-lcsc-430,passive-components,active,B
CAT-0012,超级电容器,超级电容器,电容,2,passive-components-lcsc-970,passive-components,active,B
CAT-0013,排容,排容,电容,2,passive-components-lcsc-11087,passive-components,active,B
CAT-0014,聚丙烯膜电容(CBB),聚丙烯膜电容(CBB),电容,2,passive-components-cbb,passive-components,active,B
CAT-0015,锂离子电容,锂离子电容,电容,2,passive-components-lcsc-13377,passive-components,active,B
CAT-0016,薄膜电容,薄膜电容,电容,2,passive-components-lcsc-982,passive-components,active,B
CAT-0017,可调电容,可调电容,电容,2,passive-components-lcsc-552,passive-components,active,B
CAT-0018,氧化铌电容,氧化铌电容,电容,2,passive-components-lcsc-11023,passive-components,active,B
CAT-0019,纸介质电容,纸介质电容,电容,2,passive-components-lcsc-11191,passive-components,active,B
CAT-0020,云母和PTFE电容,云母和PTFE电容,电容,2,passive-components-ptfe,passive-components,active,B
CAT-0021,硅电容,硅电容,电容,2,passive-components-lcsc-11193,passive-components,active,B
CAT-0022,固液混合铝电解电容器,固液混合铝电解电容器,电容,2,passive-components-lcsc-13478,passive-components,active,B
CAT-0023,盘式电容,盘式电容,电容,2,passive-components-lcsc-14292,passive-components,active,B
CAT-0024,电阻,Passive Components,,1,passive-components-308,passive-components,active,A
CAT-0025,贴片电阻,贴片电阻,电阻,2,passive-components-lcsc-439,passive-components,active,B
CAT-0026,插件电阻,插件电阻,电阻,2,passive-components-lcsc-11239,passive-components,active,B
CAT-0027,电流采样电阻/分流器,电流采样电阻/分流器,电阻,2,passive-components-lcsc-909,passive-components,active,B
CAT-0028,排阻,排阻,电阻,2,passive-components-lcsc-311,passive-components,active,B
CAT-0029,铝壳/瓷管电阻,铝壳/瓷管电阻,电阻,2,passive-components-lcsc-11081,passive-components,active,B
CAT-0030,可调电阻/电位器,可调电阻/电位器,电阻,2,passive-components-lcsc-520,passive-components,active,B
CAT-0031,NTC热敏电阻,NTC热敏电阻,可调电阻/电位器,3,passive-components-ntc,passive-components,active,B
CAT-0032,PTC热敏电阻,PTC热敏电阻,可调电阻/电位器,3,passive-components-ptc,passive-components,active,B
CAT-0033,光敏电阻,光敏电阻,可调电阻/电位器,3,passive-components-lcsc-551,passive-components,active,B
CAT-0034,压敏电阻,压敏电阻,可调电阻/电位器,3,passive-components-lcsc-482,passive-components,active,B
CAT-0035,连接器,Connectors & Electromechanical,,1,connectors-electromechanical,connectors,active,A
CAT-0036,线对板针座,线对板针座,连接器,2,connectors-electromechanical-lcsc-11068,connectors,active,B
CAT-0037,胶壳(线对板/线对线),胶壳(线对板/线对线),连接器,2,connectors-electromechanical-lcsc-11067,connectors,active,B
CAT-0038,胶壳端子,胶壳端子,连接器,2,connectors-electromechanical-lcsc-11070,connectors,active,B
CAT-0039,排针,排针,连接器,2,connectors-electromechanical-lcsc-644,connectors,active,B
CAT-0040,排母,排母,连接器,2,connectors-electromechanical-lcsc-645,connectors,active,B
CAT-0041,汽车连接器,汽车连接器,连接器,2,connectors-electromechanical-lcsc-11355,connectors,active,B
CAT-0042,IDC刺破式连接器(牛角/简牛),IDC刺破式连接器(牛角/简牛),连接器,2,connectors-electromechanical-idc,connectors,active,B
CAT-0043,Micro-Match 连接器,Micro-Match 连接器,连接器,2,connectors-electromechanical-micro-match,connectors,active,B
CAT-0044,FFC连接线(柔性扁平线缆),FFC连接线(柔性扁平线缆),连接器,2,connectors-electromechanical-ffc,connectors,active,B
CAT-0045,FFC/FPC连接器,FFC/FPC连接器,连接器,2,connectors-electromechanical-ffc-fpc,connectors,active,B
CAT-0046,板对板与背板连接器,板对板与背板连接器,连接器,2,connectors-electromechanical-lcsc-960,connectors,active,B
CAT-0047,DIN41612连接器,DIN41612连接器,连接器,2,connectors-electromechanical-din41612,connectors,active,B
CAT-0048,USB连接器,USB连接器,连接器,2,connectors-electromechanical-usb,connectors,active,B
CAT-0049,HDMI连接器,HDMI连接器,连接器,2,connectors-electromechanical-hdmi,connectors,active,B
CAT-0050,DisplayPort(DP)连接器,DisplayPort(DP)连接器,连接器,2,connectors-electromechanical-displayport-dp,connectors,active,B
CAT-0051,D-Sub/VGA连接器,D-Sub/VGA连接器,连接器,2,connectors-electromechanical-d-sub-vga,connectors,active,B
CAT-0052,DVI连接器,DVI连接器,连接器,2,connectors-electromechanical-dvi,connectors,active,B
CAT-0053,IEEE 1394/火线连接器,IEEE 1394/火线连接器,连接器,2,connectors-electromechanical-ieee-1394,connectors,active,B
CAT-0054,插拔式接线端子,插拔式接线端子,连接器,2,connectors-electromechanical-lcsc-11071,connectors,active,B
CAT-0055,螺钉式接线端子,螺钉式接线端子,连接器,2,connectors-electromechanical-lcsc-11140,connectors,active,B
CAT-0056,弹簧式接线端子,弹簧式接线端子,连接器,2,connectors-electromechanical-lcsc-432,connectors,active,B
CAT-0057,栅栏式接线端子,栅栏式接线端子,连接器,2,connectors-electromechanical-lcsc-11073,connectors,active,B
CAT-0058,布线快速连接式接线端子,布线快速连接式接线端子,连接器,2,connectors-electromechanical-lcsc-13410,connectors,active,B
CAT-0059,IC/晶体管插座,IC/晶体管插座,连接器,2,connectors-electromechanical-ic,connectors,active,B
CAT-0060,RF射频同轴连接器,RF射频同轴连接器,连接器,2,connectors-electromechanical-rf,connectors,active,B
CAT-0061,馈电/射频绝缘子,馈电/射频绝缘子,连接器,2,connectors-electromechanical-lcsc-13424,connectors,active,B
CAT-0062,音频连接器(耳机),音频连接器(耳机),连接器,2,connectors-electromechanical-lcsc-590,connectors,active,B
CAT-0063,莲花接口/RCA连接器,莲花接口/RCA连接器,连接器,2,connectors-electromechanical-rca,connectors,active,B
CAT-0064,SIM卡连接器,SIM卡连接器,连接器,2,connectors-electromechanical-sim,connectors,active,B
CAT-0065,SD卡/存储卡连接器,SD卡/存储卡连接器,连接器,2,connectors-electromechanical-sd,connectors,active,B
CAT-0066,以太网连接器(RJ45 RJ11),以太网连接器(RJ45 RJ11),连接器,2,connectors-electromechanical-rj45-rj11,connectors,active,B
CAT-0067,PCI/PCIe连接器,PCI/PCIe连接器,连接器,2,connectors-electromechanical-pci-pcie,connectors,active,B
CAT-0068,硬盘连接器(SAS/SATA/M.2),硬盘连接器(SAS/SATA/M.2),连接器,2,connectors-electromechanical-sas-sata-m-2,connectors,active,B
CAT-0069,内存条连接器(DDR),内存条连接器(DDR),连接器,2,connectors-electromechanical-ddr,connectors,active,B
CAT-0070,光模块连接器,光模块连接器,连接器,2,connectors-electromechanical-lcsc-13415,connectors,active,B
CAT-0071,金手指连接器,金手指连接器,连接器,2,connectors-electromechanical-lcsc-11083,connectors,active,B
CAT-0072,DC电源连接器,DC电源连接器,连接器,2,connectors-electromechanical-dc,connectors,active,B
CAT-0073,AC电源连接器,AC电源连接器,连接器,2,connectors-electromechanical-ac,connectors,active,B
CAT-0074,纽扣与条形电池连接器,纽扣与条形电池连接器,连接器,2,connectors-electromechanical-lcsc-462,connectors,active,B
CAT-0075,刀片/弹片接触电池连接器,刀片/弹片接触电池连接器,连接器,2,connectors-electromechanical-lcsc-13412,connectors,active,B
CAT-0076,光纤连接器,光纤连接器,连接器,2,connectors-electromechanical-lcsc-901,connectors,active,B
CAT-0077,短路帽/跳线帽,短路帽/跳线帽,连接器,2,connectors-electromechanical-lcsc-646,connectors,active,B
CAT-0078,插针/插孔,插针/插孔,连接器,2,connectors-electromechanical-lcsc-13411,connectors,active,B
CAT-0079,Pogo Pin弹簧探针连接器,Pogo Pin弹簧探针连接器,连接器,2,connectors-electromechanical-pogo-pin,connectors,active,B
CAT-0080,测试点/测试环,测试点/测试环,连接器,2,connectors-electromechanical-lcsc-11040,connectors,active,B
CAT-0081,圆形(线缆)连接器,圆形(线缆)连接器,连接器,2,connectors-electromechanical-lcsc-648,connectors,active,B
CAT-0082,圆形DIN连接器,圆形DIN连接器,连接器,2,connectors-electromechanical-din,connectors,active,B
CAT-0083,XLR(卡侬)连接器,XLR(卡侬)连接器,连接器,2,connectors-electromechanical-xlr,connectors,active,B
CAT-0084,连接器附件,连接器附件,连接器,2,connectors-electromechanical-lcsc-11034,connectors,active,B
CAT-0085,光伏(太阳能板)连接器,光伏(太阳能板)连接器,连接器,2,connectors-electromechanical-lcsc-11161,connectors,active,B
CAT-0086,连接器外壳,连接器外壳,连接器,2,connectors-electromechanical-lcsc-11079,connectors,active,B
CAT-0087,预售连接器,预售连接器,连接器,2,connectors-electromechanical-lcsc-11177,connectors,active,B
CAT-0088,电源连接器,电源连接器,预售连接器,3,connectors-electromechanical-lcsc-367,connectors,active,B
CAT-0089,杜邦线/端子排线,杜邦线/端子排线,预售连接器,3,connectors-electromechanical-lcsc-478,connectors,active,B
CAT-0090,射频连接线,射频连接线,预售连接器,3,connectors-electromechanical-lcsc-11331,connectors,active,B
CAT-0091,二极管,Semiconductors & Discrete,,1,semiconductors-discrete,semiconductor-components,active,A
CAT-0092,稳压二极管,稳压二极管,二极管,2,semiconductors-discrete-lcsc-321,semiconductor-components,active,B
CAT-0093,肖特基二极管,肖特基二极管,二极管,2,semiconductors-discrete-lcsc-373,semiconductor-components,active,B
CAT-0094,通用二极管,通用二极管,二极管,2,semiconductors-discrete-lcsc-370,semiconductor-components,active,B
CAT-0095,整流桥,整流桥,二极管,2,semiconductors-discrete-lcsc-375,semiconductor-components,active,B
CAT-0096,快恢复/高效率二极管,快恢复/高效率二极管,二极管,2,semiconductors-discrete-lcsc-372,semiconductor-components,active,B
CAT-0097,开关二极管,开关二极管,二极管,2,semiconductors-discrete-lcsc-377,semiconductor-components,active,B
CAT-0098,超势垒整流器(SBR),超势垒整流器(SBR),二极管,2,semiconductors-discrete-sbr,semiconductor-components,active,B
CAT-0099,变容二极管,变容二极管,二极管,2,semiconductors-discrete-lcsc-971,semiconductor-components,active,B
CAT-0100,雪崩二极管,雪崩二极管,二极管,2,semiconductors-discrete-lcsc-895,semiconductor-components,active,B
CAT-0101,触发二极管,触发二极管,二极管,2,semiconductors-discrete-lcsc-379,semiconductor-components,active,B
CAT-0102,PIN二极管,PIN二极管,二极管,2,semiconductors-discrete-pin,semiconductor-components,active,B
CAT-0103,静电和浪涌保护(TVS/ESD),静电和浪涌保护(TVS/ESD),PIN二极管,3,semiconductors-discrete-tvs-esd,semiconductor-components,active,B
CAT-0104,发光二极管/LED,发光二极管/LED,PIN二极管,3,semiconductors-discrete-led,semiconductor-components,active,B
CAT-0105,气体放电管(GDT),气体放电管(GDT),PIN二极管,3,semiconductors-discrete-gdt,semiconductor-components,active,B
CAT-0106,半导体放电管(TSS),半导体放电管(TSS),PIN二极管,3,semiconductors-discrete-tss,semiconductor-components,active,B
CAT-0107,玻璃放电管,玻璃放电管,PIN二极管,3,semiconductors-discrete-lcsc-11198,semiconductor-components,active,B
CAT-0108,碳化硅二极管,碳化硅二极管,PIN二极管,3,semiconductors-discrete-lcsc-13393,semiconductor-components,active,B
CAT-0109,电源管理,Power Management,,1,power-management,integrated-circuits,active,A
CAT-0110,功率因数校正(PFC)控制器,功率因数校正(PFC)控制器,电源管理,2,power-management-pfc,integrated-circuits,active,B
CAT-0111,同步整流控制器,同步整流控制器,电源管理,2,power-management-lcsc-13517,integrated-circuits,active,B
CAT-0112,快充协议芯片,快充协议芯片,电源管理,2,power-management-lcsc-13518,integrated-circuits,active,B
CAT-0113,理想二极管/ORing控制器,理想二极管/ORing控制器,电源管理,2,power-management-oring,integrated-circuits,active,B
CAT-0114,电源时序控制,电源时序控制,电源管理,2,power-management-lcsc-13520,integrated-circuits,active,B
CAT-0115,线性稳压器(LDO),线性稳压器(LDO),电源管理,2,power-management-ldo,integrated-circuits,active,B
CAT-0116,DC-DC电源芯片,DC-DC电源芯片,电源管理,2,power-management-dc-dc,integrated-circuits,active,B
CAT-0117,AC-DC控制器和稳压器,AC-DC控制器和稳压器,电源管理,2,power-management-ac-dc,integrated-circuits,active,B
CAT-0118,电压基准芯片,电压基准芯片,电源管理,2,power-management-lcsc-486,integrated-circuits,active,B
CAT-0119,电流源/恒流源,电流源/恒流源,电源管理,2,power-management-lcsc-11272,integrated-circuits,active,B
CAT-0120,电机驱动芯片,电机驱动芯片,电源管理,2,power-management-lcsc-611,integrated-circuits,active,B
CAT-0121,监控和复位芯片,监控和复位芯片,电源管理,2,power-management-lcsc-934,integrated-circuits,active,B
CAT-0122,漏电保护芯片,漏电保护芯片,电源管理,2,power-management-lcsc-13503,integrated-circuits,active,B
CAT-0123,功率电子开关,功率电子开关,电源管理,2,power-management-lcsc-969,integrated-circuits,active,B
CAT-0124,电池管理,电池管理,电源管理,2,power-management-lcsc-612,integrated-circuits,active,B
CAT-0125,以太网供电(PoE)控制器,以太网供电(PoE)控制器,电源管理,2,power-management-poe,integrated-circuits,active,B
CAT-0126,浪涌保护器,浪涌保护器,电源管理,2,power-management-lcsc-11314,integrated-circuits,active,B
CAT-0127,无线充放电芯片,无线充放电芯片,电源管理,2,power-management-lcsc-11273,integrated-circuits,active,B
CAT-0128,LED保护,LED保护,电源管理,2,power-management-led,integrated-circuits,active,B
CAT-0129,专业电源管理(PMIC),专业电源管理(PMIC),电源管理,2,power-management-pmic,integrated-circuits,active,B
CAT-0130,电荷泵,电荷泵,电源管理,2,power-management-lcsc-13474,integrated-circuits,active,B
CAT-0131,隔离式DC/DC转换器,隔离式DC/DC转换器,电源管理,2,power-management-dc-dc-13475,integrated-circuits,active,B
CAT-0132,隔离式栅极驱动器,隔离式栅极驱动器,电源管理,2,power-management-lcsc-13476,integrated-circuits,active,B
CAT-0133,变压器驱动器,变压器驱动器,电源管理,2,power-management-lcsc-13477,integrated-circuits,active,B
CAT-0134,电流感应放大器,电流感应放大器,变压器驱动器,3,power-management-lcsc-11261,integrated-circuits,active,B
CAT-0135,LED驱动,LED驱动,变压器驱动器,3,power-management-led-583,integrated-circuits,active,B
CAT-0136,栅极驱动芯片,栅极驱动芯片,变压器驱动器,3,power-management-lcsc-11065,integrated-circuits,active,B
CAT-0137,无刷直流(BLDC)电机驱动芯片,无刷直流(BLDC)电机驱动芯片,变压器驱动器,3,power-management-bldc,integrated-circuits,active,B
CAT-0138,有刷直流电机驱动芯片,有刷直流电机驱动芯片,变压器驱动器,3,power-management-lcsc-13506,integrated-circuits,active,B
CAT-0139,步进电机驱动芯片,步进电机驱动芯片,变压器驱动器,3,power-management-lcsc-13507,integrated-circuits,active,B
CAT-0140,继电器/线圈驱动芯片,继电器/线圈驱动芯片,变压器驱动器,3,power-management-lcsc-13508,integrated-circuits,active,B
CAT-0141,光电器件,Optoelectronics,,1,optoelectronics,,active,A
CAT-0142,发光二极管/LED,发光二极管/LED,光电器件,2,optoelectronics-led,,active,B
CAT-0143,紫外线LED(UVLED),紫外线LED(UVLED),光电器件,2,optoelectronics-led-uvled,,active,B
CAT-0144,COB光源,COB光源,光电器件,2,optoelectronics-cob,,active,B
CAT-0145,红外发射管,红外发射管,光电器件,2,optoelectronics-lcsc-639,,active,B
CAT-0146,光电晶体管,光电晶体管,光电器件,2,optoelectronics-lcsc-11291,,active,B
CAT-0147,红外遥控接收头(IRM),红外遥控接收头(IRM),光电器件,2,optoelectronics-irm,,active,B
CAT-0148,光电二极管,光电二极管,光电器件,2,optoelectronics-lcsc-451,,active,B
CAT-0149,激光二极管,激光二极管,光电器件,2,optoelectronics-lcsc-11292,,active,B
CAT-0150,光纤收发器,光纤收发器,光电器件,2,optoelectronics-lcsc-11132,,active,B
CAT-0151,IrDA红外收发模块,IrDA红外收发模块,光电器件,2,optoelectronics-irda,,active,B
CAT-0152,光电附件,光电附件,光电器件,2,optoelectronics-lcsc-958,,active,B
CAT-0153,RGB LED,RGB LED,光电器件,2,optoelectronics-rgb-led,,active,B
CAT-0154,RGB LED(内置IC),RGB LED(内置IC),光电器件,2,optoelectronics-rgb-led-ic,,active,B
CAT-0155,槽型光电开关(光电晶体管输出),槽型光电开关(光电晶体管输出),光电器件,2,optoelectronics-lcsc-457,,active,B
CAT-0156,反射式光电开关,反射式光电开关,光电器件,2,optoelectronics-lcsc-11278,,active,B
CAT-0157,槽型光电开关(逻辑输出),槽型光电开关(逻辑输出),反射式光电开关,3,optoelectronics-lcsc-11277,,active,B
CAT-0158,电感/线圈/变压器,Passive Components,,1,passive-components-316,passive-components,active,A
CAT-0159,贴片电感,贴片电感,电感/线圈/变压器,2,passive-components-lcsc-337,passive-components,active,B
CAT-0160,功率电感,功率电感,电感/线圈/变压器,2,passive-components-lcsc-544,passive-components,active,B
CAT-0161,一体成型电感,一体成型电感,电感/线圈/变压器,2,passive-components-lcsc-14722,passive-components,active,B
CAT-0162,色环/插件电感,色环/插件电感,电感/线圈/变压器,2,passive-components-lcsc-11245,passive-components,active,B
CAT-0163,互感器,互感器,电感/线圈/变压器,2,passive-components-lcsc-944,passive-components,active,B
CAT-0164,网口变压器,网口变压器,电感/线圈/变压器,2,passive-components-lcsc-543,passive-components,active,B
CAT-0165,无线充电线圈,无线充电线圈,电感/线圈/变压器,2,passive-components-lcsc-11243,passive-components,active,B
CAT-0166,电源变压器,电源变压器,电感/线圈/变压器,2,passive-components-lcsc-636,passive-components,active,B
CAT-0167,脉冲变压器,脉冲变压器,电感/线圈/变压器,2,passive-components-lcsc-11240,passive-components,active,B
CAT-0168,音频变压器,音频变压器,电感/线圈/变压器,2,passive-components-lcsc-11241,passive-components,active,B
CAT-0169,可调电感器,可调电感器,电感/线圈/变压器,2,passive-components-lcsc-11242,passive-components,active,B
CAT-0170,电感变压器附件,电感变压器附件,电感/线圈/变压器,2,passive-components-lcsc-11244,passive-components,active,B
CAT-0171,预售阻容感,预售阻容感,电感/线圈/变压器,2,passive-components-lcsc-11180,passive-components,active,B
CAT-0172,磁珠,磁珠,预售阻容感,3,passive-components-lcsc-527,passive-components,active,B
CAT-0173,开发板/开发工具,Development Tools & Boards,,1,development-tools-boards,,active,A
CAT-0174,开发板,开发板,开发板/开发工具,2,development-tools-boards-lcsc-11135,,active,B
CAT-0175,仿真器/烧录器,仿真器/烧录器,开发板/开发工具,2,development-tools-boards-lcsc-11136,,active,B
CAT-0176,书籍,书籍,开发板/开发工具,2,development-tools-boards-lcsc-534,,active,B
CAT-0177,洞洞板/面包板,洞洞板/面包板,开发板/开发工具,2,development-tools-boards-lcsc-11139,,active,B
CAT-0178,树莓派,树莓派,开发板/开发工具,2,development-tools-boards-lcsc-11152,,active,B
CAT-0179,创客教育套件,创客教育套件,开发板/开发工具,2,development-tools-boards-lcsc-11160,,active,B
CAT-0180,存储器,Memory,,1,memory,integrated-circuits,active,A
CAT-0181,EEPROM,EEPROM,存储器,2,memory-eeprom,integrated-circuits,active,B
CAT-0182,NOR FLASH,NOR FLASH,存储器,2,memory-nor-flash,integrated-circuits,active,B
CAT-0183,NAND FLASH,NAND FLASH,存储器,2,memory-nand-flash,integrated-circuits,active,B
CAT-0184,eMMC,eMMC,存储器,2,memory-emmc,integrated-circuits,active,B
CAT-0185,非易失性存储器(ROM),非易失性存储器(ROM),存储器,2,memory-rom,integrated-circuits,active,B
CAT-0186,随机存取存储器(RAM),随机存取存储器(RAM),存储器,2,memory-ram,integrated-circuits,active,B
CAT-0187,静态随机存取存储器(SRAM),静态随机存取存储器(SRAM),存储器,2,memory-sram,integrated-circuits,active,B
CAT-0188,动态随机存取存储器(DRAM),动态随机存取存储器(DRAM),存储器,2,memory-dram,integrated-circuits,active,B
CAT-0189,同步动态随机存取内存(SDRAM),同步动态随机存取内存(SDRAM),存储器,2,memory-sdram,integrated-circuits,active,B
CAT-0190,DDR SDRAM,DDR SDRAM,存储器,2,memory-ddr-sdram,integrated-circuits,active,B
CAT-0191,铁电存储器(FRAM),铁电存储器(FRAM),存储器,2,memory-fram,integrated-circuits,active,B
CAT-0192,UFS,UFS,存储器,2,memory-ufs,integrated-circuits,active,B
CAT-0193,SSRAM(同步静态),SSRAM(同步静态),存储器,2,memory-ssram,integrated-circuits,active,B
CAT-0194,PSRAM(伪静态),PSRAM(伪静态),存储器,2,memory-psram,integrated-circuits,active,B
CAT-0195,nvSRAM(掉电保持),nvSRAM(掉电保持),存储器,2,memory-nvsram,integrated-circuits,active,B
CAT-0196,iButton纽扣状存储器,iButton纽扣状存储器,存储器,2,memory-ibutton,integrated-circuits,active,B
CAT-0197,字库芯片,字库芯片,存储器,2,memory-lcsc-858,integrated-circuits,active,B
CAT-0198,存储器控制器,存储器控制器,存储器,2,memory-lcsc-11263,integrated-circuits,active,B
CAT-0199,FPGA配置用存储器,FPGA配置用存储器,存储器,2,memory-fpga,integrated-circuits,active,B
CAT-0200,多芯片封装存储器,多芯片封装存储器,存储器,2,memory-lcsc-11265,integrated-circuits,active,B
CAT-0201,传感器,Sensors,,1,sensors,sensors,active,A
CAT-0202,压力传感器,压力传感器,传感器,2,sensors-lcsc-11046,sensors,active,B
CAT-0203,传感器模块,传感器模块,传感器,2,sensors-lcsc-11047,sensors,active,B
CAT-0204,力传感器与测压元件,力传感器与测压元件,传感器,2,sensors-lcsc-11153,sensors,active,B
CAT-0205,心率传感器,心率传感器,传感器,2,sensors-lcsc-11498,sensors,active,B
CAT-0206,流量传感器,流量传感器,传感器,2,sensors-lcsc-12445,sensors,active,B
CAT-0207,差压传感器,差压传感器,传感器,2,sensors-lcsc-13386,sensors,active,B
CAT-0208,PM2.5传感器,PM2.5传感器,传感器,2,sensors-pm2-5,sensors,active,B
CAT-0209,气体流量传感器,气体流量传感器,传感器,2,sensors-lcsc-13388,sensors,active,B
CAT-0210,VOC传感器,VOC传感器,传感器,2,sensors-voc,sensors,active,B
CAT-0211,电容传感IC,电容传感IC,传感器,2,sensors-ic,sensors,active,B
CAT-0212,NTC热敏电阻,NTC热敏电阻,传感器,2,sensors-ntc,sensors,active,B
CAT-0213,PTC热敏电阻,PTC热敏电阻,传感器,2,sensors-ptc,sensors,active,B
CAT-0214,温控开关,温控开关,传感器,2,sensors-lcsc-11024,sensors,active,B
CAT-0215,温度传感器,温度传感器,传感器,2,sensors-lcsc-585,sensors,active,B
CAT-0216,振动传感器,振动传感器,传感器,2,sensors-lcsc-11281,sensors,active,B
CAT-0217,图像传感器,图像传感器,传感器,2,sensors-lcsc-587,sensors,active,B
CAT-0218,光敏电阻,光敏电阻,传感器,2,sensors-lcsc-551,sensors,active,B
CAT-0219,槽型光电开关(逻辑输出),槽型光电开关(逻辑输出),传感器,2,sensors-lcsc-11277,sensors,active,B
CAT-0220,环境光传感器,环境光传感器,传感器,2,sensors-lcsc-923,sensors,active,B
CAT-0221,光纤/激光传感器,光纤/激光传感器,传感器,2,sensors-lcsc-11093,sensors,active,B
CAT-0222,触摸芯片,触摸芯片,传感器,2,sensors-lcsc-902,sensors,active,B
CAT-0223,位置传感器,位置传感器,传感器,2,sensors-lcsc-11123,sensors,active,B
CAT-0224,姿态传感器/陀螺仪,姿态传感器/陀螺仪,传感器,2,sensors-lcsc-588,sensors,active,B
CAT-0225,温湿度传感器,温湿度传感器,传感器,2,sensors-lcsc-922,sensors,active,B
CAT-0226,气体传感器,气体传感器,传感器,2,sensors-lcsc-11044,sensors,active,B
CAT-0227,液位传感器,液位传感器,传感器,2,sensors-lcsc-11279,sensors,active,B
CAT-0228,人体感应传感器,人体感应传感器,传感器,2,sensors-lcsc-11283,sensors,active,B
CAT-0229,超声波收发器,超声波收发器,传感器,2,sensors-lcsc-11146,sensors,active,B
CAT-0230,接近传感器,接近传感器,传感器,2,sensors-lcsc-11284,sensors,active,B
CAT-0231,专用传感器,专用传感器,传感器,2,sensors-lcsc-11092,sensors,active,B
CAT-0232,线性霍尔传感器,线性霍尔传感器,专用传感器,3,sensors-lcsc-11086,sensors,active,B
CAT-0233,电流传感器,电流传感器,专用传感器,3,sensors-lcsc-11095,sensors,active,B
CAT-0234,霍尔开关,霍尔开关,专用传感器,3,sensors-lcsc-13513,sensors,active,B
CAT-0235,3D磁传感器,3D磁传感器,专用传感器,3,sensors-3d,sensors,active,B
CAT-0236,磁性角度传感器,磁性角度传感器,专用传感器,3,sensors-lcsc-13512,sensors,active,B
CAT-0237,干簧管,干簧管,专用传感器,3,sensors-lcsc-13515,sensors,active,B
CAT-0238,继电器,Connectors & Electromechanical,,1,connectors-electromechanical-11304,connectors,active,A
CAT-0239,功率继电器,功率继电器,继电器,2,connectors-electromechanical-lcsc-531,connectors,active,B
CAT-0240,信号继电器,信号继电器,继电器,2,connectors-electromechanical-lcsc-11305,connectors,active,B
CAT-0241,磁保持继电器,磁保持继电器,继电器,2,connectors-electromechanical-lcsc-11306,connectors,active,B
CAT-0242,汽车继电器,汽车继电器,继电器,2,connectors-electromechanical-lcsc-11307,connectors,active,B
CAT-0243,簧片继电器,簧片继电器,继电器,2,connectors-electromechanical-lcsc-11308,connectors,active,B
CAT-0244,继电器插座及配件,继电器插座及配件,继电器,2,connectors-electromechanical-lcsc-11121,connectors,active,B
CAT-0245,高频/RF继电器,高频/RF继电器,继电器,2,connectors-electromechanical-rf-13482,connectors,active,B
CAT-0246,功能模块,Modules & Communication,,1,modules-communication,modules,active,A
CAT-0247,音视频模块,音视频模块,功能模块,2,modules-communication-lcsc-11230,modules,active,B
CAT-0248,电机驱动模块,电机驱动模块,功能模块,2,modules-communication-lcsc-11231,modules,active,B
CAT-0249,其他模块,其他模块,功能模块,2,modules-communication-lcsc-959,modules,active,B
CAT-0250,LED数码管,LED数码管,其他模块,3,modules-communication-led,modules,active,B
CAT-0251,传感器模块,传感器模块,其他模块,3,modules-communication-lcsc-11047,modules,active,B
CAT-0252,AC-DC电源模块,AC-DC电源模块,其他模块,3,modules-communication-ac-dc,modules,active,B
CAT-0253,DC-DC电源模块,DC-DC电源模块,其他模块,3,modules-communication-dc-dc,modules,active,B
CAT-0254,隔离电源模块,隔离电源模块,其他模块,3,modules-communication-lcsc-13487,modules,active,B
CAT-0255,DC-AC模块(逆变器),DC-AC模块(逆变器),其他模块,3,modules-communication-dc-ac,modules,active,B
CAT-0256,物联网/通信模块,Modules & Communication,,1,modules-communication-938,modules,active,A
CAT-0257,USB转换模块,USB转换模块,物联网/通信模块,2,modules-communication-usb,modules,active,B
CAT-0258,RFID模块,RFID模块,物联网/通信模块,2,modules-communication-rfid,modules,active,B
CAT-0259,2G/3G/4G/5G模块,2G/3G/4G/5G模块,物联网/通信模块,2,modules-communication-2g-3g-4g-5g,modules,active,B
CAT-0260,LoRa模块,LoRa模块,物联网/通信模块,2,modules-communication-lora,modules,active,B
CAT-0261,ZigBee模块,ZigBee模块,物联网/通信模块,2,modules-communication-zigbee,modules,active,B
CAT-0262,蓝牙模块,蓝牙模块,物联网/通信模块,2,modules-communication-lcsc-11225,modules,active,B
CAT-0263,CAN总线模块,CAN总线模块,物联网/通信模块,2,modules-communication-can,modules,active,B
CAT-0264,RS485总线模块,RS485总线模块,物联网/通信模块,2,modules-communication-rs485,modules,active,B
CAT-0265,RS232总线模块,RS232总线模块,物联网/通信模块,2,modules-communication-rs232,modules,active,B
CAT-0266,以太网模块,以太网模块,物联网/通信模块,2,modules-communication-lcsc-11229,modules,active,B
CAT-0267,WiFi模块,WiFi模块,物联网/通信模块,2,modules-communication-wifi,modules,active,B
CAT-0268,卫星定位模块,卫星定位模块,物联网/通信模块,2,modules-communication-lcsc-940,modules,active,B
CAT-0269,射频模块,射频模块,物联网/通信模块,2,modules-communication-lcsc-941,modules,active,B
CAT-0270,单片机/微控制器,Integrated Circuits,,1,integrated-circuits,integrated-circuits,active,A
CAT-0271,单片机(MCU/MPU/SOC),单片机(MCU/MPU/SOC),单片机/微控制器,2,integrated-circuits-mcu-mpu-soc,integrated-circuits,active,B
CAT-0272,数字信号处理器(DSP/DSC),数字信号处理器(DSP/DSC),单片机/微控制器,2,integrated-circuits-dsp-dsc,integrated-circuits,active,B
CAT-0273,可编程逻辑器件(CPLD/FPGA),可编程逻辑器件(CPLD/FPGA),单片机/微控制器,2,integrated-circuits-cpld-fpga,integrated-circuits,active,B
CAT-0274,预售MCU,预售MCU,单片机/微控制器,2,integrated-circuits-mcu,integrated-circuits,active,B
CAT-0275,逻辑器件,Integrated Circuits,,1,integrated-circuits-487,integrated-circuits,active,A
CAT-0276,逻辑门,逻辑门,逻辑器件,2,integrated-circuits-lcsc-11104,integrated-circuits,active,B
CAT-0277,反相器,反相器,逻辑器件,2,integrated-circuits-lcsc-11311,integrated-circuits,active,B
CAT-0278,锁存器,锁存器,逻辑器件,2,integrated-circuits-lcsc-11106,integrated-circuits,active,B
CAT-0279,移位寄存器,移位寄存器,逻辑器件,2,integrated-circuits-lcsc-11102,integrated-circuits,active,B
CAT-0280,触发器,触发器,逻辑器件,2,integrated-circuits-lcsc-11099,integrated-circuits,active,B
CAT-0281,缓冲器/驱动器/收发器,缓冲器/驱动器/收发器,逻辑器件,2,integrated-circuits-lcsc-11105,integrated-circuits,active,B
CAT-0282,转换器/电平移位器,转换器/电平移位器,逻辑器件,2,integrated-circuits-lcsc-11098,integrated-circuits,active,B
CAT-0283,数字比较器,数字比较器,逻辑器件,2,integrated-circuits-lcsc-11312,integrated-circuits,active,B
CAT-0284,计数器/分频器,计数器/分频器,逻辑器件,2,integrated-circuits-lcsc-11103,integrated-circuits,active,B
CAT-0285,奇偶生成器/校验器,奇偶生成器/校验器,逻辑器件,2,integrated-circuits-lcsc-11313,integrated-circuits,active,B
CAT-0286,信号开关/编解码器/多路复用器,信号开关/编解码器/多路复用器,逻辑器件,2,integrated-circuits-lcsc-11100,integrated-circuits,active,B
CAT-0287,单稳态多谐振荡器,单稳态多谐振荡器,逻辑器件,2,integrated-circuits-lcsc-11112,integrated-circuits,active,B
CAT-0288,FIFO存储器,FIFO存储器,逻辑器件,2,integrated-circuits-fifo,integrated-circuits,active,B
CAT-0289,特殊逻辑IC,特殊逻辑IC,逻辑器件,2,integrated-circuits-ic,integrated-circuits,active,B
CAT-0290,时钟和定时,Integrated Circuits,,1,integrated-circuits-493,integrated-circuits,active,A
CAT-0291,实时时钟(RTC),实时时钟(RTC),时钟和定时,2,integrated-circuits-rtc,integrated-circuits,active,B
CAT-0292,555定时器/计时器,555定时器/计时器,时钟和定时,2,integrated-circuits-lcsc-13470,integrated-circuits,active,B
CAT-0293,时钟缓冲器/驱动器/分配器,时钟缓冲器/驱动器/分配器,时钟和定时,2,integrated-circuits-lcsc-11108,integrated-circuits,active,B
CAT-0294,时钟发生器/频率合成器/PLL,时钟发生器/频率合成器/PLL,时钟和定时,2,integrated-circuits-pll,integrated-circuits,active,B
CAT-0295,时钟消抖,时钟消抖,时钟和定时,2,integrated-circuits-lcsc-11324,integrated-circuits,active,B
CAT-0296,定时器/计时器,定时器/计时器,时钟和定时,2,integrated-circuits-lcsc-11325,integrated-circuits,active,B
CAT-0297,时钟延迟,时钟延迟,时钟和定时,2,integrated-circuits-lcsc-11326,integrated-circuits,active,B
CAT-0298,时钟提取和数据恢复,时钟提取和数据恢复,时钟和定时,2,integrated-circuits-lcsc-11327,integrated-circuits,active,B
CAT-0299,"网络时钟同步(SyncE,IEEE 1588)","网络时钟同步(SyncE,IEEE 1588)",时钟和定时,2,integrated-circuits-synce-ieee-1588,integrated-circuits,active,B
CAT-0300,时钟倍频器,时钟倍频器,时钟和定时,2,integrated-circuits-lcsc-13489,integrated-circuits,active,B
CAT-0301,专用时钟/计时,专用时钟/计时,时钟和定时,2,integrated-circuits-lcsc-11107,integrated-circuits,active,B
CAT-0302,数控振荡器(DCO),数控振荡器(DCO),专用时钟/计时,3,integrated-circuits-dco,integrated-circuits,active,B
CAT-0303,ADC/DAC/数据转换,Integrated Circuits,,1,integrated-circuits-601,integrated-circuits,active,A
CAT-0304,模数转换芯片ADC,模数转换芯片ADC,ADC/DAC/数据转换,2,integrated-circuits-adc,integrated-circuits,active,B
CAT-0305,数模转换芯片DAC,数模转换芯片DAC,ADC/DAC/数据转换,2,integrated-circuits-dac,integrated-circuits,active,B
CAT-0306,电能计量芯片,电能计量芯片,ADC/DAC/数据转换,2,integrated-circuits-lcsc-619,integrated-circuits,active,B
CAT-0307,数字电位器,数字电位器,ADC/DAC/数据转换,2,integrated-circuits-lcsc-620,integrated-circuits,active,B
CAT-0308,模拟前端(AFE),模拟前端(AFE),ADC/DAC/数据转换,2,integrated-circuits-afe,integrated-circuits,active,B
CAT-0309,直接数字频率合成(DDS),直接数字频率合成(DDS),ADC/DAC/数据转换,2,integrated-circuits-dds,integrated-circuits,active,B
CAT-0310,RMS-DC转换器,RMS-DC转换器,ADC/DAC/数据转换,2,integrated-circuits-rms-dc,integrated-circuits,active,B
CAT-0311,V/F和F/V转换芯片,V/F和F/V转换芯片,ADC/DAC/数据转换,2,integrated-circuits-v-f-f-v,integrated-circuits,active,B
CAT-0312,触摸屏控制器,触摸屏控制器,ADC/DAC/数据转换,2,integrated-circuits-lcsc-11038,integrated-circuits,active,B
CAT-0313,ADC/DAC-专用型,ADC/DAC-专用型,ADC/DAC/数据转换,2,integrated-circuits-adc-dac,integrated-circuits,active,B
CAT-0314,隔离式ADC,隔离式ADC,ADC/DAC-专用型,3,integrated-circuits-adc-13441,integrated-circuits,active,B
CAT-0315,隔离式ADC(带电源),隔离式ADC(带电源),ADC/DAC-专用型,3,integrated-circuits-adc-13449,integrated-circuits,active,B
CAT-0316,射频芯片/天线,Integrated Circuits,,1,integrated-circuits-986,integrated-circuits,active,A
CAT-0317,RF调制器和解调器,RF调制器和解调器,射频芯片/天线,2,integrated-circuits-rf,integrated-circuits,active,B
CAT-0318,射频前端芯片,射频前端芯片,射频芯片/天线,2,integrated-circuits-lcsc-11299,integrated-circuits,active,B
CAT-0319,射频功率放大器,射频功率放大器,射频芯片/天线,2,integrated-circuits-lcsc-11300,integrated-circuits,active,B
CAT-0320,可调谐滤波器,可调谐滤波器,射频芯片/天线,2,integrated-circuits-lcsc-11301,integrated-circuits,active,B
CAT-0321,RF功分器/合路器,RF功分器/合路器,射频芯片/天线,2,integrated-circuits-rf-11302,integrated-circuits,active,B
CAT-0322,天线,天线,射频芯片/天线,2,integrated-circuits-lcsc-912,integrated-circuits,active,B
CAT-0323,射频连接线,射频连接线,射频芯片/天线,2,integrated-circuits-lcsc-11331,integrated-circuits,active,B
CAT-0324,无线收发芯片,无线收发芯片,射频芯片/天线,2,integrated-circuits-lcsc-542,integrated-circuits,active,B
CAT-0325,射频开关,射频开关,射频芯片/天线,2,integrated-circuits-lcsc-980,integrated-circuits,active,B
CAT-0326,射频卡芯片,射频卡芯片,射频芯片/天线,2,integrated-circuits-lcsc-981,integrated-circuits,active,B
CAT-0327,RF衰减器,RF衰减器,射频芯片/天线,2,integrated-circuits-rf-11019,integrated-circuits,active,B
CAT-0328,RF放大器,RF放大器,射频芯片/天线,2,integrated-circuits-rf-10987,integrated-circuits,active,B
CAT-0329,射频低噪声放大器,射频低噪声放大器,射频芯片/天线,2,integrated-circuits-lcsc-599,integrated-circuits,active,B
CAT-0330,RF耦合器,RF耦合器,射频芯片/天线,2,integrated-circuits-rf-11037,integrated-circuits,active,B
CAT-0331,RF混频器,RF混频器,射频芯片/天线,2,integrated-circuits-rf-10988,integrated-circuits,active,B
CAT-0332,RF检波器,RF检波器,射频芯片/天线,2,integrated-circuits-rf-10989,integrated-circuits,active,B
CAT-0333,双工器,双工器,射频芯片/天线,2,integrated-circuits-lcsc-11078,integrated-circuits,active,B
CAT-0334,巴伦(balun),巴伦(balun),射频芯片/天线,2,integrated-circuits-balun,integrated-circuits,active,B
CAT-0335,RF其它IC和模块,RF其它IC和模块,射频芯片/天线,2,integrated-circuits-rf-ic,integrated-circuits,active,B
CAT-0336,RF射频同轴连接器,RF射频同轴连接器,RF其它IC和模块,3,integrated-circuits-rf-11072,integrated-circuits,active,B
CAT-0337,压控振荡器(VCO),压控振荡器(VCO),RF其它IC和模块,3,integrated-circuits-vco,integrated-circuits,active,B
CAT-0338,声表面波滤波器(SAW),声表面波滤波器(SAW),RF其它IC和模块,3,integrated-circuits-saw,integrated-circuits,active,B
CAT-0339,RF滤波器,RF滤波器,RF其它IC和模块,3,integrated-circuits-rf-10995,integrated-circuits,active,B
CAT-0340,运算放大器/比较器,Integrated Circuits,,1,integrated-circuits-515,integrated-circuits,active,A
CAT-0341,运算放大器,运算放大器,运算放大器/比较器,2,integrated-circuits-lcsc-516,integrated-circuits,active,B
CAT-0342,比较器,比较器,运算放大器/比较器,2,integrated-circuits-lcsc-517,integrated-circuits,active,B
CAT-0343,差分运放,差分运放,运算放大器/比较器,2,integrated-circuits-lcsc-604,integrated-circuits,active,B
CAT-0344,FET输入运放,FET输入运放,运算放大器/比较器,2,integrated-circuits-fet,integrated-circuits,active,B
CAT-0345,仪表放大器,仪表放大器,运算放大器/比较器,2,integrated-circuits-lcsc-594,integrated-circuits,active,B
CAT-0346,精密运放,精密运放,运算放大器/比较器,2,integrated-circuits-lcsc-597,integrated-circuits,active,B
CAT-0347,可编程/可变增益放大器(PGA/VGA),可编程/可变增益放大器(PGA/VGA),运算放大器/比较器,2,integrated-circuits-pga-vga,integrated-circuits,active,B
CAT-0348,采样/保持放大器,采样/保持放大器,运算放大器/比较器,2,integrated-circuits-lcsc-11258,integrated-circuits,active,B
CAT-0349,电流感应放大器,电流感应放大器,运算放大器/比较器,2,integrated-circuits-lcsc-11261,integrated-circuits,active,B
CAT-0350,音频功率放大器,音频功率放大器,运算放大器/比较器,2,integrated-circuits-lcsc-518,integrated-circuits,active,B
CAT-0351,视频放大器,视频放大器,运算放大器/比较器,2,integrated-circuits-lcsc-11260,integrated-circuits,active,B
CAT-0352,线性 - 模拟乘法器/除法器,线性 - 模拟乘法器/除法器,运算放大器/比较器,2,integrated-circuits-lcsc-11188,integrated-circuits,active,B
CAT-0353,特殊功能放大器,特殊功能放大器,运算放大器/比较器,2,integrated-circuits-lcsc-11055,integrated-circuits,active,B
CAT-0354,射频功率放大器,射频功率放大器,特殊功能放大器,3,integrated-circuits-lcsc-11300-11300,integrated-circuits,active,B
CAT-0355,射频低噪声放大器,射频低噪声放大器,特殊功能放大器,3,integrated-circuits-lcsc-599-599,integrated-circuits,active,B
CAT-0356,RF放大器,RF放大器,特殊功能放大器,3,integrated-circuits-rf-3,integrated-circuits,active,B
CAT-0357,隔离式放大器,隔离式放大器,特殊功能放大器,3,integrated-circuits-lcsc-11259,integrated-circuits,active,B
CAT-0358,隔离式放大器(带电源),隔离式放大器(带电源),特殊功能放大器,3,integrated-circuits-lcsc-13453,integrated-circuits,active,B
CAT-0359,通信接口芯片,Integrated Circuits,,1,integrated-circuits-575,integrated-circuits,active,A
CAT-0360,RS-485/RS-422芯片,RS-485/RS-422芯片,通信接口芯片,2,integrated-circuits-rs-485-rs-422,integrated-circuits,active,B
CAT-0361,RS232芯片,RS232芯片,通信接口芯片,2,integrated-circuits-rs232,integrated-circuits,active,B
CAT-0362,CAN收发器,CAN收发器,通信接口芯片,2,integrated-circuits-can,integrated-circuits,active,B
CAT-0363,CAN控制器,CAN控制器,通信接口芯片,2,integrated-circuits-can-13496,integrated-circuits,active,B
CAT-0364,USB转换芯片,USB转换芯片,通信接口芯片,2,integrated-circuits-usb,integrated-circuits,active,B
CAT-0365,USB集线器,USB集线器,通信接口芯片,2,integrated-circuits-usb-13499,integrated-circuits,active,B
CAT-0366,总线转UART,总线转UART,通信接口芯片,2,integrated-circuits-uart,integrated-circuits,active,B
CAT-0367,以太网收发器,以太网收发器,通信接口芯片,2,integrated-circuits-lcsc-579,integrated-circuits,active,B
CAT-0368,以太网控制器,以太网控制器,通信接口芯片,2,integrated-circuits-lcsc-13497,integrated-circuits,active,B
CAT-0369,以太网交换机,以太网交换机,通信接口芯片,2,integrated-circuits-lcsc-13498,integrated-circuits,active,B
CAT-0370,LIN收发器,LIN收发器,通信接口芯片,2,integrated-circuits-lin,integrated-circuits,active,B
CAT-0371,安全验证/加密芯片,安全验证/加密芯片,通信接口芯片,2,integrated-circuits-lcsc-11133,integrated-circuits,active,B
CAT-0372,模拟开关/多路复用器,模拟开关/多路复用器,通信接口芯片,2,integrated-circuits-lcsc-618,integrated-circuits,active,B
CAT-0373,模拟开关-特殊用途,模拟开关-特殊用途,通信接口芯片,2,integrated-circuits-lcsc-11319,integrated-circuits,active,B
CAT-0374,LVDS芯片,LVDS芯片,通信接口芯片,2,integrated-circuits-lvds,integrated-circuits,active,B
CAT-0375,PCI/PCIE接口,PCI/PCIE接口,通信接口芯片,2,integrated-circuits-pci-pcie,integrated-circuits,active,B
CAT-0376,信号缓冲器/中继器/分配器,信号缓冲器/中继器/分配器,通信接口芯片,2,integrated-circuits-lcsc-11113,integrated-circuits,active,B
CAT-0377,I/O扩展器,I/O扩展器,通信接口芯片,2,integrated-circuits-i-o,integrated-circuits,active,B
CAT-0378,串行器/解串器,串行器/解串器,通信接口芯片,2,integrated-circuits-lcsc-11120,integrated-circuits,active,B
CAT-0379,电信接口IC,电信接口IC,通信接口芯片,2,integrated-circuits-ic-11110,integrated-circuits,active,B
CAT-0380,音频接口芯片,音频接口芯片,通信接口芯片,2,integrated-circuits-lcsc-11323,integrated-circuits,active,B
CAT-0381,视频接口芯片,视频接口芯片,通信接口芯片,2,integrated-circuits-lcsc-631,integrated-circuits,active,B
CAT-0382,其他接口,其他接口,通信接口芯片,2,integrated-circuits-lcsc-11111,integrated-circuits,active,B
CAT-0383,预售芯片,预售芯片,通信接口芯片,2,integrated-circuits-lcsc-11179,integrated-circuits,active,B
CAT-0384,隔离式CAN收发器,隔离式CAN收发器,预售芯片,3,integrated-circuits-can-13439,integrated-circuits,active,B
CAT-0385,隔离式CAN收发器(带电源),隔离式CAN收发器(带电源),预售芯片,3,integrated-circuits-can-13457,integrated-circuits,active,B
CAT-0386,隔离式RS-232收发器,隔离式RS-232收发器,预售芯片,3,integrated-circuits-rs-232,integrated-circuits,active,B
CAT-0387,隔离式RS-232收发器(带电源),隔离式RS-232收发器(带电源),预售芯片,3,integrated-circuits-rs-232-13452,integrated-circuits,active,B
CAT-0388,隔离式USB芯片,隔离式USB芯片,预售芯片,3,integrated-circuits-usb-13444,integrated-circuits,active,B
CAT-0389,隔离式USB芯片(带电源),隔离式USB芯片(带电源),预售芯片,3,integrated-circuits-usb-13451,integrated-circuits,active,B
CAT-0390,数码管驱动/LED驱动,Integrated Circuits,,1,integrated-circuits-582,integrated-circuits,active,A
CAT-0391,LED驱动,LED驱动,数码管驱动/LED驱动,2,integrated-circuits-led,integrated-circuits,active,B
CAT-0392,数码管驱动,数码管驱动,数码管驱动/LED驱动,2,integrated-circuits-lcsc-11285,integrated-circuits,active,B
CAT-0393,LCD驱动,LCD驱动,数码管驱动/LED驱动,2,integrated-circuits-lcd,integrated-circuits,active,B
CAT-0394,OLED驱动,OLED驱动,数码管驱动/LED驱动,2,integrated-circuits-oled,integrated-circuits,active,B
CAT-0395,VFD驱动,VFD驱动,数码管驱动/LED驱动,2,integrated-circuits-vfd,integrated-circuits,active,B
CAT-0396,照明驱动,照明驱动,数码管驱动/LED驱动,2,integrated-circuits-lcsc-11129,integrated-circuits,active,B
CAT-0397,激光驱动,激光驱动,数码管驱动/LED驱动,2,integrated-circuits-lcsc-11274,integrated-circuits,active,B
CAT-0398,三极管/MOS管/晶体管,Semiconductors & Discrete,,1,semiconductors-discrete-320,semiconductor-components,active,A
CAT-0399,场效应管(MOSFET),场效应管(MOSFET),三极管/MOS管/晶体管,2,semiconductors-discrete-mosfet,semiconductor-components,active,B
CAT-0400,静电和浪涌保护(TVS/ESD),静电和浪涌保护(TVS/ESD),三极管/MOS管/晶体管,2,semiconductors-discrete-tvs-esd-526,semiconductor-components,active,B
CAT-0401,三极管(BJT),三极管(BJT),三极管/MOS管/晶体管,2,semiconductors-discrete-bjt,semiconductor-components,active,B
CAT-0402,晶闸管(可控硅)/模块,晶闸管(可控硅)/模块,三极管/MOS管/晶体管,2,semiconductors-discrete-lcsc-388,semiconductor-components,active,B
CAT-0403,数字晶体管,数字晶体管,三极管/MOS管/晶体管,2,semiconductors-discrete-lcsc-562,semiconductor-components,active,B
CAT-0404,IGBT管/模块,IGBT管/模块,三极管/MOS管/晶体管,2,semiconductors-discrete-igbt,semiconductor-components,active,B
CAT-0405,半导体放电管(TSS),半导体放电管(TSS),三极管/MOS管/晶体管,2,semiconductors-discrete-tss-11197,semiconductor-components,active,B
CAT-0406,达林顿管,达林顿管,三极管/MOS管/晶体管,2,semiconductors-discrete-lcsc-464,semiconductor-components,active,B
CAT-0407,达林顿晶体管阵列,达林顿晶体管阵列,三极管/MOS管/晶体管,2,semiconductors-discrete-lcsc-11252,semiconductor-components,active,B
CAT-0408,结型场效应管(JFET),结型场效应管(JFET),三极管/MOS管/晶体管,2,semiconductors-discrete-jfet,semiconductor-components,active,B
CAT-0409,智能功率模块(IPM),智能功率模块(IPM),三极管/MOS管/晶体管,2,semiconductors-discrete-ipm,semiconductor-components,active,B
CAT-0410,预售晶体管,预售晶体管,三极管/MOS管/晶体管,2,semiconductors-discrete-lcsc-11178,semiconductor-components,active,B
CAT-0411,振荡器/谐振器,Passive Components,,1,passive-components-348,passive-components,active,A
CAT-0412,扩频振荡器,扩频振荡器,振荡器/谐振器,2,passive-components-lcsc-13525,passive-components,active,B
CAT-0413,无源晶振,无源晶振,振荡器/谐振器,2,passive-components-lcsc-537,passive-components,active,B
CAT-0414,有源晶振,有源晶振,振荡器/谐振器,2,passive-components-lcsc-364,passive-components,active,B
CAT-0415,陶瓷谐振器(无源),陶瓷谐振器(无源),振荡器/谐振器,2,passive-components-lcsc-530,passive-components,active,B
CAT-0416,热敏谐振器(无源),热敏谐振器(无源),振荡器/谐振器,2,passive-components-lcsc-13490,passive-components,active,B
CAT-0417,SAW振荡器(有源),SAW振荡器(有源),振荡器/谐振器,2,passive-components-saw,passive-components,active,B
CAT-0418,SAW谐振器(无源),SAW谐振器(无源),振荡器/谐振器,2,passive-components-saw-529,passive-components,active,B
CAT-0419,温度补偿晶体振荡器(TCXO),温度补偿晶体振荡器(TCXO),振荡器/谐振器,2,passive-components-tcxo,passive-components,active,B
CAT-0420,恒温晶体振荡器(OCXO),恒温晶体振荡器(OCXO),振荡器/谐振器,2,passive-components-ocxo,passive-components,active,B
CAT-0421,压控晶体振荡器(VCXO),压控晶体振荡器(VCXO),振荡器/谐振器,2,passive-components-vcxo,passive-components,active,B
CAT-0422,压控振荡器(VCO),压控振荡器(VCO),振荡器/谐振器,2,passive-components-vco,passive-components,active,B
CAT-0423,压控温补振荡器(VCTXO),压控温补振荡器(VCTXO),振荡器/谐振器,2,passive-components-vctxo,passive-components,active,B
CAT-0424,数控振荡器(DCO),数控振荡器(DCO),振荡器/谐振器,2,passive-components-dco,passive-components,active,B
CAT-0425,预编程振荡器,预编程振荡器,振荡器/谐振器,2,passive-components-lcsc-11183,passive-components,active,B
CAT-0426,音频器件/振动马达,Audio & Signal,,1,audio-signal,,active,A
CAT-0427,蜂鸣片,蜂鸣片,音频器件/振动马达,2,audio-signal-lcsc-11251,,active,B
CAT-0428,蜂鸣器,蜂鸣器,音频器件/振动马达,2,audio-signal-lcsc-386,,active,B
CAT-0429,扬声器/喇叭,扬声器/喇叭,音频器件/振动马达,2,audio-signal-lcsc-538,,active,B
CAT-0430,咪头/麦克风,咪头/麦克风,音频器件/振动马达,2,audio-signal-lcsc-539,,active,B
CAT-0431,MEMS麦克风,MEMS麦克风,音频器件/振动马达,2,audio-signal-mems,,active,B
CAT-0432,振动马达,振动马达,音频器件/振动马达,2,audio-signal-lcsc-906,,active,B
CAT-0433,TVS/保险丝/板级保护,Semiconductors & Discrete,,1,semiconductors-discrete-395,semiconductor-components,active,A
CAT-0434,压敏电阻,压敏电阻,TVS/保险丝/板级保护,2,semiconductors-discrete-lcsc-482,semiconductor-components,active,B
CAT-0435,气体放电管(GDT),气体放电管(GDT),TVS/保险丝/板级保护,2,semiconductors-discrete-gdt-11196,semiconductor-components,active,B
CAT-0436,玻璃放电管,玻璃放电管,TVS/保险丝/板级保护,2,semiconductors-discrete-lcsc-11198-11198,semiconductor-components,active,B
CAT-0437,自恢复保险丝,自恢复保险丝,TVS/保险丝/板级保护,2,semiconductors-discrete-lcsc-11042,semiconductor-components,active,B
CAT-0438,一次性保险丝,一次性保险丝,TVS/保险丝/板级保护,2,semiconductors-discrete-lcsc-11022,semiconductor-components,active,B
CAT-0439,汽车保险丝,汽车保险丝,TVS/保险丝/板级保护,2,semiconductors-discrete-lcsc-907,semiconductor-components,active,B
CAT-0440,温度保险丝(TCO),温度保险丝(TCO),TVS/保险丝/板级保护,2,semiconductors-discrete-tco,semiconductor-components,active,B
CAT-0441,保险丝座(盒),保险丝座(盒),TVS/保险丝/板级保护,2,semiconductors-discrete-lcsc-399,semiconductor-components,active,B
CAT-0442,熔断器,熔断器,保险丝座(盒),3,semiconductors-discrete-lcsc-11150,semiconductor-components,active,B
CAT-0443,静电和浪涌保护(TVS/ESD),静电和浪涌保护(TVS/ESD),保险丝座(盒),3,semiconductors-discrete-tvs-esd-3,semiconductor-components,active,B
CAT-0444,半导体放电管(TSS),半导体放电管(TSS),保险丝座(盒),3,semiconductors-discrete-tss-3,semiconductor-components,active,B
CAT-0445,浪涌保护器,浪涌保护器,保险丝座(盒),3,semiconductors-discrete-lcsc-11314,semiconductor-components,active,B
CAT-0446,LED保护,LED保护,保险丝座(盒),3,semiconductors-discrete-led-11332,semiconductor-components,active,B
CAT-0447,按键/开关,Connectors & Electromechanical,,1,connectors-electromechanical-423,connectors,active,A
CAT-0448,轻触开关,轻触开关,按键/开关,2,connectors-electromechanical-lcsc-427,connectors,active,B
CAT-0449,行程开关,行程开关,按键/开关,2,connectors-electromechanical-lcsc-426,connectors,active,B
CAT-0450,按键开关,按键开关,按键/开关,2,connectors-electromechanical-lcsc-425,connectors,active,B
CAT-0451,直键开关,直键开关,按键/开关,2,connectors-electromechanical-lcsc-11275,connectors,active,B
CAT-0452,钮子开关,钮子开关,按键/开关,2,connectors-electromechanical-lcsc-11276,connectors,active,B
CAT-0453,船型开关,船型开关,按键/开关,2,connectors-electromechanical-lcsc-424,connectors,active,B
CAT-0454,滑动开关,滑动开关,按键/开关,2,connectors-electromechanical-lcsc-854,connectors,active,B
CAT-0455,拨码开关,拨码开关,按键/开关,2,connectors-electromechanical-lcsc-429,connectors,active,B
CAT-0456,旋转编码开关,旋转编码开关,按键/开关,2,connectors-electromechanical-lcsc-13466,connectors,active,B
CAT-0457,旋转编码器,旋转编码器,按键/开关,2,connectors-electromechanical-lcsc-943,connectors,active,B
CAT-0458,旋转开关,旋转开关,按键/开关,2,connectors-electromechanical-lcsc-11061,connectors,active,B
CAT-0459,拨轮开关,拨轮开关,按键/开关,2,connectors-electromechanical-lcsc-13467,connectors,active,B
CAT-0460,多向开关,多向开关,按键/开关,2,connectors-electromechanical-lcsc-13468,connectors,active,B
CAT-0461,操纵杆/导航开关,操纵杆/导航开关,按键/开关,2,connectors-electromechanical-lcsc-13469,connectors,active,B
CAT-0462,专用开关,专用开关,按键/开关,2,connectors-electromechanical-lcsc-11126,connectors,active,B
CAT-0463,机械键盘轴,机械键盘轴,按键/开关,2,connectors-electromechanical-lcsc-11148,connectors,active,B
CAT-0464,锅仔片,锅仔片,按键/开关,2,connectors-electromechanical-lcsc-11018,connectors,active,B
CAT-0465,开关配件/盖帽,开关配件/盖帽,按键/开关,2,connectors-electromechanical-lcsc-11066,connectors,active,B
CAT-0466,多功能开关,多功能开关,按键/开关,2,connectors-electromechanical-lcsc-434,connectors,active,B
CAT-0467,仪器仪表,Test & Measurement,,1,test-measurement,,active,A
CAT-0468,测堵仪,测堵仪,仪器仪表,2,test-measurement-lcsc-11203,,active,B
CAT-0469,水平仪,水平仪,仪器仪表,2,test-measurement-lcsc-11393,,active,B
CAT-0470,记录仪,记录仪,仪器仪表,2,test-measurement-lcsc-11470,,active,B
CAT-0471,气体检测仪,气体检测仪,仪器仪表,2,test-measurement-lcsc-11472,,active,B
CAT-0472,阻容感测量/RLC电桥,阻容感测量/RLC电桥,仪器仪表,2,test-measurement-rlc,,active,B
CAT-0473,压力表/压力表座,压力表/压力表座,仪器仪表,2,test-measurement-lcsc-12094,,active,B
CAT-0474,功率分析仪,功率分析仪,仪器仪表,2,test-measurement-lcsc-12298,,active,B
CAT-0475,电流探头,电流探头,仪器仪表,2,test-measurement-lcsc-12299,,active,B
CAT-0476,差分探头,差分探头,仪器仪表,2,test-measurement-lcsc-12300,,active,B
CAT-0477,高压探头,高压探头,仪器仪表,2,test-measurement-lcsc-12301,,active,B
CAT-0478,测试夹,测试夹,仪器仪表,2,test-measurement-lcsc-12303,,active,B
CAT-0479,高压棒,高压棒,仪器仪表,2,test-measurement-lcsc-12306,,active,B
CAT-0480,其它仪器配件,其它仪器配件,仪器仪表,2,test-measurement-lcsc-12310,,active,B
CAT-0481,电源,电源,仪器仪表,2,test-measurement-lcsc-12311,,active,B
CAT-0482,电子测试附件,电子测试附件,仪器仪表,2,test-measurement-lcsc-12312,,active,B
CAT-0483,频谱分析仪,频谱分析仪,仪器仪表,2,test-measurement-lcsc-12313,,active,B
CAT-0484,可编程电源,可编程电源,仪器仪表,2,test-measurement-lcsc-12315,,active,B
CAT-0485,信号发生器,信号发生器,仪器仪表,2,test-measurement-lcsc-12316,,active,B
CAT-0486,经纬仪,经纬仪,仪器仪表,2,test-measurement-lcsc-12317,,active,B
CAT-0487,水准仪,水准仪,仪器仪表,2,test-measurement-lcsc-12319,,active,B
CAT-0488,测距仪,测距仪,仪器仪表,2,test-measurement-lcsc-12320,,active,B
CAT-0489,温度校正器,温度校正器,仪器仪表,2,test-measurement-lcsc-12322,,active,B
CAT-0490,风速计,风速计,仪器仪表,2,test-measurement-lcsc-12323,,active,B
CAT-0491,噪音计,噪音计,仪器仪表,2,test-measurement-lcsc-12325,,active,B
CAT-0492,温湿度计,温湿度计,仪器仪表,2,test-measurement-lcsc-12326,,active,B
CAT-0493,超声波清洗机,超声波清洗机,仪器仪表,2,test-measurement-lcsc-12327,,active,B
CAT-0494,测厚仪,测厚仪,仪器仪表,2,test-measurement-lcsc-12328,,active,B
CAT-0495,硬度计,硬度计,仪器仪表,2,test-measurement-lcsc-12329,,active,B
CAT-0496,流量计,流量计,仪器仪表,2,test-measurement-lcsc-12493,,active,B
CAT-0497,钳形表,钳形表,仪器仪表,2,test-measurement-lcsc-12593,,active,B
CAT-0498,测温仪,测温仪,仪器仪表,2,test-measurement-lcsc-12595,,active,B
CAT-0499,其它测试仪,其它测试仪,仪器仪表,2,test-measurement-lcsc-12607,,active,B
CAT-0500,测水仪,测水仪,仪器仪表,2,test-measurement-lcsc-12626,,active,B
CAT-0501,测速仪,测速仪,仪器仪表,2,test-measurement-lcsc-12628,,active,B
CAT-0502,胎压计,胎压计,仪器仪表,2,test-measurement-lcsc-12629,,active,B
CAT-0503,测力计,测力计,仪器仪表,2,test-measurement-lcsc-12631,,active,B
CAT-0504,直流稳压电源,直流稳压电源,仪器仪表,2,test-measurement-lcsc-12659,,active,B
CAT-0505,红外热成像仪,红外热成像仪,仪器仪表,2,test-measurement-lcsc-12661,,active,B
CAT-0506,其它实验仪器/设备,其它实验仪器/设备,仪器仪表,2,test-measurement-lcsc-12668,,active,B
CAT-0507,绝缘电阻测量仪,绝缘电阻测量仪,仪器仪表,2,test-measurement-lcsc-12669,,active,B
CAT-0508,高阻计,高阻计,仪器仪表,2,test-measurement-lcsc-12674,,active,B
CAT-0509,脉冲线圈测试仪,脉冲线圈测试仪,仪器仪表,2,test-measurement-lcsc-12675,,active,B
CAT-0510,静电放电发生器,静电放电发生器,仪器仪表,2,test-measurement-lcsc-12678,,active,B
CAT-0511,粗糙度计,粗糙度计,仪器仪表,2,test-measurement-lcsc-12689,,active,B
CAT-0512,光泽度计,光泽度计,仪器仪表,2,test-measurement-lcsc-12690,,active,B
CAT-0513,密度计,密度计,仪器仪表,2,test-measurement-lcsc-12691,,active,B
CAT-0514,红光激光笔,红光激光笔,仪器仪表,2,test-measurement-lcsc-12693,,active,B
CAT-0515,网络测试仪,网络测试仪,仪器仪表,2,test-measurement-lcsc-12695,,active,B
CAT-0516,网络寻线仪,网络寻线仪,仪器仪表,2,test-measurement-lcsc-12696,,active,B
CAT-0517,照度计,照度计,仪器仪表,2,test-measurement-lcsc-12697,,active,B
CAT-0518,甲醛检测仪,甲醛检测仪,仪器仪表,2,test-measurement-lcsc-12698,,active,B
CAT-0519,PM2.5检测仪,PM2.5检测仪,仪器仪表,2,test-measurement-pm2-5,,active,B
CAT-0520,功率计,功率计,仪器仪表,2,test-measurement-lcsc-12700,,active,B
CAT-0521,显微镜,显微镜,仪器仪表,2,test-measurement-lcsc-12701,,active,B
CAT-0522,转速表/转速计,转速表/转速计,仪器仪表,2,test-measurement-lcsc-12703,,active,B
CAT-0523,转向仪,转向仪,仪器仪表,2,test-measurement-lcsc-12704,,active,B
CAT-0524,测振仪,测振仪,仪器仪表,2,test-measurement-lcsc-12706,,active,B
CAT-0525,电桥,电桥,仪器仪表,2,test-measurement-lcsc-12714,,active,B
CAT-0526,探测仪,探测仪,仪器仪表,2,test-measurement-lcsc-12718,,active,B
CAT-0527,扭矩测试仪,扭矩测试仪,仪器仪表,2,test-measurement-lcsc-12770,,active,B
CAT-0528,识别仪,识别仪,仪器仪表,2,test-measurement-lcsc-12935,,active,B
CAT-0529,验电器,验电器,仪器仪表,2,test-measurement-lcsc-12937,,active,B
CAT-0530,点胶机,点胶机,仪器仪表,2,test-measurement-lcsc-13002,,active,B
CAT-0531,监测仪,监测仪,仪器仪表,2,test-measurement-lcsc-13003,,active,B
CAT-0532,探伤仪,探伤仪,仪器仪表,2,test-measurement-lcsc-13006,,active,B
CAT-0533,人体综合测试仪,人体综合测试仪,仪器仪表,2,test-measurement-lcsc-13007,,active,B
CAT-0534,粉尘检测仪,粉尘检测仪,仪器仪表,2,test-measurement-lcsc-13008,,active,B
CAT-0535,辐射测量仪,辐射测量仪,仪器仪表,2,test-measurement-lcsc-13009,,active,B
CAT-0536,测油仪,测油仪,仪器仪表,2,test-measurement-lcsc-13010,,active,B
CAT-0537,离子棒,离子棒,仪器仪表,2,test-measurement-lcsc-13011,,active,B
CAT-0538,对刀器,对刀器,仪器仪表,2,test-measurement-lcsc-13012,,active,B
CAT-0539,探伤仪附件,探伤仪附件,仪器仪表,2,test-measurement-lcsc-13013,,active,B
CAT-0540,机械故障听诊器,机械故障听诊器,仪器仪表,2,test-measurement-lcsc-13014,,active,B
CAT-0541,镶嵌机,镶嵌机,仪器仪表,2,test-measurement-lcsc-13015,,active,B
CAT-0542,吸油机,吸油机,仪器仪表,2,test-measurement-lcsc-13016,,active,B
CAT-0543,烟尘净化器,烟尘净化器,仪器仪表,2,test-measurement-lcsc-13017,,active,B
CAT-0544,混合仪,混合仪,仪器仪表,2,test-measurement-lcsc-13018,,active,B
CAT-0545,试验箱,试验箱,仪器仪表,2,test-measurement-lcsc-13019,,active,B
CAT-0546,干燥机,干燥机,仪器仪表,2,test-measurement-lcsc-13021,,active,B
CAT-0547,PH计,PH计,仪器仪表,2,test-measurement-ph,,active,B
CAT-0548,蒸馏器,蒸馏器,仪器仪表,2,test-measurement-lcsc-13023,,active,B
CAT-0549,粉碎机/研磨机,粉碎机/研磨机,仪器仪表,2,test-measurement-lcsc-13024,,active,B
CAT-0550,光纤熔接机,光纤熔接机,仪器仪表,2,test-measurement-lcsc-13025,,active,B
CAT-0551,螺丝整理机,螺丝整理机,仪器仪表,2,test-measurement-lcsc-13026,,active,B
CAT-0552,离心机,离心机,仪器仪表,2,test-measurement-lcsc-13028,,active,B
CAT-0553,消解仪,消解仪,仪器仪表,2,test-measurement-lcsc-13029,,active,B
CAT-0554,静电消除器,静电消除器,仪器仪表,2,test-measurement-lcsc-13030,,active,B
CAT-0555,试验机,试验机,仪器仪表,2,test-measurement-lcsc-13032,,active,B
CAT-0556,气体发生器,气体发生器,仪器仪表,2,test-measurement-lcsc-13037,,active,B
CAT-0557,分析仪,分析仪,仪器仪表,2,test-measurement-lcsc-13043,,active,B
CAT-0558,测试笔,测试笔,仪器仪表,2,test-measurement-lcsc-13044,,active,B
CAT-0559,萃取仪,萃取仪,仪器仪表,2,test-measurement-lcsc-13045,,active,B
CAT-0560,加热器,加热器,仪器仪表,2,test-measurement-lcsc-13047,,active,B
CAT-0561,离子计,离子计,仪器仪表,2,test-measurement-lcsc-13048,,active,B
CAT-0562,电导仪,电导仪,仪器仪表,2,test-measurement-lcsc-13049,,active,B
CAT-0563,折射仪,折射仪,仪器仪表,2,test-measurement-lcsc-13050,,active,B
CAT-0564,白度仪,白度仪,仪器仪表,2,test-measurement-lcsc-13051,,active,B
CAT-0565,制冰机,制冰机,仪器仪表,2,test-measurement-lcsc-13053,,active,B
CAT-0566,氮吹仪,氮吹仪,仪器仪表,2,test-measurement-lcsc-13054,,active,B
CAT-0567,振荡水槽,振荡水槽,仪器仪表,2,test-measurement-lcsc-13056,,active,B
CAT-0568,净化系统,净化系统,仪器仪表,2,test-measurement-lcsc-13058,,active,B
CAT-0569,计数器,计数器,仪器仪表,2,test-measurement-lcsc-13059,,active,B
CAT-0570,频闪仪,频闪仪,仪器仪表,2,test-measurement-lcsc-13060,,active,B
CAT-0571,扭矩扳手检定仪,扭矩扳手检定仪,仪器仪表,2,test-measurement-lcsc-13061,,active,B
CAT-0572,差压仪,差压仪,仪器仪表,2,test-measurement-lcsc-13062,,active,B
CAT-0573,检测仪,检测仪,仪器仪表,2,test-measurement-lcsc-13066,,active,B
CAT-0574,粘度计,粘度计,仪器仪表,2,test-measurement-lcsc-13067,,active,B
CAT-0575,同心度仪,同心度仪,仪器仪表,2,test-measurement-lcsc-13068,,active,B
CAT-0576,信号发生器校验仪,信号发生器校验仪,仪器仪表,2,test-measurement-lcsc-13069,,active,B
CAT-0577,检查仪,检查仪,仪器仪表,2,test-measurement-lcsc-13070,,active,B
CAT-0578,测高仪/高度计,测高仪/高度计,仪器仪表,2,test-measurement-lcsc-13073,,active,B
CAT-0579,浊度计,浊度计,仪器仪表,2,test-measurement-lcsc-13074,,active,B
CAT-0580,超声波物位计,超声波物位计,仪器仪表,2,test-measurement-lcsc-13077,,active,B
CAT-0581,摩擦系数测定仪,摩擦系数测定仪,仪器仪表,2,test-measurement-lcsc-13078,,active,B
CAT-0582,压缩阻抗测定仪,压缩阻抗测定仪,仪器仪表,2,test-measurement-lcsc-13079,,active,B
CAT-0583,色差仪,色差仪,仪器仪表,2,test-measurement-lcsc-13080,,active,B
CAT-0584,雾度计,雾度计,仪器仪表,2,test-measurement-lcsc-13081,,active,B
CAT-0585,电感测微仪,电感测微仪,仪器仪表,2,test-measurement-lcsc-13083,,active,B
CAT-0586,糖度计,糖度计,仪器仪表,2,test-measurement-lcsc-13084,,active,B
CAT-0587,酒精浓度计,酒精浓度计,仪器仪表,2,test-measurement-lcsc-13085,,active,B
CAT-0588,自动拧螺母机,自动拧螺母机,仪器仪表,2,test-measurement-lcsc-13088,,active,B
CAT-0589,防雷专用电阻,防雷专用电阻,仪器仪表,2,test-measurement-lcsc-13092,,active,B
CAT-0590,复合材料粘接检测仪,复合材料粘接检测仪,仪器仪表,2,test-measurement-lcsc-13095,,active,B
CAT-0591,静电测试仪,静电测试仪,仪器仪表,2,test-measurement-lcsc-13097,,active,B
CAT-0592,工业平板电脑,工业平板电脑,仪器仪表,2,test-measurement-lcsc-13098,,active,B
CAT-0593,生物医学仪器,生物医学仪器,仪器仪表,2,test-measurement-lcsc-13099,,active,B
CAT-0594,坡口机,坡口机,仪器仪表,2,test-measurement-lcsc-13100,,active,B
CAT-0595,贴标机,贴标机,仪器仪表,2,test-measurement-lcsc-13101,,active,B
CAT-0596,自动束带机,自动束带机,仪器仪表,2,test-measurement-lcsc-13102,,active,B
CAT-0597,超声波液位计,超声波液位计,仪器仪表,2,test-measurement-lcsc-13147,,active,B
CAT-0598,离子喷嘴,离子喷嘴,仪器仪表,2,test-measurement-lcsc-13149,,active,B
CAT-0599,离子电源,离子电源,仪器仪表,2,test-measurement-lcsc-13150,,active,B
CAT-0600,电阻测量仪,电阻测量仪,仪器仪表,2,test-measurement-lcsc-13151,,active,B
CAT-0601,释放仪,释放仪,仪器仪表,2,test-measurement-lcsc-13152,,active,B
CAT-0602,报警仪,报警仪,仪器仪表,2,test-measurement-lcsc-13153,,active,B
CAT-0603,喷头,喷头,仪器仪表,2,test-measurement-lcsc-13155,,active,B
CAT-0604,电阻探头,电阻探头,仪器仪表,2,test-measurement-lcsc-13156,,active,B
CAT-0605,电压表,电压表,仪器仪表,2,test-measurement-lcsc-13555,,active,B
CAT-0606,电能表,电能表,仪器仪表,2,test-measurement-lcsc-13556,,active,B
CAT-0607,功率表,功率表,仪器仪表,2,test-measurement-lcsc-13557,,active,B
CAT-0608,功率因数表,功率因数表,仪器仪表,2,test-measurement-lcsc-13558,,active,B
CAT-0609,频率表,频率表,仪器仪表,2,test-measurement-lcsc-13559,,active,B
CAT-0610,多功能电力仪表,多功能电力仪表,仪器仪表,2,test-measurement-lcsc-13560,,active,B
CAT-0611,万用表,万用表,仪器仪表,2,test-measurement-lcsc-13563,,active,B
CAT-0612,伏安表,伏安表,仪器仪表,2,test-measurement-lcsc-13565,,active,B
CAT-0613,核相仪,核相仪,仪器仪表,2,test-measurement-lcsc-13566,,active,B
CAT-0614,相序表,相序表,仪器仪表,2,test-measurement-lcsc-13567,,active,B
CAT-0615,电流表,电流表,仪器仪表,2,test-measurement-lcsc-13568,,active,B
CAT-0616,安规测试仪,安规测试仪,仪器仪表,2,test-measurement-lcsc-13572,,active,B
CAT-0617,表笔,表笔,仪器仪表,2,test-measurement-lcsc-13581,,active,B
CAT-0618,示波器,示波器,仪器仪表,2,test-measurement-lcsc-13585,,active,B
CAT-0619,管道测堵仪,管道测堵仪,仪器仪表,2,test-measurement-lcsc-13594,,active,B
CAT-0620,泥位计,泥位计,仪器仪表,2,test-measurement-lcsc-13688,,active,B
CAT-0621,水质测定仪,水质测定仪,仪器仪表,2,test-measurement-lcsc-13692,,active,B
CAT-0622,阻旋料位控制器,阻旋料位控制器,仪器仪表,2,test-measurement-lcsc-13709,,active,B
CAT-0623,晴雨表,晴雨表,仪器仪表,2,test-measurement-lcsc-13722,,active,B
CAT-0624,执法记录仪,执法记录仪,仪器仪表,2,test-measurement-lcsc-13797,,active,B
CAT-0625,压力控制器,压力控制器,仪器仪表,2,test-measurement-lcsc-13833,,active,B
CAT-0626,镜头模组,镜头模组,仪器仪表,2,test-measurement-lcsc-13849,,active,B
CAT-0627,USB测试仪,USB测试仪,仪器仪表,2,test-measurement-usb,,active,B
CAT-0628,冷媒检测仪,冷媒检测仪,仪器仪表,2,test-measurement-lcsc-13911,,active,B
CAT-0629,夜视仪,夜视仪,仪器仪表,2,test-measurement-lcsc-13917,,active,B
CAT-0630,欧姆计,欧姆计,仪器仪表,2,test-measurement-lcsc-13925,,active,B
CAT-0631,红外热成像仪配件,红外热成像仪配件,仪器仪表,2,test-measurement-lcsc-13926,,active,B
CAT-0632,拉力计,拉力计,仪器仪表,2,test-measurement-lcsc-13945,,active,B
CAT-0633,数据采集仪,数据采集仪,仪器仪表,2,test-measurement-lcsc-13988,,active,B
CAT-0634,显微镜配件,显微镜配件,仪器仪表,2,test-measurement-lcsc-13990,,active,B
CAT-0635,测温纸,测温纸,仪器仪表,2,test-measurement-lcsc-14118,,active,B
CAT-0636,导电银浆,导电银浆,仪器仪表,2,test-measurement-lcsc-956,,active,B
CAT-0637,线材综合测试仪,线材综合测试仪,仪器仪表,2,test-measurement-lcsc-14634,,active,B
CAT-0638,电子负载,电子负载,仪器仪表,2,test-measurement-lcsc-11199,,active,B
CAT-0639,逻辑分析仪,逻辑分析仪,仪器仪表,2,test-measurement-lcsc-11200,,active,B
CAT-0640,其它仪表,其它仪表,仪器仪表,2,test-measurement-lcsc-11208,,active,B
CAT-0641,驻极体性能测试仪,驻极体性能测试仪,仪器仪表,2,test-measurement-lcsc-14062,,active,B
CAT-0642,嘉立创专用仪器,嘉立创专用仪器,仪器仪表,2,test-measurement-lcsc-14082,,active,B
CAT-0643,温感贴片,温感贴片,仪器仪表,2,test-measurement-lcsc-14119,,active,B
CAT-0644,声校准器,声校准器,仪器仪表,2,test-measurement-lcsc-14202,,active,B
CAT-0645,电容表,电容表,仪器仪表,2,test-measurement-lcsc-14203,,active,B
CAT-0646,烙铁综合测试仪,烙铁综合测试仪,仪器仪表,2,test-measurement-lcsc-14445,,active,B
CAT-0647,烙铁测温仪,烙铁测温仪,仪器仪表,2,test-measurement-lcsc-14446,,active,B
CAT-0648,烙铁测试仪配件,烙铁测试仪配件,仪器仪表,2,test-measurement-lcsc-14447,,active,B
CAT-0649,三坐标测针,三坐标测针,仪器仪表,2,test-measurement-lcsc-14542,,active,B
CAT-0650,声学成像仪,声学成像仪,仪器仪表,2,test-measurement-lcsc-14612,,active,B
CAT-0651,高斯计,高斯计,仪器仪表,2,test-measurement-lcsc-14633,,active,B
CAT-0652,机床测头,机床测头,仪器仪表,2,test-measurement-lcsc-14729,,active,B
CAT-0653,电压探头,电压探头,仪器仪表,2,test-measurement-lcsc-14730,,active,B
CAT-0654,测试探头,测试探头,仪器仪表,2,test-measurement-lcsc-14732,,active,B
CAT-0655,电极探头,电极探头,仪器仪表,2,test-measurement-lcsc-14733,,active,B
CAT-0656,近场探头,近场探头,仪器仪表,2,test-measurement-lcsc-14734,,active,B
CAT-0657,温度探头,温度探头,仪器仪表,2,test-measurement-lcsc-14736,,active,B
CAT-0658,温湿度探头,温湿度探头,仪器仪表,2,test-measurement-lcsc-14737,,active,B
CAT-0659,烟气探头,烟气探头,仪器仪表,2,test-measurement-lcsc-14738,,active,B
CAT-0660,真空探头,真空探头,仪器仪表,2,test-measurement-lcsc-14739,,active,B
CAT-0661,电子工具/仪器/耗材,Test & Measurement,,1,test-measurement-440,,active,A
CAT-0662,预售新品,预售新品,电子工具/仪器/耗材,2,test-measurement-lcsc-11171,,active,B
CAT-0663,其他,其他,电子工具/仪器/耗材,2,test-measurement-lcsc-965,,active,B
CAT-0664,电烙铁/烙铁头,电烙铁/烙铁头,其他,3,test-measurement-lcsc-11538,,active,B
CAT-0665,吸锡器/吸锡线,吸锡器/吸锡线,其他,3,test-measurement-lcsc-11526,,active,B
CAT-0666,焊台,焊台,其他,3,test-measurement-lcsc-12055,,active,B
CAT-0667,镊子,镊子,其他,3,test-measurement-lcsc-11486,,active,B
CAT-0668,防静电手环,防静电手环,其他,3,test-measurement-lcsc-12649,,active,B
CAT-0669,剥线钳,剥线钳,其他,3,test-measurement-lcsc-11546,,active,B
CAT-0670,电子维修套装,电子维修套装,其他,3,test-measurement-lcsc-11900,,active,B
CAT-0671,熔锡炉,熔锡炉,其他,3,test-measurement-lcsc-12060,,active,B
CAT-0672,热风拆焊台,热风拆焊台,其他,3,test-measurement-lcsc-12059,,active,B
CAT-0673,离子风机,离子风机,其他,3,test-measurement-lcsc-12057,,active,B
CAT-0674,烙铁架,烙铁架,其他,3,test-measurement-lcsc-12056,,active,B
CAT-0675,螺丝批套装,螺丝批套装,其他,3,test-measurement-lcsc-11598,,active,B
CAT-0676,电缆钳/网线钳,电缆钳/网线钳,其他,3,test-measurement-lcsc-11544,,active,B
CAT-0677,压线钳,压线钳,其他,3,test-measurement-lcsc-11543,,active,B
CAT-0678,水口钳,水口钳,其他,3,test-measurement-lcsc-11973,,active,B
CAT-0679,斜嘴钳,斜嘴钳,其他,3,test-measurement-lcsc-11547,,active,B
CAT-0680,麻花钻头,麻花钻头,其他,3,test-measurement-lcsc-12121,,active,B
CAT-0681,电讯工具套装,电讯工具套装,其他,3,test-measurement-lcsc-11895,,active,B
CAT-0682,钻头套装,钻头套装,其他,3,test-measurement-lcsc-11903,,active,B
CAT-0683,卷尺,卷尺,其他,3,test-measurement-lcsc-11532,,active,B
CAT-0684,电动螺丝批,电动螺丝批,其他,3,test-measurement-lcsc-12801,,active,B
CAT-0685,气动螺丝批,气动螺丝批,其他,3,test-measurement-lcsc-12802,,active,B
CAT-0686,热熔胶棒,热熔胶棒,其他,3,test-measurement-lcsc-12112,,active,B
CAT-0687,热熔胶枪,热熔胶枪,其他,3,test-measurement-lcsc-12642,,active,B
CAT-0688,发热芯,发热芯,其他,3,test-measurement-lcsc-12713,,active,B
CAT-0689,热风枪/吹风机,热风枪/吹风机,其他,3,test-measurement-lcsc-11539,,active,B
CAT-0690,绝缘镊子,绝缘镊子,其他,3,test-measurement-lcsc-12159,,active,B
CAT-0691,离子风蛇,离子风蛇,其他,3,test-measurement-lcsc-12768,,active,B
CAT-0692,防静电刷子,防静电刷子,其他,3,test-measurement-lcsc-12162,,active,B
CAT-0693,工具包,工具包,其他,3,test-measurement-lcsc-11521,,active,B
CAT-0694,工具箱,工具箱,其他,3,test-measurement-lcsc-12147,,active,B
CAT-0695,水平尺,水平尺,其他,3,test-measurement-lcsc-12046,,active,B
CAT-0696,测电笔,测电笔,其他,3,test-measurement-lcsc-951,,active,B
CAT-0697,元件盒,元件盒,其他,3,test-measurement-lcsc-12524,,active,B
CAT-0698,钳形表,钳形表,其他,3,test-measurement-lcsc-12593-12593,,active,B
CAT-0699,电源,电源,其他,3,test-measurement-lcsc-12311-12311,,active,B
CAT-0700,电子测试附件,电子测试附件,其他,3,test-measurement-lcsc-12312-12312,,active,B
CAT-0701,测试仪,测试仪,其他,3,test-measurement-lcsc-12607-12607,,active,B
CAT-0702,超声波清洗机,超声波清洗机,其他,3,test-measurement-lcsc-12327-12327,,active,B
CAT-0703,逻辑分析仪,逻辑分析仪,其他,3,test-measurement-lcsc-11200-11200,,active,B
CAT-0704,显微镜,显微镜,其他,3,test-measurement-lcsc-12701-12701,,active,B
CAT-0705,电流探头,电流探头,其他,3,test-measurement-lcsc-12299-12299,,active,B
CAT-0706,测试夹,测试夹,其他,3,test-measurement-lcsc-12303-12303,,active,B
CAT-0707,熔断器/电流保护器,熔断器/电流保护器,其他,3,test-measurement-lcsc-11150,,active,B
CAT-0708,锡丝/锡线,锡丝/锡线,其他,3,test-measurement-lcsc-12509,,active,B
CAT-0709,锡膏/锡浆,锡膏/锡浆,其他,3,test-measurement-lcsc-12510,,active,B
CAT-0710,助焊剂/助焊膏,助焊剂/助焊膏,其他,3,test-measurement-lcsc-11525,,active,B
CAT-0711,散热板/散热片,散热板/散热片,其他,3,test-measurement-lcsc-441,,active,B
CAT-0712,热缩管,热缩管,其他,3,test-measurement-lcsc-964,,active,B
CAT-0713,电池,电池,其他,3,test-measurement-lcsc-11549,,active,B
CAT-0714,工业胶带,工业胶带,其他,3,test-measurement-lcsc-12503,,active,B
CAT-0715,电池附件,电池附件,其他,3,test-measurement-lcsc-12470,,active,B
CAT-0716,金属胶带,金属胶带,其他,3,test-measurement-lcsc-12504,,active,B
CAT-0717,双面胶,双面胶,其他,3,test-measurement-lcsc-968,,active,B
CAT-0718,自封袋/平口袋,自封袋/平口袋,其他,3,test-measurement-lcsc-12280,,active,B
CAT-0719,通用胶水/胶棒,通用胶水/胶棒,其他,3,test-measurement-lcsc-12511,,active,B
CAT-0720,导热胶,导热胶,其他,3,test-measurement-lcsc-12517,,active,B
CAT-0721,扎带,扎带,其他,3,test-measurement-lcsc-11371,,active,B
CAT-0722,焊锡球,焊锡球,其他,3,test-measurement-lcsc-12728,,active,B
CAT-0723,屏蔽夹,屏蔽夹,其他,3,test-measurement-lcsc-11852,,active,B
CAT-0724,贴片圆螺母,贴片圆螺母,其他,3,test-measurement-lcsc-11790,,active,B
CAT-0725,扣式磁环,扣式磁环,其他,3,test-measurement-lcsc-13523,,active,B
CAT-0726,螺柱&螺杆,螺柱&螺杆,其他,3,test-measurement-lcsc-13553,,active,B
CAT-0727,电钻/起子机,电钻/起子机,其他,3,test-measurement-lcsc-11984,,active,B
CAT-0728,钢丝钳,钢丝钳,其他,3,test-measurement-lcsc-11545,,active,B
CAT-0729,金手指胶带,金手指胶带,其他,3,test-measurement-lcsc-13617,,active,B
CAT-0730,真空吸笔,真空吸笔,其他,3,test-measurement-lcsc-12064,,active,B
CAT-0731,电子剪切钳,电子剪切钳,其他,3,test-measurement-lcsc-12151,,active,B
CAT-0732,方案验证板,Development Tools & Boards,,1,development-tools-boards-11232,,active,A
CAT-0733,电源类验证板,电源类验证板,方案验证板,2,development-tools-boards-lcsc-11233,,active,B
CAT-0734,MCU类验证板,MCU类验证板,方案验证板,2,development-tools-boards-mcu,,active,B
CAT-0735,传感器类验证板,传感器类验证板,方案验证板,2,development-tools-boards-lcsc-11235,,active,B
CAT-0736,专用功能芯片验证板,专用功能芯片验证板,方案验证板,2,development-tools-boards-lcsc-11236,,active,B
CAT-0737,模拟类验证板,模拟类验证板,方案验证板,2,development-tools-boards-lcsc-11237,,active,B
CAT-0738,数字类验证板,数字类验证板,方案验证板,2,development-tools-boards-lcsc-11238,,active,B
CAT-0739,立创服务,立创服务,方案验证板,2,development-tools-boards-lcsc-13742,,active,B
CAT-0740,车床及配件,Industrial & Mechanical,,1,industrial-mechanical,,active,A
CAT-0741,机械配件,机械配件,车床及配件,2,industrial-mechanical-lcsc-11433,,active,B
CAT-0742,导轨/滑块,导轨/滑块,车床及配件,2,industrial-mechanical-lcsc-11437,,active,B
CAT-0743,车床,车床,车床及配件,2,industrial-mechanical-lcsc-11438,,active,B
CAT-0744,手用丝锥,手用丝锥,车床及配件,2,industrial-mechanical-lcsc-12166,,active,B
CAT-0745,机用丝锥,机用丝锥,车床及配件,2,industrial-mechanical-lcsc-12167,,active,B
CAT-0746,丝锥绞手,丝锥绞手,车床及配件,2,industrial-mechanical-lcsc-12168,,active,B
CAT-0747,丝锥套件,丝锥套件,车床及配件,2,industrial-mechanical-lcsc-12169,,active,B
CAT-0748,钻夹头,钻夹头,车床及配件,2,industrial-mechanical-lcsc-12170,,active,B
CAT-0749,圆板牙,圆板牙,车床及配件,2,industrial-mechanical-lcsc-12171,,active,B
CAT-0750,磁性座喷水管,磁性座喷水管,车床及配件,2,industrial-mechanical-lcsc-12929,,active,B
CAT-0751,机用板牙,机用板牙,车床及配件,2,industrial-mechanical-lcsc-12930,,active,B
CAT-0752,传动链条,传动链条,车床及配件,2,industrial-mechanical-lcsc-13395,,active,B
CAT-0753,工业皮带,工业皮带,车床及配件,2,industrial-mechanical-lcsc-13686,,active,B
CAT-0754,发电机,发电机,车床及配件,2,industrial-mechanical-lcsc-13763,,active,B
CAT-0755,丝杆螺母,丝杆螺母,车床及配件,2,industrial-mechanical-lcsc-13883,,active,B
CAT-0756,成型器,成型器,车床及配件,2,industrial-mechanical-lcsc-13938,,active,B
CAT-0757,跨桥,跨桥,车床及配件,2,industrial-mechanical-lcsc-13939,,active,B
CAT-0758,线切割压板,线切割压板,车床及配件,2,industrial-mechanical-lcsc-13940,,active,B
CAT-0759,气动攻牙机,气动攻牙机,车床及配件,2,industrial-mechanical-lcsc-13941,,active,B
CAT-0760,V形块,V形块,车床及配件,2,industrial-mechanical-v,,active,B
CAT-0761,分度器,分度器,车床及配件,2,industrial-mechanical-lcsc-13949,,active,B
CAT-0762,永磁吸盘,永磁吸盘,车床及配件,2,industrial-mechanical-lcsc-13950,,active,B
CAT-0763,真空吸盘,真空吸盘,车床及配件,2,industrial-mechanical-lcsc-13951,,active,B
CAT-0764,正弦台,正弦台,车床及配件,2,industrial-mechanical-lcsc-13952,,active,B
CAT-0765,延伸夹具,延伸夹具,车床及配件,2,industrial-mechanical-lcsc-13953,,active,B
CAT-0766,脱磁器,脱磁器,车床及配件,2,industrial-mechanical-lcsc-13954,,active,B
CAT-0767,磁性吸块,磁性吸块,车床及配件,2,industrial-mechanical-lcsc-13959,,active,B
CAT-0768,安全操作器,安全操作器,车床及配件,2,industrial-mechanical-lcsc-13960,,active,B
CAT-0769,螺栓拉杆,螺栓拉杆,车床及配件,2,industrial-mechanical-lcsc-13961,,active,B
CAT-0770,卡盘,卡盘,车床及配件,2,industrial-mechanical-lcsc-13962,,active,B
CAT-0771,旋转盘,旋转盘,车床及配件,2,industrial-mechanical-lcsc-13965,,active,B
CAT-0772,铣床夹头,铣床夹头,车床及配件,2,industrial-mechanical-lcsc-13966,,active,B
CAT-0773,磁性除屑座,磁性除屑座,车床及配件,2,industrial-mechanical-lcsc-13967,,active,B
CAT-0774,锁刀座,锁刀座,车床及配件,2,industrial-mechanical-lcsc-13968,,active,B
CAT-0775,磁性笔,磁性笔,车床及配件,2,industrial-mechanical-lcsc-13970,,active,B
CAT-0776,磁性攻牙器,磁性攻牙器,车床及配件,2,industrial-mechanical-lcsc-13972,,active,B
CAT-0777,Z轴高度设定器,Z轴高度设定器,车床及配件,2,industrial-mechanical-z,,active,B
CAT-0778,Z轴配置器,Z轴配置器,车床及配件,2,industrial-mechanical-z-13974,,active,B
CAT-0779,丝攻夹头,丝攻夹头,车床及配件,2,industrial-mechanical-lcsc-13975,,active,B
CAT-0780,直角座,直角座,车床及配件,2,industrial-mechanical-lcsc-13976,,active,B
CAT-0781,级枕,级枕,车床及配件,2,industrial-mechanical-lcsc-13977,,active,B
CAT-0782,压板,压板,车床及配件,2,industrial-mechanical-lcsc-13978,,active,B
CAT-0783,顶尖/顶针,顶尖/顶针,车床及配件,2,industrial-mechanical-lcsc-13982,,active,B
CAT-0784,传动夹,传动夹,车床及配件,2,industrial-mechanical-lcsc-13983,,active,B
CAT-0785,磨刀机,磨刀机,车床及配件,2,industrial-mechanical-lcsc-13986,,active,B
CAT-0786,快换盘,快换盘,车床及配件,2,industrial-mechanical-lcsc-14069,,active,B
CAT-0787,气动夹爪,气动夹爪,车床及配件,2,industrial-mechanical-lcsc-14150,,active,B
CAT-0788,夹具模块,夹具模块,车床及配件,2,industrial-mechanical-lcsc-14157,,active,B
CAT-0789,带锯床,带锯床,车床及配件,2,industrial-mechanical-lcsc-14177,,active,B
CAT-0790,齿轮/滚轮,齿轮/滚轮,车床及配件,2,industrial-mechanical-lcsc-14663,,active,B
CAT-0791,气动/液压/管阀/泵,Industrial & Mechanical,,1,industrial-mechanical-11440,,active,A
CAT-0792,气动辅助件,气动辅助件,气动/液压/管阀/泵,2,industrial-mechanical-lcsc-11444,,active,B
CAT-0793,液压控制阀,液压控制阀,气动/液压/管阀/泵,2,industrial-mechanical-lcsc-11446,,active,B
CAT-0794,液压缸,液压缸,气动/液压/管阀/泵,2,industrial-mechanical-lcsc-11452,,active,B
CAT-0795,螺旋气管,螺旋气管,气动/液压/管阀/泵,2,industrial-mechanical-lcsc-11533,,active,B
CAT-0796,手动阀门,手动阀门,气动/液压/管阀/泵,2,industrial-mechanical-lcsc-11555,,active,B
CAT-0797,PVC给水配件,PVC给水配件,气动/液压/管阀/泵,2,industrial-mechanical-pvc,,active,B
CAT-0798,三通,三通,气动/液压/管阀/泵,2,industrial-mechanical-lcsc-11854,,active,B
CAT-0799,生料带,生料带,气动/液压/管阀/泵,2,industrial-mechanical-lcsc-11855,,active,B
CAT-0800,工业软管,工业软管,气动/液压/管阀/泵,2,industrial-mechanical-lcsc-11857,,active,B
CAT-0801,气动接头,气动接头,气动/液压/管阀/泵,2,industrial-mechanical-lcsc-11858,,active,B
CAT-0802,PU管,PU管,气动/液压/管阀/泵,2,industrial-mechanical-pu,,active,B
CAT-0803,快速接头,快速接头,气动/液压/管阀/泵,2,industrial-mechanical-lcsc-11860,,active,B
CAT-0804,PVC气管,PVC气管,气动/液压/管阀/泵,2,industrial-mechanical-pvc-11861,,active,B
CAT-0805,截止阀,截止阀,气动/液压/管阀/泵,2,industrial-mechanical-lcsc-11862,,active,B
CAT-0806,气控阀,气控阀,气动/液压/管阀/泵,2,industrial-mechanical-lcsc-11863,,active,B
CAT-0807,电磁阀,电磁阀,气动/液压/管阀/泵,2,industrial-mechanical-lcsc-11864,,active,B
CAT-0808,节流阀,节流阀,气动/液压/管阀/泵,2,industrial-mechanical-lcsc-11865,,active,B
CAT-0809,其它气缸,其它气缸,气动/液压/管阀/泵,2,industrial-mechanical-lcsc-11866,,active,B
CAT-0810,机械阀,机械阀,气动/液压/管阀/泵,2,industrial-mechanical-lcsc-11867,,active,B
CAT-0811,手阀,手阀,气动/液压/管阀/泵,2,industrial-mechanical-lcsc-11868,,active,B
CAT-0812,减压阀,减压阀,气动/液压/管阀/泵,2,industrial-mechanical-lcsc-11869,,active,B
CAT-0813,单向阀,单向阀,气动/液压/管阀/泵,2,industrial-mechanical-lcsc-11870,,active,B
CAT-0814,气动软管,气动软管,气动/液压/管阀/泵,2,industrial-mechanical-lcsc-12417,,active,B
CAT-0815,其它管材,其它管材,气动/液压/管阀/泵,2,industrial-mechanical-lcsc-12420,,active,B
CAT-0816,离心风机,离心风机,气动/液压/管阀/泵,2,industrial-mechanical-lcsc-12482,,active,B
CAT-0817,卡扣,卡扣,气动/液压/管阀/泵,2,industrial-mechanical-lcsc-12603,,active,B
CAT-0818,法兰连接板,法兰连接板,气动/液压/管阀/泵,2,industrial-mechanical-lcsc-12624,,active,B
CAT-0819,给油器,给油器,气动/液压/管阀/泵,2,industrial-mechanical-lcsc-12625,,active,B
CAT-0820,气动辅助件配件,气动辅助件配件,气动/液压/管阀/泵,2,industrial-mechanical-lcsc-12758,,active,B
CAT-0821,联件,联件,气动/液压/管阀/泵,2,industrial-mechanical-lcsc-12759,,active,B
CAT-0822,球阀,球阀,气动/液压/管阀/泵,2,industrial-mechanical-lcsc-12760,,active,B
CAT-0823,闸阀,闸阀,气动/液压/管阀/泵,2,industrial-mechanical-lcsc-12761,,active,B
CAT-0824,止回阀,止回阀,气动/液压/管阀/泵,2,industrial-mechanical-lcsc-12762,,active,B
CAT-0825,其它管件,其它管件,气动/液压/管阀/泵,2,industrial-mechanical-lcsc-12819,,active,B
CAT-0826,液压泵,液压泵,气动/液压/管阀/泵,2,industrial-mechanical-lcsc-12829,,active,B
CAT-0827,抽风机/排风机/通风机,抽风机/排风机/通风机,气动/液压/管阀/泵,2,industrial-mechanical-lcsc-12941,,active,B
CAT-0828,冷却液管,冷却液管,气动/液压/管阀/泵,2,industrial-mechanical-lcsc-12946,,active,B
CAT-0829,计量泵配件,计量泵配件,气动/液压/管阀/泵,2,industrial-mechanical-lcsc-12963,,active,B
CAT-0830,消音器,消音器,气动/液压/管阀/泵,2,industrial-mechanical-lcsc-12964,,active,B
CAT-0831,污水泵,污水泵,气动/液压/管阀/泵,2,industrial-mechanical-lcsc-12965,,active,B
CAT-0832,离心泵,离心泵,气动/液压/管阀/泵,2,industrial-mechanical-lcsc-12966,,active,B
CAT-0833,循环泵,循环泵,气动/液压/管阀/泵,2,industrial-mechanical-lcsc-12967,,active,B
CAT-0834,潜水泵,潜水泵,气动/液压/管阀/泵,2,industrial-mechanical-lcsc-12968,,active,B
CAT-0835,计量泵,计量泵,气动/液压/管阀/泵,2,industrial-mechanical-lcsc-12969,,active,B
CAT-0836,油泵,油泵,气动/液压/管阀/泵,2,industrial-mechanical-lcsc-12970,,active,B
CAT-0837,采样泵,采样泵,气动/液压/管阀/泵,2,industrial-mechanical-lcsc-12971,,active,B
CAT-0838,试压泵,试压泵,气动/液压/管阀/泵,2,industrial-mechanical-lcsc-12972,,active,B
CAT-0839,液压机,液压机,气动/液压/管阀/泵,2,industrial-mechanical-lcsc-12974,,active,B
CAT-0840,液压套装,液压套装,气动/液压/管阀/泵,2,industrial-mechanical-lcsc-12975,,active,B
CAT-0841,手动泵,手动泵,气动/液压/管阀/泵,2,industrial-mechanical-lcsc-12977,,active,B
CAT-0842,真空泵,真空泵,气动/液压/管阀/泵,2,industrial-mechanical-lcsc-12978,,active,B
CAT-0843,气缸附件,气缸附件,气动/液压/管阀/泵,2,industrial-mechanical-lcsc-13103,,active,B
CAT-0844,不锈钢管件,不锈钢管件,气动/液压/管阀/泵,2,industrial-mechanical-lcsc-13165,,active,B
CAT-0845,PVC管件,PVC管件,气动/液压/管阀/泵,2,industrial-mechanical-pvc-13166,,active,B
CAT-0846,其它水管,其它水管,气动/液压/管阀/泵,2,industrial-mechanical-lcsc-13178,,active,B
CAT-0847,PVC管,PVC管,气动/液压/管阀/泵,2,industrial-mechanical-pvc-13180,,active,B
CAT-0848,PPR阀门,PPR阀门,气动/液压/管阀/泵,2,industrial-mechanical-ppr,,active,B
CAT-0849,其他塑料阀门,其他塑料阀门,气动/液压/管阀/泵,2,industrial-mechanical-lcsc-13351,,active,B
CAT-0850,磁力泵,磁力泵,气动/液压/管阀/泵,2,industrial-mechanical-lcsc-13691,,active,B
CAT-0851,消火栓,消火栓,气动/液压/管阀/泵,2,industrial-mechanical-lcsc-13718,,active,B
CAT-0852,增压泵,增压泵,气动/液压/管阀/泵,2,industrial-mechanical-lcsc-13736,,active,B
CAT-0853,吹风机,吹风机,气动/液压/管阀/泵,2,industrial-mechanical-lcsc-13792,,active,B
CAT-0854,双轴气缸,双轴气缸,气动/液压/管阀/泵,2,industrial-mechanical-lcsc-13870,,active,B
CAT-0855,滑台气缸,滑台气缸,气动/液压/管阀/泵,2,industrial-mechanical-lcsc-13871,,active,B
CAT-0856,三轴气缸,三轴气缸,气动/液压/管阀/泵,2,industrial-mechanical-lcsc-13872,,active,B
CAT-0857,油压缓冲器,油压缓冲器,气动/液压/管阀/泵,2,industrial-mechanical-lcsc-13873,,active,B
CAT-0858,风幕机,风幕机,气动/液压/管阀/泵,2,industrial-mechanical-lcsc-13909,,active,B
CAT-0859,充气泵,充气泵,气动/液压/管阀/泵,2,industrial-mechanical-lcsc-13914,,active,B
CAT-0860,水表,水表,气动/液压/管阀/泵,2,industrial-mechanical-lcsc-13984,,active,B
CAT-0861,薄型气缸,薄型气缸,气动/液压/管阀/泵,2,industrial-mechanical-lcsc-14009,,active,B
CAT-0862,摆动气缸,摆动气缸,气动/液压/管阀/泵,2,industrial-mechanical-lcsc-14010,,active,B
CAT-0863,嘉立创专用管泵阀,嘉立创专用管泵阀,气动/液压/管阀/泵,2,industrial-mechanical-lcsc-14091,,active,B
CAT-0864,液压缓冲器,液压缓冲器,气动/液压/管阀/泵,2,industrial-mechanical-lcsc-14098,,active,B
CAT-0865,标准型气缸,标准型气缸,气动/液压/管阀/泵,2,industrial-mechanical-lcsc-14160,,active,B
CAT-0866,无杆气缸,无杆气缸,气动/液压/管阀/泵,2,industrial-mechanical-lcsc-14161,,active,B
CAT-0867,电磁阀底座,电磁阀底座,气动/液压/管阀/泵,2,industrial-mechanical-lcsc-14162,,active,B
CAT-0868,气缸维修包,气缸维修包,气动/液压/管阀/泵,2,industrial-mechanical-lcsc-14163,,active,B
CAT-0869,功能型气缸,功能型气缸,气动/液压/管阀/泵,2,industrial-mechanical-lcsc-14164,,active,B
CAT-0870,电磁阀线圈,电磁阀线圈,气动/液压/管阀/泵,2,industrial-mechanical-lcsc-14165,,active,B
CAT-0871,脚踏阀,脚踏阀,气动/液压/管阀/泵,2,industrial-mechanical-lcsc-14166,,active,B
CAT-0872,分气块,分气块,气动/液压/管阀/泵,2,industrial-mechanical-lcsc-14168,,active,B
CAT-0873,压力开关,压力开关,气动/液压/管阀/泵,2,industrial-mechanical-lcsc-14169,,active,B
CAT-0874,真空发生器,真空发生器,气动/液压/管阀/泵,2,industrial-mechanical-lcsc-14170,,active,B
CAT-0875,软管卷盘,软管卷盘,气动/液压/管阀/泵,2,industrial-mechanical-lcsc-14247,,active,B
CAT-0876,压缩机,压缩机,气动/液压/管阀/泵,2,industrial-mechanical-lcsc-14584,,active,B
CAT-0877,焊接用气管,焊接用气管,气动/液压/管阀/泵,2,industrial-mechanical-lcsc-14689,,active,B
CAT-0878,管道封堵器,管道封堵器,气动/液压/管阀/泵,2,industrial-mechanical-lcsc-14696,,active,B
CAT-0879,安全/消防,Industrial & Mechanical,,1,industrial-mechanical-11461,,active,A
CAT-0880,监控设备,监控设备,安全/消防,2,industrial-mechanical-lcsc-11465,,active,B
CAT-0881,化学品泄漏防护,化学品泄漏防护,安全/消防,2,industrial-mechanical-lcsc-11468,,active,B
CAT-0882,防撞条,防撞条,安全/消防,2,industrial-mechanical-lcsc-11560,,active,B
CAT-0883,安全警示标识,安全警示标识,安全/消防,2,industrial-mechanical-lcsc-12567,,active,B
CAT-0884,交通标识,交通标识,安全/消防,2,industrial-mechanical-lcsc-12568,,active,B
CAT-0885,管道标识,管道标识,安全/消防,2,industrial-mechanical-lcsc-12569,,active,B
CAT-0886,地贴警示标识,地贴警示标识,安全/消防,2,industrial-mechanical-lcsc-12570,,active,B
CAT-0887,OSHA标识,OSHA标识,安全/消防,2,industrial-mechanical-osha,,active,B
CAT-0888,安全文化宣传,安全文化宣传,安全/消防,2,industrial-mechanical-lcsc-12573,,active,B
CAT-0889,危险品标识,危险品标识,安全/消防,2,industrial-mechanical-lcsc-12574,,active,B
CAT-0890,仓储标识,仓储标识,安全/消防,2,industrial-mechanical-lcsc-12575,,active,B
CAT-0891,吊牌/标签,吊牌/标签,安全/消防,2,industrial-mechanical-lcsc-12576,,active,B
CAT-0892,国标标识,国标标识,安全/消防,2,industrial-mechanical-lcsc-12577,,active,B
CAT-0893,5S管理贴,5S管理贴,安全/消防,2,industrial-mechanical-5s,,active,B
CAT-0894,自发光标识,自发光标识,安全/消防,2,industrial-mechanical-lcsc-12579,,active,B
CAT-0895,消防安全标识,消防安全标识,安全/消防,2,industrial-mechanical-lcsc-12580,,active,B
CAT-0896,防汛用品,防汛用品,安全/消防,2,industrial-mechanical-lcsc-12581,,active,B
CAT-0897,反光背心/反光衣,反光背心/反光衣,安全/消防,2,industrial-mechanical-lcsc-12582,,active,B
CAT-0898,反光贴,反光贴,安全/消防,2,industrial-mechanical-lcsc-12583,,active,B
CAT-0899,告示牌/警戒带/警示柱/路锥,告示牌/警戒带/警示柱/路锥,安全/消防,2,industrial-mechanical-lcsc-12584,,active,B
CAT-0900,水上救生,水上救生,安全/消防,2,industrial-mechanical-lcsc-12585,,active,B
CAT-0901,洗眼器,洗眼器,安全/消防,2,industrial-mechanical-lcsc-12586,,active,B
CAT-0902,灭火毯,灭火毯,安全/消防,2,industrial-mechanical-lcsc-12589,,active,B
CAT-0903,灭火器,灭火器,安全/消防,2,industrial-mechanical-lcsc-12620,,active,B
CAT-0904,应急警示棒,应急警示棒,安全/消防,2,industrial-mechanical-lcsc-12623,,active,B
CAT-0905,手电筒/应急灯,手电筒/应急灯,安全/消防,2,industrial-mechanical-lcsc-12720,,active,B
CAT-0906,其它安保设备,其它安保设备,安全/消防,2,industrial-mechanical-lcsc-12804,,active,B
CAT-0907,油桶堆放架,油桶堆放架,安全/消防,2,industrial-mechanical-lcsc-12834,,active,B
CAT-0908,担架,担架,安全/消防,2,industrial-mechanical-lcsc-12835,,active,B
CAT-0909,静电消除设备,静电消除设备,安全/消防,2,industrial-mechanical-lcsc-12836,,active,B
CAT-0910,防坠落设备,防坠落设备,安全/消防,2,industrial-mechanical-lcsc-12837,,active,B
CAT-0911,防静电门禁,防静电门禁,安全/消防,2,industrial-mechanical-lcsc-12838,,active,B
CAT-0912,道闸,道闸,安全/消防,2,industrial-mechanical-lcsc-12839,,active,B
CAT-0913,锁具箱,锁具箱,安全/消防,2,industrial-mechanical-lcsc-12840,,active,B
CAT-0914,阀门锁,阀门锁,安全/消防,2,industrial-mechanical-lcsc-12841,,active,B
CAT-0915,缆锁,缆锁,安全/消防,2,industrial-mechanical-lcsc-12842,,active,B
CAT-0916,开关锁具,开关锁具,安全/消防,2,industrial-mechanical-lcsc-12843,,active,B
CAT-0917,安全组锁,安全组锁,安全/消防,2,industrial-mechanical-lcsc-12844,,active,B
CAT-0918,断路器锁,断路器锁,安全/消防,2,industrial-mechanical-lcsc-12845,,active,B
CAT-0919,插头锁,插头锁,安全/消防,2,industrial-mechanical-lcsc-12846,,active,B
CAT-0920,锁袋,锁袋,安全/消防,2,industrial-mechanical-lcsc-12847,,active,B
CAT-0921,手机存放挂板,手机存放挂板,安全/消防,2,industrial-mechanical-lcsc-12848,,active,B
CAT-0922,高空作业车,高空作业车,安全/消防,2,industrial-mechanical-lcsc-12849,,active,B
CAT-0923,脚手架,脚手架,安全/消防,2,industrial-mechanical-lcsc-12850,,active,B
CAT-0924,高空作业板,高空作业板,安全/消防,2,industrial-mechanical-lcsc-12851,,active,B
CAT-0925,安全警示灯,安全警示灯,安全/消防,2,industrial-mechanical-lcsc-12852,,active,B
CAT-0926,消防梯,消防梯,安全/消防,2,industrial-mechanical-lcsc-12854,,active,B
CAT-0927,灭火器箱,灭火器箱,安全/消防,2,industrial-mechanical-lcsc-12856,,active,B
CAT-0928,消防保护罩,消防保护罩,安全/消防,2,industrial-mechanical-lcsc-12857,,active,B
CAT-0929,应急包,应急包,安全/消防,2,industrial-mechanical-lcsc-12858,,active,B
CAT-0930,应急物品放置柜,应急物品放置柜,安全/消防,2,industrial-mechanical-lcsc-12860,,active,B
CAT-0931,救援三角架,救援三角架,安全/消防,2,industrial-mechanical-lcsc-12861,,active,B
CAT-0932,呼吸器,呼吸器,安全/消防,2,industrial-mechanical-lcsc-12862,,active,B
CAT-0933,消防水带,消防水带,安全/消防,2,industrial-mechanical-lcsc-13354,,active,B
CAT-0934,消防应急标志灯,消防应急标志灯,安全/消防,2,industrial-mechanical-lcsc-13355,,active,B
CAT-0935,声光报警器,声光报警器,安全/消防,2,industrial-mechanical-lcsc-13383,,active,B
CAT-0936,防腐胶带,防腐胶带,安全/消防,2,industrial-mechanical-lcsc-13632,,active,B
CAT-0937,气象风向袋,气象风向袋,安全/消防,2,industrial-mechanical-lcsc-13633,,active,B
CAT-0938,防火泥,防火泥,安全/消防,2,industrial-mechanical-lcsc-13695,,active,B
CAT-0939,防暴棍,防暴棍,安全/消防,2,industrial-mechanical-lcsc-13699,,active,B
CAT-0940,防爆套装,防爆套装,安全/消防,2,industrial-mechanical-lcsc-13700,,active,B
CAT-0941,洗眼液,洗眼液,安全/消防,2,industrial-mechanical-lcsc-13712,,active,B
CAT-0942,烟雾罐,烟雾罐,安全/消防,2,industrial-mechanical-lcsc-13725,,active,B
CAT-0943,护栏,护栏,安全/消防,2,industrial-mechanical-lcsc-13726,,active,B
CAT-0944,安防设备,安防设备,安全/消防,2,industrial-mechanical-lcsc-13732,,active,B
CAT-0945,帐篷,帐篷,安全/消防,2,industrial-mechanical-lcsc-13733,,active,B
CAT-0946,防坠网,防坠网,安全/消防,2,industrial-mechanical-lcsc-13746,,active,B
CAT-0947,烟雾报警器,烟雾报警器,安全/消防,2,industrial-mechanical-lcsc-13748,,active,B
CAT-0948,防滑链,防滑链,安全/消防,2,industrial-mechanical-lcsc-13777,,active,B
CAT-0949,氧气瓶,氧气瓶,安全/消防,2,industrial-mechanical-lcsc-13795,,active,B
CAT-0950,灭火贴,灭火贴,安全/消防,2,industrial-mechanical-lcsc-13831,,active,B
CAT-0951,消防桶,消防桶,安全/消防,2,industrial-mechanical-lcsc-13838,,active,B
CAT-0952,消防铲,消防铲,安全/消防,2,industrial-mechanical-lcsc-13841,,active,B
CAT-0953,防潮垫,防潮垫,安全/消防,2,industrial-mechanical-lcsc-13851,,active,B
CAT-0954,防滑条,防滑条,安全/消防,2,industrial-mechanical-lcsc-13864,,active,B
CAT-0955,沿坡垫,沿坡垫,安全/消防,2,industrial-mechanical-lcsc-13865,,active,B
CAT-0956,防暴盾牌,防暴盾牌,安全/消防,2,industrial-mechanical-lcsc-13903,,active,B
CAT-0957,灭火剂,灭火剂,安全/消防,2,industrial-mechanical-lcsc-13904,,active,B
CAT-0958,阻火包带,阻火包带,安全/消防,2,industrial-mechanical-lcsc-13905,,active,B
CAT-0959,防火板,防火板,安全/消防,2,industrial-mechanical-lcsc-13906,,active,B
CAT-0960,消防箱/柜/架/罩,消防箱/柜/架/罩,安全/消防,2,industrial-mechanical-lcsc-13907,,active,B
CAT-0961,消防毡,消防毡,安全/消防,2,industrial-mechanical-lcsc-13908,,active,B
CAT-0962,喊话器,喊话器,安全/消防,2,industrial-mechanical-lcsc-13930,,active,B
CAT-0963,嘉立创专用安防,嘉立创专用安防,安全/消防,2,industrial-mechanical-lcsc-14092,,active,B
CAT-0964,近电报警器,近电报警器,安全/消防,2,industrial-mechanical-lcsc-14200,,active,B
CAT-0965,安全绳,安全绳,安全/消防,2,industrial-mechanical-lcsc-14206,,active,B
CAT-0966,警示旗,警示旗,安全/消防,2,industrial-mechanical-lcsc-14261,,active,B
CAT-0967,垃圾分类标识,垃圾分类标识,安全/消防,2,industrial-mechanical-lcsc-14352,,active,B
CAT-0968,泡沫产生器,泡沫产生器,安全/消防,2,industrial-mechanical-lcsc-14394,,active,B
CAT-0969,卧式泡沫罐,卧式泡沫罐,安全/消防,2,industrial-mechanical-lcsc-14395,,active,B
CAT-0970,逃生缓降器,逃生缓降器,安全/消防,2,industrial-mechanical-lcsc-14525,,active,B
CAT-0971,防滑胶带,防滑胶带,安全/消防,2,industrial-mechanical-lcsc-14559,,active,B
CAT-0972,标识警示胶带,标识警示胶带,安全/消防,2,industrial-mechanical-lcsc-14554,,active,B
CAT-0973,警戒带,警戒带,安全/消防,2,industrial-mechanical-lcsc-14560,,active,B
CAT-0974,反光胶带,反光胶带,安全/消防,2,industrial-mechanical-lcsc-14565,,active,B
CAT-0975,登山杖,登山杖,安全/消防,2,industrial-mechanical-lcsc-14618,,active,B
CAT-0976,减速带/线缆保护带,减速带/线缆保护带,安全/消防,2,industrial-mechanical-lcsc-14629,,active,B
CAT-0977,消防分水器,消防分水器,安全/消防,2,industrial-mechanical-lcsc-14646,,active,B
CAT-0978,收音机,收音机,安全/消防,2,industrial-mechanical-lcsc-14692,,active,B
CAT-0979,消防救生照明线,消防救生照明线,安全/消防,2,industrial-mechanical-lcsc-14742,,active,B
CAT-0980,实验室产品,Industrial & Mechanical,,1,industrial-mechanical-11475,,active,A
CAT-0981,光学仪器,光学仪器,实验室产品,2,industrial-mechanical-lcsc-11478,,active,B
CAT-0982,实验室用泵,实验室用泵,实验室产品,2,industrial-mechanical-lcsc-11481,,active,B
CAT-0983,箱/炉,箱/炉,实验室产品,2,industrial-mechanical-lcsc-11482,,active,B
CAT-0984,取样器/采样器,取样器/采样器,实验室产品,2,industrial-mechanical-lcsc-12330,,active,B
CAT-0985,样品容器,样品容器,实验室产品,2,industrial-mechanical-lcsc-12331,,active,B
CAT-0986,搅拌子,搅拌子,实验室产品,2,industrial-mechanical-lcsc-12332,,active,B
CAT-0987,夹具,夹具,实验室产品,2,industrial-mechanical-lcsc-12333,,active,B
CAT-0988,实验室标签,实验室标签,实验室产品,2,industrial-mechanical-lcsc-12334,,active,B
CAT-0989,石棉网,石棉网,实验室产品,2,industrial-mechanical-lcsc-12335,,active,B
CAT-0990,封口膜,封口膜,实验室产品,2,industrial-mechanical-lcsc-12336,,active,B
CAT-0991,试剂瓶/架,试剂瓶/架,实验室产品,2,industrial-mechanical-lcsc-12337,,active,B
CAT-0992,试管/试管架,试管/试管架,实验室产品,2,industrial-mechanical-lcsc-12338,,active,B
CAT-0993,移液器具,移液器具,实验室产品,2,industrial-mechanical-lcsc-12339,,active,B
CAT-0994,烧瓶,烧瓶,实验室产品,2,industrial-mechanical-lcsc-12340,,active,B
CAT-0995,容量瓶,容量瓶,实验室产品,2,industrial-mechanical-lcsc-12341,,active,B
CAT-0996,量杯,量杯,实验室产品,2,industrial-mechanical-lcsc-12342,,active,B
CAT-0997,其它配件/支架,其它配件/支架,实验室产品,2,industrial-mechanical-lcsc-12343,,active,B
CAT-0998,瓶盖/塞子,瓶盖/塞子,实验室产品,2,industrial-mechanical-lcsc-12344,,active,B
CAT-0999,量筒,量筒,实验室产品,2,industrial-mechanical-lcsc-12345,,active,B
CAT-1000,盆/托盘,盆/托盘,实验室产品,2,industrial-mechanical-lcsc-12346,,active,B
CAT-1001,刀/剪/铲/勺/镊/钳,刀/剪/铲/勺/镊/钳,实验室产品,2,industrial-mechanical-lcsc-12347,,active,B
CAT-1002,容器刷子,容器刷子,实验室产品,2,industrial-mechanical-lcsc-12348,,active,B
CAT-1003,升降台,升降台,实验室产品,2,industrial-mechanical-lcsc-12349,,active,B
CAT-1004,清洗灭菌/擦拭用品,清洗灭菌/擦拭用品,实验室产品,2,industrial-mechanical-lcsc-12350,,active,B
CAT-1005,微孔板/PCR耗材,微孔板/PCR耗材,实验室产品,2,industrial-mechanical-pcr,,active,B
CAT-1006,生物培养,生物培养,实验室产品,2,industrial-mechanical-lcsc-12352,,active,B
CAT-1007,比色皿/比色池,比色皿/比色池,实验室产品,2,industrial-mechanical-lcsc-12353,,active,B
CAT-1008,采样袋/采样棒,采样袋/采样棒,实验室产品,2,industrial-mechanical-lcsc-12354,,active,B
CAT-1009,盖玻片/载玻片,盖玻片/载玻片,实验室产品,2,industrial-mechanical-lcsc-12355,,active,B
CAT-1010,细胞过滤,细胞过滤,实验室产品,2,industrial-mechanical-lcsc-12357,,active,B
CAT-1011,冷冻管,冷冻管,实验室产品,2,industrial-mechanical-lcsc-12358,,active,B
CAT-1012,离心管/瓶,离心管/瓶,实验室产品,2,industrial-mechanical-lcsc-12359,,active,B
CAT-1013,漏斗,漏斗,实验室产品,2,industrial-mechanical-lcsc-12360,,active,B
CAT-1014,过滤器/过滤膜,过滤器/过滤膜,实验室产品,2,industrial-mechanical-lcsc-12361,,active,B
CAT-1015,滤纸,滤纸,实验室产品,2,industrial-mechanical-lcsc-12362,,active,B
CAT-1016,离心管配件,离心管配件,实验室产品,2,industrial-mechanical-lcsc-12363,,active,B
CAT-1017,称量盘,称量盘,实验室产品,2,industrial-mechanical-lcsc-12364,,active,B
CAT-1018,称量纸,称量纸,实验室产品,2,industrial-mechanical-lcsc-12365,,active,B
CAT-1019,专用耗材,专用耗材,实验室产品,2,industrial-mechanical-lcsc-12781,,active,B
CAT-1020,过滤罐,过滤罐,实验室产品,2,industrial-mechanical-lcsc-12988,,active,B
CAT-1021,滤毒盒,滤毒盒,实验室产品,2,industrial-mechanical-lcsc-12989,,active,B
CAT-1022,防尘滤棉,防尘滤棉,实验室产品,2,industrial-mechanical-lcsc-12990,,active,B
CAT-1023,吸油棉,吸油棉,实验室产品,2,industrial-mechanical-lcsc-12991,,active,B
CAT-1024,超声波震棒,超声波震棒,实验室产品,2,industrial-mechanical-lcsc-12992,,active,B
CAT-1025,安全罐,安全罐,实验室产品,2,industrial-mechanical-lcsc-12993,,active,B
CAT-1026,吸污用品,吸污用品,实验室产品,2,industrial-mechanical-lcsc-12994,,active,B
CAT-1027,防静电玻璃盒,防静电玻璃盒,实验室产品,2,industrial-mechanical-lcsc-12995,,active,B
CAT-1028,坩埚,坩埚,实验室产品,2,industrial-mechanical-lcsc-12996,,active,B
CAT-1029,检测用品,检测用品,实验室产品,2,industrial-mechanical-lcsc-12997,,active,B
CAT-1030,砝码,砝码,实验室产品,2,industrial-mechanical-lcsc-13000,,active,B
CAT-1031,干燥箱/烘箱,干燥箱/烘箱,实验室产品,2,industrial-mechanical-lcsc-13501,,active,B
CAT-1032,清洗设备,清洗设备,实验室产品,2,industrial-mechanical-lcsc-13502,,active,B
CAT-1033,实验室设备,实验室设备,实验室产品,2,industrial-mechanical-lcsc-13606,,active,B
CAT-1034,电热工具,电热工具,实验室产品,2,industrial-mechanical-lcsc-13621,,active,B
CAT-1035,喉镜,喉镜,实验室产品,2,industrial-mechanical-lcsc-13637,,active,B
CAT-1036,采水器,采水器,实验室产品,2,industrial-mechanical-lcsc-13677,,active,B
CAT-1037,袋装吸头,袋装吸头,实验室产品,2,industrial-mechanical-lcsc-13679,,active,B
CAT-1038,嘉立创专用实验品,嘉立创专用实验品,实验室产品,2,industrial-mechanical-lcsc-14093,,active,B
CAT-1039,恒温仪,恒温仪,实验室产品,2,industrial-mechanical-lcsc-14178,,active,B
CAT-1040,电热套,电热套,实验室产品,2,industrial-mechanical-lcsc-14191,,active,B
CAT-1041,实验室加热板,实验室加热板,实验室产品,2,industrial-mechanical-lcsc-14192,,active,B
CAT-1042,振荡器,振荡器,实验室产品,2,industrial-mechanical-lcsc-14198,,active,B
CAT-1043,分散机,分散机,实验室产品,2,industrial-mechanical-lcsc-14199,,active,B
CAT-1044,酒精灯,酒精灯,实验室产品,2,industrial-mechanical-lcsc-14578,,active,B
CAT-1045,实验室用镊子,实验室用镊子,实验室产品,2,industrial-mechanical-lcsc-14639,,active,B
CAT-1046,电子负载,电子负载,实验室用镊子,3,industrial-mechanical-lcsc-11199,,active,B
CAT-1047,放大镜/显微镜,放大镜/显微镜,实验室用镊子,3,industrial-mechanical-lcsc-11204,,active,B
CAT-1048,耗材辅材,Industrial & Mechanical,,1,industrial-mechanical-11516,,active,A
CAT-1049,金属管件接头,金属管件接头,耗材辅材,2,industrial-mechanical-lcsc-11448,,active,B
CAT-1050,塑料外壳,塑料外壳,耗材辅材,2,industrial-mechanical-lcsc-11494,,active,B
CAT-1051,其它套装,其它套装,耗材辅材,2,industrial-mechanical-lcsc-11522,,active,B
CAT-1052,助焊剂/助焊膏,助焊剂/助焊膏,耗材辅材,2,industrial-mechanical-lcsc-11525,,active,B
CAT-1053,固定夹,固定夹,耗材辅材,2,industrial-mechanical-lcsc-12506,,active,B
CAT-1054,导热片,导热片,耗材辅材,2,industrial-mechanical-lcsc-12507,,active,B
CAT-1055,直通,直通,耗材辅材,2,industrial-mechanical-lcsc-12508,,active,B
CAT-1056,锡丝/锡线,锡丝/锡线,耗材辅材,2,industrial-mechanical-lcsc-12509,,active,B
CAT-1057,锡膏/锡浆,锡膏/锡浆,耗材辅材,2,industrial-mechanical-lcsc-12510,,active,B
CAT-1058,瞬干胶,瞬干胶,耗材辅材,2,industrial-mechanical-lcsc-12514,,active,B
CAT-1059,导热胶,导热胶,耗材辅材,2,industrial-mechanical-lcsc-12517,,active,B
CAT-1060,耐水砂纸,耐水砂纸,耗材辅材,2,industrial-mechanical-lcsc-12518,,active,B
CAT-1061,金相砂纸,金相砂纸,耗材辅材,2,industrial-mechanical-lcsc-12519,,active,B
CAT-1062,砂带,砂带,耗材辅材,2,industrial-mechanical-lcsc-12520,,active,B
CAT-1063,砂布,砂布,耗材辅材,2,industrial-mechanical-lcsc-12521,,active,B
CAT-1064,干砂纸,干砂纸,耗材辅材,2,industrial-mechanical-lcsc-12522,,active,B
CAT-1065,海绵砂纸,海绵砂纸,耗材辅材,2,industrial-mechanical-lcsc-12523,,active,B
CAT-1066,油漆,油漆,耗材辅材,2,industrial-mechanical-lcsc-12615,,active,B
CAT-1067,收束枪,收束枪,耗材辅材,2,industrial-mechanical-lcsc-12726,,active,B
CAT-1068,焊锡球,焊锡球,耗材辅材,2,industrial-mechanical-lcsc-12728,,active,B
CAT-1069,其它辅料,其它辅料,耗材辅材,2,industrial-mechanical-lcsc-12782,,active,B
CAT-1070,晶体管垫片/尼龙垫片,晶体管垫片/尼龙垫片,耗材辅材,2,industrial-mechanical-lcsc-12797,,active,B
CAT-1071,PC板配件,PC板配件,耗材辅材,2,industrial-mechanical-pc,,active,B
CAT-1072,接料带,接料带,耗材辅材,2,industrial-mechanical-lcsc-12799,,active,B
CAT-1073,隔热布,隔热布,耗材辅材,2,industrial-mechanical-lcsc-12948,,active,B
CAT-1074,密封胶,密封胶,耗材辅材,2,industrial-mechanical-lcsc-13250,,active,B
CAT-1075,合金丝,合金丝,耗材辅材,2,industrial-mechanical-lcsc-13628,,active,B
CAT-1076,铜丝,铜丝,耗材辅材,2,industrial-mechanical-lcsc-13629,,active,B
CAT-1077,银丝,银丝,耗材辅材,2,industrial-mechanical-lcsc-13630,,active,B
CAT-1078,防护垫,防护垫,耗材辅材,2,industrial-mechanical-lcsc-13737,,active,B
CAT-1079,硅胶垫,硅胶垫,耗材辅材,2,industrial-mechanical-lcsc-13743,,active,B
CAT-1080,焊片,焊片,耗材辅材,2,industrial-mechanical-lcsc-14015,,active,B
CAT-1081,载带,载带,耗材辅材,2,industrial-mechanical-lcsc-14053,,active,B
CAT-1082,嘉立创专用耗材,嘉立创专用耗材,耗材辅材,2,industrial-mechanical-lcsc-14095,,active,B
CAT-1083,屏幕分离线,屏幕分离线,耗材辅材,2,industrial-mechanical-lcsc-14234,,active,B
CAT-1084,飞线,飞线,耗材辅材,2,industrial-mechanical-lcsc-14235,,active,B
CAT-1085,导热帽,导热帽,耗材辅材,2,industrial-mechanical-lcsc-14262,,active,B
CAT-1086,导热管,导热管,耗材辅材,2,industrial-mechanical-lcsc-14263,,active,B
CAT-1087,植锡网,植锡网,耗材辅材,2,industrial-mechanical-lcsc-14287,,active,B
CAT-1088,复活膏,复活膏,耗材辅材,2,industrial-mechanical-lcsc-14291,,active,B
CAT-1089,防堵膏,防堵膏,耗材辅材,2,industrial-mechanical-lcsc-14474,,active,B
CAT-1090,绝缘密封胶泥,绝缘密封胶泥,耗材辅材,2,industrial-mechanical-lcsc-14477,,active,B
CAT-1091,锡膏稀释剂,锡膏稀释剂,耗材辅材,2,industrial-mechanical-lcsc-14479,,active,B
CAT-1092,阻焊剂,阻焊剂,耗材辅材,2,industrial-mechanical-lcsc-14480,,active,B
CAT-1093,油漆/涂料,油漆/涂料,耗材辅材,2,industrial-mechanical-lcsc-14501,,active,B
CAT-1094,MS密封胶,MS密封胶,耗材辅材,2,industrial-mechanical-ms,,active,B
CAT-1095,RTV胶,RTV胶,耗材辅材,2,industrial-mechanical-rtv,,active,B
CAT-1096,UV胶,UV胶,耗材辅材,2,industrial-mechanical-uv,,active,B
CAT-1097,丙烯酸结构胶,丙烯酸结构胶,耗材辅材,2,industrial-mechanical-lcsc-14506,,active,B
CAT-1098,底部填充胶,底部填充胶,耗材辅材,2,industrial-mechanical-lcsc-14507,,active,B
CAT-1099,定位胶,定位胶,耗材辅材,2,industrial-mechanical-lcsc-14508,,active,B
CAT-1100,固持胶,固持胶,耗材辅材,2,industrial-mechanical-lcsc-14510,,active,B
CAT-1101,管螺纹密封胶,管螺纹密封胶,耗材辅材,2,industrial-mechanical-lcsc-14511,,active,B
CAT-1102,环氧结构胶,环氧结构胶,耗材辅材,2,industrial-mechanical-lcsc-14513,,active,B
CAT-1103,聚氨酯密封胶,聚氨酯密封胶,耗材辅材,2,industrial-mechanical-lcsc-14515,,active,B
CAT-1104,免钉胶,免钉胶,耗材辅材,2,industrial-mechanical-lcsc-14516,,active,B
CAT-1105,平面密封胶,平面密封胶,耗材辅材,2,industrial-mechanical-lcsc-14518,,active,B
CAT-1106,热熔胶,热熔胶,耗材辅材,2,industrial-mechanical-lcsc-14519,,active,B
CAT-1107,螺纹密封线,螺纹密封线,耗材辅材,2,industrial-mechanical-lcsc-14520,,active,B
CAT-1108,万能胶,万能胶,耗材辅材,2,industrial-mechanical-lcsc-14521,,active,B
CAT-1109,维修胶,维修胶,耗材辅材,2,industrial-mechanical-lcsc-14522,,active,B
CAT-1110,PVC管道胶,PVC管道胶,耗材辅材,2,industrial-mechanical-pvc-14526,,active,B
CAT-1111,PP结构胶,PP结构胶,耗材辅材,2,industrial-mechanical-pp,,active,B
CAT-1112,铁氧体软磁片,铁氧体软磁片,耗材辅材,2,industrial-mechanical-lcsc-14528,,active,B
CAT-1113,导热泥,导热泥,耗材辅材,2,industrial-mechanical-lcsc-14529,,active,B
CAT-1114,篷布修补胶带,篷布修补胶带,耗材辅材,2,industrial-mechanical-lcsc-14563,,active,B
CAT-1115,CCGA锡柱,CCGA锡柱,耗材辅材,2,industrial-mechanical-ccga,,active,B
CAT-1116,CCGA铜柱,CCGA铜柱,耗材辅材,2,industrial-mechanical-ccga-14586,,active,B
CAT-1117,锡条,锡条,耗材辅材,2,industrial-mechanical-lcsc-14592,,active,B
CAT-1118,铜线,铜线,耗材辅材,2,industrial-mechanical-lcsc-14593,,active,B
CAT-1119,导电泡棉,导电泡棉,耗材辅材,2,industrial-mechanical-lcsc-14604,,active,B
CAT-1120,焊接固定器,焊接固定器,耗材辅材,2,industrial-mechanical-lcsc-14631,,active,B
CAT-1121,502胶,502胶,耗材辅材,2,industrial-mechanical-lcsc-14726,,active,B
CAT-1122,商务耗材,商务耗材,502胶,3,industrial-mechanical-lcsc-11362,,active,B
CAT-1123,其它,Industrial & Mechanical,,1,industrial-mechanical-12805,,active,A
CAT-1124,MRO预售新品,MRO预售新品,其它,2,industrial-mechanical-mro,,active,B
CAT-1125,电子线材,电子线材,其它,2,industrial-mechanical-lcsc-13538,,active,B
CAT-1126,电子线缆,电子线缆,其它,2,industrial-mechanical-lcsc-13569,,active,B
CAT-1127,未分类商品,未分类商品,其它,2,industrial-mechanical-lcsc-13580,,active,B
CAT-1128,电线电缆,Industrial & Mechanical,,1,industrial-mechanical-13108,,active,A
CAT-1129,USB电缆,USB电缆,电线电缆,2,industrial-mechanical-usb,,active,B
CAT-1130,集线器/转接头,集线器/转接头,电线电缆,2,industrial-mechanical-lcsc-11565,,active,B
CAT-1131,音频线,音频线,电线电缆,2,industrial-mechanical-lcsc-11566,,active,B
CAT-1132,D-Sub电缆,D-Sub电缆,电线电缆,2,industrial-mechanical-d-sub,,active,B
CAT-1133,穿线器,穿线器,电线电缆,2,industrial-mechanical-lcsc-12161,,active,B
CAT-1134,高速多对差分电缆组件,高速多对差分电缆组件,电线电缆,2,industrial-mechanical-lcsc-12307,,active,B
CAT-1135,感温线,感温线,电线电缆,2,industrial-mechanical-lcsc-12309,,active,B
CAT-1136,导线标记条支架,导线标记条支架,电线电缆,2,industrial-mechanical-lcsc-12468,,active,B
CAT-1137,网线/以太网线,网线/以太网线,电线电缆,2,industrial-mechanical-lcsc-12477,,active,B
CAT-1138,同轴电缆(RF),同轴电缆(RF),电线电缆,2,industrial-mechanical-rf,,active,B
CAT-1139,跳线/漆包线/预压接线,跳线/漆包线/预压接线,电线电缆,2,industrial-mechanical-lcsc-12486,,active,B
CAT-1140,电源线/刹车线/延长线,电源线/刹车线/延长线,电线电缆,2,industrial-mechanical-lcsc-12488,,active,B
CAT-1141,伺服动力线,伺服动力线,电线电缆,2,industrial-mechanical-lcsc-12489,,active,B
CAT-1142,单导线电缆(接地线),单导线电缆(接地线),电线电缆,2,industrial-mechanical-lcsc-12501,,active,B
CAT-1143,胶堵/胶帽/保护套,胶堵/胶帽/保护套,电线电缆,2,industrial-mechanical-lcsc-12752,,active,B
CAT-1144,冷缩胶带/管材,冷缩胶带/管材,电线电缆,2,industrial-mechanical-lcsc-12776,,active,B
CAT-1145,电缆和线夹,电缆和线夹,电线电缆,2,industrial-mechanical-lcsc-12784,,active,B
CAT-1146,电缆终端和中间接头,电缆终端和中间接头,电线电缆,2,industrial-mechanical-lcsc-12931,,active,B
CAT-1147,固态照明电缆,固态照明电缆,电线电缆,2,industrial-mechanical-lcsc-13115,,active,B
CAT-1148,屏蔽线,屏蔽线,电线电缆,2,industrial-mechanical-lcsc-13117,,active,B
CAT-1149,扁平柔性带电缆、跳线,扁平柔性带电缆、跳线,电线电缆,2,industrial-mechanical-lcsc-13122,,active,B
CAT-1150,"扁平柔性电缆(FFC, FPC)","扁平柔性电缆(FFC, FPC)",电线电缆,2,industrial-mechanical-ffc-fpc,,active,B
CAT-1151,光纤电缆,光纤电缆,电线电缆,2,industrial-mechanical-lcsc-13126,,active,B
CAT-1152,保护软管、实心管、套管,保护软管、实心管、套管,电线电缆,2,industrial-mechanical-lcsc-13128,,active,B
CAT-1153,接头封装、保护,接头封装、保护,电线电缆,2,industrial-mechanical-lcsc-13130,,active,B
CAT-1154,线槽,线槽,电线电缆,2,industrial-mechanical-lcsc-13131,,active,B
CAT-1155,接地编织带、带子,接地编织带、带子,电线电缆,2,industrial-mechanical-lcsc-13132,,active,B
CAT-1156,附件,附件,电线电缆,2,industrial-mechanical-lcsc-13137,,active,B
CAT-1157,电缆扎带 - 架子和安装件,电缆扎带 - 架子和安装件,电线电缆,2,industrial-mechanical-lcsc-13140,,active,B
CAT-1158,标签、标记,标签、标记,电线电缆,2,industrial-mechanical-lcsc-13142,,active,B
CAT-1159,焊接套管,焊接套管,电线电缆,2,industrial-mechanical-lcsc-13145,,active,B
CAT-1160,固定式衰减器,固定式衰减器,电线电缆,2,industrial-mechanical-lcsc-13366,,active,B
CAT-1161,转接线,转接线,电线电缆,2,industrial-mechanical-lcsc-13577,,active,B
CAT-1162,测试线,测试线,电线电缆,2,industrial-mechanical-lcsc-13583,,active,B
CAT-1163,圆形连接器,圆形连接器,电线电缆,2,industrial-mechanical-lcsc-13931,,active,B
CAT-1164,杜邦线&端子线,杜邦线&端子线,电线电缆,2,industrial-mechanical-lcsc-478,,active,B
CAT-1165,护套电缆线,护套电缆线,电线电缆,2,industrial-mechanical-lcsc-14068,,active,B
CAT-1166,嘉立创专用线束,嘉立创专用线束,电线电缆,2,industrial-mechanical-lcsc-14096,,active,B
CAT-1167,伺服编码器线,伺服编码器线,电线电缆,2,industrial-mechanical-lcsc-14293,,active,B
CAT-1168,线缆标签,线缆标签,电线电缆,2,industrial-mechanical-lcsc-14355,,active,B
CAT-1169,热缩标识,热缩标识,电线电缆,2,industrial-mechanical-lcsc-14359,,active,B
CAT-1170,香蕉头/鳄鱼夹,香蕉头/鳄鱼夹,电线电缆,2,industrial-mechanical-lcsc-973,,active,B
CAT-1171,排线,排线,电线电缆,2,industrial-mechanical-lcsc-14208,,active,B
CAT-1172,电子线,电子线,电线电缆,2,industrial-mechanical-lcsc-14237,,active,B
CAT-1173,燃气报警器连接线,燃气报警器连接线,电线电缆,2,industrial-mechanical-lcsc-14360,,active,B
CAT-1174,其它电缆,其它电缆,电线电缆,2,industrial-mechanical-lcsc-14361,,active,B
CAT-1175,DIN电缆,DIN电缆,电线电缆,2,industrial-mechanical-din,,active,B
CAT-1176,SATA线,SATA线,电线电缆,2,industrial-mechanical-sata,,active,B
CAT-1177,SCSI电缆,SCSI电缆,电线电缆,2,industrial-mechanical-scsi,,active,B
CAT-1178,电话线,电话线,电线电缆,2,industrial-mechanical-lcsc-14366,,active,B
CAT-1179,视频线,视频线,电线电缆,2,industrial-mechanical-lcsc-14367,,active,B
CAT-1180,音视频线,音视频线,电线电缆,2,industrial-mechanical-lcsc-14369,,active,B
CAT-1181,IEEE-488线缆,IEEE-488线缆,电线电缆,2,industrial-mechanical-ieee-488,,active,B
CAT-1182,KVM线缆,KVM线缆,电线电缆,2,industrial-mechanical-kvm,,active,B
CAT-1183,M12线缆,M12线缆,电线电缆,2,industrial-mechanical-m12,,active,B
CAT-1184,M8线缆,M8线缆,电线电缆,2,industrial-mechanical-m8,,active,B
CAT-1185,USB转串口线,USB转串口线,电线电缆,2,industrial-mechanical-usb-14381,,active,B
CAT-1186,机器视觉线缆,机器视觉线缆,电线电缆,2,industrial-mechanical-lcsc-14382,,active,B
CAT-1187,线卡,线卡,电线电缆,2,industrial-mechanical-lcsc-14385,,active,B
CAT-1188,电缆固定头,电缆固定头,电线电缆,2,industrial-mechanical-lcsc-14386,,active,B
CAT-1189,M17线缆,M17线缆,电线电缆,2,industrial-mechanical-m17,,active,B
CAT-1190,有源光缆,有源光缆,电线电缆,2,industrial-mechanical-lcsc-14430,,active,B
CAT-1191,总线电缆,总线电缆,电线电缆,2,industrial-mechanical-lcsc-14431,,active,B
CAT-1192,DAC线,DAC线,电线电缆,2,industrial-mechanical-dac,,active,B
CAT-1193,多芯电缆,多芯电缆,电线电缆,2,industrial-mechanical-lcsc-14453,,active,B
CAT-1194,IEEE-1394线缆,IEEE-1394线缆,电线电缆,2,industrial-mechanical-ieee-1394,,active,B
CAT-1195,线圈骨架,线圈骨架,电线电缆,2,industrial-mechanical-lcsc-14587,,active,B
CAT-1196,控制电缆,控制电缆,电线电缆,2,industrial-mechanical-lcsc-14594,,active,B
CAT-1197,防静电接地线,防静电接地线,电线电缆,2,industrial-mechanical-lcsc-14595,,active,B
CAT-1198,传感器电缆,传感器电缆,电线电缆,2,industrial-mechanical-lcsc-14596,,active,B
CAT-1199,护线器,护线器,电线电缆,2,industrial-mechanical-lcsc-14597,,active,B
CAT-1200,伺服刹车线,伺服刹车线,电线电缆,2,industrial-mechanical-lcsc-14626,,active,B
CAT-1201,冷缩管,冷缩管,电线电缆,2,industrial-mechanical-lcsc-14647,,active,B
CAT-1202,建筑材料/建筑五金,Industrial & Mechanical,,1,industrial-mechanical-13158,,active,A
CAT-1203,铜管件,铜管件,建筑材料/建筑五金,2,industrial-mechanical-lcsc-13164,,active,B
CAT-1204,PE管件,PE管件,建筑材料/建筑五金,2,industrial-mechanical-pe,,active,B
CAT-1205,不锈钢管,不锈钢管,建筑材料/建筑五金,2,industrial-mechanical-lcsc-13179,,active,B
CAT-1206,PE管,PE管,建筑材料/建筑五金,2,industrial-mechanical-pe-13184,,active,B
CAT-1207,不锈钢金属软管,不锈钢金属软管,建筑材料/建筑五金,2,industrial-mechanical-lcsc-13189,,active,B
CAT-1208,不锈钢金属软接头,不锈钢金属软接头,建筑材料/建筑五金,2,industrial-mechanical-lcsc-13190,,active,B
CAT-1209,保温板/保温棉,保温板/保温棉,建筑材料/建筑五金,2,industrial-mechanical-lcsc-13198,,active,B
CAT-1210,电伴热带,电伴热带,建筑材料/建筑五金,2,industrial-mechanical-lcsc-13214,,active,B
CAT-1211,网格布,网格布,建筑材料/建筑五金,2,industrial-mechanical-lcsc-13223,,active,B
CAT-1212,反射膜,反射膜,建筑材料/建筑五金,2,industrial-mechanical-lcsc-13226,,active,B
CAT-1213,橡胶止水带,橡胶止水带,建筑材料/建筑五金,2,industrial-mechanical-lcsc-13233,,active,B
CAT-1214,防雨布,防雨布,建筑材料/建筑五金,2,industrial-mechanical-lcsc-13241,,active,B
CAT-1215,饰面板,饰面板,建筑材料/建筑五金,2,industrial-mechanical-lcsc-13252,,active,B
CAT-1216,铝单板,铝单板,建筑材料/建筑五金,2,industrial-mechanical-lcsc-13255,,active,B
CAT-1217,橡胶板,橡胶板,建筑材料/建筑五金,2,industrial-mechanical-lcsc-13260,,active,B
CAT-1218,壁纸,壁纸,建筑材料/建筑五金,2,industrial-mechanical-lcsc-13263,,active,B
CAT-1219,吸音板,吸音板,建筑材料/建筑五金,2,industrial-mechanical-lcsc-13264,,active,B
CAT-1220,PVC板,PVC板,建筑材料/建筑五金,2,industrial-mechanical-pvc-13267,,active,B
CAT-1221,隔断板材,隔断板材,建筑材料/建筑五金,2,industrial-mechanical-lcsc-13291,,active,B
CAT-1222,护角,护角,建筑材料/建筑五金,2,industrial-mechanical-lcsc-13298,,active,B
CAT-1223,密封条,密封条,建筑材料/建筑五金,2,industrial-mechanical-lcsc-13299,,active,B
CAT-1224,链锁,链锁,建筑材料/建筑五金,2,industrial-mechanical-lcsc-13305,,active,B
CAT-1225,执手,执手,建筑材料/建筑五金,2,industrial-mechanical-lcsc-13312,,active,B
CAT-1226,定位器,定位器,建筑材料/建筑五金,2,industrial-mechanical-lcsc-13313,,active,B
CAT-1227,U型防撬锁,U型防撬锁,建筑材料/建筑五金,2,industrial-mechanical-u,,active,B
CAT-1228,铁丝网,铁丝网,建筑材料/建筑五金,2,industrial-mechanical-lcsc-13317,,active,B
CAT-1229,铁丝,铁丝,建筑材料/建筑五金,2,industrial-mechanical-lcsc-13318,,active,B
CAT-1230,其他钢板,其他钢板,建筑材料/建筑五金,2,industrial-mechanical-lcsc-13339,,active,B
CAT-1231,不锈钢板,不锈钢板,建筑材料/建筑五金,2,industrial-mechanical-lcsc-13340,,active,B
CAT-1232,盖土网,盖土网,建筑材料/建筑五金,2,industrial-mechanical-lcsc-13676,,active,B
CAT-1233,热水器,热水器,建筑材料/建筑五金,2,industrial-mechanical-lcsc-13683,,active,B
CAT-1234,暖风机,暖风机,建筑材料/建筑五金,2,industrial-mechanical-lcsc-13745,,active,B
CAT-1235,门帘,门帘,建筑材料/建筑五金,2,industrial-mechanical-lcsc-13853,,active,B
CAT-1236,木材,木材,建筑材料/建筑五金,2,industrial-mechanical-lcsc-14039,,active,B
CAT-1237,防水涂料,防水涂料,建筑材料/建筑五金,2,industrial-mechanical-lcsc-14060,,active,B
CAT-1238,电机驱动芯片,Integrated Circuits,,1,integrated-circuits-13504,integrated-circuits,active,A
CAT-1239,无刷直流(BLDC)电机驱动芯片,无刷直流(BLDC)电机驱动芯片,电机驱动芯片,2,integrated-circuits-bldc,integrated-circuits,active,B
CAT-1240,有刷直流电机驱动芯片,有刷直流电机驱动芯片,电机驱动芯片,2,integrated-circuits-lcsc-13506,integrated-circuits,active,B
CAT-1241,步进电机驱动芯片,步进电机驱动芯片,电机驱动芯片,2,integrated-circuits-lcsc-13507,integrated-circuits,active,B
CAT-1242,继电器/线圈驱动芯片,继电器/线圈驱动芯片,电机驱动芯片,2,integrated-circuits-lcsc-13508,integrated-circuits,active,B
CAT-1243,栅极驱动芯片,栅极驱动芯片,电机驱动芯片,2,integrated-circuits-lcsc-11065,integrated-circuits,active,B
CAT-1244,磁传感器,Sensors,,1,sensors-13511,sensors,active,A
CAT-1245,线性霍尔传感器,线性霍尔传感器,磁传感器,2,sensors-lcsc-11086-11086,sensors,active,B
CAT-1246,电流传感器,电流传感器,磁传感器,2,sensors-lcsc-11095-11095,sensors,active,B
CAT-1247,磁性角度传感器,磁性角度传感器,磁传感器,2,sensors-lcsc-13512-13512,sensors,active,B
CAT-1248,霍尔开关,霍尔开关,磁传感器,2,sensors-lcsc-13513-13513,sensors,active,B
CAT-1249,3D磁传感器,3D磁传感器,磁传感器,2,sensors-3d-13514,sensors,active,B
CAT-1250,干簧管,干簧管,磁传感器,2,sensors-lcsc-13515-13515,sensors,active,B
CAT-1251,端子,Connectors & Electromechanical,,1,connectors-electromechanical-13644,connectors,active,A
CAT-1252,圆形端子,圆形端子,端子,2,connectors-electromechanical-lcsc-13648,connectors,active,B
CAT-1253,窥口端子,窥口端子,端子,2,connectors-electromechanical-lcsc-13649,connectors,active,B
CAT-1254,叉型端子,叉型端子,端子,2,connectors-electromechanical-lcsc-13650,connectors,active,B
CAT-1255,钩型端子,钩型端子,端子,2,connectors-electromechanical-lcsc-13651,connectors,active,B
CAT-1256,针型端子,针型端子,端子,2,connectors-electromechanical-lcsc-13652,connectors,active,B
CAT-1257,片型端子,片型端子,端子,2,connectors-electromechanical-lcsc-13653,connectors,active,B
CAT-1258,管型端子,管型端子,端子,2,connectors-electromechanical-lcsc-13654,connectors,active,B
CAT-1259,管型裸端头,管型裸端头,端子,2,connectors-electromechanical-lcsc-13655,connectors,active,B
CAT-1260,中间对接端子,中间对接端子,端子,2,connectors-electromechanical-lcsc-13656,connectors,active,B
CAT-1261,焊锡环端子,焊锡环端子,端子,2,connectors-electromechanical-lcsc-13657,connectors,active,B
CAT-1262,插片插簧端子,插片插簧端子,端子,2,connectors-electromechanical-lcsc-13658,connectors,active,B
CAT-1263,子弹形端子,子弹形端子,端子,2,connectors-electromechanical-lcsc-13659,connectors,active,B
CAT-1264,压线扣,压线扣,端子,2,connectors-electromechanical-lcsc-13660,connectors,active,B
CAT-1265,压线帽/闭端子,压线帽/闭端子,端子,2,connectors-electromechanical-lcsc-13661,connectors,active,B
CAT-1266,免破线接线夹,免破线接线夹,端子,2,connectors-electromechanical-lcsc-13662,connectors,active,B
CAT-1267,PCB焊接端子,PCB焊接端子,端子,2,connectors-electromechanical-pcb,connectors,active,B
CAT-1268,焊接插片端子,焊接插片端子,端子,2,connectors-electromechanical-lcsc-13664,connectors,active,B
CAT-1269,方形铜端子,方形铜端子,端子,2,connectors-electromechanical-lcsc-13665,connectors,active,B
CAT-1270,电源模块,Modules & Communication,,1,modules-communication-13485,modules,active,A
CAT-1271,AC-DC电源模块,AC-DC电源模块,电源模块,2,modules-communication-ac-dc-634,modules,active,B
CAT-1272,DC-DC电源模块,DC-DC电源模块,电源模块,2,modules-communication-dc-dc-13486,modules,active,B
CAT-1273,隔离电源模块,隔离电源模块,电源模块,2,modules-communication-lcsc-13487-13487,modules,active,B
CAT-1274,DC-AC模块(逆变器),DC-AC模块(逆变器),电源模块,2,modules-communication-dc-ac-13488,modules,active,B
CAT-1275,碳化硅(SiC)器件,Semiconductors & Discrete,,1,semiconductors-discrete-13436,semiconductor-components,active,A
CAT-1276,碳化硅二极管,碳化硅二极管,碳化硅(SiC)器件,2,semiconductors-discrete-lcsc-13393-13393,semiconductor-components,active,B
CAT-1277,碳化硅场效应管(MOSFET),碳化硅场效应管(MOSFET),碳化硅(SiC)器件,2,semiconductors-discrete-mosfet-13459,semiconductor-components,active,B
CAT-1278,碳化硅结型场效应管(JFET),碳化硅结型场效应管(JFET),碳化硅(SiC)器件,2,semiconductors-discrete-jfet-13460,semiconductor-components,active,B
CAT-1279,碳化硅晶闸管(可控硅),碳化硅晶闸管(可控硅),碳化硅(SiC)器件,2,semiconductors-discrete-lcsc-13461,semiconductor-components,active,B
CAT-1280,氮化镓(GaN)器件,Semiconductors & Discrete,,1,semiconductors-discrete-13437,semiconductor-components,active,A
CAT-1281,氮化镓晶体管(GaN HEMT),氮化镓晶体管(GaN HEMT),氮化镓(GaN)器件,2,semiconductors-discrete-gan-hemt,semiconductor-components,active,B
CAT-1282,工控电气,Industrial & Mechanical,,1,industrial-mechanical-11315,,active,A
CAT-1283,可编程控制器(PLC),可编程控制器(PLC),工控电气,2,industrial-mechanical-plc,,active,B
CAT-1284,触摸屏,触摸屏,工控电气,2,industrial-mechanical-lcsc-11422,,active,B
CAT-1285,减速机,减速机,工控电气,2,industrial-mechanical-lcsc-11439,,active,B
CAT-1286,航空接头/防水接头,航空接头/防水接头,工控电气,2,industrial-mechanical-lcsc-11493,,active,B
CAT-1287,聚合物锂电池,聚合物锂电池,工控电气,2,industrial-mechanical-lcsc-11549,,active,B
CAT-1288,纽扣电池套装,纽扣电池套装,工控电气,2,industrial-mechanical-lcsc-11550,,active,B
CAT-1289,碱性方块电池,碱性方块电池,工控电气,2,industrial-mechanical-lcsc-11552,,active,B
CAT-1290,锂离子柱状电池,锂离子柱状电池,工控电气,2,industrial-mechanical-lcsc-11558,,active,B
CAT-1291,其它电气辅材,其它电气辅材,工控电气,2,industrial-mechanical-lcsc-11559,,active,B
CAT-1292,理线器,理线器,工控电气,2,industrial-mechanical-lcsc-11563,,active,B
CAT-1293,流量开关,流量开关,工控电气,2,industrial-mechanical-lcsc-11602,,active,B
CAT-1294,电流传感器/磁传感器,电流传感器/磁传感器,工控电气,2,industrial-mechanical-lcsc-12304,,active,B
CAT-1295,电流互感器,电流互感器,工控电气,2,industrial-mechanical-lcsc-12305,,active,B
CAT-1296,按钮开关,按钮开关,工控电气,2,industrial-mechanical-lcsc-12367,,active,B
CAT-1297,指示灯,指示灯,工控电气,2,industrial-mechanical-lcsc-12368,,active,B
CAT-1298,蜂鸣器/电子讯响器,蜂鸣器/电子讯响器,工控电气,2,industrial-mechanical-lcsc-12369,,active,B
CAT-1299,交流接触器,交流接触器,工控电气,2,industrial-mechanical-lcsc-12370,,active,B
CAT-1300,接触器附件,接触器附件,工控电气,2,industrial-mechanical-lcsc-12371,,active,B
CAT-1301,直流接触器,直流接触器,工控电气,2,industrial-mechanical-lcsc-12373,,active,B
CAT-1302,导轨插座,导轨插座,工控电气,2,industrial-mechanical-lcsc-12375,,active,B
CAT-1303,熔芯,熔芯,工控电气,2,industrial-mechanical-lcsc-12376,,active,B
CAT-1304,隔离开关,隔离开关,工控电气,2,industrial-mechanical-lcsc-12377,,active,B
CAT-1305,微型断路器,微型断路器,工控电气,2,industrial-mechanical-lcsc-12378,,active,B
CAT-1306,电机保护断路器,电机保护断路器,工控电气,2,industrial-mechanical-lcsc-12379,,active,B
CAT-1307,微型剩余电流保护断路器,微型剩余电流保护断路器,工控电气,2,industrial-mechanical-lcsc-12380,,active,B
CAT-1308,断路器附件,断路器附件,工控电气,2,industrial-mechanical-lcsc-12381,,active,B
CAT-1309,开关电源附件,开关电源附件,工控电气,2,industrial-mechanical-lcsc-12382,,active,B
CAT-1310,中间继电器,中间继电器,工控电气,2,industrial-mechanical-lcsc-12383,,active,B
CAT-1311,继电器附件,继电器附件,工控电气,2,industrial-mechanical-lcsc-12384,,active,B
CAT-1312,过载继电器,过载继电器,工控电气,2,industrial-mechanical-lcsc-12385,,active,B
CAT-1313,限位开关/行程开关,限位开关/行程开关,工控电气,2,industrial-mechanical-lcsc-12386,,active,B
CAT-1314,信号灯,信号灯,工控电气,2,industrial-mechanical-lcsc-12387,,active,B
CAT-1315,电磁起动器,电磁起动器,工控电气,2,industrial-mechanical-lcsc-12389,,active,B
CAT-1316,双电源转换开关,双电源转换开关,工控电气,2,industrial-mechanical-lcsc-12390,,active,B
CAT-1317,工业接线端子,工业接线端子,工控电气,2,industrial-mechanical-lcsc-12391,,active,B
CAT-1318,熔断器底座,熔断器底座,工控电气,2,industrial-mechanical-lcsc-12392,,active,B
CAT-1319,滤波电容器,滤波电容器,工控电气,2,industrial-mechanical-lcsc-12393,,active,B
CAT-1320,塑壳断路器,塑壳断路器,工控电气,2,industrial-mechanical-lcsc-12394,,active,B
CAT-1321,浪涌保护器/防雷器,浪涌保护器/防雷器,工控电气,2,industrial-mechanical-lcsc-12395,,active,B
CAT-1322,电涌保护器,电涌保护器,工控电气,2,industrial-mechanical-lcsc-12396,,active,B
CAT-1323,配电箱,配电箱,工控电气,2,industrial-mechanical-lcsc-12397,,active,B
CAT-1324,无功补偿控制器,无功补偿控制器,工控电气,2,industrial-mechanical-lcsc-12398,,active,B
CAT-1325,电动机保护器,电动机保护器,工控电气,2,industrial-mechanical-lcsc-12399,,active,B
CAT-1326,接触调压器,接触调压器,工控电气,2,industrial-mechanical-lcsc-12400,,active,B
CAT-1327,控制变压器,控制变压器,工控电气,2,industrial-mechanical-lcsc-12401,,active,B
CAT-1328,照明变压器,照明变压器,工控电气,2,industrial-mechanical-lcsc-12402,,active,B
CAT-1329,继电器/电控器,继电器/电控器,工控电气,2,industrial-mechanical-lcsc-12406,,active,B
CAT-1330,管件固定头,管件固定头,工控电气,2,industrial-mechanical-lcsc-12408,,active,B
CAT-1331,脚踏开关,脚踏开关,工控电气,2,industrial-mechanical-lcsc-12409,,active,B
CAT-1332,开关附件,开关附件,工控电气,2,industrial-mechanical-lcsc-12410,,active,B
CAT-1333,电容接触器,电容接触器,工控电气,2,industrial-mechanical-lcsc-12411,,active,B
CAT-1334,压接端子,压接端子,工控电气,2,industrial-mechanical-lcsc-12416,,active,B
CAT-1335,缠绕管,缠绕管,工控电气,2,industrial-mechanical-lcsc-12418,,active,B
CAT-1336,波纹管,波纹管,工控电气,2,industrial-mechanical-lcsc-12419,,active,B
CAT-1337,塑壳漏电断路器,塑壳漏电断路器,工控电气,2,industrial-mechanical-lcsc-12421,,active,B
CAT-1338,微型漏电保护断路器,微型漏电保护断路器,工控电气,2,industrial-mechanical-lcsc-12422,,active,B
CAT-1339,电源模块/电源供应器,电源模块/电源供应器,工控电气,2,industrial-mechanical-lcsc-12426,,active,B
CAT-1340,筒灯,筒灯,工控电气,2,industrial-mechanical-lcsc-12427,,active,B
CAT-1341,灯支架,灯支架,工控电气,2,industrial-mechanical-lcsc-12428,,active,B
CAT-1342,LED T8灯管,LED T8灯管,工控电气,2,industrial-mechanical-led-t8,,active,B
CAT-1343,LED灯泡,LED灯泡,工控电气,2,industrial-mechanical-led,,active,B
CAT-1344,泛光灯/投光灯,泛光灯/投光灯,工控电气,2,industrial-mechanical-lcsc-12431,,active,B
CAT-1345,LED灯管,LED灯管,工控电气,2,industrial-mechanical-led-12432,,active,B
CAT-1346,端子排,端子排,工控电气,2,industrial-mechanical-lcsc-12433,,active,B
CAT-1347,轻触开关/按键开关,轻触开关/按键开关,工控电气,2,industrial-mechanical-lcsc-12434,,active,B
CAT-1348,微动开关,微动开关,工控电气,2,industrial-mechanical-lcsc-12435,,active,B
CAT-1349,安全门开关,安全门开关,工控电气,2,industrial-mechanical-lcsc-12436,,active,B
CAT-1350,转换开关,转换开关,工控电气,2,industrial-mechanical-lcsc-12438,,active,B
CAT-1351,急停开关,急停开关,工控电气,2,industrial-mechanical-lcsc-12439,,active,B
CAT-1352,安全继电器,安全继电器,工控电气,2,industrial-mechanical-lcsc-12441,,active,B
CAT-1353,机电接触器,机电接触器,工控电气,2,industrial-mechanical-lcsc-12442,,active,B
CAT-1354,固态继电器,固态继电器,工控电气,2,industrial-mechanical-lcsc-12443,,active,B
CAT-1355,接近传感器/接近开关,接近传感器/接近开关,工控电气,2,industrial-mechanical-lcsc-12444,,active,B
CAT-1356,直流电机,直流电机,工控电气,2,industrial-mechanical-lcsc-12446,,active,B
CAT-1357,温控器,温控器,工控电气,2,industrial-mechanical-lcsc-12447,,active,B
CAT-1358,机壳式开关电源,机壳式开关电源,工控电气,2,industrial-mechanical-lcsc-12448,,active,B
CAT-1359,户外照明,户外照明,工控电气,2,industrial-mechanical-lcsc-12452,,active,B
CAT-1360,射灯,射灯,工控电气,2,industrial-mechanical-lcsc-12453,,active,B
CAT-1361,支架灯,支架灯,工控电气,2,industrial-mechanical-lcsc-12454,,active,B
CAT-1362,LED灯带,LED灯带,工控电气,2,industrial-mechanical-led-12455,,active,B
CAT-1363,LED模组,LED模组,工控电气,2,industrial-mechanical-led-12456,,active,B
CAT-1364,面板灯,面板灯,工控电气,2,industrial-mechanical-lcsc-12457,,active,B
CAT-1365,灯具附件,灯具附件,工控电气,2,industrial-mechanical-lcsc-12458,,active,B
CAT-1366,连接附件,连接附件,工控电气,2,industrial-mechanical-lcsc-12459,,active,B
CAT-1367,压接插针,压接插针,工控电气,2,industrial-mechanical-lcsc-12460,,active,B
CAT-1368,端子配件,端子配件,工控电气,2,industrial-mechanical-lcsc-12461,,active,B
CAT-1369,固态接触器,固态接触器,工控电气,2,industrial-mechanical-lcsc-12462,,active,B
CAT-1370,针式插头,针式插头,工控电气,2,industrial-mechanical-lcsc-12464,,active,B
CAT-1371,安全断路器,安全断路器,工控电气,2,industrial-mechanical-lcsc-12466,,active,B
CAT-1372,设备断路器,设备断路器,工控电气,2,industrial-mechanical-lcsc-12467,,active,B
CAT-1373,继电器底座,继电器底座,工控电气,2,industrial-mechanical-lcsc-12469,,active,B
CAT-1374,其它电池附件,其它电池附件,工控电气,2,industrial-mechanical-lcsc-12470,,active,B
CAT-1375,漏电断路器,漏电断路器,工控电气,2,industrial-mechanical-lcsc-12472,,active,B
CAT-1376,端板,端板,工控电气,2,industrial-mechanical-lcsc-12473,,active,B
CAT-1377,插拔式横联组件,插拔式横联组件,工控电气,2,industrial-mechanical-lcsc-12474,,active,B
CAT-1378,接线排,接线排,工控电气,2,industrial-mechanical-lcsc-12480,,active,B
CAT-1379,散热风扇配件,散热风扇配件,工控电气,2,industrial-mechanical-lcsc-12483,,active,B
CAT-1380,端子台,端子台,工控电气,2,industrial-mechanical-lcsc-12485,,active,B
CAT-1381,继电器模块,继电器模块,工控电气,2,industrial-mechanical-lcsc-12487,,active,B
CAT-1382,接线盒,接线盒,工控电气,2,industrial-mechanical-lcsc-12491,,active,B
CAT-1383,开放式开关电源,开放式开关电源,工控电气,2,industrial-mechanical-lcsc-12494,,active,B
CAT-1384,警示灯,警示灯,工控电气,2,industrial-mechanical-lcsc-12495,,active,B
CAT-1385,信号灯柱和报警器附件,信号灯柱和报警器附件,工控电气,2,industrial-mechanical-lcsc-12496,,active,B
CAT-1386,信号灯柱和报警器,信号灯柱和报警器,工控电气,2,industrial-mechanical-lcsc-12498,,active,B
CAT-1387,绝缘胶带,绝缘胶带,工控电气,2,industrial-mechanical-lcsc-12505,,active,B
CAT-1388,天线弹片,天线弹片,工控电气,2,industrial-mechanical-lcsc-12606,,active,B
CAT-1389,电位器,电位器,工控电气,2,industrial-mechanical-lcsc-12638,,active,B
CAT-1390,磁力执行器,磁力执行器,工控电气,2,industrial-mechanical-lcsc-12640,,active,B
CAT-1391,步进电机,步进电机,工控电气,2,industrial-mechanical-lcsc-12641,,active,B
CAT-1392,通讯配件,通讯配件,工控电气,2,industrial-mechanical-lcsc-12729,,active,B
CAT-1393,导轨开关电源,导轨开关电源,工控电气,2,industrial-mechanical-lcsc-12779,,active,B
CAT-1394,防水LED驱动电源,防水LED驱动电源,工控电气,2,industrial-mechanical-led-12780,,active,B
CAT-1395,其它工控产品,其它工控产品,工控电气,2,industrial-mechanical-lcsc-12820,,active,B
CAT-1396,其它传感器,其它传感器,工控电气,2,industrial-mechanical-lcsc-12821,,active,B
CAT-1397,伺服驱动器,伺服驱动器,工控电气,2,industrial-mechanical-lcsc-12822,,active,B
CAT-1398,超高压电容,超高压电容,工控电气,2,industrial-mechanical-lcsc-12823,,active,B
CAT-1399,陶瓷插件电容,陶瓷插件电容,工控电气,2,industrial-mechanical-lcsc-12824,,active,B
CAT-1400,其它接触器,其它接触器,工控电气,2,industrial-mechanical-lcsc-12825,,active,B
CAT-1401,光电传感器,光电传感器,工控电气,2,industrial-mechanical-lcsc-12828,,active,B
CAT-1402,光纤传感器,光纤传感器,工控电气,2,industrial-mechanical-lcsc-12832,,active,B
CAT-1403,传感器附件,传感器附件,工控电气,2,industrial-mechanical-lcsc-12833,,active,B
CAT-1404,紫外线探伤灯,紫外线探伤灯,工控电气,2,industrial-mechanical-lcsc-12932,,active,B
CAT-1405,静电检测表,静电检测表,工控电气,2,industrial-mechanical-lcsc-12934,,active,B
CAT-1406,LED工作灯,LED工作灯,工控电气,2,industrial-mechanical-led-12942,,active,B
CAT-1407,防爆灯,防爆灯,工控电气,2,industrial-mechanical-lcsc-12943,,active,B
CAT-1408,环形灯,环形灯,工控电气,2,industrial-mechanical-lcsc-12944,,active,B
CAT-1409,绝缘板,绝缘板,工控电气,2,industrial-mechanical-lcsc-12949,,active,B
CAT-1410,无源滤波器,无源滤波器,工控电气,2,industrial-mechanical-lcsc-13107,,active,B
CAT-1411,锂离子纽扣电池,锂离子纽扣电池,工控电气,2,industrial-mechanical-lcsc-13356,,active,B
CAT-1412,磷酸铁锂方形电池,磷酸铁锂方形电池,工控电气,2,industrial-mechanical-lcsc-13357,,active,B
CAT-1413,铅酸蓄电池,铅酸蓄电池,工控电气,2,industrial-mechanical-lcsc-13360,,active,B
CAT-1414,银氧化物纽扣电池,银氧化物纽扣电池,工控电气,2,industrial-mechanical-lcsc-13362,,active,B
CAT-1415,继电器开关,继电器开关,工控电气,2,industrial-mechanical-lcsc-13367,,active,B
CAT-1416,安全光栅,安全光栅,工控电气,2,industrial-mechanical-lcsc-13465,,active,B
CAT-1417,RH类磁环,RH类磁环,工控电气,2,industrial-mechanical-rh,,active,B
CAT-1418,T类磁环,T类磁环,工控电气,2,industrial-mechanical-t,,active,B
CAT-1419,扣式磁环,扣式磁环,工控电气,2,industrial-mechanical-lcsc-13523,,active,B
CAT-1420,板端,板端,工控电气,2,industrial-mechanical-lcsc-13548,,active,B
CAT-1421,网络机柜,网络机柜,工控电气,2,industrial-mechanical-lcsc-13564,,active,B
CAT-1422,继电器,继电器,工控电气,2,industrial-mechanical-lcsc-13573,,active,B
CAT-1423,其他模块/采集器,其他模块/采集器,工控电气,2,industrial-mechanical-lcsc-13626,,active,B
CAT-1424,稳压器,稳压器,工控电气,2,industrial-mechanical-lcsc-13636,,active,B
CAT-1425,逆变器,逆变器,工控电气,2,industrial-mechanical-lcsc-13638,,active,B
CAT-1426,非晶磁环,非晶磁环,工控电气,2,industrial-mechanical-lcsc-13640,,active,B
CAT-1427,FS扁形磁环,FS扁形磁环,工控电气,2,industrial-mechanical-fs,,active,B
CAT-1428,纳米晶磁环,纳米晶磁环,工控电气,2,industrial-mechanical-lcsc-13643,,active,B
CAT-1429,电极插头,电极插头,工控电气,2,industrial-mechanical-lcsc-13678,,active,B
CAT-1430,变送器,变送器,工控电气,2,industrial-mechanical-lcsc-13731,,active,B
CAT-1431,视觉传感器,视觉传感器,工控电气,2,industrial-mechanical-lcsc-13827,,active,B
CAT-1432,液位开关,液位开关,工控电气,2,industrial-mechanical-lcsc-13828,,active,B
CAT-1433,接触式位移传感器,接触式位移传感器,工控电气,2,industrial-mechanical-lcsc-13829,,active,B
CAT-1434,激光传感器,激光传感器,工控电气,2,industrial-mechanical-lcsc-13830,,active,B
CAT-1435,热传感器,热传感器,工控电气,2,industrial-mechanical-lcsc-13862,,active,B
CAT-1436,镇流器,镇流器,工控电气,2,industrial-mechanical-lcsc-13884,,active,B
CAT-1437,工业计算机,工业计算机,工控电气,2,industrial-mechanical-lcsc-13920,,active,B
CAT-1438,熔断器/电流保护器,熔断器/电流保护器,工控电气,2,industrial-mechanical-lcsc-11150,,active,B
CAT-1439,DC散热风扇,DC散热风扇,工控电气,2,industrial-mechanical-dc,,active,B
CAT-1440,开关电源,开关电源,工控电气,2,industrial-mechanical-lcsc-463,,active,B
CAT-1441,电源连接器/插头,电源连接器/插头,工控电气,2,industrial-mechanical-lcsc-367,,active,B
CAT-1442,热缩管,热缩管,工控电气,2,industrial-mechanical-lcsc-964,,active,B
CAT-1443,灵巧手,灵巧手,工控电气,2,industrial-mechanical-lcsc-14004,,active,B
CAT-1444,速度传感器,速度传感器,工控电气,2,industrial-mechanical-lcsc-14045,,active,B
CAT-1445,角度传感器,角度传感器,工控电气,2,industrial-mechanical-lcsc-14046,,active,B
CAT-1446,UPS电源/储能电源,UPS电源/储能电源,工控电气,2,industrial-mechanical-ups,,active,B
CAT-1447,关节模组,关节模组,工控电气,2,industrial-mechanical-lcsc-14071,,active,B
CAT-1448,机械臂,机械臂,工控电气,2,industrial-mechanical-lcsc-14072,,active,B
CAT-1449,嘉立创专用工控,嘉立创专用工控,工控电气,2,industrial-mechanical-lcsc-14084,,active,B
CAT-1450,吸顶灯,吸顶灯,工控电气,2,industrial-mechanical-lcsc-14181,,active,B
CAT-1451,弱电连接器,弱电连接器,工控电气,2,industrial-mechanical-lcsc-14218,,active,B
CAT-1452,保险丝座,保险丝座,工控电气,2,industrial-mechanical-lcsc-14236,,active,B
CAT-1453,AC散热风扇,AC散热风扇,工控电气,2,industrial-mechanical-ac,,active,B
CAT-1454,微型鼓风机,微型鼓风机,工控电气,2,industrial-mechanical-lcsc-14243,,active,B
CAT-1455,减速电机,减速电机,工控电气,2,industrial-mechanical-lcsc-14253,,active,B
CAT-1456,同步电机,同步电机,工控电气,2,industrial-mechanical-lcsc-14254,,active,B
CAT-1457,旋转平台,旋转平台,工控电气,2,industrial-mechanical-lcsc-14256,,active,B
CAT-1458,旋转执行器,旋转执行器,工控电气,2,industrial-mechanical-lcsc-14257,,active,B
CAT-1459,防静电接地装置,防静电接地装置,工控电气,2,industrial-mechanical-lcsc-14278,,active,B
CAT-1460,视觉相机,视觉相机,工控电气,2,industrial-mechanical-lcsc-14284,,active,B
CAT-1461,芯片测试座,芯片测试座,工控电气,2,industrial-mechanical-lcsc-11519,,active,B
CAT-1462,增量型编码器,增量型编码器,工控电气,2,industrial-mechanical-lcsc-14295,,active,B
CAT-1463,绝对值编码器,绝对值编码器,工控电气,2,industrial-mechanical-lcsc-14296,,active,B
CAT-1464,锂锰纽扣电池,锂锰纽扣电池,工控电气,2,industrial-mechanical-lcsc-14300,,active,B
CAT-1465,氟化碳纽扣电池,氟化碳纽扣电池,工控电气,2,industrial-mechanical-lcsc-14301,,active,B
CAT-1466,锌锰纽扣电池,锌锰纽扣电池,工控电气,2,industrial-mechanical-lcsc-14302,,active,B
CAT-1467,镍氢纽扣电池,镍氢纽扣电池,工控电气,2,industrial-mechanical-lcsc-14303,,active,B
CAT-1468,碱性5号电池,碱性5号电池,工控电气,2,industrial-mechanical-lcsc-14305,,active,B
CAT-1469,锂离子方形电池,锂离子方形电池,工控电气,2,industrial-mechanical-lcsc-14306,,active,B
CAT-1470,锌锰方形电池,锌锰方形电池,工控电气,2,industrial-mechanical-lcsc-14307,,active,B
CAT-1471,单相电测量模块,单相电测量模块,工控电气,2,industrial-mechanical-lcsc-14309,,active,B
CAT-1472,模拟量模块,模拟量模块,工控电气,2,industrial-mechanical-lcsc-14310,,active,B
CAT-1473,数字量模块,数字量模块,工控电气,2,industrial-mechanical-lcsc-14311,,active,B
CAT-1474,温度采集模块,温度采集模块,工控电气,2,industrial-mechanical-lcsc-14312,,active,B
CAT-1475,CPU模块,CPU模块,工控电气,2,industrial-mechanical-cpu,,active,B
CAT-1476,数据采集器,数据采集器,工控电气,2,industrial-mechanical-lcsc-14314,,active,B
CAT-1477,磷酸铁锂柱状电池,磷酸铁锂柱状电池,工控电气,2,industrial-mechanical-lcsc-14315,,active,B
CAT-1478,钛酸锂柱状电池,钛酸锂柱状电池,工控电气,2,industrial-mechanical-lcsc-14316,,active,B
CAT-1479,钴酸锂柱状电池,钴酸锂柱状电池,工控电气,2,industrial-mechanical-lcsc-14317,,active,B
CAT-1480,锂亚柱状电池,锂亚柱状电池,工控电气,2,industrial-mechanical-lcsc-14318,,active,B
CAT-1481,锂锰柱状电池,锂锰柱状电池,工控电气,2,industrial-mechanical-lcsc-14319,,active,B
CAT-1482,锌锰柱状电池,锌锰柱状电池,工控电气,2,industrial-mechanical-lcsc-14320,,active,B
CAT-1483,锰酸锂柱状电池,锰酸锂柱状电池,工控电气,2,industrial-mechanical-lcsc-14321,,active,B
CAT-1484,镍氢柱状电池,镍氢柱状电池,工控电气,2,industrial-mechanical-lcsc-14322,,active,B
CAT-1485,镍钴锰酸锂柱状电池,镍钴锰酸锂柱状电池,工控电气,2,industrial-mechanical-lcsc-14323,,active,B
CAT-1486,碱性1号电池,碱性1号电池,工控电气,2,industrial-mechanical-lcsc-14324,,active,B
CAT-1487,碱性2号电池,碱性2号电池,工控电气,2,industrial-mechanical-lcsc-14325,,active,B
CAT-1488,碱性7号电池,碱性7号电池,工控电气,2,industrial-mechanical-lcsc-14326,,active,B
CAT-1489,碱性23A电池,碱性23A电池,工控电气,2,industrial-mechanical-23a,,active,B
CAT-1490,碱性27A电池,碱性27A电池,工控电气,2,industrial-mechanical-27a,,active,B
CAT-1491,柱状电池套装,柱状电池套装,工控电气,2,industrial-mechanical-lcsc-14332,,active,B
CAT-1492,车用蓄电池,车用蓄电池,工控电气,2,industrial-mechanical-lcsc-14333,,active,B
CAT-1493,工具蓄电池,工具蓄电池,工控电气,2,industrial-mechanical-lcsc-14334,,active,B
CAT-1494,相机电池,相机电池,工控电气,2,industrial-mechanical-lcsc-14335,,active,B
CAT-1495,电池底座,电池底座,工控电气,2,industrial-mechanical-lcsc-14338,,active,B
CAT-1496,电池盒,电池盒,工控电气,2,industrial-mechanical-lcsc-14339,,active,B
CAT-1497,电池夹,电池夹,工控电气,2,industrial-mechanical-lcsc-14340,,active,B
CAT-1498,电池扣,电池扣,工控电气,2,industrial-mechanical-lcsc-14341,,active,B
CAT-1499,电池弹片,电池弹片,工控电气,2,industrial-mechanical-lcsc-14342,,active,B
CAT-1500,电池接触片,电池接触片,工控电气,2,industrial-mechanical-lcsc-14343,,active,B
CAT-1501,D-sub连接器,D-sub连接器,工控电气,2,industrial-mechanical-d-sub-14377,,active,B
CAT-1502,同轴连接器,同轴连接器,工控电气,2,industrial-mechanical-lcsc-14383,,active,B
CAT-1503,光纤连接头,光纤连接头,工控电气,2,industrial-mechanical-lcsc-14398,,active,B
CAT-1504,阀门连接器,阀门连接器,工控电气,2,industrial-mechanical-lcsc-14417,,active,B
CAT-1505,电缆转换模块,电缆转换模块,工控电气,2,industrial-mechanical-lcsc-14428,,active,B
CAT-1506,照明连接器,照明连接器,工控电气,2,industrial-mechanical-lcsc-14460,,active,B
CAT-1507,EC散热风扇,EC散热风扇,工控电气,2,industrial-mechanical-ec,,active,B
CAT-1508,制冷片,制冷片,工控电气,2,industrial-mechanical-lcsc-14500,,active,B
CAT-1509,接线柱,接线柱,工控电气,2,industrial-mechanical-lcsc-14544,,active,B
CAT-1510,云台电机,云台电机,工控电气,2,industrial-mechanical-lcsc-14545,,active,B
CAT-1511,电机配件,电机配件,工控电气,2,industrial-mechanical-lcsc-14546,,active,B
CAT-1512,力矩电机,力矩电机,工控电气,2,industrial-mechanical-lcsc-14547,,active,B
CAT-1513,翘板船型开关,翘板船型开关,工控电气,2,industrial-mechanical-lcsc-14605,,active,B
CAT-1514,伺服电机,伺服电机,工控电气,2,industrial-mechanical-lcsc-14606,,active,B
CAT-1515,工业拨动开关,工业拨动开关,工控电气,2,industrial-mechanical-lcsc-14614,,active,B
CAT-1516,摇臂钮子开关,摇臂钮子开关,工控电气,2,industrial-mechanical-lcsc-14615,,active,B
CAT-1517,电池充电器,电池充电器,工控电气,2,industrial-mechanical-lcsc-14643,,active,B
CAT-1518,方形电池套装,方形电池套装,工控电气,2,industrial-mechanical-lcsc-14644,,active,B
CAT-1519,导轨式接线端子,导轨式接线端子,工控电气,2,industrial-mechanical-lcsc-14645,,active,B
CAT-1520,RF评估套件,RF评估套件,工控电气,2,industrial-mechanical-rf-14642,,active,B
CAT-1521,LED驱动器,LED驱动器,工控电气,2,industrial-mechanical-led-14661,,active,B
CAT-1522,充电桩,充电桩,工控电气,2,industrial-mechanical-lcsc-14743,,active,B
CAT-1523,电源变压器,电源变压器,充电桩,3,industrial-mechanical-lcsc-636,,active,B
CAT-1524,继电器插座及配件,继电器插座及配件,充电桩,3,industrial-mechanical-lcsc-11121,,active,B
CAT-1525,光耦,Semiconductors & Discrete,,1,semiconductors-discrete-13434,semiconductor-components,active,A
CAT-1526,栅极驱动光耦,栅极驱动光耦,光耦,2,semiconductors-discrete-lcsc-13394,semiconductor-components,active,B
CAT-1527,逻辑输出光耦,逻辑输出光耦,光耦,2,semiconductors-discrete-lcsc-11288,semiconductor-components,active,B
CAT-1528,晶体管输出光耦,晶体管输出光耦,光耦,2,semiconductors-discrete-lcsc-351,semiconductor-components,active,B
CAT-1529,可控硅输出光耦,可控硅输出光耦,光耦,2,semiconductors-discrete-lcsc-931,semiconductor-components,active,B
CAT-1530,固态继电器(MOS输出),固态继电器(MOS输出),光耦,2,semiconductors-discrete-mos,semiconductor-components,active,B
CAT-1531,固态继电器(可控硅输出),固态继电器(可控硅输出),光耦,2,semiconductors-discrete-lcsc-11297,semiconductor-components,active,B
CAT-1532,显示屏,Optoelectronics,,1,optoelectronics-13435,,active,A
CAT-1533,OLED显示屏,OLED显示屏,显示屏,2,optoelectronics-oled,,active,B
CAT-1534,LCD显示屏,LCD显示屏,显示屏,2,optoelectronics-lcd,,active,B
CAT-1535,LED点阵屏,LED点阵屏,显示屏,2,optoelectronics-led-642,,active,B
CAT-1536,VFD显示屏,VFD显示屏,显示屏,2,optoelectronics-vfd,,active,B
CAT-1537,LED数码管,LED数码管,显示屏,2,optoelectronics-led-532,,active,B
CAT-1538,墨水屏,墨水屏,显示屏,2,optoelectronics-lcsc-13458,,active,B
CAT-1539,办公日用,Industrial & Mechanical,,1,industrial-mechanical-11358,,active,A
CAT-1540,通讯设备,通讯设备,办公日用,2,industrial-mechanical-lcsc-11364,,active,B
CAT-1541,电源适配器,电源适配器,办公日用,2,industrial-mechanical-lcsc-11492,,active,B
CAT-1542,充电器,充电器,办公日用,2,industrial-mechanical-lcsc-11536,,active,B
CAT-1543,转换器,转换器,办公日用,2,industrial-mechanical-lcsc-11548,,active,B
CAT-1544,耦合器,耦合器,办公日用,2,industrial-mechanical-lcsc-11568,,active,B
CAT-1545,网络信息模块,网络信息模块,办公日用,2,industrial-mechanical-lcsc-11570,,active,B
CAT-1546,电脑适配器,电脑适配器,办公日用,2,industrial-mechanical-lcsc-11571,,active,B
CAT-1547,网络延长器,网络延长器,办公日用,2,industrial-mechanical-lcsc-11572,,active,B
CAT-1548,拓展坞,拓展坞,办公日用,2,industrial-mechanical-lcsc-11573,,active,B
CAT-1549,接收器,接收器,办公日用,2,industrial-mechanical-lcsc-11575,,active,B
CAT-1550,声卡,声卡,办公日用,2,industrial-mechanical-lcsc-11577,,active,B
CAT-1551,发射器,发射器,办公日用,2,industrial-mechanical-lcsc-11578,,active,B
CAT-1552,切换器,切换器,办公日用,2,industrial-mechanical-lcsc-11581,,active,B
CAT-1553,U盘,U盘,办公日用,2,industrial-mechanical-u-11583,,active,B
CAT-1554,水晶头,水晶头,办公日用,2,industrial-mechanical-lcsc-11585,,active,B
CAT-1555,分配器,分配器,办公日用,2,industrial-mechanical-lcsc-11586,,active,B
CAT-1556,收发器,收发器,办公日用,2,industrial-mechanical-lcsc-11587,,active,B
CAT-1557,网卡,网卡,办公日用,2,industrial-mechanical-lcsc-11588,,active,B
CAT-1558,光驱,光驱,办公日用,2,industrial-mechanical-lcsc-11591,,active,B
CAT-1559,激光笔,激光笔,办公日用,2,industrial-mechanical-lcsc-11592,,active,B
CAT-1560,读卡器,读卡器,办公日用,2,industrial-mechanical-lcsc-11593,,active,B
CAT-1561,移动硬盘盒,移动硬盘盒,办公日用,2,industrial-mechanical-lcsc-11595,,active,B
CAT-1562,耳机/耳麦,耳机/耳麦,办公日用,2,industrial-mechanical-lcsc-11596,,active,B
CAT-1563,彩膜打印机,彩膜打印机,办公日用,2,industrial-mechanical-lcsc-12172,,active,B
CAT-1564,打印纸,打印纸,办公日用,2,industrial-mechanical-lcsc-12174,,active,B
CAT-1565,鼠标垫,鼠标垫,办公日用,2,industrial-mechanical-lcsc-12175,,active,B
CAT-1566,公文包,公文包,办公日用,2,industrial-mechanical-lcsc-12177,,active,B
CAT-1567,无线扫描枪,无线扫描枪,办公日用,2,industrial-mechanical-lcsc-12178,,active,B
CAT-1568,线圈本,线圈本,办公日用,2,industrial-mechanical-lcsc-12179,,active,B
CAT-1569,修正带,修正带,办公日用,2,industrial-mechanical-lcsc-12180,,active,B
CAT-1570,光敏印油,光敏印油,办公日用,2,industrial-mechanical-lcsc-12181,,active,B
CAT-1571,毛笔,毛笔,办公日用,2,industrial-mechanical-lcsc-12182,,active,B
CAT-1572,美工刀,美工刀,办公日用,2,industrial-mechanical-lcsc-12183,,active,B
CAT-1573,装订机/打孔机,装订机/打孔机,办公日用,2,industrial-mechanical-lcsc-12184,,active,B
CAT-1574,账本/单据,账本/单据,办公日用,2,industrial-mechanical-lcsc-12185,,active,B
CAT-1575,橡皮擦,橡皮擦,办公日用,2,industrial-mechanical-lcsc-12186,,active,B
CAT-1576,纸张/练习纸/草稿纸,纸张/练习纸/草稿纸,办公日用,2,industrial-mechanical-lcsc-12187,,active,B
CAT-1577,桌面吸尘器,桌面吸尘器,办公日用,2,industrial-mechanical-lcsc-12188,,active,B
CAT-1578,记号笔,记号笔,办公日用,2,industrial-mechanical-lcsc-12189,,active,B
CAT-1579,凭证封面,凭证封面,办公日用,2,industrial-mechanical-lcsc-12190,,active,B
CAT-1580,保温杯,保温杯,办公日用,2,industrial-mechanical-lcsc-12193,,active,B
CAT-1581,计算器,计算器,办公日用,2,industrial-mechanical-lcsc-12196,,active,B
CAT-1582,白板擦,白板擦,办公日用,2,industrial-mechanical-lcsc-12197,,active,B
CAT-1583,凭证包角,凭证包角,办公日用,2,industrial-mechanical-lcsc-12199,,active,B
CAT-1584,桌面书立,桌面书立,办公日用,2,industrial-mechanical-lcsc-12200,,active,B
CAT-1585,剪刀,剪刀,办公日用,2,industrial-mechanical-lcsc-12201,,active,B
CAT-1586,橡皮圈,橡皮圈,办公日用,2,industrial-mechanical-lcsc-12202,,active,B
CAT-1587,记事本,记事本,办公日用,2,industrial-mechanical-lcsc-12203,,active,B
CAT-1588,电话机,电话机,办公日用,2,industrial-mechanical-lcsc-12204,,active,B
CAT-1589,回形针,回形针,办公日用,2,industrial-mechanical-lcsc-12205,,active,B
CAT-1590,印台/印油,印台/印油,办公日用,2,industrial-mechanical-lcsc-12206,,active,B
CAT-1591,档案盒,档案盒,办公日用,2,industrial-mechanical-lcsc-12208,,active,B
CAT-1592,塑封机,塑封机,办公日用,2,industrial-mechanical-lcsc-12209,,active,B
CAT-1593,考勤机,考勤机,办公日用,2,industrial-mechanical-lcsc-12210,,active,B
CAT-1594,大头针,大头针,办公日用,2,industrial-mechanical-lcsc-12211,,active,B
CAT-1595,板夹,板夹,办公日用,2,industrial-mechanical-lcsc-12213,,active,B
CAT-1596,图钉,图钉,办公日用,2,industrial-mechanical-lcsc-12214,,active,B
CAT-1597,长尾夹,长尾夹,办公日用,2,industrial-mechanical-lcsc-12216,,active,B
CAT-1598,票据夹,票据夹,办公日用,2,industrial-mechanical-lcsc-12217,,active,B
CAT-1599,管理箱,管理箱,办公日用,2,industrial-mechanical-lcsc-12218,,active,B
CAT-1600,信封,信封,办公日用,2,industrial-mechanical-lcsc-12219,,active,B
CAT-1601,美工刀片,美工刀片,办公日用,2,industrial-mechanical-lcsc-12221,,active,B
CAT-1602,起钉器,起钉器,办公日用,2,industrial-mechanical-lcsc-12222,,active,B
CAT-1603,笔筒,笔筒,办公日用,2,industrial-mechanical-lcsc-12223,,active,B
CAT-1604,卷笔刀,卷笔刀,办公日用,2,industrial-mechanical-lcsc-12224,,active,B
CAT-1605,订书机/装订器,订书机/装订器,办公日用,2,industrial-mechanical-lcsc-12225,,active,B
CAT-1606,杂志架,杂志架,办公日用,2,industrial-mechanical-lcsc-12227,,active,B
CAT-1607,电子时钟,电子时钟,办公日用,2,industrial-mechanical-lcsc-12229,,active,B
CAT-1608,文件柜,文件柜,办公日用,2,industrial-mechanical-lcsc-12232,,active,B
CAT-1609,快劳夹,快劳夹,办公日用,2,industrial-mechanical-lcsc-12233,,active,B
CAT-1610,文件栏/框/盘/架,文件栏/框/盘/架,办公日用,2,industrial-mechanical-lcsc-12234,,active,B
CAT-1611,文件夹,文件夹,办公日用,2,industrial-mechanical-lcsc-12235,,active,B
CAT-1612,收纳盒/收纳册,收纳盒/收纳册,办公日用,2,industrial-mechanical-lcsc-12236,,active,B
CAT-1613,相册,相册,办公日用,2,industrial-mechanical-lcsc-12237,,active,B
CAT-1614,名片夹/名片盒,名片夹/名片盒,办公日用,2,industrial-mechanical-lcsc-12239,,active,B
CAT-1615,白板,白板,办公日用,2,industrial-mechanical-lcsc-12241,,active,B
CAT-1616,切割器,切割器,办公日用,2,industrial-mechanical-lcsc-12243,,active,B
CAT-1617,打码机,打码机,办公日用,2,industrial-mechanical-lcsc-12244,,active,B
CAT-1618,切割板,切割板,办公日用,2,industrial-mechanical-lcsc-12245,,active,B
CAT-1619,湿手器,湿手器,办公日用,2,industrial-mechanical-lcsc-12246,,active,B
CAT-1620,装订耗材,装订耗材,办公日用,2,industrial-mechanical-lcsc-12247,,active,B
CAT-1621,订书机套装,订书机套装,办公日用,2,industrial-mechanical-lcsc-12248,,active,B
CAT-1622,挂绳卡套,挂绳卡套,办公日用,2,industrial-mechanical-lcsc-12250,,active,B
CAT-1623,文具套装,文具套装,办公日用,2,industrial-mechanical-lcsc-12251,,active,B
CAT-1624,圆珠笔,圆珠笔,办公日用,2,industrial-mechanical-lcsc-12252,,active,B
CAT-1625,抽杆夹,抽杆夹,办公日用,2,industrial-mechanical-lcsc-12253,,active,B
CAT-1626,其它笔,其它笔,办公日用,2,industrial-mechanical-lcsc-12254,,active,B
CAT-1627,中性笔,中性笔,办公日用,2,industrial-mechanical-lcsc-12255,,active,B
CAT-1628,订书钉,订书钉,办公日用,2,industrial-mechanical-lcsc-12257,,active,B
CAT-1629,白板笔,白板笔,办公日用,2,industrial-mechanical-lcsc-12259,,active,B
CAT-1630,塑封膜,塑封膜,办公日用,2,industrial-mechanical-lcsc-12260,,active,B
CAT-1631,便签贴,便签贴,办公日用,2,industrial-mechanical-lcsc-12261,,active,B
CAT-1632,装订夹,装订夹,办公日用,2,industrial-mechanical-lcsc-12262,,active,B
CAT-1633,碎纸机,碎纸机,办公日用,2,industrial-mechanical-lcsc-12264,,active,B
CAT-1634,荧光笔,荧光笔,办公日用,2,industrial-mechanical-lcsc-12265,,active,B
CAT-1635,铅笔,铅笔,办公日用,2,industrial-mechanical-lcsc-12267,,active,B
CAT-1636,封口机,封口机,办公日用,2,industrial-mechanical-lcsc-12269,,active,B
CAT-1637,资料册,资料册,办公日用,2,industrial-mechanical-lcsc-12270,,active,B
CAT-1638,白板磁钉/磁粒,白板磁钉/磁粒,办公日用,2,industrial-mechanical-lcsc-12271,,active,B
CAT-1639,白板清洁液,白板清洁液,办公日用,2,industrial-mechanical-lcsc-12272,,active,B
CAT-1640,白板笔补充液,白板笔补充液,办公日用,2,industrial-mechanical-lcsc-12273,,active,B
CAT-1641,笔芯,笔芯,办公日用,2,industrial-mechanical-lcsc-12274,,active,B
CAT-1642,扩音器,扩音器,办公日用,2,industrial-mechanical-lcsc-12275,,active,B
CAT-1643,胶纸座,胶纸座,办公日用,2,industrial-mechanical-lcsc-12276,,active,B
CAT-1644,复印纸,复印纸,办公日用,2,industrial-mechanical-lcsc-12277,,active,B
CAT-1645,高拍仪,高拍仪,办公日用,2,industrial-mechanical-lcsc-12278,,active,B
CAT-1646,证书,证书,办公日用,2,industrial-mechanical-lcsc-12279,,active,B
CAT-1647,插排/转换器,插排/转换器,办公日用,2,industrial-mechanical-lcsc-12281,,active,B
CAT-1648,台灯,台灯,办公日用,2,industrial-mechanical-lcsc-12283,,active,B
CAT-1649,地球仪,地球仪,办公日用,2,industrial-mechanical-lcsc-12284,,active,B
CAT-1650,直尺,直尺,办公日用,2,industrial-mechanical-lcsc-12285,,active,B
CAT-1651,放大镜,放大镜,办公日用,2,industrial-mechanical-lcsc-12287,,active,B
CAT-1652,液体胶,液体胶,办公日用,2,industrial-mechanical-lcsc-12288,,active,B
CAT-1653,固体胶,固体胶,办公日用,2,industrial-mechanical-lcsc-12290,,active,B
CAT-1654,其它设备,其它设备,办公日用,2,industrial-mechanical-lcsc-12293,,active,B
CAT-1655,其它存储产品,其它存储产品,办公日用,2,industrial-mechanical-lcsc-12294,,active,B
CAT-1656,网络产品,网络产品,办公日用,2,industrial-mechanical-lcsc-12295,,active,B
CAT-1657,数码配件,数码配件,办公日用,2,industrial-mechanical-lcsc-12296,,active,B
CAT-1658,组合面板,组合面板,办公日用,2,industrial-mechanical-lcsc-12374,,active,B
CAT-1659,线盘,线盘,办公日用,2,industrial-mechanical-lcsc-12424,,active,B
CAT-1660,面板盒,面板盒,办公日用,2,industrial-mechanical-lcsc-12484,,active,B
CAT-1661,电脑支架,电脑支架,办公日用,2,industrial-mechanical-lcsc-12588,,active,B
CAT-1662,色带,色带,办公日用,2,industrial-mechanical-lcsc-12590,,active,B
CAT-1663,硒鼓/墨粉,硒鼓/墨粉,办公日用,2,industrial-mechanical-lcsc-12591,,active,B
CAT-1664,一次性杯子,一次性杯子,办公日用,2,industrial-mechanical-lcsc-12602,,active,B
CAT-1665,消毒器,消毒器,办公日用,2,industrial-mechanical-lcsc-12632,,active,B
CAT-1666,加湿器,加湿器,办公日用,2,industrial-mechanical-lcsc-12634,,active,B
CAT-1667,手机壳,手机壳,办公日用,2,industrial-mechanical-lcsc-12636,,active,B
CAT-1668,笔记本电脑,笔记本电脑,办公日用,2,industrial-mechanical-lcsc-12651,,active,B
CAT-1669,低音炮,低音炮,办公日用,2,industrial-mechanical-lcsc-12652,,active,B
CAT-1670,电脑包,电脑包,办公日用,2,industrial-mechanical-lcsc-12653,,active,B
CAT-1671,工业级相机,工业级相机,办公日用,2,industrial-mechanical-lcsc-12655,,active,B
CAT-1672,墨盒,墨盒,办公日用,2,industrial-mechanical-lcsc-12708,,active,B
CAT-1673,夹纸器,夹纸器,办公日用,2,industrial-mechanical-lcsc-12710,,active,B
CAT-1674,切纸刀/切纸机,切纸刀/切纸机,办公日用,2,industrial-mechanical-lcsc-12719,,active,B
CAT-1675,粘钩,粘钩,办公日用,2,industrial-mechanical-lcsc-12723,,active,B
CAT-1676,台卡,台卡,办公日用,2,industrial-mechanical-lcsc-12725,,active,B
CAT-1677,路由器,路由器,办公日用,2,industrial-mechanical-lcsc-12727,,active,B
CAT-1678,投屏器,投屏器,办公日用,2,industrial-mechanical-lcsc-12731,,active,B
CAT-1679,挂钟/闹钟,挂钟/闹钟,办公日用,2,industrial-mechanical-lcsc-12750,,active,B
CAT-1680,网格带,网格带,办公日用,2,industrial-mechanical-lcsc-12777,,active,B
CAT-1681,其它办公用品,其它办公用品,办公日用,2,industrial-mechanical-lcsc-12811,,active,B
CAT-1682,扫码枪,扫码枪,办公日用,2,industrial-mechanical-lcsc-12878,,active,B
CAT-1683,胶带切割机,胶带切割机,办公日用,2,industrial-mechanical-lcsc-12879,,active,B
CAT-1684,激光打标机,激光打标机,办公日用,2,industrial-mechanical-lcsc-12880,,active,B
CAT-1685,工作台/工作桌,工作台/工作桌,办公日用,2,industrial-mechanical-lcsc-12882,,active,B
CAT-1686,办公椅,办公椅,办公日用,2,industrial-mechanical-lcsc-12883,,active,B
CAT-1687,沙发,沙发,办公日用,2,industrial-mechanical-lcsc-12884,,active,B
CAT-1688,秒表,秒表,办公日用,2,industrial-mechanical-lcsc-12885,,active,B
CAT-1689,饮水机,饮水机,办公日用,2,industrial-mechanical-lcsc-13105,,active,B
CAT-1690,对讲机,对讲机,办公日用,2,industrial-mechanical-lcsc-13526,,active,B
CAT-1691,扫描仪,扫描仪,办公日用,2,industrial-mechanical-lcsc-13536,,active,B
CAT-1692,标签打印机,标签打印机,办公日用,2,industrial-mechanical-lcsc-13542,,active,B
CAT-1693,自动切割机,自动切割机,办公日用,2,industrial-mechanical-lcsc-13545,,active,B
CAT-1694,镜子,镜子,办公日用,2,industrial-mechanical-lcsc-13589,,active,B
CAT-1695,床垫,床垫,办公日用,2,industrial-mechanical-lcsc-13590,,active,B
CAT-1696,鞋柜,鞋柜,办公日用,2,industrial-mechanical-lcsc-13591,,active,B
CAT-1697,移动电源,移动电源,办公日用,2,industrial-mechanical-lcsc-13611,,active,B
CAT-1698,数据线,数据线,办公日用,2,industrial-mechanical-lcsc-13612,,active,B
CAT-1699,音箱/音响,音箱/音响,办公日用,2,industrial-mechanical-lcsc-13614,,active,B
CAT-1700,相机,相机,办公日用,2,industrial-mechanical-lcsc-13624,,active,B
CAT-1701,床类,床类,办公日用,2,industrial-mechanical-lcsc-13645,,active,B
CAT-1702,午休椅,午休椅,办公日用,2,industrial-mechanical-lcsc-13646,,active,B
CAT-1703,书架,书架,办公日用,2,industrial-mechanical-lcsc-13647,,active,B
CAT-1704,自拍杆,自拍杆,办公日用,2,industrial-mechanical-lcsc-13666,,active,B
CAT-1705,屏蔽器,屏蔽器,办公日用,2,industrial-mechanical-lcsc-13681,,active,B
CAT-1706,激光打印机,激光打印机,办公日用,2,industrial-mechanical-lcsc-13705,,active,B
CAT-1707,牙刷,牙刷,办公日用,2,industrial-mechanical-lcsc-13711,,active,B
CAT-1708,花露水,花露水,办公日用,2,industrial-mechanical-lcsc-13714,,active,B
CAT-1709,陶瓷碗,陶瓷碗,办公日用,2,industrial-mechanical-lcsc-13715,,active,B
CAT-1710,打气筒,打气筒,办公日用,2,industrial-mechanical-lcsc-13720,,active,B
CAT-1711,雨伞,雨伞,办公日用,2,industrial-mechanical-lcsc-13723,,active,B
CAT-1712,纸巾盒,纸巾盒,办公日用,2,industrial-mechanical-lcsc-13729,,active,B
CAT-1713,红胶章,红胶章,办公日用,2,industrial-mechanical-lcsc-13734,,active,B
CAT-1714,扬声器,扬声器,办公日用,2,industrial-mechanical-lcsc-13738,,active,B
CAT-1715,餐盘,餐盘,办公日用,2,industrial-mechanical-lcsc-13739,,active,B
CAT-1716,折叠床,折叠床,办公日用,2,industrial-mechanical-lcsc-13749,,active,B
CAT-1717,洗衣机,洗衣机,办公日用,2,industrial-mechanical-lcsc-13753,,active,B
CAT-1718,电视机,电视机,办公日用,2,industrial-mechanical-lcsc-13754,,active,B
CAT-1719,空调,空调,办公日用,2,industrial-mechanical-lcsc-13755,,active,B
CAT-1720,冰箱,冰箱,办公日用,2,industrial-mechanical-lcsc-13756,,active,B
CAT-1721,无线充,无线充,办公日用,2,industrial-mechanical-lcsc-13782,,active,B
CAT-1722,移动电源套装,移动电源套装,办公日用,2,industrial-mechanical-lcsc-13783,,active,B
CAT-1723,旗帜,旗帜,办公日用,2,industrial-mechanical-lcsc-13785,,active,B
CAT-1724,电脑摄像头,电脑摄像头,办公日用,2,industrial-mechanical-lcsc-13787,,active,B
CAT-1725,会议摄像头,会议摄像头,办公日用,2,industrial-mechanical-lcsc-13788,,active,B
CAT-1726,高压锅,高压锅,办公日用,2,industrial-mechanical-lcsc-13790,,active,B
CAT-1727,养生壶,养生壶,办公日用,2,industrial-mechanical-lcsc-13798,,active,B
CAT-1728,微波炉,微波炉,办公日用,2,industrial-mechanical-lcsc-13799,,active,B
CAT-1729,空气炸锅,空气炸锅,办公日用,2,industrial-mechanical-lcsc-13800,,active,B
CAT-1730,烤箱,烤箱,办公日用,2,industrial-mechanical-lcsc-13801,,active,B
CAT-1731,电动牙刷,电动牙刷,办公日用,2,industrial-mechanical-lcsc-13802,,active,B
CAT-1732,除螨仪,除螨仪,办公日用,2,industrial-mechanical-lcsc-13803,,active,B
CAT-1733,搅拌机,搅拌机,办公日用,2,industrial-mechanical-lcsc-13806,,active,B
CAT-1734,多功能锅,多功能锅,办公日用,2,industrial-mechanical-lcsc-13807,,active,B
CAT-1735,电煮锅,电煮锅,办公日用,2,industrial-mechanical-lcsc-13808,,active,B
CAT-1736,电饭煲,电饭煲,办公日用,2,industrial-mechanical-lcsc-13809,,active,B
CAT-1737,挂烫机,挂烫机,办公日用,2,industrial-mechanical-lcsc-13810,,active,B
CAT-1738,灭蚊灯,灭蚊灯,办公日用,2,industrial-mechanical-lcsc-13811,,active,B
CAT-1739,电热水壶,电热水壶,办公日用,2,industrial-mechanical-lcsc-13812,,active,B
CAT-1740,橱柜/消毒柜,橱柜/消毒柜,办公日用,2,industrial-mechanical-lcsc-13813,,active,B
CAT-1741,扫地机器人,扫地机器人,办公日用,2,industrial-mechanical-lcsc-13815,,active,B
CAT-1742,折叠椅,折叠椅,办公日用,2,industrial-mechanical-lcsc-13816,,active,B
CAT-1743,破壁机,破壁机,办公日用,2,industrial-mechanical-lcsc-13817,,active,B
CAT-1744,交换机,交换机,办公日用,2,industrial-mechanical-lcsc-13818,,active,B
CAT-1745,平底锅,平底锅,办公日用,2,industrial-mechanical-lcsc-13821,,active,B
CAT-1746,电脑主板,电脑主板,办公日用,2,industrial-mechanical-lcsc-13822,,active,B
CAT-1747,车载支架,车载支架,办公日用,2,industrial-mechanical-lcsc-13858,,active,B
CAT-1748,香薰,香薰,办公日用,2,industrial-mechanical-lcsc-13874,,active,B
CAT-1749,广告机,广告机,办公日用,2,industrial-mechanical-lcsc-13875,,active,B
CAT-1750,智能手表,智能手表,办公日用,2,industrial-mechanical-lcsc-13876,,active,B
CAT-1751,显示器,显示器,办公日用,2,industrial-mechanical-lcsc-13877,,active,B
CAT-1752,投影仪,投影仪,办公日用,2,industrial-mechanical-lcsc-13878,,active,B
CAT-1753,望远镜,望远镜,办公日用,2,industrial-mechanical-lcsc-13879,,active,B
CAT-1754,麦克风,麦克风,办公日用,2,industrial-mechanical-lcsc-13900,,active,B
CAT-1755,红领巾,红领巾,办公日用,2,industrial-mechanical-lcsc-13919,,active,B
CAT-1756,T恤/文化衫,T恤/文化衫,办公日用,2,industrial-mechanical-t-13923,,active,B
CAT-1757,瑜伽垫,瑜伽垫,办公日用,2,industrial-mechanical-lcsc-13927,,active,B
CAT-1758,按摩仪,按摩仪,办公日用,2,industrial-mechanical-lcsc-13943,,active,B
CAT-1759,豆浆机,豆浆机,办公日用,2,industrial-mechanical-lcsc-13989,,active,B
CAT-1760,电源线,电源线,办公日用,2,industrial-mechanical-lcsc-11016,,active,B
CAT-1761,双面胶带,双面胶带,办公日用,2,industrial-mechanical-lcsc-968,,active,B
CAT-1762,打印机配件,打印机配件,办公日用,2,industrial-mechanical-lcsc-14018,,active,B
CAT-1763,存储卡,存储卡,办公日用,2,industrial-mechanical-lcsc-14035,,active,B
CAT-1764,内存条,内存条,办公日用,2,industrial-mechanical-lcsc-14036,,active,B
CAT-1765,讲台,讲台,办公日用,2,industrial-mechanical-lcsc-14038,,active,B
CAT-1766,固态硬盘（SSD）,固态硬盘（SSD）,办公日用,2,industrial-mechanical-ssd,,active,B
CAT-1767,机械硬盘（HDD）,机械硬盘（HDD）,办公日用,2,industrial-mechanical-hdd,,active,B
CAT-1768,移动硬盘,移动硬盘,办公日用,2,industrial-mechanical-lcsc-14049,,active,B
CAT-1769,遥控器,遥控器,办公日用,2,industrial-mechanical-lcsc-14051,,active,B
CAT-1770,家用电源插头,家用电源插头,办公日用,2,industrial-mechanical-lcsc-14055,,active,B
CAT-1771,油烟机,油烟机,办公日用,2,industrial-mechanical-lcsc-14063,,active,B
CAT-1772,燃气灶,燃气灶,办公日用,2,industrial-mechanical-lcsc-14064,,active,B
CAT-1773,电磁炉,电磁炉,办公日用,2,industrial-mechanical-lcsc-14065,,active,B
CAT-1774,电饼铛,电饼铛,办公日用,2,industrial-mechanical-lcsc-14066,,active,B
CAT-1775,取暖器,取暖器,办公日用,2,industrial-mechanical-lcsc-14070,,active,B
CAT-1776,行李箱,行李箱,办公日用,2,industrial-mechanical-lcsc-14075,,active,B
CAT-1777,绞肉机/切肉机,绞肉机/切肉机,办公日用,2,industrial-mechanical-lcsc-14076,,active,B
CAT-1778,榨汁机,榨汁机,办公日用,2,industrial-mechanical-lcsc-14077,,active,B
CAT-1779,咖啡机,咖啡机,办公日用,2,industrial-mechanical-lcsc-14078,,active,B
CAT-1780,嘉立创专用办公,嘉立创专用办公,办公日用,2,industrial-mechanical-lcsc-14099,,active,B
CAT-1781,电话机套装,电话机套装,办公日用,2,industrial-mechanical-lcsc-14101,,active,B
CAT-1782,饮料机,饮料机,办公日用,2,industrial-mechanical-lcsc-14106,,active,B
CAT-1783,饭菜保温台,饭菜保温台,办公日用,2,industrial-mechanical-lcsc-14108,,active,B
CAT-1784,和面机,和面机,办公日用,2,industrial-mechanical-lcsc-14109,,active,B
CAT-1785,洗碗机,洗碗机,办公日用,2,industrial-mechanical-lcsc-14110,,active,B
CAT-1786,蒸饭柜,蒸饭柜,办公日用,2,industrial-mechanical-lcsc-14111,,active,B
CAT-1787,打蛋器,打蛋器,办公日用,2,industrial-mechanical-lcsc-14112,,active,B
CAT-1788,冰淇淋机,冰淇淋机,办公日用,2,industrial-mechanical-lcsc-14125,,active,B
CAT-1789,自动炒菜机,自动炒菜机,办公日用,2,industrial-mechanical-lcsc-14128,,active,B
CAT-1790,网络收发器,网络收发器,办公日用,2,industrial-mechanical-lcsc-14136,,active,B
CAT-1791,硬盘录像机,硬盘录像机,办公日用,2,industrial-mechanical-lcsc-14137,,active,B
CAT-1792,水暖毯,水暖毯,办公日用,2,industrial-mechanical-lcsc-14209,,active,B
CAT-1793,净水器,净水器,办公日用,2,industrial-mechanical-lcsc-14219,,active,B
CAT-1794,管线机,管线机,办公日用,2,industrial-mechanical-lcsc-14220,,active,B
CAT-1795,枕头,枕头,办公日用,2,industrial-mechanical-lcsc-14221,,active,B
CAT-1796,坐垫,坐垫,办公日用,2,industrial-mechanical-lcsc-14222,,active,B
CAT-1797,外置天线,外置天线,办公日用,2,industrial-mechanical-lcsc-14246,,active,B
CAT-1798,节庆用品,节庆用品,办公日用,2,industrial-mechanical-lcsc-14248,,active,B
CAT-1799,面板开关,面板开关,办公日用,2,industrial-mechanical-lcsc-14249,,active,B
CAT-1800,面板插座,面板插座,办公日用,2,industrial-mechanical-lcsc-14250,,active,B
CAT-1801,信息面板,信息面板,办公日用,2,industrial-mechanical-lcsc-14251,,active,B
CAT-1802,面板附件,面板附件,办公日用,2,industrial-mechanical-lcsc-14258,,active,B
CAT-1803,自粘性标签,自粘性标签,办公日用,2,industrial-mechanical-lcsc-14260,,active,B
CAT-1804,美工刀套装,美工刀套装,办公日用,2,industrial-mechanical-lcsc-14264,,active,B
CAT-1805,智能插座,智能插座,办公日用,2,industrial-mechanical-lcsc-14271,,active,B
CAT-1806,PDU插座,PDU插座,办公日用,2,industrial-mechanical-pdu,,active,B
CAT-1807,放电枪插座,放电枪插座,办公日用,2,industrial-mechanical-lcsc-14274,,active,B
CAT-1808,机箱配件,机箱配件,办公日用,2,industrial-mechanical-lcsc-14276,,active,B
CAT-1809,机架配件,机架配件,办公日用,2,industrial-mechanical-lcsc-14277,,active,B
CAT-1810,SD卡适配器,SD卡适配器,办公日用,2,industrial-mechanical-sd,,active,B
CAT-1811,PET标签,PET标签,办公日用,2,industrial-mechanical-pet,,active,B
CAT-1812,热敏标签纸,热敏标签纸,办公日用,2,industrial-mechanical-lcsc-14353,,active,B
CAT-1813,铜版标签纸,铜版标签纸,办公日用,2,industrial-mechanical-lcsc-14354,,active,B
CAT-1814,收银纸,收银纸,办公日用,2,industrial-mechanical-lcsc-14356,,active,B
CAT-1815,标价纸,标价纸,办公日用,2,industrial-mechanical-lcsc-14357,,active,B
CAT-1816,A4不干胶纸,A4不干胶纸,办公日用,2,industrial-mechanical-a4,,active,B
CAT-1817,串口卡,串口卡,办公日用,2,industrial-mechanical-lcsc-14365,,active,B
CAT-1818,视频延长器,视频延长器,办公日用,2,industrial-mechanical-lcsc-14368,,active,B
CAT-1819,蓝牙适配器,蓝牙适配器,办公日用,2,industrial-mechanical-lcsc-14370,,active,B
CAT-1820,暖手宝,暖手宝,办公日用,2,industrial-mechanical-lcsc-14390,,active,B
CAT-1821,杯垫,杯垫,办公日用,2,industrial-mechanical-lcsc-14391,,active,B
CAT-1822,视频适配器,视频适配器,办公日用,2,industrial-mechanical-lcsc-14399,,active,B
CAT-1823,网络连接器,网络连接器,办公日用,2,industrial-mechanical-lcsc-14400,,active,B
CAT-1824,网络适配器,网络适配器,办公日用,2,industrial-mechanical-lcsc-14401,,active,B
CAT-1825,信号分离器,信号分离器,办公日用,2,industrial-mechanical-lcsc-14402,,active,B
CAT-1826,保密柜,保密柜,办公日用,2,industrial-mechanical-lcsc-14414,,active,B
CAT-1827,保险柜,保险柜,办公日用,2,industrial-mechanical-lcsc-14415,,active,B
CAT-1828,待销柜,待销柜,办公日用,2,industrial-mechanical-lcsc-14416,,active,B
CAT-1829,信号屏蔽柜,信号屏蔽柜,办公日用,2,industrial-mechanical-lcsc-14419,,active,B
CAT-1830,充电柜,充电柜,办公日用,2,industrial-mechanical-lcsc-14420,,active,B
CAT-1831,寄存柜,寄存柜,办公日用,2,industrial-mechanical-lcsc-14421,,active,B
CAT-1832,打印机共享器,打印机共享器,办公日用,2,industrial-mechanical-lcsc-14422,,active,B
CAT-1833,光纤分光器,光纤分光器,办公日用,2,industrial-mechanical-lcsc-14423,,active,B
CAT-1834,光纤回路器,光纤回路器,办公日用,2,industrial-mechanical-lcsc-14424,,active,B
CAT-1835,光纤耦合器,光纤耦合器,办公日用,2,industrial-mechanical-lcsc-14425,,active,B
CAT-1836,光纤衰减器,光纤衰减器,办公日用,2,industrial-mechanical-lcsc-14426,,active,B
CAT-1837,KVM切换器,KVM切换器,办公日用,2,industrial-mechanical-kvm-14427,,active,B
CAT-1838,光纤复用器,光纤复用器,办公日用,2,industrial-mechanical-lcsc-14429,,active,B
CAT-1839,音频转接头/适配器,音频转接头/适配器,办公日用,2,industrial-mechanical-lcsc-14433,,active,B
CAT-1840,XLR连接器,XLR连接器,办公日用,2,industrial-mechanical-xlr,,active,B
CAT-1841,茶具,茶具,办公日用,2,industrial-mechanical-lcsc-14482,,active,B
CAT-1842,屏幕膜,屏幕膜,办公日用,2,industrial-mechanical-lcsc-14499,,active,B
CAT-1843,打印线,打印线,办公日用,2,industrial-mechanical-lcsc-14548,,active,B
CAT-1844,文具胶带,文具胶带,办公日用,2,industrial-mechanical-lcsc-14564,,active,B
CAT-1845,吊扇,吊扇,办公日用,2,industrial-mechanical-lcsc-14567,,active,B
CAT-1846,壁挂扇,壁挂扇,办公日用,2,industrial-mechanical-lcsc-14568,,active,B
CAT-1847,落地扇,落地扇,办公日用,2,industrial-mechanical-lcsc-14569,,active,B
CAT-1848,趴地扇,趴地扇,办公日用,2,industrial-mechanical-lcsc-14570,,active,B
CAT-1849,冷风扇,冷风扇,办公日用,2,industrial-mechanical-lcsc-14571,,active,B
CAT-1850,塔扇,塔扇,办公日用,2,industrial-mechanical-lcsc-14572,,active,B
CAT-1851,冷却固化风扇,冷却固化风扇,办公日用,2,industrial-mechanical-lcsc-14573,,active,B
CAT-1852,台扇,台扇,办公日用,2,industrial-mechanical-lcsc-14574,,active,B
CAT-1853,便携风扇,便携风扇,办公日用,2,industrial-mechanical-lcsc-14576,,active,B
CAT-1854,干衣机,干衣机,办公日用,2,industrial-mechanical-lcsc-14577,,active,B
CAT-1855,键盘,键盘,办公日用,2,industrial-mechanical-lcsc-14580,,active,B
CAT-1856,鼠标,鼠标,办公日用,2,industrial-mechanical-lcsc-14581,,active,B
CAT-1857,键鼠套装,键鼠套装,办公日用,2,industrial-mechanical-lcsc-14582,,active,B
CAT-1858,光纤分纤箱,光纤分纤箱,办公日用,2,industrial-mechanical-lcsc-14589,,active,B
CAT-1859,卡式炉,卡式炉,办公日用,2,industrial-mechanical-lcsc-14599,,active,B
CAT-1860,天幕,天幕,办公日用,2,industrial-mechanical-lcsc-14600,,active,B
CAT-1861,便携取暖器,便携取暖器,办公日用,2,industrial-mechanical-lcsc-14601,,active,B
CAT-1862,碳烤炉,碳烤炉,办公日用,2,industrial-mechanical-lcsc-14619,,active,B
CAT-1863,一体式气炉,一体式气炉,办公日用,2,industrial-mechanical-lcsc-14621,,active,B
CAT-1864,分体式气炉,分体式气炉,办公日用,2,industrial-mechanical-lcsc-14622,,active,B
CAT-1865,气炉配件,气炉配件,办公日用,2,industrial-mechanical-lcsc-14624,,active,B
CAT-1866,手机,手机,办公日用,2,industrial-mechanical-lcsc-14655,,active,B
CAT-1867,电脑主机,电脑主机,办公日用,2,industrial-mechanical-lcsc-14656,,active,B
CAT-1868,会议平板,会议平板,办公日用,2,industrial-mechanical-lcsc-14657,,active,B
CAT-1869,平板电脑,平板电脑,办公日用,2,industrial-mechanical-lcsc-14658,,active,B
CAT-1870,学习机,学习机,办公日用,2,industrial-mechanical-lcsc-14659,,active,B
CAT-1871,号码管,号码管,办公日用,2,industrial-mechanical-lcsc-14664,,active,B
CAT-1872,信号隔离器,信号隔离器,办公日用,2,industrial-mechanical-lcsc-14665,,active,B
CAT-1873,采集卡,采集卡,办公日用,2,industrial-mechanical-lcsc-14666,,active,B
CAT-1874,扩展卡,扩展卡,办公日用,2,industrial-mechanical-lcsc-14667,,active,B
CAT-1875,光纤模块,光纤模块,办公日用,2,industrial-mechanical-lcsc-14698,,active,B
CAT-1876,档案袋,档案袋,办公日用,2,industrial-mechanical-lcsc-14699,,active,B
CAT-1877,风琴包,风琴包,办公日用,2,industrial-mechanical-lcsc-14700,,active,B
CAT-1878,活页袋/活页纸,活页袋/活页纸,办公日用,2,industrial-mechanical-lcsc-14701,,active,B
CAT-1879,文件袋,文件袋,办公日用,2,industrial-mechanical-lcsc-14702,,active,B
CAT-1880,文件套,文件套,办公日用,2,industrial-mechanical-lcsc-14703,,active,B
CAT-1881,元器件样品本,元器件样品本,办公日用,2,industrial-mechanical-lcsc-14704,,active,B
CAT-1882,专用文件夹,专用文件夹,办公日用,2,industrial-mechanical-lcsc-14705,,active,B
CAT-1883,3D打印耗材,3D打印耗材,办公日用,2,industrial-mechanical-3d,,active,B
CAT-1884,针式打印机,针式打印机,办公日用,2,industrial-mechanical-lcsc-14707,,active,B
CAT-1885,线号机,线号机,办公日用,2,industrial-mechanical-lcsc-14708,,active,B
CAT-1886,错题打印机,错题打印机,办公日用,2,industrial-mechanical-lcsc-14709,,active,B
CAT-1887,3D打印机,3D打印机,办公日用,2,industrial-mechanical-3d-14710,,active,B
CAT-1888,喷墨打印机,喷墨打印机,办公日用,2,industrial-mechanical-lcsc-14711,,active,B
CAT-1889,POE供电器,POE供电器,办公日用,2,industrial-mechanical-poe,,active,B
CAT-1890,USB适配器,USB适配器,办公日用,2,industrial-mechanical-usb-14713,,active,B
CAT-1891,笔袋,笔袋,办公日用,2,industrial-mechanical-lcsc-14714,,active,B
CAT-1892,排插/面板开关,排插/面板开关,笔袋,3,industrial-mechanical-lcsc-11428,,active,B
CAT-1893,信号隔离器件,Semiconductors & Discrete,,1,semiconductors-discrete-13433,semiconductor-components,active,A
CAT-1894,数字隔离器,数字隔离器,信号隔离器件,2,semiconductors-discrete-lcsc-581,semiconductor-components,active,B
CAT-1895,隔离式放大器,隔离式放大器,信号隔离器件,2,semiconductors-discrete-lcsc-11259,semiconductor-components,active,B
CAT-1896,隔离式RS485/422收发器,隔离式RS485/422收发器,信号隔离器件,2,semiconductors-discrete-rs485-422,semiconductor-components,active,B
CAT-1897,隔离式CAN收发器,隔离式CAN收发器,信号隔离器件,2,semiconductors-discrete-can,semiconductor-components,active,B
CAT-1898,隔离式I2C,隔离式I2C,信号隔离器件,2,semiconductors-discrete-i2c,semiconductor-components,active,B
CAT-1899,隔离式ADC,隔离式ADC,信号隔离器件,2,semiconductors-discrete-adc,semiconductor-components,active,B
CAT-1900,隔离DI/DO,隔离DI/DO,信号隔离器件,2,semiconductors-discrete-di-do,semiconductor-components,active,B
CAT-1901,光耦仿真器(可替换光耦),光耦仿真器(可替换光耦),信号隔离器件,2,semiconductors-discrete-lcsc-13443,semiconductor-components,active,B
CAT-1902,隔离式USB芯片,隔离式USB芯片,信号隔离器件,2,semiconductors-discrete-usb,semiconductor-components,active,B
CAT-1903,隔离式LVDS缓冲器,隔离式LVDS缓冲器,信号隔离器件,2,semiconductors-discrete-lvds,semiconductor-components,active,B
CAT-1904,隔离式比较器,隔离式比较器,信号隔离器件,2,semiconductors-discrete-lcsc-13446,semiconductor-components,active,B
CAT-1905,隔离式RS-232收发器,隔离式RS-232收发器,信号隔离器件,2,semiconductors-discrete-rs-232,semiconductor-components,active,B
CAT-1906,隔离式SPI,隔离式SPI,信号隔离器件,2,semiconductors-discrete-spi,semiconductor-components,active,B
CAT-1907,隔离式ADC(带电源),隔离式ADC(带电源),信号隔离器件,2,semiconductors-discrete-adc-13449,semiconductor-components,active,B
CAT-1908,隔离式SPI(带电源),隔离式SPI(带电源),信号隔离器件,2,semiconductors-discrete-spi-13450,semiconductor-components,active,B
CAT-1909,隔离式USB芯片(带电源),隔离式USB芯片(带电源),信号隔离器件,2,semiconductors-discrete-usb-13451,semiconductor-components,active,B
CAT-1910,隔离式RS-232收发器(带电源),隔离式RS-232收发器(带电源),信号隔离器件,2,semiconductors-discrete-rs-232-13452,semiconductor-components,active,B
CAT-1911,隔离式放大器(带电源),隔离式放大器(带电源),信号隔离器件,2,semiconductors-discrete-lcsc-13453,semiconductor-components,active,B
CAT-1912,数字隔离器(带电源),数字隔离器(带电源),信号隔离器件,2,semiconductors-discrete-lcsc-13454,semiconductor-components,active,B
CAT-1913,隔离式RS485/422收发器(带电源),隔离式RS485/422收发器(带电源),信号隔离器件,2,semiconductors-discrete-rs485-422-13455,semiconductor-components,active,B
CAT-1914,隔离式I2C(带电源),隔离式I2C(带电源),信号隔离器件,2,semiconductors-discrete-i2c-13456,semiconductor-components,active,B
CAT-1915,隔离式CAN收发器(带电源),隔离式CAN收发器(带电源),信号隔离器件,2,semiconductors-discrete-can-13457,semiconductor-components,active,B
CAT-1916,隔离-固态继电器,隔离-固态继电器,信号隔离器件,2,semiconductors-discrete-lcsc-13479,semiconductor-components,active,B
CAT-1917,隔离式DC/DC转换器,隔离式DC/DC转换器,隔离-固态继电器,3,semiconductors-discrete-dc-dc,semiconductor-components,active,B
CAT-1918,隔离式栅极驱动器,隔离式栅极驱动器,隔离-固态继电器,3,semiconductors-discrete-lcsc-13476,semiconductor-components,active,B
CAT-1919,变压器驱动器,变压器驱动器,隔离-固态继电器,3,semiconductors-discrete-lcsc-13477,semiconductor-components,active,B
CAT-1920,劳保用品,Industrial & Mechanical,,1,industrial-mechanical-11209,,active,A
CAT-1921,电弧防护,电弧防护,劳保用品,2,industrial-mechanical-lcsc-11368,,active,B
CAT-1922,焊接脚盖,焊接脚盖,劳保用品,2,industrial-mechanical-lcsc-11603,,active,B
CAT-1923,安全鞋,安全鞋,劳保用品,2,industrial-mechanical-lcsc-11604,,active,B
CAT-1924,防护靴,防护靴,劳保用品,2,industrial-mechanical-lcsc-11605,,active,B
CAT-1925,鞋套,鞋套,劳保用品,2,industrial-mechanical-lcsc-11606,,active,B
CAT-1926,安全带,安全带,劳保用品,2,industrial-mechanical-lcsc-11607,,active,B
CAT-1927,防护眼镜,防护眼镜,劳保用品,2,industrial-mechanical-lcsc-11608,,active,B
CAT-1928,护目镜,护目镜,劳保用品,2,industrial-mechanical-lcsc-11609,,active,B
CAT-1929,眼镜配件,眼镜配件,劳保用品,2,industrial-mechanical-lcsc-11610,,active,B
CAT-1930,防护面屏,防护面屏,劳保用品,2,industrial-mechanical-lcsc-11611,,active,B
CAT-1931,电焊防护帽,电焊防护帽,劳保用品,2,industrial-mechanical-lcsc-11612,,active,B
CAT-1932,头部防护配件,头部防护配件,劳保用品,2,industrial-mechanical-lcsc-11613,,active,B
CAT-1933,工作帽,工作帽,劳保用品,2,industrial-mechanical-lcsc-11614,,active,B
CAT-1934,耳塞,耳塞,劳保用品,2,industrial-mechanical-lcsc-11615,,active,B
CAT-1935,耳罩,耳罩,劳保用品,2,industrial-mechanical-lcsc-11616,,active,B
CAT-1936,涂层手套,涂层手套,劳保用品,2,industrial-mechanical-lcsc-11617,,active,B
CAT-1937,一次性手套,一次性手套,劳保用品,2,industrial-mechanical-lcsc-11618,,active,B
CAT-1938,机械手套,机械手套,劳保用品,2,industrial-mechanical-lcsc-11619,,active,B
CAT-1939,防寒手套,防寒手套,劳保用品,2,industrial-mechanical-lcsc-11620,,active,B
CAT-1940,防电弧手套,防电弧手套,劳保用品,2,industrial-mechanical-lcsc-11621,,active,B
CAT-1941,通用工作手套,通用工作手套,劳保用品,2,industrial-mechanical-lcsc-11622,,active,B
CAT-1942,防割手套,防割手套,劳保用品,2,industrial-mechanical-lcsc-11623,,active,B
CAT-1943,防化手套,防化手套,劳保用品,2,industrial-mechanical-lcsc-11624,,active,B
CAT-1944,隔热手套,隔热手套,劳保用品,2,industrial-mechanical-lcsc-11625,,active,B
CAT-1945,焊接手套,焊接手套,劳保用品,2,industrial-mechanical-lcsc-11626,,active,B
CAT-1946,焊接袖套,焊接袖套,劳保用品,2,industrial-mechanical-lcsc-11627,,active,B
CAT-1947,防护服,防护服,劳保用品,2,industrial-mechanical-lcsc-11628,,active,B
CAT-1948,雨衣,雨衣,劳保用品,2,industrial-mechanical-lcsc-11629,,active,B
CAT-1949,防静电帽,防静电帽,劳保用品,2,industrial-mechanical-lcsc-11630,,active,B
CAT-1950,防静电服,防静电服,劳保用品,2,industrial-mechanical-lcsc-11631,,active,B
CAT-1951,防静电鞋,防静电鞋,劳保用品,2,industrial-mechanical-lcsc-11632,,active,B
CAT-1952,防静电围裙,防静电围裙,劳保用品,2,industrial-mechanical-lcsc-11633,,active,B
CAT-1953,防静电手套,防静电手套,劳保用品,2,industrial-mechanical-lcsc-11634,,active,B
CAT-1954,防静电包,防静电包,劳保用品,2,industrial-mechanical-lcsc-11635,,active,B
CAT-1955,防静电袖套,防静电袖套,劳保用品,2,industrial-mechanical-lcsc-11636,,active,B
CAT-1956,防护面具及配件,防护面具及配件,劳保用品,2,industrial-mechanical-lcsc-11637,,active,B
CAT-1957,防护口罩,防护口罩,劳保用品,2,industrial-mechanical-lcsc-11638,,active,B
CAT-1958,焊接围裙,焊接围裙,劳保用品,2,industrial-mechanical-lcsc-12366,,active,B
CAT-1959,焊接面罩,焊接面罩,劳保用品,2,industrial-mechanical-lcsc-12601,,active,B
CAT-1960,绝缘脚垫,绝缘脚垫,劳保用品,2,industrial-mechanical-lcsc-12617,,active,B
CAT-1961,防静电手环,防静电手环,劳保用品,2,industrial-mechanical-lcsc-12649,,active,B
CAT-1962,安全帽,安全帽,劳保用品,2,industrial-mechanical-lcsc-12754,,active,B
CAT-1963,护膝,护膝,劳保用品,2,industrial-mechanical-lcsc-12763,,active,B
CAT-1964,防化围裙,防化围裙,劳保用品,2,industrial-mechanical-lcsc-12950,,active,B
CAT-1965,手指套,手指套,劳保用品,2,industrial-mechanical-lcsc-12951,,active,B
CAT-1966,焊接防护毯,焊接防护毯,劳保用品,2,industrial-mechanical-lcsc-13104,,active,B
CAT-1967,防静电脚腕带,防静电脚腕带,劳保用品,2,industrial-mechanical-lcsc-13154,,active,B
CAT-1968,工作服,工作服,劳保用品,2,industrial-mechanical-lcsc-13378,,active,B
CAT-1969,防护帽,防护帽,劳保用品,2,industrial-mechanical-lcsc-13588,,active,B
CAT-1970,防护服&工作服,防护服&工作服,劳保用品,2,industrial-mechanical-lcsc-13593,,active,B
CAT-1971,工作围裙,工作围裙,劳保用品,2,industrial-mechanical-lcsc-13915,,active,B
CAT-1972,大褂,大褂,劳保用品,2,industrial-mechanical-lcsc-13916,,active,B
CAT-1973,袜子,袜子,劳保用品,2,industrial-mechanical-lcsc-13918,,active,B
CAT-1974,防水袖套,防水袖套,劳保用品,2,industrial-mechanical-lcsc-13921,,active,B
CAT-1975,防晒袖套,防晒袖套,劳保用品,2,industrial-mechanical-lcsc-13922,,active,B
CAT-1976,绝缘手套,绝缘手套,劳保用品,2,industrial-mechanical-lcsc-13928,,active,B
CAT-1977,嘉立创专用劳保,嘉立创专用劳保,劳保用品,2,industrial-mechanical-lcsc-14083,,active,B
CAT-1978,护肘,护肘,劳保用品,2,industrial-mechanical-lcsc-14204,,active,B
CAT-1979,护腕,护腕,劳保用品,2,industrial-mechanical-lcsc-14205,,active,B
CAT-1980,特殊防护手套,特殊防护手套,劳保用品,2,industrial-mechanical-lcsc-14207,,active,B
CAT-1981,防寒服,防寒服,劳保用品,2,industrial-mechanical-lcsc-14215,,active,B
CAT-1982,清洁手套,清洁手套,劳保用品,2,industrial-mechanical-lcsc-14216,,active,B
CAT-1983,通用防护服,通用防护服,劳保用品,2,industrial-mechanical-lcsc-14217,,active,B
CAT-1984,特殊防护服,特殊防护服,劳保用品,2,industrial-mechanical-lcsc-14225,,active,B
CAT-1985,消防服,消防服,劳保用品,2,industrial-mechanical-lcsc-14228,,active,B
CAT-1986,耳塞分配器,耳塞分配器,劳保用品,2,industrial-mechanical-lcsc-14259,,active,B
CAT-1987,防护面罩,防护面罩,劳保用品,2,industrial-mechanical-lcsc-14265,,active,B
CAT-1988,鼻塞,鼻塞,劳保用品,2,industrial-mechanical-lcsc-14282,,active,B
CAT-1989,五金紧固,Industrial & Mechanical,,1,industrial-mechanical-11337,,active,A
CAT-1990,螺纹护套及安装工具,螺纹护套及安装工具,五金紧固,2,industrial-mechanical-lcsc-11458,,active,B
CAT-1991,内六角沉头螺钉,内六角沉头螺钉,五金紧固,2,industrial-mechanical-lcsc-11640,,active,B
CAT-1992,内六角盘头螺钉,内六角盘头螺钉,五金紧固,2,industrial-mechanical-lcsc-11641,,active,B
CAT-1993,内六角圆柱头螺钉,内六角圆柱头螺钉,五金紧固,2,industrial-mechanical-lcsc-11643,,active,B
CAT-1994,内六角喉塞,内六角喉塞,五金紧固,2,industrial-mechanical-lcsc-11644,,active,B
CAT-1995,内六角锥端紧定螺钉,内六角锥端紧定螺钉,五金紧固,2,industrial-mechanical-lcsc-11645,,active,B
CAT-1996,内六角凹端紧定螺钉,内六角凹端紧定螺钉,五金紧固,2,industrial-mechanical-lcsc-11646,,active,B
CAT-1997,内六角柱端紧定螺钉,内六角柱端紧定螺钉,五金紧固,2,industrial-mechanical-lcsc-11647,,active,B
CAT-1998,内六角平端紧定螺钉,内六角平端紧定螺钉,五金紧固,2,industrial-mechanical-lcsc-11648,,active,B
CAT-1999,内六角花形低圆柱头螺钉,内六角花形低圆柱头螺钉,五金紧固,2,industrial-mechanical-lcsc-11650,,active,B
CAT-2000,外六角法兰面螺栓,外六角法兰面螺栓,五金紧固,2,industrial-mechanical-lcsc-11651,,active,B
CAT-2001,外六角喉塞,外六角喉塞,五金紧固,2,industrial-mechanical-lcsc-11653,,active,B
CAT-2002,鞍形弹性垫圈,鞍形弹性垫圈,五金紧固,2,industrial-mechanical-lcsc-11655,,active,B
CAT-2003,波形弹性垫圈,波形弹性垫圈,五金紧固,2,industrial-mechanical-lcsc-11656,,active,B
CAT-2004,开口弹性挡圈,开口弹性挡圈,五金紧固,2,industrial-mechanical-lcsc-11659,,active,B
CAT-2005,孔用弹性挡圈,孔用弹性挡圈,五金紧固,2,industrial-mechanical-lcsc-11660,,active,B
CAT-2006,内齿锁紧垫圈,内齿锁紧垫圈,五金紧固,2,industrial-mechanical-lcsc-11661,,active,B
CAT-2007,平垫圈,平垫圈,五金紧固,2,industrial-mechanical-lcsc-11663,,active,B
CAT-2008,外齿锁紧垫圈,外齿锁紧垫圈,五金紧固,2,industrial-mechanical-lcsc-11664,,active,B
CAT-2009,轴用弹性挡圈,轴用弹性挡圈,五金紧固,2,industrial-mechanical-lcsc-11666,,active,B
CAT-2010,碟形弹性垫圈,碟形弹性垫圈,五金紧固,2,industrial-mechanical-lcsc-11669,,active,B
CAT-2011,止动垫圈,止动垫圈,五金紧固,2,industrial-mechanical-lcsc-11670,,active,B
CAT-2012,球面垫圈,球面垫圈,五金紧固,2,industrial-mechanical-lcsc-11673,,active,B
CAT-2013,蝶型螺母,蝶型螺母,五金紧固,2,industrial-mechanical-lcsc-11684,,active,B
CAT-2014,六角螺母,六角螺母,五金紧固,2,industrial-mechanical-lcsc-11691,,active,B
CAT-2015,吊环螺帽,吊环螺帽,五金紧固,2,industrial-mechanical-lcsc-11693,,active,B
CAT-2016,圆螺母,圆螺母,五金紧固,2,industrial-mechanical-lcsc-11694,,active,B
CAT-2017,卡式螺母,卡式螺母,五金紧固,2,industrial-mechanical-lcsc-11702,,active,B
CAT-2018,十字槽沉头机螺钉,十字槽沉头机螺钉,五金紧固,2,industrial-mechanical-lcsc-11707,,active,B
CAT-2019,十字槽大扁头机螺钉,十字槽大扁头机螺钉,五金紧固,2,industrial-mechanical-lcsc-11708,,active,B
CAT-2020,十字槽盘头机螺钉,十字槽盘头机螺钉,五金紧固,2,industrial-mechanical-lcsc-11709,,active,B
CAT-2021,十字槽圆柱头机螺钉,十字槽圆柱头机螺钉,五金紧固,2,industrial-mechanical-lcsc-11715,,active,B
CAT-2022,梅花槽刀把螺钉,梅花槽刀把螺钉,五金紧固,2,industrial-mechanical-lcsc-11717,,active,B
CAT-2023,十字盘头三角牙机螺钉,十字盘头三角牙机螺钉,五金紧固,2,industrial-mechanical-lcsc-11719,,active,B
CAT-2024,内六角平圆头带垫机螺钉,内六角平圆头带垫机螺钉,五金紧固,2,industrial-mechanical-lcsc-11720,,active,B
CAT-2025,十字槽沉头自攻螺钉,十字槽沉头自攻螺钉,五金紧固,2,industrial-mechanical-lcsc-11721,,active,B
CAT-2026,十字槽沉头钻尾自攻螺钉,十字槽沉头钻尾自攻螺钉,五金紧固,2,industrial-mechanical-lcsc-11722,,active,B
CAT-2027,十字槽大扁头自攻螺钉,十字槽大扁头自攻螺钉,五金紧固,2,industrial-mechanical-lcsc-11723,,active,B
CAT-2028,十字槽盘头自攻螺钉,十字槽盘头自攻螺钉,五金紧固,2,industrial-mechanical-lcsc-11724,,active,B
CAT-2029,十字槽盘头钻尾自攻螺钉,十字槽盘头钻尾自攻螺钉,五金紧固,2,industrial-mechanical-lcsc-11725,,active,B
CAT-2030,十字槽半圆头自攻螺钉,十字槽半圆头自攻螺钉,五金紧固,2,industrial-mechanical-lcsc-11727,,active,B
CAT-2031,十字槽墙板自攻螺钉,十字槽墙板自攻螺钉,五金紧固,2,industrial-mechanical-lcsc-11729,,active,B
CAT-2032,圆柱销,圆柱销,五金紧固,2,industrial-mechanical-lcsc-11732,,active,B
CAT-2033,开口型扁圆头抽芯铆钉,开口型扁圆头抽芯铆钉,五金紧固,2,industrial-mechanical-lcsc-11733,,active,B
CAT-2034,内螺纹圆柱销,内螺纹圆柱销,五金紧固,2,industrial-mechanical-lcsc-11735,,active,B
CAT-2035,开口型沉头抽芯铆钉,开口型沉头抽芯铆钉,五金紧固,2,industrial-mechanical-lcsc-11736,,active,B
CAT-2036,封闭型扁圆头抽芯铆钉,封闭型扁圆头抽芯铆钉,五金紧固,2,industrial-mechanical-lcsc-11737,,active,B
CAT-2037,压铆螺母,压铆螺母,五金紧固,2,industrial-mechanical-lcsc-11740,,active,B
CAT-2038,标牌铆钉,标牌铆钉,五金紧固,2,industrial-mechanical-lcsc-11741,,active,B
CAT-2039,螺尾销轴,螺尾销轴,五金紧固,2,industrial-mechanical-lcsc-11743,,active,B
CAT-2040,圆锥销,圆锥销,五金紧固,2,industrial-mechanical-lcsc-11745,,active,B
CAT-2041,半圆头铆钉,半圆头铆钉,五金紧固,2,industrial-mechanical-lcsc-11746,,active,B
CAT-2042,吊环螺栓,吊环螺栓,五金紧固,2,industrial-mechanical-lcsc-11749,,active,B
CAT-2043,马车螺栓,马车螺栓,五金紧固,2,industrial-mechanical-lcsc-11750,,active,B
CAT-2044,T型螺栓,T型螺栓,五金紧固,2,industrial-mechanical-t-11751,,active,B
CAT-2045,蝶型螺栓,蝶型螺栓,五金紧固,2,industrial-mechanical-lcsc-11753,,active,B
CAT-2046,活节螺栓,活节螺栓,五金紧固,2,industrial-mechanical-lcsc-11754,,active,B
CAT-2047,U型螺栓,U型螺栓,五金紧固,2,industrial-mechanical-u-11755,,active,B
CAT-2048,膨胀螺栓,膨胀螺栓,五金紧固,2,industrial-mechanical-lcsc-11763,,active,B
CAT-2049,塑料膨胀,塑料膨胀,五金紧固,2,industrial-mechanical-lcsc-11764,,active,B
CAT-2050,管卡,管卡,五金紧固,2,industrial-mechanical-lcsc-11777,,active,B
CAT-2051,外六角螺栓平弹垫三组合,外六角螺栓平弹垫三组合,五金紧固,2,industrial-mechanical-lcsc-11778,,active,B
CAT-2052,十字小盘头机螺钉三组合,十字小盘头机螺钉三组合,五金紧固,2,industrial-mechanical-lcsc-11779,,active,B
CAT-2053,十字盘头机螺钉三组合,十字盘头机螺钉三组合,五金紧固,2,industrial-mechanical-lcsc-11780,,active,B
CAT-2054,内六角圆柱头平弹垫三组合,内六角圆柱头平弹垫三组合,五金紧固,2,industrial-mechanical-lcsc-11781,,active,B
CAT-2055,外六角凹穴十字螺栓平弹垫三组合,外六角凹穴十字螺栓平弹垫三组合,五金紧固,2,industrial-mechanical-lcsc-11782,,active,B
CAT-2056,内迫壁虎,内迫壁虎,五金紧固,2,industrial-mechanical-lcsc-11783,,active,B
CAT-2057,双头螺柱,双头螺柱,五金紧固,2,industrial-mechanical-lcsc-11785,,active,B
CAT-2058,单头六角铜螺柱,单头六角铜螺柱,五金紧固,2,industrial-mechanical-lcsc-11787,,active,B
CAT-2059,贴片圆螺母,贴片圆螺母,五金紧固,2,industrial-mechanical-lcsc-11790,,active,B
CAT-2060,十字盘头带垫机螺钉,十字盘头带垫机螺钉,五金紧固,2,industrial-mechanical-lcsc-11791,,active,B
CAT-2061,十字槽球面圆柱头螺钉,十字槽球面圆柱头螺钉,五金紧固,2,industrial-mechanical-lcsc-11792,,active,B
CAT-2062,十字槽盘头螺钉和弹垫组合,十字槽盘头螺钉和弹垫组合,五金紧固,2,industrial-mechanical-lcsc-11794,,active,B
CAT-2063,十字槽小盘头螺钉和弹垫组合,十字槽小盘头螺钉和弹垫组合,五金紧固,2,industrial-mechanical-lcsc-11795,,active,B
CAT-2064,盘头内六角机螺钉三组合,盘头内六角机螺钉三组合,五金紧固,2,industrial-mechanical-lcsc-11796,,active,B
CAT-2065,外六角自攻钉,外六角自攻钉,五金紧固,2,industrial-mechanical-lcsc-11797,,active,B
CAT-2066,梅花槽沉头自攻螺钉,梅花槽沉头自攻螺钉,五金紧固,2,industrial-mechanical-lcsc-11798,,active,B
CAT-2067,梅花槽盘头自攻螺钉,梅花槽盘头自攻螺钉,五金紧固,2,industrial-mechanical-lcsc-11799,,active,B
CAT-2068,内六角圆柱头自攻螺钉,内六角圆柱头自攻螺钉,五金紧固,2,industrial-mechanical-lcsc-11800,,active,B
CAT-2069,十字槽盘头带介自攻钉,十字槽盘头带介自攻钉,五金紧固,2,industrial-mechanical-lcsc-11801,,active,B
CAT-2070,外六角螺栓和螺母套件,外六角螺栓和螺母套件,五金紧固,2,industrial-mechanical-lcsc-11808,,active,B
CAT-2071,十字槽圆头带介平尾自攻螺钉,十字槽圆头带介平尾自攻螺钉,五金紧固,2,industrial-mechanical-lcsc-11810,,active,B
CAT-2072,十字槽圆头平尾自攻螺钉,十字槽圆头平尾自攻螺钉,五金紧固,2,industrial-mechanical-lcsc-11811,,active,B
CAT-2073,十字槽沉头平尾自攻螺钉,十字槽沉头平尾自攻螺钉,五金紧固,2,industrial-mechanical-lcsc-11812,,active,B
CAT-2074,十字圆头平尾割尾自攻钉,十字圆头平尾割尾自攻钉,五金紧固,2,industrial-mechanical-lcsc-11813,,active,B
CAT-2075,十字槽薄头自攻螺钉,十字槽薄头自攻螺钉,五金紧固,2,industrial-mechanical-lcsc-11814,,active,B
CAT-2076,十字槽薄头平尾自攻螺钉,十字槽薄头平尾自攻螺钉,五金紧固,2,industrial-mechanical-lcsc-11815,,active,B
CAT-2077,梅花盘头机螺钉,梅花盘头机螺钉,五金紧固,2,industrial-mechanical-lcsc-11816,,active,B
CAT-2078,平头铆钉,平头铆钉,五金紧固,2,industrial-mechanical-lcsc-11817,,active,B
CAT-2079,十字圆头螺钉和方垫组合,十字圆头螺钉和方垫组合,五金紧固,2,industrial-mechanical-lcsc-11818,,active,B
CAT-2080,十字圆头带介平尾割尾自攻钉,十字圆头带介平尾割尾自攻钉,五金紧固,2,industrial-mechanical-lcsc-11819,,active,B
CAT-2081,贴片六角螺母,贴片六角螺母,五金紧固,2,industrial-mechanical-lcsc-11820,,active,B
CAT-2082,压簧,压簧,五金紧固,2,industrial-mechanical-lcsc-11821,,active,B
CAT-2083,扭簧,扭簧,五金紧固,2,industrial-mechanical-lcsc-11825,,active,B
CAT-2084,拉手,拉手,五金紧固,2,industrial-mechanical-lcsc-11830,,active,B
CAT-2085,机械锁/门锁,机械锁/门锁,五金紧固,2,industrial-mechanical-lcsc-11831,,active,B
CAT-2086,转舌锁,转舌锁,五金紧固,2,industrial-mechanical-lcsc-11833,,active,B
CAT-2087,铰链/合页,铰链/合页,五金紧固,2,industrial-mechanical-lcsc-11836,,active,B
CAT-2088,闭门器,闭门器,五金紧固,2,industrial-mechanical-lcsc-11843,,active,B
CAT-2089,挂锁,挂锁,五金紧固,2,industrial-mechanical-lcsc-11845,,active,B
CAT-2090,接头,接头,五金紧固,2,industrial-mechanical-lcsc-11851,,active,B
CAT-2091,屏蔽夹,屏蔽夹,五金紧固,2,industrial-mechanical-lcsc-11852,,active,B
CAT-2092,调心球轴承,调心球轴承,五金紧固,2,industrial-mechanical-lcsc-11875,,active,B
CAT-2093,推力球轴承,推力球轴承,五金紧固,2,industrial-mechanical-lcsc-11876,,active,B
CAT-2094,角接触球轴承,角接触球轴承,五金紧固,2,industrial-mechanical-lcsc-11877,,active,B
CAT-2095,深沟球轴承,深沟球轴承,五金紧固,2,industrial-mechanical-lcsc-11879,,active,B
CAT-2096,圆锥滚子轴承,圆锥滚子轴承,五金紧固,2,industrial-mechanical-lcsc-11881,,active,B
CAT-2097,调心滚子轴承,调心滚子轴承,五金紧固,2,industrial-mechanical-lcsc-11883,,active,B
CAT-2098,圆柱滚子轴承,圆柱滚子轴承,五金紧固,2,industrial-mechanical-lcsc-11884,,active,B
CAT-2099,滚针轴承,滚针轴承,五金紧固,2,industrial-mechanical-lcsc-11885,,active,B
CAT-2100,轴承加热器,轴承加热器,五金紧固,2,industrial-mechanical-lcsc-11894,,active,B
CAT-2101,角铁,角铁,五金紧固,2,industrial-mechanical-lcsc-12605,,active,B
CAT-2102,三角锁,三角锁,五金紧固,2,industrial-mechanical-lcsc-12611,,active,B
CAT-2103,手拧螺丝,手拧螺丝,五金紧固,2,industrial-mechanical-lcsc-12730,,active,B
CAT-2104,ABS直通隔离柱,ABS直通隔离柱,五金紧固,2,industrial-mechanical-abs,,active,B
CAT-2105,其它螺钉,其它螺钉,五金紧固,2,industrial-mechanical-lcsc-12806,,active,B
CAT-2106,其它铆钉,其它铆钉,五金紧固,2,industrial-mechanical-lcsc-12807,,active,B
CAT-2107,其它螺母,其它螺母,五金紧固,2,industrial-mechanical-lcsc-12808,,active,B
CAT-2108,其它五金,其它五金,五金紧固,2,industrial-mechanical-lcsc-12813,,active,B
CAT-2109,其它轴承,其它轴承,五金紧固,2,industrial-mechanical-lcsc-12814,,active,B
CAT-2110,其它密封件,其它密封件,五金紧固,2,industrial-mechanical-lcsc-12816,,active,B
CAT-2111,SMT载流铜片,SMT载流铜片,五金紧固,2,industrial-mechanical-smt,,active,B
CAT-2112,十字平头机螺钉,十字平头机螺钉,五金紧固,2,industrial-mechanical-lcsc-13374,,active,B
CAT-2113,O型圈,O型圈,五金紧固,2,industrial-mechanical-o,,active,B
CAT-2114,铜鼻子/铜线耳,铜鼻子/铜线耳,五金紧固,2,industrial-mechanical-lcsc-13382,,active,B
CAT-2115,三角槽圆头自攻螺丝,三角槽圆头自攻螺丝,五金紧固,2,industrial-mechanical-lcsc-13385,,active,B
CAT-2116,盘根,盘根,五金紧固,2,industrial-mechanical-lcsc-13399,,active,B
CAT-2117,复合垫片,复合垫片,五金紧固,2,industrial-mechanical-lcsc-13402,,active,B
CAT-2118,油封,油封,五金紧固,2,industrial-mechanical-lcsc-13405,,active,B
CAT-2119,插销,插销,五金紧固,2,industrial-mechanical-lcsc-13407,,active,B
CAT-2120,钢丝绳,钢丝绳,五金紧固,2,industrial-mechanical-lcsc-13426,,active,B
CAT-2121,压料盖,压料盖,五金紧固,2,industrial-mechanical-lcsc-13428,,active,B
CAT-2122,触摸弹簧,触摸弹簧,五金紧固,2,industrial-mechanical-lcsc-13430,,active,B
CAT-2123,组合用垫圈,组合用垫圈,五金紧固,2,industrial-mechanical-lcsc-13539,,active,B
CAT-2124,喉箍,喉箍,五金紧固,2,industrial-mechanical-lcsc-13540,,active,B
CAT-2125,螺母,螺母,五金紧固,2,industrial-mechanical-lcsc-13541,,active,B
CAT-2126,弹簧缓冲器,弹簧缓冲器,五金紧固,2,industrial-mechanical-lcsc-13543,,active,B
CAT-2127,塑料拖链,塑料拖链,五金紧固,2,industrial-mechanical-lcsc-13546,,active,B
CAT-2128,螺柱&螺杆,螺柱&螺杆,五金紧固,2,industrial-mechanical-lcsc-13553,,active,B
CAT-2129,销&键,销&键,五金紧固,2,industrial-mechanical-lcsc-13574,,active,B
CAT-2130,螺钉&螺栓,螺钉&螺栓,五金紧固,2,industrial-mechanical-lcsc-13575,,active,B
CAT-2131,铁氧体磁珠,铁氧体磁珠,五金紧固,2,industrial-mechanical-lcsc-13634,,active,B
CAT-2132,编带磁珠,编带磁珠,五金紧固,2,industrial-mechanical-lcsc-13642,,active,B
CAT-2133,厨卫配件,厨卫配件,五金紧固,2,industrial-mechanical-lcsc-13740,,active,B
CAT-2134,水龙头,水龙头,五金紧固,2,industrial-mechanical-lcsc-13741,,active,B
CAT-2135,PC板隔离柱,PC板隔离柱,五金紧固,2,industrial-mechanical-pc-13752,,active,B
CAT-2136,电感磁芯,电感磁芯,五金紧固,2,industrial-mechanical-lcsc-13766,,active,B
CAT-2137,热镀锌螺丝,热镀锌螺丝,五金紧固,2,industrial-mechanical-lcsc-13768,,active,B
CAT-2138,外六角螺栓,外六角螺栓,五金紧固,2,industrial-mechanical-lcsc-13778,,active,B
CAT-2139,LED隔离柱,LED隔离柱,五金紧固,2,industrial-mechanical-led-13786,,active,B
CAT-2140,智能门锁,智能门锁,五金紧固,2,industrial-mechanical-lcsc-13791,,active,B
CAT-2141,焊接端子,焊接端子,五金紧固,2,industrial-mechanical-lcsc-13861,,active,B
CAT-2142,焊接螺钉,焊接螺钉,五金紧固,2,industrial-mechanical-lcsc-13885,,active,B
CAT-2143,六角华司钻尾,六角华司钻尾,五金紧固,2,industrial-mechanical-lcsc-13886,,active,B
CAT-2144,梅花扁平头机螺钉,梅花扁平头机螺钉,五金紧固,2,industrial-mechanical-lcsc-13887,,active,B
CAT-2145,梅花槽机螺钉平弹垫组合,梅花槽机螺钉平弹垫组合,五金紧固,2,industrial-mechanical-lcsc-13888,,active,B
CAT-2146,梅花槽自攻钉,梅花槽自攻钉,五金紧固,2,industrial-mechanical-lcsc-13889,,active,B
CAT-2147,十字外六角头凹穴机螺钉,十字外六角头凹穴机螺钉,五金紧固,2,industrial-mechanical-lcsc-13893,,active,B
CAT-2148,六角凹穴法兰带齿螺钉,六角凹穴法兰带齿螺钉,五金紧固,2,industrial-mechanical-lcsc-13894,,active,B
CAT-2149,六角凹穴螺钉平弹垫组合,六角凹穴螺钉平弹垫组合,五金紧固,2,industrial-mechanical-lcsc-13895,,active,B
CAT-2150,圆头螺栓,圆头螺栓,五金紧固,2,industrial-mechanical-lcsc-13896,,active,B
CAT-2151,十字圆头华司钻尾,十字圆头华司钻尾,五金紧固,2,industrial-mechanical-lcsc-13897,,active,B
CAT-2152,铝型材散热配件,铝型材散热配件,五金紧固,2,industrial-mechanical-lcsc-13913,,active,B
CAT-2153,单头圆形铜螺柱,单头圆形铜螺柱,五金紧固,2,industrial-mechanical-lcsc-13955,,active,B
CAT-2154,双通六角铜螺柱,双通六角铜螺柱,五金紧固,2,industrial-mechanical-lcsc-13956,,active,B
CAT-2155,双通圆形铜螺柱,双通圆形铜螺柱,五金紧固,2,industrial-mechanical-lcsc-13957,,active,B
CAT-2156,膨胀螺丝,膨胀螺丝,五金紧固,2,industrial-mechanical-lcsc-11343,,active,B
CAT-2157,螺丝盘,螺丝盘,五金紧固,2,industrial-mechanical-lcsc-14011,,active,B
CAT-2158,立式轴承单元,立式轴承单元,五金紧固,2,industrial-mechanical-lcsc-14014,,active,B
CAT-2159,马蹄接线铜柱,马蹄接线铜柱,五金紧固,2,industrial-mechanical-lcsc-14056,,active,B
CAT-2160,贴片跳线,贴片跳线,五金紧固,2,industrial-mechanical-lcsc-14081,,active,B
CAT-2161,嘉立创专用五金,嘉立创专用五金,五金紧固,2,industrial-mechanical-lcsc-14085,,active,B
CAT-2162,T型螺母,T型螺母,五金紧固,2,industrial-mechanical-t-14122,,active,B
CAT-2163,防撞胶粒,防撞胶粒,五金紧固,2,industrial-mechanical-lcsc-14123,,active,B
CAT-2164,堵头,堵头,五金紧固,2,industrial-mechanical-lcsc-14167,,active,B
CAT-2165,屏蔽罩,屏蔽罩,五金紧固,2,industrial-mechanical-lcsc-14183,,active,B
CAT-2166,弹簧触点,弹簧触点,五金紧固,2,industrial-mechanical-lcsc-14184,,active,B
CAT-2167,单头六角不锈钢螺柱,单头六角不锈钢螺柱,五金紧固,2,industrial-mechanical-lcsc-14193,,active,B
CAT-2168,双通六角不锈钢螺柱,双通六角不锈钢螺柱,五金紧固,2,industrial-mechanical-lcsc-14194,,active,B
CAT-2169,单头尼龙螺柱,单头尼龙螺柱,五金紧固,2,industrial-mechanical-lcsc-14195,,active,B
CAT-2170,双通尼龙螺柱,双通尼龙螺柱,五金紧固,2,industrial-mechanical-lcsc-14196,,active,B
CAT-2171,散热片,散热片,五金紧固,2,industrial-mechanical-lcsc-441,,active,B
CAT-2172,紧固套件,紧固套件,五金紧固,2,industrial-mechanical-lcsc-14268,,active,B
CAT-2173,开口弹性垫圈,开口弹性垫圈,五金紧固,2,industrial-mechanical-lcsc-14269,,active,B
CAT-2174,专用垫圈,专用垫圈,五金紧固,2,industrial-mechanical-lcsc-14270,,active,B
CAT-2175,六角法兰螺母,六角法兰螺母,五金紧固,2,industrial-mechanical-lcsc-14345,,active,B
CAT-2176,王直铜花螺母,王直铜花螺母,五金紧固,2,industrial-mechanical-lcsc-14346,,active,B
CAT-2177,工直铜花螺母,工直铜花螺母,五金紧固,2,industrial-mechanical-lcsc-14347,,active,B
CAT-2178,六角紧锁螺母,六角紧锁螺母,五金紧固,2,industrial-mechanical-lcsc-14348,,active,B
CAT-2179,土八热熔铜螺母,土八热熔铜螺母,五金紧固,2,industrial-mechanical-lcsc-14349,,active,B
CAT-2180,盖型螺母,盖型螺母,五金紧固,2,industrial-mechanical-lcsc-14350,,active,B
CAT-2181,六角法兰锁紧螺母,六角法兰锁紧螺母,五金紧固,2,industrial-mechanical-lcsc-14371,,active,B
CAT-2182,方型螺母,方型螺母,五金紧固,2,industrial-mechanical-lcsc-14372,,active,B
CAT-2183,吊环螺母,吊环螺母,五金紧固,2,industrial-mechanical-lcsc-14373,,active,B
CAT-2184,拉铆螺母,拉铆螺母,五金紧固,2,industrial-mechanical-lcsc-14374,,active,B
CAT-2185,卡套螺母,卡套螺母,五金紧固,2,industrial-mechanical-lcsc-14375,,active,B
CAT-2186,无线充专用磁铁,无线充专用磁铁,五金紧固,2,industrial-mechanical-lcsc-14387,,active,B
CAT-2187,铁氧体磁铁,铁氧体磁铁,五金紧固,2,industrial-mechanical-lcsc-14389,,active,B
CAT-2188,内六角圆头螺钉,内六角圆头螺钉,五金紧固,2,industrial-mechanical-lcsc-14404,,active,B
CAT-2189,连接扣,连接扣,五金紧固,2,industrial-mechanical-lcsc-14435,,active,B
CAT-2190,打包扣,打包扣,五金紧固,2,industrial-mechanical-lcsc-14436,,active,B
CAT-2191,双通碳钢螺柱,双通碳钢螺柱,五金紧固,2,industrial-mechanical-lcsc-14464,,active,B
CAT-2192,ICT-FCT探针,ICT-FCT探针,五金紧固,2,industrial-mechanical-ict-fct,,active,B
CAT-2193,探针套,探针套,五金紧固,2,industrial-mechanical-lcsc-14532,,active,B
CAT-2194,大电流探针,大电流探针,五金紧固,2,industrial-mechanical-lcsc-14533,,active,B
CAT-2195,拧入式探针,拧入式探针,五金紧固,2,industrial-mechanical-lcsc-14534,,active,B
CAT-2196,开关探针,开关探针,五金紧固,2,industrial-mechanical-lcsc-14535,,active,B
CAT-2197,气动探针,气动探针,五金紧固,2,industrial-mechanical-lcsc-14536,,active,B
CAT-2198,细间距测试探针,细间距测试探针,五金紧固,2,industrial-mechanical-lcsc-14537,,active,B
CAT-2199,定位针,定位针,五金紧固,2,industrial-mechanical-lcsc-14538,,active,B
CAT-2200,旋转测试探针,旋转测试探针,五金紧固,2,industrial-mechanical-lcsc-14539,,active,B
CAT-2201,高频探针,高频探针,五金紧固,2,industrial-mechanical-lcsc-14540,,active,B
CAT-2202,其它探针,其它探针,五金紧固,2,industrial-mechanical-lcsc-14541,,active,B
CAT-2203,热管,热管,五金紧固,2,industrial-mechanical-lcsc-14602,,active,B
CAT-2204,空心铆钉,空心铆钉,五金紧固,2,industrial-mechanical-lcsc-14617,,active,B
CAT-2205,弹簧卡扣,弹簧卡扣,五金紧固,2,industrial-mechanical-lcsc-14623,,active,B
CAT-2206,环氧板,环氧板,五金紧固,2,industrial-mechanical-lcsc-14628,,active,B
CAT-2207,间隙片,间隙片,五金紧固,2,industrial-mechanical-lcsc-14630,,active,B
CAT-2208,梅花槽圆头凸缘机螺钉,梅花槽圆头凸缘机螺钉,五金紧固,2,industrial-mechanical-lcsc-14649,,active,B
CAT-2209,十字槽盘头凸缘自攻螺钉,十字槽盘头凸缘自攻螺钉,五金紧固,2,industrial-mechanical-lcsc-14654,,active,B
CAT-2210,拉伸弹簧,拉伸弹簧,五金紧固,2,industrial-mechanical-lcsc-14745,,active,B
CAT-2211,工具设备,Industrial & Mechanical,,1,industrial-mechanical-11370,,active,A
CAT-2212,铲,铲,工具设备,2,industrial-mechanical-lcsc-11381,,active,B
CAT-2213,派尺,派尺,工具设备,2,industrial-mechanical-lcsc-11392,,active,B
CAT-2214,阀门,阀门,工具设备,2,industrial-mechanical-lcsc-11454,,active,B
CAT-2215,普通镊子,普通镊子,工具设备,2,industrial-mechanical-lcsc-11486,,active,B
CAT-2216,综合套装,综合套装,工具设备,2,industrial-mechanical-lcsc-11520,,active,B
CAT-2217,工具包,工具包,工具设备,2,industrial-mechanical-lcsc-11521,,active,B
CAT-2218,电动工具配件,电动工具配件,工具设备,2,industrial-mechanical-lcsc-11524,,active,B
CAT-2219,吸锡器,吸锡器,工具设备,2,industrial-mechanical-lcsc-11526,,active,B
CAT-2220,卷尺,卷尺,工具设备,2,industrial-mechanical-lcsc-11532,,active,B
CAT-2221,吹尘枪,吹尘枪,工具设备,2,industrial-mechanical-lcsc-11534,,active,B
CAT-2222,扳手套装,扳手套装,工具设备,2,industrial-mechanical-lcsc-11535,,active,B
CAT-2223,电烙铁套装,电烙铁套装,工具设备,2,industrial-mechanical-lcsc-11537,,active,B
CAT-2224,电烙铁/烙铁头,电烙铁/烙铁头,工具设备,2,industrial-mechanical-lcsc-11538,,active,B
CAT-2225,热风枪,热风枪,工具设备,2,industrial-mechanical-lcsc-11539,,active,B
CAT-2226,一字螺丝刀,一字螺丝刀,工具设备,2,industrial-mechanical-lcsc-11540,,active,B
CAT-2227,十字螺丝刀,十字螺丝刀,工具设备,2,industrial-mechanical-lcsc-11541,,active,B
CAT-2228,尖嘴钳,尖嘴钳,工具设备,2,industrial-mechanical-lcsc-11542,,active,B
CAT-2229,压接钳,压接钳,工具设备,2,industrial-mechanical-lcsc-11543,,active,B
CAT-2230,钢丝钳,钢丝钳,工具设备,2,industrial-mechanical-lcsc-11545,,active,B
CAT-2231,剥线钳,剥线钳,工具设备,2,industrial-mechanical-lcsc-11546,,active,B
CAT-2232,斜嘴钳,斜嘴钳,工具设备,2,industrial-mechanical-lcsc-11547,,active,B
CAT-2233,螺丝批套装,螺丝批套装,工具设备,2,industrial-mechanical-lcsc-11598,,active,B
CAT-2234,电讯工具套装,电讯工具套装,工具设备,2,industrial-mechanical-lcsc-11895,,active,B
CAT-2235,家用工具套装,家用工具套装,工具设备,2,industrial-mechanical-lcsc-11896,,active,B
CAT-2236,汽修工具套装,汽修工具套装,工具设备,2,industrial-mechanical-lcsc-11897,,active,B
CAT-2237,防爆工具套装,防爆工具套装,工具设备,2,industrial-mechanical-lcsc-11898,,active,B
CAT-2238,绝缘工具套装,绝缘工具套装,工具设备,2,industrial-mechanical-lcsc-11899,,active,B
CAT-2239,电子维修套装,电子维修套装,工具设备,2,industrial-mechanical-lcsc-11900,,active,B
CAT-2240,钻头套装,钻头套装,工具设备,2,industrial-mechanical-lcsc-11903,,active,B
CAT-2241,螺丝批头接杆,螺丝批头接杆,工具设备,2,industrial-mechanical-lcsc-11905,,active,B
CAT-2242,双头螺丝刀,双头螺丝刀,工具设备,2,industrial-mechanical-lcsc-11906,,active,B
CAT-2243,米字螺丝刀,米字螺丝刀,工具设备,2,industrial-mechanical-lcsc-11909,,active,B
CAT-2244,转换接头,转换接头,工具设备,2,industrial-mechanical-lcsc-11910,,active,B
CAT-2245,套筒螺丝刀,套筒螺丝刀,工具设备,2,industrial-mechanical-lcsc-11914,,active,B
CAT-2246,旋具头/旋具头手柄,旋具头/旋具头手柄,工具设备,2,industrial-mechanical-lcsc-11916,,active,B
CAT-2247,梅花螺丝刀,梅花螺丝刀,工具设备,2,industrial-mechanical-lcsc-11917,,active,B
CAT-2248,六角螺丝刀,六角螺丝刀,工具设备,2,industrial-mechanical-lcsc-11918,,active,B
CAT-2249,充磁器/退磁器,充磁器/退磁器,工具设备,2,industrial-mechanical-lcsc-11919,,active,B
CAT-2250,活动扳手,活动扳手,工具设备,2,industrial-mechanical-lcsc-11920,,active,B
CAT-2251,内六角扳手,内六角扳手,工具设备,2,industrial-mechanical-lcsc-11921,,active,B
CAT-2252,套筒扳手,套筒扳手,工具设备,2,industrial-mechanical-lcsc-11922,,active,B
CAT-2253,扭力扳手,扭力扳手,工具设备,2,industrial-mechanical-lcsc-11923,,active,B
CAT-2254,L型扳手,L型扳手,工具设备,2,industrial-mechanical-l,,active,B
CAT-2255,链条扳手,链条扳手,工具设备,2,industrial-mechanical-lcsc-11926,,active,B
CAT-2256,多功能扳手,多功能扳手,工具设备,2,industrial-mechanical-lcsc-11928,,active,B
CAT-2257,勾形扳手,勾形扳手,工具设备,2,industrial-mechanical-lcsc-11929,,active,B
CAT-2258,棘轮扳手,棘轮扳手,工具设备,2,industrial-mechanical-lcsc-11930,,active,B
CAT-2259,扭力倍增器,扭力倍增器,工具设备,2,industrial-mechanical-lcsc-11931,,active,B
CAT-2260,梅花扳手,梅花扳手,工具设备,2,industrial-mechanical-lcsc-11932,,active,B
CAT-2261,开口扳手,开口扳手,工具设备,2,industrial-mechanical-lcsc-11933,,active,B
CAT-2262,两用扳手,两用扳手,工具设备,2,industrial-mechanical-lcsc-11934,,active,B
CAT-2263,敲击扳手,敲击扳手,工具设备,2,industrial-mechanical-lcsc-11935,,active,B
CAT-2264,花形扳手,花形扳手,工具设备,2,industrial-mechanical-lcsc-11936,,active,B
CAT-2265,其它扳手,其它扳手,工具设备,2,industrial-mechanical-lcsc-11937,,active,B
CAT-2266,4角套筒,4角套筒,工具设备,2,industrial-mechanical-lcsc-11939,,active,B
CAT-2267,6角套筒,6角套筒,工具设备,2,industrial-mechanical-lcsc-11940,,active,B
CAT-2268,12角套筒,12角套筒,工具设备,2,industrial-mechanical-lcsc-11941,,active,B
CAT-2269,花形套筒,花形套筒,工具设备,2,industrial-mechanical-lcsc-11942,,active,B
CAT-2270,火花塞套筒,火花塞套筒,工具设备,2,industrial-mechanical-lcsc-11943,,active,B
CAT-2271,其它套筒,其它套筒,工具设备,2,industrial-mechanical-lcsc-11945,,active,B
CAT-2272,套筒套装,套筒套装,工具设备,2,industrial-mechanical-lcsc-11946,,active,B
CAT-2273,套筒转接头,套筒转接头,工具设备,2,industrial-mechanical-lcsc-11947,,active,B
CAT-2274,旋具套筒,旋具套筒,工具设备,2,industrial-mechanical-lcsc-11948,,active,B
CAT-2275,冲击套筒,冲击套筒,工具设备,2,industrial-mechanical-lcsc-11949,,active,B
CAT-2276,万向接头,万向接头,工具设备,2,industrial-mechanical-lcsc-11950,,active,B
CAT-2277,套筒延长杆,套筒延长杆,工具设备,2,industrial-mechanical-lcsc-11951,,active,B
CAT-2278,接杆,接杆,工具设备,2,industrial-mechanical-lcsc-11953,,active,B
CAT-2279,绝缘套筒,绝缘套筒,工具设备,2,industrial-mechanical-lcsc-11954,,active,B
CAT-2280,T型套筒扳手,T型套筒扳手,工具设备,2,industrial-mechanical-t-11955,,active,B
CAT-2281,大力钳,大力钳,工具设备,2,industrial-mechanical-lcsc-11956,,active,B
CAT-2282,台虎钳,台虎钳,工具设备,2,industrial-mechanical-lcsc-11957,,active,B
CAT-2283,管钳,管钳,工具设备,2,industrial-mechanical-lcsc-11958,,active,B
CAT-2284,钳类套装,钳类套装,工具设备,2,industrial-mechanical-lcsc-11960,,active,B
CAT-2285,卡簧钳,卡簧钳,工具设备,2,industrial-mechanical-lcsc-11961,,active,B
CAT-2286,弯嘴钳,弯嘴钳,工具设备,2,industrial-mechanical-lcsc-11962,,active,B
CAT-2287,鲤鱼钳,鲤鱼钳,工具设备,2,industrial-mechanical-lcsc-11963,,active,B
CAT-2288,水泵钳,水泵钳,工具设备,2,industrial-mechanical-lcsc-11964,,active,B
CAT-2289,圆嘴钳,圆嘴钳,工具设备,2,industrial-mechanical-lcsc-11965,,active,B
CAT-2290,扁嘴钳,扁嘴钳,工具设备,2,industrial-mechanical-lcsc-11966,,active,B
CAT-2291,顶切钳,顶切钳,工具设备,2,industrial-mechanical-lcsc-11968,,active,B
CAT-2292,断线钳,断线钳,工具设备,2,industrial-mechanical-lcsc-11969,,active,B
CAT-2293,液压钳,液压钳,工具设备,2,industrial-mechanical-lcsc-11970,,active,B
CAT-2294,钢筋钳,钢筋钳,工具设备,2,industrial-mechanical-lcsc-11971,,active,B
CAT-2295,水口钳,水口钳,工具设备,2,industrial-mechanical-lcsc-11973,,active,B
CAT-2296,航空剪,航空剪,工具设备,2,industrial-mechanical-lcsc-11974,,active,B
CAT-2297,夹,夹,工具设备,2,industrial-mechanical-lcsc-11975,,active,B
CAT-2298,其它钳,其它钳,工具设备,2,industrial-mechanical-lcsc-11976,,active,B
CAT-2299,断丝取出器,断丝取出器,工具设备,2,industrial-mechanical-lcsc-11977,,active,B
CAT-2300,撬棒,撬棒,工具设备,2,industrial-mechanical-lcsc-11978,,active,B
CAT-2301,凿,凿,工具设备,2,industrial-mechanical-lcsc-11979,,active,B
CAT-2302,捡拾器,捡拾器,工具设备,2,industrial-mechanical-lcsc-11980,,active,B
CAT-2303,冲,冲,工具设备,2,industrial-mechanical-lcsc-11981,,active,B
CAT-2304,修边器,修边器,工具设备,2,industrial-mechanical-lcsc-11982,,active,B
CAT-2305,拉马,拉马,工具设备,2,industrial-mechanical-lcsc-11983,,active,B
CAT-2306,电钻/起子机,电钻/起子机,工具设备,2,industrial-mechanical-lcsc-11984,,active,B
CAT-2307,磁力钻,磁力钻,工具设备,2,industrial-mechanical-lcsc-11985,,active,B
CAT-2308,冲击钻/电镐/电锤,冲击钻/电镐/电锤,工具设备,2,industrial-mechanical-lcsc-11986,,active,B
CAT-2309,切割机/云石机/修边机,切割机/云石机/修边机,工具设备,2,industrial-mechanical-lcsc-11987,,active,B
CAT-2310,木工雕刻机,木工雕刻机,工具设备,2,industrial-mechanical-lcsc-11988,,active,B
CAT-2311,电刨,电刨,工具设备,2,industrial-mechanical-lcsc-11989,,active,B
CAT-2312,刻字笔,刻字笔,工具设备,2,industrial-mechanical-lcsc-11993,,active,B
CAT-2313,电焊机,电焊机,工具设备,2,industrial-mechanical-lcsc-11995,,active,B
CAT-2314,砂轮机,砂轮机,工具设备,2,industrial-mechanical-lcsc-11997,,active,B
CAT-2315,抛光机/磨光机,抛光机/磨光机,工具设备,2,industrial-mechanical-lcsc-11998,,active,B
CAT-2316,开槽机,开槽机,工具设备,2,industrial-mechanical-lcsc-11999,,active,B
CAT-2317,电圆锯,电圆锯,工具设备,2,industrial-mechanical-lcsc-12001,,active,B
CAT-2318,其它电动工具,其它电动工具,工具设备,2,industrial-mechanical-lcsc-12003,,active,B
CAT-2319,直磨机,直磨机,工具设备,2,industrial-mechanical-lcsc-12004,,active,B
CAT-2320,羊角锤,羊角锤,工具设备,2,industrial-mechanical-lcsc-12005,,active,B
CAT-2321,圆头锤,圆头锤,工具设备,2,industrial-mechanical-lcsc-12006,,active,B
CAT-2322,橡胶锤,橡胶锤,工具设备,2,industrial-mechanical-lcsc-12007,,active,B
CAT-2323,空鼓锤,空鼓锤,工具设备,2,industrial-mechanical-lcsc-12010,,active,B
CAT-2324,八角锤,八角锤,工具设备,2,industrial-mechanical-lcsc-12012,,active,B
CAT-2325,其它锤类,其它锤类,工具设备,2,industrial-mechanical-lcsc-12014,,active,B
CAT-2326,三角锉,三角锉,工具设备,2,industrial-mechanical-lcsc-12015,,active,B
CAT-2327,整形锉/半圆锉,整形锉/半圆锉,工具设备,2,industrial-mechanical-lcsc-12016,,active,B
CAT-2328,整形锉/圆锉,整形锉/圆锉,工具设备,2,industrial-mechanical-lcsc-12017,,active,B
CAT-2329,尖头半圆锉,尖头半圆锉,工具设备,2,industrial-mechanical-lcsc-12018,,active,B
CAT-2330,尖头圆锉,尖头圆锉,工具设备,2,industrial-mechanical-lcsc-12019,,active,B
CAT-2331,尖扁锉,尖扁锉,工具设备,2,industrial-mechanical-lcsc-12020,,active,B
CAT-2332,平锉,平锉,工具设备,2,industrial-mechanical-lcsc-12021,,active,B
CAT-2333,扁锉,扁锉,工具设备,2,industrial-mechanical-lcsc-12022,,active,B
CAT-2334,方锉,方锉,工具设备,2,industrial-mechanical-lcsc-12023,,active,B
CAT-2335,锉刀,锉刀,工具设备,2,industrial-mechanical-lcsc-12025,,active,B
CAT-2336,其它锉类,其它锉类,工具设备,2,industrial-mechanical-lcsc-12027,,active,B
CAT-2337,锉套装,锉套装,工具设备,2,industrial-mechanical-lcsc-12028,,active,B
CAT-2338,什锦锉,什锦锉,工具设备,2,industrial-mechanical-lcsc-12029,,active,B
CAT-2339,折叠锯,折叠锯,工具设备,2,industrial-mechanical-lcsc-12030,,active,B
CAT-2340,手板锯,手板锯,工具设备,2,industrial-mechanical-lcsc-12033,,active,B
CAT-2341,其它锯类,其它锯类,工具设备,2,industrial-mechanical-lcsc-12036,,active,B
CAT-2342,多功能刀,多功能刀,工具设备,2,industrial-mechanical-lcsc-12037,,active,B
CAT-2343,立铣刀,立铣刀,工具设备,2,industrial-mechanical-lcsc-12038,,active,B
CAT-2344,刀柄/刀片及配件,刀柄/刀片及配件,工具设备,2,industrial-mechanical-lcsc-12040,,active,B
CAT-2345,水果刀/果皮刀,水果刀/果皮刀,工具设备,2,industrial-mechanical-lcsc-12041,,active,B
CAT-2346,雕刻刀,雕刻刀,工具设备,2,industrial-mechanical-lcsc-12042,,active,B
CAT-2347,其它刀类,其它刀类,工具设备,2,industrial-mechanical-lcsc-12043,,active,B
CAT-2348,刀套装,刀套装,工具设备,2,industrial-mechanical-lcsc-12044,,active,B
CAT-2349,水平尺,水平尺,工具设备,2,industrial-mechanical-lcsc-12046,,active,B
CAT-2350,量油尺,量油尺,工具设备,2,industrial-mechanical-lcsc-12047,,active,B
CAT-2351,角尺,角尺,工具设备,2,industrial-mechanical-lcsc-12049,,active,B
CAT-2352,钢直尺,钢直尺,工具设备,2,industrial-mechanical-lcsc-12050,,active,B
CAT-2353,其它尺类,其它尺类,工具设备,2,industrial-mechanical-lcsc-12051,,active,B
CAT-2354,尺套装,尺套装,工具设备,2,industrial-mechanical-lcsc-12052,,active,B
CAT-2355,起拨器/IC夹,起拨器/IC夹,工具设备,2,industrial-mechanical-ic,,active,B
CAT-2356,吹尘球,吹尘球,工具设备,2,industrial-mechanical-lcsc-12054,,active,B
CAT-2357,焊台,焊台,工具设备,2,industrial-mechanical-lcsc-12055,,active,B
CAT-2358,烙铁架,烙铁架,工具设备,2,industrial-mechanical-lcsc-12056,,active,B
CAT-2359,离子风机,离子风机,工具设备,2,industrial-mechanical-lcsc-12057,,active,B
CAT-2360,其它焊接工具,其它焊接工具,工具设备,2,industrial-mechanical-lcsc-12058,,active,B
CAT-2361,热风拆焊台,热风拆焊台,工具设备,2,industrial-mechanical-lcsc-12059,,active,B
CAT-2362,熔锡炉,熔锡炉,工具设备,2,industrial-mechanical-lcsc-12060,,active,B
CAT-2363,吸锡线,吸锡线,工具设备,2,industrial-mechanical-lcsc-12061,,active,B
CAT-2364,吸烟仪,吸烟仪,工具设备,2,industrial-mechanical-lcsc-12062,,active,B
CAT-2365,真空吸笔,真空吸笔,工具设备,2,industrial-mechanical-lcsc-12064,,active,B
CAT-2366,割炬枪/割炬嘴,割炬枪/割炬嘴,工具设备,2,industrial-mechanical-lcsc-12065,,active,B
CAT-2367,PPR热熔器,PPR热熔器,工具设备,2,industrial-mechanical-ppr-12066,,active,B
CAT-2368,倒角机,倒角机,工具设备,2,industrial-mechanical-lcsc-12067,,active,B
CAT-2369,内窥镜,内窥镜,工具设备,2,industrial-mechanical-lcsc-12068,,active,B
CAT-2370,切管工具,切管工具,工具设备,2,industrial-mechanical-lcsc-12069,,active,B
CAT-2371,疏通机,疏通机,工具设备,2,industrial-mechanical-lcsc-12070,,active,B
CAT-2372,弯管器,弯管器,工具设备,2,industrial-mechanical-lcsc-12071,,active,B
CAT-2373,铆钉枪,铆钉枪,工具设备,2,industrial-mechanical-lcsc-12072,,active,B
CAT-2374,铆螺母枪,铆螺母枪,工具设备,2,industrial-mechanical-lcsc-12073,,active,B
CAT-2375,喷漆枪,喷漆枪,工具设备,2,industrial-mechanical-lcsc-12075,,active,B
CAT-2376,气动角磨机,气动角磨机,工具设备,2,industrial-mechanical-lcsc-12076,,active,B
CAT-2377,气动钉枪,气动钉枪,工具设备,2,industrial-mechanical-lcsc-12077,,active,B
CAT-2378,其它气动工具,其它气动工具,工具设备,2,industrial-mechanical-lcsc-12078,,active,B
CAT-2379,拉铆枪,拉铆枪,工具设备,2,industrial-mechanical-lcsc-12079,,active,B
CAT-2380,检测镜,检测镜,工具设备,2,industrial-mechanical-lcsc-12083,,active,B
CAT-2381,油嘴,油嘴,工具设备,2,industrial-mechanical-lcsc-12085,,active,B
CAT-2382,轮胎维修工具,轮胎维修工具,工具设备,2,industrial-mechanical-lcsc-12088,,active,B
CAT-2383,千斤顶,千斤顶,工具设备,2,industrial-mechanical-lcsc-12089,,active,B
CAT-2384,其它汽修工具,其它汽修工具,工具设备,2,industrial-mechanical-lcsc-12090,,active,B
CAT-2385,分离器,分离器,工具设备,2,industrial-mechanical-lcsc-12091,,active,B
CAT-2386,螺母破切器,螺母破切器,工具设备,2,industrial-mechanical-lcsc-12093,,active,B
CAT-2387,其它液压工具,其它液压工具,工具设备,2,industrial-mechanical-lcsc-12095,,active,B
CAT-2388,油灰刀,油灰刀,工具设备,2,industrial-mechanical-lcsc-12096,,active,B
CAT-2389,打钉枪,打钉枪,工具设备,2,industrial-mechanical-lcsc-12097,,active,B
CAT-2390,木工手工刨,木工手工刨,工具设备,2,industrial-mechanical-lcsc-12098,,active,B
CAT-2391,墨斗/墨粉,墨斗/墨粉,工具设备,2,industrial-mechanical-lcsc-12099,,active,B
CAT-2392,线锤,线锤,工具设备,2,industrial-mechanical-lcsc-12100,,active,B
CAT-2393,链锯,链锯,工具设备,2,industrial-mechanical-lcsc-12101,,active,B
CAT-2394,修枝剪,修枝剪,工具设备,2,industrial-mechanical-lcsc-12103,,active,B
CAT-2395,排刷/滚刷,排刷/滚刷,工具设备,2,industrial-mechanical-lcsc-12104,,active,B
CAT-2396,锹/镐,锹/镐,工具设备,2,industrial-mechanical-lcsc-12105,,active,B
CAT-2397,割草机,割草机,工具设备,2,industrial-mechanical-lcsc-12106,,active,B
CAT-2398,其它工具,其它工具,工具设备,2,industrial-mechanical-lcsc-12107,,active,B
CAT-2399,吸盘,吸盘,工具设备,2,industrial-mechanical-lcsc-12108,,active,B
CAT-2400,开孔器,开孔器,工具设备,2,industrial-mechanical-lcsc-12109,,active,B
CAT-2401,开孔器套装,开孔器套装,工具设备,2,industrial-mechanical-lcsc-12110,,active,B
CAT-2402,热熔胶棒,热熔胶棒,工具设备,2,industrial-mechanical-lcsc-12112,,active,B
CAT-2403,焊条,焊条,工具设备,2,industrial-mechanical-lcsc-12113,,active,B
CAT-2404,配件,配件,工具设备,2,industrial-mechanical-lcsc-12114,,active,B
CAT-2405,切割片,切割片,工具设备,2,industrial-mechanical-lcsc-12115,,active,B
CAT-2406,电锤钻头,电锤钻头,工具设备,2,industrial-mechanical-lcsc-12117,,active,B
CAT-2407,其它钻头,其它钻头,工具设备,2,industrial-mechanical-lcsc-12118,,active,B
CAT-2408,麻花钻头,麻花钻头,工具设备,2,industrial-mechanical-lcsc-12121,,active,B
CAT-2409,瓷砖钻头,瓷砖钻头,工具设备,2,industrial-mechanical-lcsc-12122,,active,B
CAT-2410,冲击钻,冲击钻,工具设备,2,industrial-mechanical-lcsc-12123,,active,B
CAT-2411,防爆活扳手,防爆活扳手,工具设备,2,industrial-mechanical-lcsc-12128,,active,B
CAT-2412,防爆异形扳手,防爆异形扳手,工具设备,2,industrial-mechanical-lcsc-12138,,active,B
CAT-2413,防爆钳类,防爆钳类,工具设备,2,industrial-mechanical-lcsc-12140,,active,B
CAT-2414,工具箱,工具箱,工具设备,2,industrial-mechanical-lcsc-12147,,active,B
CAT-2415,工具托套装,工具托套装,工具设备,2,industrial-mechanical-lcsc-12148,,active,B
CAT-2416,绝缘扳手,绝缘扳手,工具设备,2,industrial-mechanical-lcsc-12149,,active,B
CAT-2417,电工刀/电工剪,电工刀/电工剪,工具设备,2,industrial-mechanical-lcsc-12150,,active,B
CAT-2418,电子剪切钳,电子剪切钳,工具设备,2,industrial-mechanical-lcsc-12151,,active,B
CAT-2419,钥匙箱,钥匙箱,工具设备,2,industrial-mechanical-lcsc-12152,,active,B
CAT-2420,其它绝缘工具,其它绝缘工具,工具设备,2,industrial-mechanical-lcsc-12154,,active,B
CAT-2421,绝缘钳,绝缘钳,工具设备,2,industrial-mechanical-lcsc-12155,,active,B
CAT-2422,绝缘螺丝刀,绝缘螺丝刀,工具设备,2,industrial-mechanical-lcsc-12157,,active,B
CAT-2423,绝缘套筒/绝缘套筒附件,绝缘套筒/绝缘套筒附件,工具设备,2,industrial-mechanical-lcsc-12158,,active,B
CAT-2424,绝缘镊子,绝缘镊子,工具设备,2,industrial-mechanical-lcsc-12159,,active,B
CAT-2425,绝缘剥线钳/绝缘剥线刀,绝缘剥线钳/绝缘剥线刀,工具设备,2,industrial-mechanical-lcsc-12160,,active,B
CAT-2426,防静电刷子,防静电刷子,工具设备,2,industrial-mechanical-lcsc-12162,,active,B
CAT-2427,油石,油石,工具设备,2,industrial-mechanical-lcsc-12163,,active,B
CAT-2428,砂轮/砂轮片/云石片,砂轮/砂轮片/云石片,工具设备,2,industrial-mechanical-lcsc-12618,,active,B
CAT-2429,热熔胶枪,热熔胶枪,工具设备,2,industrial-mechanical-lcsc-12642,,active,B
CAT-2430,硅胶枪,硅胶枪,工具设备,2,industrial-mechanical-lcsc-12643,,active,B
CAT-2431,压胶枪,压胶枪,工具设备,2,industrial-mechanical-lcsc-12645,,active,B
CAT-2432,其它配件/工具,其它配件/工具,工具设备,2,industrial-mechanical-lcsc-12648,,active,B
CAT-2433,排钉,排钉,工具设备,2,industrial-mechanical-lcsc-12654,,active,B
CAT-2434,电磨组/电磨组套,电磨组/电磨组套,工具设备,2,industrial-mechanical-lcsc-12702,,active,B
CAT-2435,其它汽车用品,其它汽车用品,工具设备,2,industrial-mechanical-lcsc-12709,,active,B
CAT-2436,铁皮剪,铁皮剪,工具设备,2,industrial-mechanical-lcsc-12711,,active,B
CAT-2437,发热芯,发热芯,工具设备,2,industrial-mechanical-lcsc-12713,,active,B
CAT-2438,刻刀套装,刻刀套装,工具设备,2,industrial-mechanical-lcsc-12716,,active,B
CAT-2439,充气磊,充气磊,工具设备,2,industrial-mechanical-lcsc-12747,,active,B
CAT-2440,黄油枪,黄油枪,工具设备,2,industrial-mechanical-lcsc-12749,,active,B
CAT-2441,拉拔器,拉拔器,工具设备,2,industrial-mechanical-lcsc-12764,,active,B
CAT-2442,离子风蛇,离子风蛇,工具设备,2,industrial-mechanical-lcsc-12768,,active,B
CAT-2443,保险丝,保险丝,工具设备,2,industrial-mechanical-lcsc-12773,,active,B
CAT-2444,防静电镊子,防静电镊子,工具设备,2,industrial-mechanical-lcsc-12785,,active,B
CAT-2445,网络工具套装,网络工具套装,工具设备,2,industrial-mechanical-lcsc-12786,,active,B
CAT-2446,焊接烟雾净化设备配件,焊接烟雾净化设备配件,工具设备,2,industrial-mechanical-lcsc-12787,,active,B
CAT-2447,焊接配件,焊接配件,工具设备,2,industrial-mechanical-lcsc-12788,,active,B
CAT-2448,电动螺丝刀,电动螺丝刀,工具设备,2,industrial-mechanical-lcsc-12801,,active,B
CAT-2449,气动螺丝批,气动螺丝批,工具设备,2,industrial-mechanical-lcsc-12802,,active,B
CAT-2450,气动抛光机,气动抛光机,工具设备,2,industrial-mechanical-lcsc-12803,,active,B
CAT-2451,其它工具耗材,其它工具耗材,工具设备,2,industrial-mechanical-lcsc-12818,,active,B
CAT-2452,研磨膏,研磨膏,工具设备,2,industrial-mechanical-lcsc-12886,,active,B
CAT-2453,平口钳,平口钳,工具设备,2,industrial-mechanical-lcsc-12887,,active,B
CAT-2454,气动攻丝机,气动攻丝机,工具设备,2,industrial-mechanical-lcsc-12888,,active,B
CAT-2455,千斤顶搬运车,千斤顶搬运车,工具设备,2,industrial-mechanical-lcsc-12889,,active,B
CAT-2456,电动角磨机,电动角磨机,工具设备,2,industrial-mechanical-lcsc-12890,,active,B
CAT-2457,气动砂磨机,气动砂磨机,工具设备,2,industrial-mechanical-lcsc-12891,,active,B
CAT-2458,气动除锈机,气动除锈机,工具设备,2,industrial-mechanical-lcsc-12892,,active,B
CAT-2459,气动剪刀,气动剪刀,工具设备,2,industrial-mechanical-lcsc-12893,,active,B
CAT-2460,气动锉刀,气动锉刀,工具设备,2,industrial-mechanical-lcsc-12895,,active,B
CAT-2461,气动钻机,气动钻机,工具设备,2,industrial-mechanical-lcsc-12896,,active,B
CAT-2462,破锡机,破锡机,工具设备,2,industrial-mechanical-lcsc-12897,,active,B
CAT-2463,热风预热台,热风预热台,工具设备,2,industrial-mechanical-lcsc-12898,,active,B
CAT-2464,焊枪,焊枪,工具设备,2,industrial-mechanical-lcsc-12899,,active,B
CAT-2465,焊嘴,焊嘴,工具设备,2,industrial-mechanical-lcsc-12900,,active,B
CAT-2466,电动攻丝机,电动攻丝机,工具设备,2,industrial-mechanical-lcsc-12901,,active,B
CAT-2467,倒角刀,倒角刀,工具设备,2,industrial-mechanical-lcsc-12902,,active,B
CAT-2468,割刀,割刀,工具设备,2,industrial-mechanical-lcsc-12903,,active,B
CAT-2469,热工刀,热工刀,工具设备,2,industrial-mechanical-lcsc-12904,,active,B
CAT-2470,气锤,气锤,工具设备,2,industrial-mechanical-lcsc-12905,,active,B
CAT-2471,高度尺,高度尺,工具设备,2,industrial-mechanical-lcsc-12906,,active,B
CAT-2472,差尺,差尺,工具设备,2,industrial-mechanical-lcsc-12907,,active,B
CAT-2473,圆周尺,圆周尺,工具设备,2,industrial-mechanical-lcsc-12908,,active,B
CAT-2474,刀口尺,刀口尺,工具设备,2,industrial-mechanical-lcsc-12909,,active,B
CAT-2475,工具放置架,工具放置架,工具设备,2,industrial-mechanical-lcsc-12913,,active,B
CAT-2476,压接工具,压接工具,工具设备,2,industrial-mechanical-lcsc-12915,,active,B
CAT-2477,液压冲孔工具,液压冲孔工具,工具设备,2,industrial-mechanical-lcsc-12916,,active,B
CAT-2478,液压撑顶器,液压撑顶器,工具设备,2,industrial-mechanical-lcsc-12917,,active,B
CAT-2479,电焊钳,电焊钳,工具设备,2,industrial-mechanical-lcsc-12919,,active,B
CAT-2480,打孔钳,打孔钳,工具设备,2,industrial-mechanical-lcsc-12920,,active,B
CAT-2481,压力机,压力机,工具设备,2,industrial-mechanical-lcsc-12921,,active,B
CAT-2482,气体减压器,气体减压器,工具设备,2,industrial-mechanical-lcsc-12922,,active,B
CAT-2483,冲击扳手,冲击扳手,工具设备,2,industrial-mechanical-lcsc-12923,,active,B
CAT-2484,打蜡机,打蜡机,工具设备,2,industrial-mechanical-lcsc-12924,,active,B
CAT-2485,剥线机,剥线机,工具设备,2,industrial-mechanical-lcsc-12925,,active,B
CAT-2486,焊丝,焊丝,工具设备,2,industrial-mechanical-lcsc-12926,,active,B
CAT-2487,划线器,划线器,工具设备,2,industrial-mechanical-lcsc-12927,,active,B
CAT-2488,砂轮修整器,砂轮修整器,工具设备,2,industrial-mechanical-lcsc-12928,,active,B
CAT-2489,钢丝轮/钢丝刷轮,钢丝轮/钢丝刷轮,工具设备,2,industrial-mechanical-lcsc-13320,,active,B
CAT-2490,静电报警器,静电报警器,工具设备,2,industrial-mechanical-lcsc-13352,,active,B
CAT-2491,出锡机,出锡机,工具设备,2,industrial-mechanical-lcsc-13353,,active,B
CAT-2492,修边刀刀柄,修边刀刀柄,工具设备,2,industrial-mechanical-lcsc-13365,,active,B
CAT-2493,电动螺丝排列机,电动螺丝排列机,工具设备,2,industrial-mechanical-lcsc-13369,,active,B
CAT-2494,修边倒角刀片,修边倒角刀片,工具设备,2,industrial-mechanical-lcsc-13370,,active,B
CAT-2495,防爆锹/镐,防爆锹/镐,工具设备,2,industrial-mechanical-lcsc-13527,,active,B
CAT-2496,润滑油,润滑油,工具设备,2,industrial-mechanical-lcsc-13622,,active,B
CAT-2497,三角架,三角架,工具设备,2,industrial-mechanical-lcsc-13684,,active,B
CAT-2498,钳工锤,钳工锤,工具设备,2,industrial-mechanical-lcsc-13825,,active,B
CAT-2499,安装锤,安装锤,工具设备,2,industrial-mechanical-lcsc-13826,,active,B
CAT-2500,锤头,锤头,工具设备,2,industrial-mechanical-lcsc-13834,,active,B
CAT-2501,刮刀,刮刀,工具设备,2,industrial-mechanical-lcsc-13837,,active,B
CAT-2502,回流焊机,回流焊机,工具设备,2,industrial-mechanical-lcsc-13844,,active,B
CAT-2503,铲刀,铲刀,工具设备,2,industrial-mechanical-lcsc-13846,,active,B
CAT-2504,台式贴片机,台式贴片机,工具设备,2,industrial-mechanical-lcsc-13850,,active,B
CAT-2505,锡膏搅拌机,锡膏搅拌机,工具设备,2,industrial-mechanical-lcsc-13854,,active,B
CAT-2506,丝印机,丝印机,工具设备,2,industrial-mechanical-lcsc-13855,,active,B
CAT-2507,吸锡枪,吸锡枪,工具设备,2,industrial-mechanical-lcsc-13857,,active,B
CAT-2508,焊台适配器,焊台适配器,工具设备,2,industrial-mechanical-lcsc-13882,,active,B
CAT-2509,打线刀,打线刀,工具设备,2,industrial-mechanical-lcsc-13899,,active,B
CAT-2510,集尘器,集尘器,工具设备,2,industrial-mechanical-lcsc-13936,,active,B
CAT-2511,磨头/磨针,磨头/磨针,工具设备,2,industrial-mechanical-lcsc-13937,,active,B
CAT-2512,扭矩螺丝刀,扭矩螺丝刀,工具设备,2,industrial-mechanical-lcsc-13946,,active,B
CAT-2513,扭矩扳手,扭矩扳手,工具设备,2,industrial-mechanical-lcsc-13947,,active,B
CAT-2514,拉压力测试机台,拉压力测试机台,工具设备,2,industrial-mechanical-lcsc-13948,,active,B
CAT-2515,除胶机,除胶机,工具设备,2,industrial-mechanical-lcsc-13991,,active,B
CAT-2516,隔热垫,隔热垫,工具设备,2,industrial-mechanical-lcsc-13992,,active,B
CAT-2517,手机拆机工具,手机拆机工具,工具设备,2,industrial-mechanical-lcsc-13993,,active,B
CAT-2518,真空分离机,真空分离机,工具设备,2,industrial-mechanical-lcsc-13994,,active,B
CAT-2519,拆屏加热台,拆屏加热台,工具设备,2,industrial-mechanical-lcsc-13995,,active,B
CAT-2520,点焊机,点焊机,工具设备,2,industrial-mechanical-lcsc-13997,,active,B
CAT-2521,保压台,保压台,工具设备,2,industrial-mechanical-lcsc-13998,,active,B
CAT-2522,贴合除泡机,贴合除泡机,工具设备,2,industrial-mechanical-lcsc-13999,,active,B
CAT-2523,矫正器,矫正器,工具设备,2,industrial-mechanical-lcsc-14000,,active,B
CAT-2524,拆框器,拆框器,工具设备,2,industrial-mechanical-lcsc-14001,,active,B
CAT-2525,尾插测试板,尾插测试板,工具设备,2,industrial-mechanical-lcsc-14002,,active,B
CAT-2526,钨棒,钨棒,工具设备,2,industrial-mechanical-lcsc-14449,,active,B
CAT-2527,测电笔,测电笔,工具设备,2,industrial-mechanical-lcsc-951,,active,B
CAT-2528,异形扳手,异形扳手,工具设备,2,industrial-mechanical-lcsc-14003,,active,B
CAT-2529,嘉立创专用工具,嘉立创专用工具,工具设备,2,industrial-mechanical-lcsc-14086,,active,B
CAT-2530,螺丝批批头,螺丝批批头,工具设备,2,industrial-mechanical-lcsc-14134,,active,B
CAT-2531,扳手头,扳手头,工具设备,2,industrial-mechanical-lcsc-14140,,active,B
CAT-2532,园艺工具套装,园艺工具套装,工具设备,2,industrial-mechanical-lcsc-14244,,active,B
CAT-2533,异形螺丝刀,异形螺丝刀,工具设备,2,industrial-mechanical-lcsc-14272,,active,B
CAT-2534,除锈笔,除锈笔,工具设备,2,industrial-mechanical-lcsc-14283,,active,B
CAT-2535,焊炬,焊炬,工具设备,2,industrial-mechanical-lcsc-14288,,active,B
CAT-2536,喷火枪,喷火枪,工具设备,2,industrial-mechanical-lcsc-14289,,active,B
CAT-2537,真空吸放台,真空吸放台,工具设备,2,industrial-mechanical-lcsc-14290,,active,B
CAT-2538,导线热剥器,导线热剥器,工具设备,2,industrial-mechanical-lcsc-14406,,active,B
CAT-2539,电烙铁,电烙铁,工具设备,2,industrial-mechanical-lcsc-14438,,active,B
CAT-2540,吸锡烙铁,吸锡烙铁,工具设备,2,industrial-mechanical-lcsc-14439,,active,B
CAT-2541,烙铁清洁绵,烙铁清洁绵,工具设备,2,industrial-mechanical-lcsc-14440,,active,B
CAT-2542,烙铁头,烙铁头,工具设备,2,industrial-mechanical-lcsc-14441,,active,B
CAT-2543,烙铁手柄,烙铁手柄,工具设备,2,industrial-mechanical-lcsc-14442,,active,B
CAT-2544,烙铁清洁器,烙铁清洁器,工具设备,2,industrial-mechanical-lcsc-14443,,active,B
CAT-2545,焊枪配件,焊枪配件,工具设备,2,industrial-mechanical-lcsc-14444,,active,B
CAT-2546,滑石笔,滑石笔,工具设备,2,industrial-mechanical-lcsc-14286,,active,B
CAT-2547,黄油加注机,黄油加注机,工具设备,2,industrial-mechanical-lcsc-14490,,active,B
CAT-2548,黄油枪配件,黄油枪配件,工具设备,2,industrial-mechanical-lcsc-14491,,active,B
CAT-2549,吸油枪,吸油枪,工具设备,2,industrial-mechanical-lcsc-14495,,active,B
CAT-2550,BGA返修台,BGA返修台,工具设备,2,industrial-mechanical-bga,,active,B
CAT-2551,电子微调工具,电子微调工具,工具设备,2,industrial-mechanical-lcsc-14543,,active,B
CAT-2552,挂板,挂板,工具设备,2,industrial-mechanical-lcsc-14579,,active,B
CAT-2553,焊台套装,焊台套装,工具设备,2,industrial-mechanical-lcsc-14591,,active,B
CAT-2554,镊子配件,镊子配件,工具设备,2,industrial-mechanical-lcsc-14636,,active,B
CAT-2555,飞线镊子,飞线镊子,工具设备,2,industrial-mechanical-lcsc-14640,,active,B
CAT-2556,电桥镊子,电桥镊子,工具设备,2,industrial-mechanical-lcsc-14641,,active,B
CAT-2557,锯架,锯架,工具设备,2,industrial-mechanical-lcsc-14670,,active,B
CAT-2558,锯条,锯条,工具设备,2,industrial-mechanical-lcsc-14672,,active,B
CAT-2559,马刀锯/往复锯,马刀锯/往复锯,工具设备,2,industrial-mechanical-lcsc-14673,,active,B
CAT-2560,汽油锯,汽油锯,工具设备,2,industrial-mechanical-lcsc-14674,,active,B
CAT-2561,曲线锯,曲线锯,工具设备,2,industrial-mechanical-lcsc-14675,,active,B
CAT-2562,台锯,台锯,工具设备,2,industrial-mechanical-lcsc-14676,,active,B
CAT-2563,冲击钻头,冲击钻头,工具设备,2,industrial-mechanical-lcsc-14677,,active,B
CAT-2564,倒角刀套装,倒角刀套装,工具设备,2,industrial-mechanical-lcsc-14678,,active,B
CAT-2565,多功能钻头,多功能钻头,工具设备,2,industrial-mechanical-lcsc-14679,,active,B
CAT-2566,阶梯钻头,阶梯钻头,工具设备,2,industrial-mechanical-lcsc-14680,,active,B
CAT-2567,开孔器配件,开孔器配件,工具设备,2,industrial-mechanical-lcsc-14681,,active,B
CAT-2568,空心钻头,空心钻头,工具设备,2,industrial-mechanical-lcsc-14682,,active,B
CAT-2569,木工钻头,木工钻头,工具设备,2,industrial-mechanical-lcsc-14683,,active,B
CAT-2570,水钻钻头,水钻钻头,工具设备,2,industrial-mechanical-lcsc-14684,,active,B
CAT-2571,液压破切器,液压破切器,工具设备,2,industrial-mechanical-lcsc-14685,,active,B
CAT-2572,扩管器,扩管器,工具设备,2,industrial-mechanical-lcsc-14686,,active,B
CAT-2573,玻璃钻头,玻璃钻头,工具设备,2,industrial-mechanical-lcsc-14687,,active,B
CAT-2574,钻头配件,钻头配件,工具设备,2,industrial-mechanical-lcsc-14690,,active,B
CAT-2575,退针器,退针器,工具设备,2,industrial-mechanical-lcsc-14693,,active,B
CAT-2576,百叶轮,百叶轮,工具设备,2,industrial-mechanical-lcsc-14694,,active,B
CAT-2577,点胶针头,点胶针头,工具设备,2,industrial-mechanical-lcsc-14725,,active,B
CAT-2578,电动电缆剪,电动电缆剪,工具设备,2,industrial-mechanical-lcsc-14748,,active,B
CAT-2579,剥线器,剥线器,工具设备,2,industrial-mechanical-lcsc-14749,,active,B
CAT-2580,电动液压钳,电动液压钳,工具设备,2,industrial-mechanical-lcsc-14751,,active,B
CAT-2581,电工刀,电工刀,工具设备,2,industrial-mechanical-lcsc-14752,,active,B
CAT-2582,电工剪,电工剪,工具设备,2,industrial-mechanical-lcsc-14753,,active,B
CAT-2583,电缆刀,电缆刀,工具设备,2,industrial-mechanical-lcsc-14754,,active,B
CAT-2584,电缆剪,电缆剪,工具设备,2,industrial-mechanical-lcsc-14755,,active,B
CAT-2585,网线钳,网线钳,工具设备,2,industrial-mechanical-lcsc-14757,,active,B
CAT-2586,工具/刀具存储,工具/刀具存储,网线钳,3,industrial-mechanical-lcsc-11408,,active,B
CAT-2587,量具,Industrial & Mechanical,,1,industrial-mechanical-11385,,active,A
CAT-2588,机械式游标卡尺,机械式游标卡尺,量具,2,industrial-mechanical-lcsc-12045,,active,B
CAT-2589,外径千分尺,外径千分尺,量具,2,industrial-mechanical-lcsc-12732,,active,B
CAT-2590,千分尺台架,千分尺台架,量具,2,industrial-mechanical-lcsc-12733,,active,B
CAT-2591,深度千分尺,深度千分尺,量具,2,industrial-mechanical-lcsc-12734,,active,B
CAT-2592,内测千分尺,内测千分尺,量具,2,industrial-mechanical-lcsc-12735,,active,B
CAT-2593,内径千分尺,内径千分尺,量具,2,industrial-mechanical-lcsc-12736,,active,B
CAT-2594,内径千分表,内径千分表,量具,2,industrial-mechanical-lcsc-12737,,active,B
CAT-2595,杠杆千分表,杠杆千分表,量具,2,industrial-mechanical-lcsc-12738,,active,B
CAT-2596,百分表,百分表,量具,2,industrial-mechanical-lcsc-12739,,active,B
CAT-2597,磁性表座,磁性表座,量具,2,industrial-mechanical-lcsc-12740,,active,B
CAT-2598,电子/框式/条式水平仪,电子/框式/条式水平仪,量具,2,industrial-mechanical-lcsc-12741,,active,B
CAT-2599,单片塞尺,单片塞尺,量具,2,industrial-mechanical-lcsc-12742,,active,B
CAT-2600,塞尺块/厚度规,塞尺块/厚度规,量具,2,industrial-mechanical-lcsc-12743,,active,B
CAT-2601,环规,环规,量具,2,industrial-mechanical-lcsc-12745,,active,B
CAT-2602,硬度块,硬度块,量具,2,industrial-mechanical-lcsc-12746,,active,B
CAT-2603,塞规,塞规,量具,2,industrial-mechanical-lcsc-12753,,active,B
CAT-2604,半径规,半径规,量具,2,industrial-mechanical-lcsc-12757,,active,B
CAT-2605,角度规,角度规,量具,2,industrial-mechanical-lcsc-12765,,active,B
CAT-2606,高度规,高度规,量具,2,industrial-mechanical-lcsc-12772,,active,B
CAT-2607,电子数显卡尺,电子数显卡尺,量具,2,industrial-mechanical-lcsc-12817,,active,B
CAT-2608,量块,量块,量具,2,industrial-mechanical-lcsc-12952,,active,B
CAT-2609,千分尺研磨块,千分尺研磨块,量具,2,industrial-mechanical-lcsc-12953,,active,B
CAT-2610,卡规,卡规,量具,2,industrial-mechanical-lcsc-12954,,active,B
CAT-2611,异形千分尺,异形千分尺,量具,2,industrial-mechanical-lcsc-12955,,active,B
CAT-2612,测量台,测量台,量具,2,industrial-mechanical-lcsc-12956,,active,B
CAT-2613,孔径规,孔径规,量具,2,industrial-mechanical-lcsc-12957,,active,B
CAT-2614,焊缝量规,焊缝量规,量具,2,industrial-mechanical-lcsc-12959,,active,B
CAT-2615,寻边器,寻边器,量具,2,industrial-mechanical-lcsc-12960,,active,B
CAT-2616,中心定位器,中心定位器,量具,2,industrial-mechanical-lcsc-12961,,active,B
CAT-2617,针规,针规,量具,2,industrial-mechanical-lcsc-12962,,active,B
CAT-2618,硬度计附件,硬度计附件,量具,2,industrial-mechanical-lcsc-13001,,active,B
CAT-2619,螺距规,螺距规,量具,2,industrial-mechanical-lcsc-13463,,active,B
CAT-2620,中心规,中心规,量具,2,industrial-mechanical-lcsc-13464,,active,B
CAT-2621,正弦规,正弦规,量具,2,industrial-mechanical-lcsc-13971,,active,B
CAT-2622,平行垫块,平行垫块,量具,2,industrial-mechanical-lcsc-13979,,active,B
CAT-2623,移动式垫块,移动式垫块,量具,2,industrial-mechanical-lcsc-13981,,active,B
CAT-2624,校对千分尺,校对千分尺,量具,2,industrial-mechanical-lcsc-14173,,active,B
CAT-2625,杠杆千分尺,杠杆千分尺,量具,2,industrial-mechanical-lcsc-14174,,active,B
CAT-2626,螺纹千分尺,螺纹千分尺,量具,2,industrial-mechanical-lcsc-14175,,active,B
CAT-2627,带表式千分尺,带表式千分尺,量具,2,industrial-mechanical-lcsc-14176,,active,B
CAT-2628,铸铁平台,铸铁平台,量具,2,industrial-mechanical-lcsc-14185,,active,B
CAT-2629,平台支架,平台支架,量具,2,industrial-mechanical-lcsc-14186,,active,B
CAT-2630,十分表,十分表,量具,2,industrial-mechanical-lcsc-14187,,active,B
CAT-2631,带表卡尺,带表卡尺,量具,2,industrial-mechanical-lcsc-14188,,active,B
CAT-2632,深度指示表,深度指示表,量具,2,industrial-mechanical-lcsc-14189,,active,B
CAT-2633,方箱,方箱,量具,2,industrial-mechanical-lcsc-14190,,active,B
CAT-2634,量具配件,量具配件,量具,2,industrial-mechanical-lcsc-14608,,active,B
CAT-2635,量具套装,量具套装,量具,2,industrial-mechanical-lcsc-14609,,active,B
CAT-2636,工具/刀具存储,工具/刀具存储,量具套装,3,industrial-mechanical-lcsc-11408-11408,,active,B
CAT-2637,搬运/包装/存储,Industrial & Mechanical,,1,industrial-mechanical-11395,,active,A
CAT-2638,其它包装袋,其它包装袋,搬运/包装/存储,2,industrial-mechanical-lcsc-11051,,active,B
CAT-2639,扎带,扎带,搬运/包装/存储,2,industrial-mechanical-lcsc-11371,,active,B
CAT-2640,梯子,梯子,搬运/包装/存储,2,industrial-mechanical-lcsc-11396,,active,B
CAT-2641,搬运车,搬运车,搬运/包装/存储,2,industrial-mechanical-lcsc-11399,,active,B
CAT-2642,叉车,叉车,搬运/包装/存储,2,industrial-mechanical-lcsc-11400,,active,B
CAT-2643,货架,货架,搬运/包装/存储,2,industrial-mechanical-lcsc-11401,,active,B
CAT-2644,工业称重/电子秤,工业称重/电子秤,搬运/包装/存储,2,industrial-mechanical-lcsc-11402,,active,B
CAT-2645,吊带,吊带,搬运/包装/存储,2,industrial-mechanical-lcsc-11871,,active,B
CAT-2646,葫芦,葫芦,搬运/包装/存储,2,industrial-mechanical-lcsc-11872,,active,B
CAT-2647,电磁铁,电磁铁,搬运/包装/存储,2,industrial-mechanical-lcsc-11873,,active,B
CAT-2648,紧线器,紧线器,搬运/包装/存储,2,industrial-mechanical-lcsc-11874,,active,B
CAT-2649,打包机,打包机,搬运/包装/存储,2,industrial-mechanical-lcsc-12164,,active,B
CAT-2650,自封袋,自封袋,搬运/包装/存储,2,industrial-mechanical-lcsc-12280,,active,B
CAT-2651,封箱胶带,封箱胶带,搬运/包装/存储,2,industrial-mechanical-lcsc-12282,,active,B
CAT-2652,元件盒,元件盒,搬运/包装/存储,2,industrial-mechanical-lcsc-12524,,active,B
CAT-2653,零件盒,零件盒,搬运/包装/存储,2,industrial-mechanical-lcsc-12525,,active,B
CAT-2654,周转箱,周转箱,搬运/包装/存储,2,industrial-mechanical-lcsc-12526,,active,B
CAT-2655,纸箱,纸箱,搬运/包装/存储,2,industrial-mechanical-lcsc-12527,,active,B
CAT-2656,气泡膜,气泡膜,搬运/包装/存储,2,industrial-mechanical-lcsc-12528,,active,B
CAT-2657,打包带/绳子,打包带/绳子,搬运/包装/存储,2,industrial-mechanical-lcsc-12530,,active,B
CAT-2658,防静电托盘,防静电托盘,搬运/包装/存储,2,industrial-mechanical-lcsc-12531,,active,B
CAT-2659,木托盘,木托盘,搬运/包装/存储,2,industrial-mechanical-lcsc-12532,,active,B
CAT-2660,塑料托盘,塑料托盘,搬运/包装/存储,2,industrial-mechanical-lcsc-12533,,active,B
CAT-2661,移动托盘,移动托盘,搬运/包装/存储,2,industrial-mechanical-lcsc-12534,,active,B
CAT-2662,脚轮,脚轮,搬运/包装/存储,2,industrial-mechanical-lcsc-12535,,active,B
CAT-2663,平板推车,平板推车,搬运/包装/存储,2,industrial-mechanical-lcsc-12536,,active,B
CAT-2664,周转推车,周转推车,搬运/包装/存储,2,industrial-mechanical-lcsc-12537,,active,B
CAT-2665,工具柜,工具柜,搬运/包装/存储,2,industrial-mechanical-lcsc-12538,,active,B
CAT-2666,缠绕膜/防锈膜,缠绕膜/防锈膜,搬运/包装/存储,2,industrial-mechanical-lcsc-12587,,active,B
CAT-2667,工具车,工具车,搬运/包装/存储,2,industrial-mechanical-lcsc-12596,,active,B
CAT-2668,胶带切割器,胶带切割器,搬运/包装/存储,2,industrial-mechanical-lcsc-12597,,active,B
CAT-2669,平口袋,平口袋,搬运/包装/存储,2,industrial-mechanical-lcsc-12778,,active,B
CAT-2670,防尘遮阳网,防尘遮阳网,搬运/包装/存储,2,industrial-mechanical-lcsc-12863,,active,B
CAT-2671,板材,板材,搬运/包装/存储,2,industrial-mechanical-lcsc-12865,,active,B
CAT-2672,封箱机,封箱机,搬运/包装/存储,2,industrial-mechanical-lcsc-12867,,active,B
CAT-2673,缠绕机,缠绕机,搬运/包装/存储,2,industrial-mechanical-lcsc-12868,,active,B
CAT-2674,自动发卡机,自动发卡机,搬运/包装/存储,2,industrial-mechanical-lcsc-12869,,active,B
CAT-2675,自动套膜机,自动套膜机,搬运/包装/存储,2,industrial-mechanical-lcsc-12870,,active,B
CAT-2676,真空打包机,真空打包机,搬运/包装/存储,2,industrial-mechanical-lcsc-12872,,active,B
CAT-2677,塑料封条,塑料封条,搬运/包装/存储,2,industrial-mechanical-lcsc-12873,,active,B
CAT-2678,平衡器,平衡器,搬运/包装/存储,2,industrial-mechanical-lcsc-12875,,active,B
CAT-2679,吊具,吊具,搬运/包装/存储,2,industrial-mechanical-lcsc-12876,,active,B
CAT-2680,起重器,起重器,搬运/包装/存储,2,industrial-mechanical-lcsc-12877,,active,B
CAT-2681,堆高车,堆高车,搬运/包装/存储,2,industrial-mechanical-lcsc-13390,,active,B
CAT-2682,升降机,升降机,搬运/包装/存储,2,industrial-mechanical-lcsc-13391,,active,B
CAT-2683,安全柜,安全柜,搬运/包装/存储,2,industrial-mechanical-lcsc-13481,,active,B
CAT-2684,储物柜,储物柜,搬运/包装/存储,2,industrial-mechanical-lcsc-13592,,active,B
CAT-2685,防静电工作台,防静电工作台,搬运/包装/存储,2,industrial-mechanical-lcsc-13609,,active,B
CAT-2686,牛皮纸胶带,牛皮纸胶带,搬运/包装/存储,2,industrial-mechanical-lcsc-13615,,active,B
CAT-2687,醋酸布胶带,醋酸布胶带,搬运/包装/存储,2,industrial-mechanical-lcsc-13616,,active,B
CAT-2688,金手指胶带,金手指胶带,搬运/包装/存储,2,industrial-mechanical-lcsc-13617,,active,B
CAT-2689,特氟龙胶带,特氟龙胶带,搬运/包装/存储,2,industrial-mechanical-lcsc-13618,,active,B
CAT-2690,美纹纸胶带,美纹纸胶带,搬运/包装/存储,2,industrial-mechanical-lcsc-13619,,active,B
CAT-2691,铝箔胶带,铝箔胶带,搬运/包装/存储,2,industrial-mechanical-lcsc-13620,,active,B
CAT-2692,其它胶带,其它胶带,搬运/包装/存储,2,industrial-mechanical-lcsc-13623,,active,B
CAT-2693,沙袋/吸水膨胀袋,沙袋/吸水膨胀袋,搬运/包装/存储,2,industrial-mechanical-lcsc-13671,,active,B
CAT-2694,草垫,草垫,搬运/包装/存储,2,industrial-mechanical-lcsc-13774,,active,B
CAT-2695,船,船,搬运/包装/存储,2,industrial-mechanical-lcsc-13784,,active,B
CAT-2696,珍珠棉,珍珠棉,搬运/包装/存储,2,industrial-mechanical-lcsc-13819,,active,B
CAT-2697,防潮柜,防潮柜,搬运/包装/存储,2,industrial-mechanical-lcsc-13958,,active,B
CAT-2698,永磁吊重器,永磁吊重器,搬运/包装/存储,2,industrial-mechanical-lcsc-13964,,active,B
CAT-2699,展示架,展示架,搬运/包装/存储,2,industrial-mechanical-lcsc-14005,,active,B
CAT-2700,防静电CPP平口袋,防静电CPP平口袋,搬运/包装/存储,2,industrial-mechanical-cpp,,active,B
CAT-2701,防静电CPP自封袋,防静电CPP自封袋,搬运/包装/存储,2,industrial-mechanical-cpp-14021,,active,B
CAT-2702,防静电PE平口袋,防静电PE平口袋,搬运/包装/存储,2,industrial-mechanical-pe-14022,,active,B
CAT-2703,防静电铝箔平口袋,防静电铝箔平口袋,搬运/包装/存储,2,industrial-mechanical-lcsc-14023,,active,B
CAT-2704,防静电气泡袋,防静电气泡袋,搬运/包装/存储,2,industrial-mechanical-lcsc-14024,,active,B
CAT-2705,普通铝箔自封袋,普通铝箔自封袋,搬运/包装/存储,2,industrial-mechanical-lcsc-14025,,active,B
CAT-2706,普通气泡袋,普通气泡袋,搬运/包装/存储,2,industrial-mechanical-lcsc-14026,,active,B
CAT-2707,热缩袋,热缩袋,搬运/包装/存储,2,industrial-mechanical-lcsc-14027,,active,B
CAT-2708,透明OPP自封袋,透明OPP自封袋,搬运/包装/存储,2,industrial-mechanical-opp,,active,B
CAT-2709,透明PE平口袋,透明PE平口袋,搬运/包装/存储,2,industrial-mechanical-pe-14029,,active,B
CAT-2710,吨袋,吨袋,搬运/包装/存储,2,industrial-mechanical-lcsc-14030,,active,B
CAT-2711,编织袋,编织袋,搬运/包装/存储,2,industrial-mechanical-lcsc-14037,,active,B
CAT-2712,展示柜,展示柜,搬运/包装/存储,2,industrial-mechanical-lcsc-14040,,active,B
CAT-2713,手机存放柜,手机存放柜,搬运/包装/存储,2,industrial-mechanical-lcsc-14041,,active,B
CAT-2714,置物架,置物架,搬运/包装/存储,2,industrial-mechanical-lcsc-14042,,active,B
CAT-2715,嘉立创专用搬运,嘉立创专用搬运,搬运/包装/存储,2,industrial-mechanical-lcsc-14088,,active,B
CAT-2716,储存桶,储存桶,搬运/包装/存储,2,industrial-mechanical-lcsc-14233,,active,B
CAT-2717,气柱袋,气柱袋,搬运/包装/存储,2,industrial-mechanical-lcsc-14285,,active,B
CAT-2718,AGV磁条保护胶带,AGV磁条保护胶带,搬运/包装/存储,2,industrial-mechanical-agv,,active,B
CAT-2719,AGV导航磁条,AGV导航磁条,搬运/包装/存储,2,industrial-mechanical-agv-14550,,active,B
CAT-2720,AGV视觉导向胶带,AGV视觉导向胶带,搬运/包装/存储,2,industrial-mechanical-agv-14551,,active,B
CAT-2721,MOPP胶带,MOPP胶带,搬运/包装/存储,2,industrial-mechanical-mopp,,active,B
CAT-2722,PET胶带,PET胶带,搬运/包装/存储,2,industrial-mechanical-pet-14553,,active,B
CAT-2723,玻璃纤维胶带,玻璃纤维胶带,搬运/包装/存储,2,industrial-mechanical-lcsc-14555,,active,B
CAT-2724,布基胶带,布基胶带,搬运/包装/存储,2,industrial-mechanical-lcsc-14556,,active,B
CAT-2725,丁基胶带,丁基胶带,搬运/包装/存储,2,industrial-mechanical-lcsc-14558,,active,B
CAT-2726,泡棉胶带,泡棉胶带,搬运/包装/存储,2,industrial-mechanical-lcsc-14562,,active,B
CAT-2727,露营车,露营车,搬运/包装/存储,2,industrial-mechanical-lcsc-14620,,active,B
CAT-2728,数据采集终端(PDA),数据采集终端(PDA),搬运/包装/存储,2,industrial-mechanical-pda,,active,B
CAT-2729,防静电薄膜,防静电薄膜,搬运/包装/存储,2,industrial-mechanical-lcsc-14691,,active,B
CAT-2730,清洁/日用品,Industrial & Mechanical,,1,industrial-mechanical-11410,,active,A
CAT-2731,卫浴用品,卫浴用品,清洁/日用品,2,industrial-mechanical-lcsc-11412,,active,B
CAT-2732,商用餐饮设备,商用餐饮设备,清洁/日用品,2,industrial-mechanical-lcsc-11417,,active,B
CAT-2733,工业擦拭,工业擦拭,清洁/日用品,2,industrial-mechanical-lcsc-11504,,active,B
CAT-2734,手机配件,手机配件,清洁/日用品,2,industrial-mechanical-lcsc-11589,,active,B
CAT-2735,其它支架,其它支架,清洁/日用品,2,industrial-mechanical-lcsc-11597,,active,B
CAT-2736,其它车载配件,其它车载配件,清洁/日用品,2,industrial-mechanical-lcsc-11599,,active,B
CAT-2737,收纳包,收纳包,清洁/日用品,2,industrial-mechanical-lcsc-11600,,active,B
CAT-2738,日常娱乐,日常娱乐,清洁/日用品,2,industrial-mechanical-lcsc-12195,,active,B
CAT-2739,收纳/储物,收纳/储物,清洁/日用品,2,industrial-mechanical-lcsc-12539,,active,B
CAT-2740,保鲜盒,保鲜盒,清洁/日用品,2,industrial-mechanical-lcsc-12540,,active,B
CAT-2741,喷壶,喷壶,清洁/日用品,2,industrial-mechanical-lcsc-12541,,active,B
CAT-2742,刷子,刷子,清洁/日用品,2,industrial-mechanical-lcsc-12542,,active,B
CAT-2743,百洁布/钢丝球,百洁布/钢丝球,清洁/日用品,2,industrial-mechanical-lcsc-12543,,active,B
CAT-2744,地面清洁工具,地面清洁工具,清洁/日用品,2,industrial-mechanical-lcsc-12544,,active,B
CAT-2745,通用清洁擦拭,通用清洁擦拭,清洁/日用品,2,industrial-mechanical-lcsc-12545,,active,B
CAT-2746,水桶/盆,水桶/盆,清洁/日用品,2,industrial-mechanical-lcsc-12546,,active,B
CAT-2747,清洁推车,清洁推车,清洁/日用品,2,industrial-mechanical-lcsc-12547,,active,B
CAT-2748,玻璃清洁工具,玻璃清洁工具,清洁/日用品,2,industrial-mechanical-lcsc-12548,,active,B
CAT-2749,垃圾袋,垃圾袋,清洁/日用品,2,industrial-mechanical-lcsc-12549,,active,B
CAT-2750,垃圾桶,垃圾桶,清洁/日用品,2,industrial-mechanical-lcsc-12550,,active,B
CAT-2751,垃圾钳,垃圾钳,清洁/日用品,2,industrial-mechanical-lcsc-12551,,active,B
CAT-2752,粘尘垫,粘尘垫,清洁/日用品,2,industrial-mechanical-lcsc-12552,,active,B
CAT-2753,无尘布,无尘布,清洁/日用品,2,industrial-mechanical-lcsc-12553,,active,B
CAT-2754,擦拭布,擦拭布,清洁/日用品,2,industrial-mechanical-lcsc-12554,,active,B
CAT-2755,清洁与擦拭用纸,清洁与擦拭用纸,清洁/日用品,2,industrial-mechanical-lcsc-12555,,active,B
CAT-2756,洗手液,洗手液,清洁/日用品,2,industrial-mechanical-lcsc-12556,,active,B
CAT-2757,香皂/肥皂,香皂/肥皂,清洁/日用品,2,industrial-mechanical-lcsc-12557,,active,B
CAT-2758,高压清洗机,高压清洗机,清洁/日用品,2,industrial-mechanical-lcsc-12558,,active,B
CAT-2759,吸尘器,吸尘器,清洁/日用品,2,industrial-mechanical-lcsc-12559,,active,B
CAT-2760,吹干机,吹干机,清洁/日用品,2,industrial-mechanical-lcsc-12560,,active,B
CAT-2761,纸品湿巾,纸品湿巾,清洁/日用品,2,industrial-mechanical-lcsc-12561,,active,B
CAT-2762,衣物清洁,衣物清洁,清洁/日用品,2,industrial-mechanical-lcsc-12562,,active,B
CAT-2763,毛巾浴巾,毛巾浴巾,清洁/日用品,2,industrial-mechanical-lcsc-12563,,active,B
CAT-2764,防滑垫,防滑垫,清洁/日用品,2,industrial-mechanical-lcsc-12564,,active,B
CAT-2765,防静电地垫/台垫,防静电地垫/台垫,清洁/日用品,2,industrial-mechanical-lcsc-12565,,active,B
CAT-2766,吸尘吸水地垫,吸尘吸水地垫,清洁/日用品,2,industrial-mechanical-lcsc-12566,,active,B
CAT-2767,牙具,牙具,清洁/日用品,2,industrial-mechanical-lcsc-12598,,active,B
CAT-2768,杯/壶/瓶,杯/壶/瓶,清洁/日用品,2,industrial-mechanical-lcsc-12599,,active,B
CAT-2769,凳子,凳子,清洁/日用品,2,industrial-mechanical-lcsc-12600,,active,B
CAT-2770,剃须刀,剃须刀,清洁/日用品,2,industrial-mechanical-lcsc-12635,,active,B
CAT-2771,烟灰缸,烟灰缸,清洁/日用品,2,industrial-mechanical-lcsc-12637,,active,B
CAT-2772,水枪/水管,水枪/水管,清洁/日用品,2,industrial-mechanical-lcsc-12712,,active,B
CAT-2773,无尘室粘尘滚筒,无尘室粘尘滚筒,清洁/日用品,2,industrial-mechanical-lcsc-12789,,active,B
CAT-2774,其它生活用品,其它生活用品,清洁/日用品,2,industrial-mechanical-lcsc-12790,,active,B
CAT-2775,其它清洁用品,其它清洁用品,清洁/日用品,2,industrial-mechanical-lcsc-12791,,active,B
CAT-2776,雨伞架,雨伞架,清洁/日用品,2,industrial-mechanical-lcsc-12979,,active,B
CAT-2777,家用纺织品,家用纺织品,清洁/日用品,2,industrial-mechanical-lcsc-12981,,active,B
CAT-2778,睡袋,睡袋,清洁/日用品,2,industrial-mechanical-lcsc-12982,,active,B
CAT-2779,防水布,防水布,清洁/日用品,2,industrial-mechanical-lcsc-12983,,active,B
CAT-2780,寝具,寝具,清洁/日用品,2,industrial-mechanical-lcsc-12984,,active,B
CAT-2781,衣柜,衣柜,清洁/日用品,2,industrial-mechanical-lcsc-12985,,active,B
CAT-2782,驾驶式地面清洁机,驾驶式地面清洁机,清洁/日用品,2,industrial-mechanical-lcsc-12986,,active,B
CAT-2783,伞袋,伞袋,清洁/日用品,2,industrial-mechanical-lcsc-12987,,active,B
CAT-2784,洗车机,洗车机,清洁/日用品,2,industrial-mechanical-lcsc-13392,,active,B
CAT-2785,鞋底清洁机,鞋底清洁机,清洁/日用品,2,industrial-mechanical-lcsc-13528,,active,B
CAT-2786,车轮清洁机,车轮清洁机,清洁/日用品,2,industrial-mechanical-lcsc-13529,,active,B
CAT-2787,无尘棉签,无尘棉签,清洁/日用品,2,industrial-mechanical-lcsc-13680,,active,B
CAT-2788,清洗剂,清洗剂,清洁/日用品,2,industrial-mechanical-lcsc-13685,,active,B
CAT-2789,喷雾器,喷雾器,清洁/日用品,2,industrial-mechanical-lcsc-13757,,active,B
CAT-2790,毛毯,毛毯,清洁/日用品,2,industrial-mechanical-lcsc-13776,,active,B
CAT-2791,空气净化器,空气净化器,清洁/日用品,2,industrial-mechanical-lcsc-13793,,active,B
CAT-2792,鞋垫,鞋垫,清洁/日用品,2,industrial-mechanical-lcsc-13824,,active,B
CAT-2793,筷子架/筷子筒,筷子架/筷子筒,清洁/日用品,2,industrial-mechanical-lcsc-13845,,active,B
CAT-2794,电吹风,电吹风,清洁/日用品,2,industrial-mechanical-lcsc-13848,,active,B
CAT-2795,除湿机,除湿机,清洁/日用品,2,industrial-mechanical-lcsc-13852,,active,B
CAT-2796,指甲剪,指甲剪,清洁/日用品,2,industrial-mechanical-lcsc-13860,,active,B
CAT-2797,空气清新剂,空气清新剂,清洁/日用品,2,industrial-mechanical-lcsc-13863,,active,B
CAT-2798,手推式地面清洁机,手推式地面清洁机,清洁/日用品,2,industrial-mechanical-lcsc-13933,,active,B
CAT-2799,冰袋,冰袋,清洁/日用品,2,industrial-mechanical-lcsc-13934,,active,B
CAT-2800,砧板,砧板,清洁/日用品,2,industrial-mechanical-lcsc-13944,,active,B
CAT-2801,衣架,衣架,清洁/日用品,2,industrial-mechanical-lcsc-14006,,active,B
CAT-2802,餐具,餐具,清洁/日用品,2,industrial-mechanical-lcsc-14012,,active,B
CAT-2803,餐桌,餐桌,清洁/日用品,2,industrial-mechanical-lcsc-14052,,active,B
CAT-2804,嘉立创专用清洁,嘉立创专用清洁,清洁/日用品,2,industrial-mechanical-lcsc-14089,,active,B
CAT-2805,牙膏,牙膏,清洁/日用品,2,industrial-mechanical-lcsc-14102,,active,B
CAT-2806,纸巾,纸巾,清洁/日用品,2,industrial-mechanical-lcsc-14103,,active,B
CAT-2807,洗衣机清洁剂,洗衣机清洁剂,清洁/日用品,2,industrial-mechanical-lcsc-14104,,active,B
CAT-2808,普通棉签,普通棉签,清洁/日用品,2,industrial-mechanical-lcsc-14627,,active,B
CAT-2809,粘尘纸,粘尘纸,清洁/日用品,2,industrial-mechanical-lcsc-14718,,active,B
CAT-2810,家用洗地机,家用洗地机,清洁/日用品,2,industrial-mechanical-lcsc-14758,,active,B
CAT-2811,扫把,扫把,清洁/日用品,2,industrial-mechanical-lcsc-14759,,active,B
CAT-2812,拖把,拖把,清洁/日用品,2,industrial-mechanical-lcsc-14760,,active,B
CAT-2813,刮水器,刮水器,清洁/日用品,2,industrial-mechanical-lcsc-14761,,active,B
CAT-2814,扫把簸箕套装,扫把簸箕套装,清洁/日用品,2,industrial-mechanical-lcsc-14762,,active,B
CAT-2815,簸箕,簸箕,清洁/日用品,2,industrial-mechanical-lcsc-14763,,active,B
CAT-2816,工业试剂/润滑/除锈,Industrial & Mechanical,,1,industrial-mechanical-11497,,active,A
CAT-2817,脱模剂,脱模剂,工业试剂/润滑/除锈,2,industrial-mechanical-lcsc-11508,,active,B
CAT-2818,其它试剂,其它试剂,工业试剂/润滑/除锈,2,industrial-mechanical-lcsc-11510,,active,B
CAT-2819,促进剂,促进剂,工业试剂/润滑/除锈,2,industrial-mechanical-lcsc-12515,,active,B
CAT-2820,除锈剂,除锈剂,工业试剂/润滑/除锈,2,industrial-mechanical-lcsc-12766,,active,B
CAT-2821,干燥剂,干燥剂,工业试剂/润滑/除锈,2,industrial-mechanical-lcsc-12775,,active,B
CAT-2822,工业清洗剂,工业清洗剂,工业试剂/润滑/除锈,2,industrial-mechanical-lcsc-12792,,active,B
CAT-2823,除胶剂,除胶剂,工业试剂/润滑/除锈,2,industrial-mechanical-lcsc-12793,,active,B
CAT-2824,修补剂,修补剂,工业试剂/润滑/除锈,2,industrial-mechanical-lcsc-12947,,active,B
CAT-2825,融雪剂,融雪剂,工业试剂/润滑/除锈,2,industrial-mechanical-lcsc-13672,,active,B
CAT-2826,氟化液,氟化液,工业试剂/润滑/除锈,2,industrial-mechanical-lcsc-14058,,active,B
CAT-2827,螺纹锁固胶,螺纹锁固胶,工业试剂/润滑/除锈,2,industrial-mechanical-lcsc-14115,,active,B
CAT-2828,车辆养护剂,车辆养护剂,工业试剂/润滑/除锈,2,industrial-mechanical-lcsc-14229,,active,B
CAT-2829,探伤剂,探伤剂,工业试剂/润滑/除锈,2,industrial-mechanical-lcsc-14230,,active,B
CAT-2830,线路板清洗剂,线路板清洗剂,工业试剂/润滑/除锈,2,industrial-mechanical-lcsc-14231,,active,B
CAT-2831,分散剂,分散剂,工业试剂/润滑/除锈,2,industrial-mechanical-lcsc-14238,,active,B
CAT-2832,消泡剂,消泡剂,工业试剂/润滑/除锈,2,industrial-mechanical-lcsc-14239,,active,B
CAT-2833,荧光磁粉,荧光磁粉,工业试剂/润滑/除锈,2,industrial-mechanical-lcsc-14240,,active,B
CAT-2834,耦合剂,耦合剂,工业试剂/润滑/除锈,2,industrial-mechanical-lcsc-14241,,active,B
CAT-2835,除味剂,除味剂,工业试剂/润滑/除锈,2,industrial-mechanical-lcsc-14485,,active,B
CAT-2836,底涂剂,底涂剂,工业试剂/润滑/除锈,2,industrial-mechanical-lcsc-14487,,active,B
CAT-2837,防锈剂,防锈剂,工业试剂/润滑/除锈,2,industrial-mechanical-lcsc-14488,,active,B
CAT-2838,抛光液,抛光液,工业试剂/润滑/除锈,2,industrial-mechanical-lcsc-14492,,active,B
CAT-2839,润滑脂,润滑脂,工业试剂/润滑/除锈,2,industrial-mechanical-lcsc-14493,,active,B
CAT-2840,脱漆剂,脱漆剂,工业试剂/润滑/除锈,2,industrial-mechanical-lcsc-14494,,active,B
CAT-2841,线路板保护剂,线路板保护剂,工业试剂/润滑/除锈,2,industrial-mechanical-lcsc-14496,,active,B
CAT-2842,油脂清洗剂,油脂清洗剂,工业试剂/润滑/除锈,2,industrial-mechanical-lcsc-14497,,active,B
CAT-2843,抗咬合剂,抗咬合剂,工业试剂/润滑/除锈,2,industrial-mechanical-lcsc-14498,,active,B
CAT-2844,磁珠/滤波器/EMI优化,Passive Components,,1,passive-components-10991,passive-components,active,A
CAT-2845,磁珠,磁珠,磁珠/滤波器/EMI优化,2,passive-components-lcsc-527-527,passive-components,active,B
CAT-2846,共模滤波器,共模滤波器,磁珠/滤波器/EMI优化,2,passive-components-lcsc-640,passive-components,active,B
CAT-2847,馈通电容滤波器,馈通电容滤波器,磁珠/滤波器/EMI优化,2,passive-components-lcsc-10997,passive-components,active,B
CAT-2848,EMC滤波器,EMC滤波器,磁珠/滤波器/EMI优化,2,passive-components-emc,passive-components,active,B
CAT-2849,陶瓷滤波器,陶瓷滤波器,磁珠/滤波器/EMI优化,2,passive-components-lcsc-10994,passive-components,active,B
CAT-2850,钳位滤波器,钳位滤波器,磁珠/滤波器/EMI优化,2,passive-components-lcsc-11058,passive-components,active,B
CAT-2851,有源滤波器,有源滤波器,磁珠/滤波器/EMI优化,2,passive-components-lcsc-11059,passive-components,active,B
CAT-2852,"EMI滤波器(RC,LC网络)","EMI滤波器(RC,LC网络)",磁珠/滤波器/EMI优化,2,passive-components-emi-rc-lc,passive-components,active,B
CAT-2853,晶体滤波器,晶体滤波器,磁珠/滤波器/EMI优化,2,passive-components-lcsc-11247,passive-components,active,B
CAT-2854,噪音抑制/磁性片,噪音抑制/磁性片,磁珠/滤波器/EMI优化,2,passive-components-lcsc-11249,passive-components,active,B
CAT-2855,开关电容滤波器,开关电容滤波器,磁珠/滤波器/EMI优化,2,passive-components-lcsc-11248,passive-components,active,B
CAT-2856,RF滤波器,RF滤波器,磁珠/滤波器/EMI优化,2,passive-components-rf,passive-components,active,B
CAT-2857,声表面波滤波器(SAW),声表面波滤波器(SAW),磁珠/滤波器/EMI优化,2,passive-components-saw-10996,passive-components,active,B
CAT-2858,可调谐滤波器,可调谐滤波器,声表面波滤波器(SAW),3,passive-components-lcsc-11301,passive-components,active,B
