slug,mpn,legacy_pdf_url,key_type
stm32f103c8t6,STM32F103C8T6,https://pub-fd1103d4aed04a7c9cbf10d74caaaade.r2.dev/datasheets/stm32f103c8t6.pdf,MPN_KEY
atmega328pau,ATmega328P-AU,https://pub-fd1103d4aed04a7c9cbf10d74caaaade.r2.dev/datasheets/atmega328p-au.pdf,MPN_KEY
rp2040,RP2040,https://pub-fd1103d4aed04a7c9cbf10d74caaaade.r2.dev/datasheets/C2040.pdf,C_KEY
w25q128jvsiq,W25Q128JVSIQ,https://pub-fd1103d4aed04a7c9cbf10d74caaaade.r2.dev/datasheets/w25q128jvsiq.pdf,MPN_KEY
ao3400a,AO3400A,https://pub-fd1103d4aed04a7c9cbf10d74caaaade.r2.dev/datasheets/ao3400a.pdf,MPN_KEY
ao3401a,AO3401A,https://pub-fd1103d4aed04a7c9cbf10d74caaaade.r2.dev/datasheets/ao3401a.pdf,MPN_KEY
2n7002,2N7002,https://pub-fd1103d4aed04a7c9cbf10d74caaaade.r2.dev/datasheets/2n7002.pdf,MPN_KEY
1n4148ws,1N4148WS,https://pub-fd1103d4aed04a7c9cbf10d74caaaade.r2.dev/datasheets/1n4148ws.pdf,MPN_KEY
ss34,SS34,https://pub-fd1103d4aed04a7c9cbf10d74caaaade.r2.dev/datasheets/ss34.pdf,MPN_KEY
rc0402fr0710kl,RC0402FR-0710KL,https://pub-fd1103d4aed04a7c9cbf10d74caaaade.r2.dev/datasheets/rc0402fr-0710kl.pdf,MPN_KEY
cl10b104kb8nnnc,CL10B104KB8NNNC,https://pub-fd1103d4aed04a7c9cbf10d74caaaade.r2.dev/datasheets/cl10b104kb8nnnc.pdf,MPN_KEY
typec31m12,TYPE-C-31-M-12,https://pub-fd1103d4aed04a7c9cbf10d74caaaade.r2.dev/datasheets/type-c-31-m-12.pdf,MPN_KEY
ad623arzr7,AD623ARZ-R7,https://pub-fd1103d4aed04a7c9cbf10d74caaaade.r2.dev/datasheets/ad623arz-r7.pdf,MPN_KEY
stm32f103cbt6,STM32F103CBT6,https://pub-fd1103d4aed04a7c9cbf10d74caaaade.r2.dev/datasheets/stm32f103cbt6.pdf,MPN_KEY
stm32f407vet6,STM32F407VET6,https://pub-fd1103d4aed04a7c9cbf10d74caaaade.r2.dev/datasheets/stm32f407vet6.pdf,MPN_KEY
adxl345bcczrl7,ADXL345BCCZ-RL7,https://pub-fd1103d4aed04a7c9cbf10d74caaaade.r2.dev/datasheets/adxl345bccz-rl7.pdf,MPN_KEY
lsm6ds3trc,LSM6DS3TR-C,https://pub-fd1103d4aed04a7c9cbf10d74caaaade.r2.dev/datasheets/lsm6ds3tr-c.pdf,MPN_KEY
tps54331dr,TPS54331DR,https://pub-fd1103d4aed04a7c9cbf10d74caaaade.r2.dev/datasheets/tps54331dr.pdf,MPN_KEY
stm32f103rct6,STM32F103RCT6,https://pub-fd1103d4aed04a7c9cbf10d74caaaade.r2.dev/datasheets/stm32f103rct6.pdf,MPN_KEY
lsm6dsltr,LSM6DSLTR,https://pub-fd1103d4aed04a7c9cbf10d74caaaade.r2.dev/datasheets/lsm6dsltr.pdf,MPN_KEY
adum1201arzrl7,ADUM1201ARZ-RL7,https://pub-fd1103d4aed04a7c9cbf10d74caaaade.r2.dev/datasheets/adum1201arz-rl7.pdf,MPN_KEY
grm21br61h106ke43l,GRM21BR61H106KE43L,https://pub-fd1103d4aed04a7c9cbf10d74caaaade.r2.dev/datasheets/grm21br61h106ke43l.pdf,MPN_KEY
adm2587ebrwzreel7,ADM2587EBRWZ-REEL7,https://pub-fd1103d4aed04a7c9cbf10d74caaaade.r2.dev/datasheets/C12081.pdf,C_KEY
sn65hvd230dr,SN65HVD230DR,https://pub-fd1103d4aed04a7c9cbf10d74caaaade.r2.dev/datasheets/sn65hvd230dr.pdf,MPN_KEY
lm5116mhxnopb,LM5116MHX/NOPB,https://pub-fd1103d4aed04a7c9cbf10d74caaaade.r2.dev/datasheets/lm5116mhx-nopb.pdf,MPN_KEY
grm31cr71e106ka12l,GRM31CR71E106KA12L,https://pub-fd1103d4aed04a7c9cbf10d74caaaade.r2.dev/datasheets/grm31cr71e106ka12l.pdf,MPN_KEY
uln2003adr,ULN2003ADR,https://pub-fd1103d4aed04a7c9cbf10d74caaaade.r2.dev/datasheets/uln2003adr.pdf,MPN_KEY
tps5430ddar,TPS5430DDAR,https://pub-fd1103d4aed04a7c9cbf10d74caaaade.r2.dev/datasheets/tps5430ddar.pdf,MPN_KEY
ads1115idgsr,ADS1115IDGSR,https://pub-fd1103d4aed04a7c9cbf10d74caaaade.r2.dev/datasheets/ads1115idgsr.pdf,MPN_KEY
vl53l0cxv0dh1,VL53L0CXV0DH/1,https://pub-fd1103d4aed04a7c9cbf10d74caaaade.r2.dev/datasheets/vl53l0cxv0dh-1.pdf,MPN_KEY
vl53l1cxv0fy1,VL53L1CXV0FY/1,https://pub-fd1103d4aed04a7c9cbf10d74caaaade.r2.dev/datasheets/vl53l1cxv0fy-1.pdf,MPN_KEY
lsm303agrtr,LSM303AGRTR,https://pub-fd1103d4aed04a7c9cbf10d74caaaade.r2.dev/datasheets/lsm303agrtr.pdf,MPN_KEY
ads1220ipwr,ADS1220IPWR,https://pub-fd1103d4aed04a7c9cbf10d74caaaade.r2.dev/datasheets/ads1220ipwr.pdf,MPN_KEY
lis2dw12tr,LIS2DW12TR,https://pub-fd1103d4aed04a7c9cbf10d74caaaade.r2.dev/datasheets/lis2dw12tr.pdf,MPN_KEY
vl53l4cdv0dh1,VL53L4CDV0DH/1,https://pub-fd1103d4aed04a7c9cbf10d74caaaade.r2.dev/datasheets/vl53l4cdv0dh-1.pdf,MPN_KEY
iso1050dubr,ISO1050DUBR,https://pub-fd1103d4aed04a7c9cbf10d74caaaade.r2.dev/datasheets/C16428.pdf,C_KEY
grm32ec72a106ke05l,GRM32EC72A106KE05L,https://pub-fd1103d4aed04a7c9cbf10d74caaaade.r2.dev/datasheets/grm32ec72a106ke05l.pdf,MPN_KEY
iso3082dwr,ISO3082DWR,https://pub-fd1103d4aed04a7c9cbf10d74caaaade.r2.dev/datasheets/iso3082dwr.pdf,MPN_KEY
stm32h743vih6,STM32H743VIH6,https://pub-fd1103d4aed04a7c9cbf10d74caaaade.r2.dev/datasheets/stm32h743vih6.pdf,MPN_KEY
ref3033aidbzr,REF3033AIDBZR,https://pub-fd1103d4aed04a7c9cbf10d74caaaade.r2.dev/datasheets/ref3033aidbzr.pdf,MPN_KEY
grm21bz71a226me15l,GRM21BZ71A226ME15L,https://pub-fd1103d4aed04a7c9cbf10d74caaaade.r2.dev/datasheets/grm21bz71a226me15l.pdf,MPN_KEY
stm32f030c8t6,STM32F030C8T6,https://pub-fd1103d4aed04a7c9cbf10d74caaaade.r2.dev/datasheets/stm32f030c8t6.pdf,MPN_KEY
adum3160brwzrl,ADUM3160BRWZ-RL,https://pub-fd1103d4aed04a7c9cbf10d74caaaade.r2.dev/datasheets/adum3160brwz-rl.pdf,MPN_KEY
grm31cc72a475ke11l,GRM31CC72A475KE11L,https://pub-fd1103d4aed04a7c9cbf10d74caaaade.r2.dev/datasheets/C237304.pdf,C_KEY
grm32er71e226ke15l,GRM32ER71E226KE15L,https://pub-fd1103d4aed04a7c9cbf10d74caaaade.r2.dev/datasheets/grm32er71e226ke15l.pdf,MPN_KEY
stm32f405rgt6,STM32F405RGT6,https://pub-fd1103d4aed04a7c9cbf10d74caaaade.r2.dev/datasheets/stm32f405rgt6.pdf,MPN_KEY
tps54560ddar,TPS54560DDAR,https://pub-fd1103d4aed04a7c9cbf10d74caaaade.r2.dev/datasheets/tps54560ddar.pdf,MPN_KEY
stm32f030f4p6tr,STM32F030F4P6TR,https://pub-fd1103d4aed04a7c9cbf10d74caaaade.r2.dev/datasheets/stm32f030f4p6tr.pdf,MPN_KEY
adm2582ebrwzreel7,ADM2582EBRWZ-REEL7,https://pub-fd1103d4aed04a7c9cbf10d74caaaade.r2.dev/datasheets/adm2582ebrwz-reel7.pdf,MPN_KEY
adum4160brwzrl,ADUM4160BRWZ-RL,https://pub-fd1103d4aed04a7c9cbf10d74caaaade.r2.dev/datasheets/adum4160brwz-rl.pdf,MPN_KEY
ad7192bruzreel,AD7192BRUZ-REEL,https://pub-fd1103d4aed04a7c9cbf10d74caaaade.r2.dev/datasheets/ad7192bruz-reel.pdf,MPN_KEY
lis3mdltr,LIS3MDLTR,https://pub-fd1103d4aed04a7c9cbf10d74caaaade.r2.dev/datasheets/lis3mdltr.pdf,MPN_KEY
stm32g431cbt6,STM32G431CBT6,https://pub-fd1103d4aed04a7c9cbf10d74caaaade.r2.dev/datasheets/stm32g431cbt6.pdf,MPN_KEY
adum1201brzrl7,ADUM1201BRZ-RL7,https://pub-fd1103d4aed04a7c9cbf10d74caaaade.r2.dev/datasheets/adum1201brz-rl7.pdf,MPN_KEY
tps54360ddar,TPS54360DDAR,https://pub-fd1103d4aed04a7c9cbf10d74caaaade.r2.dev/datasheets/tps54360ddar.pdf,MPN_KEY
grm31cr61e476me44l,GRM31CR61E476ME44L,https://pub-fd1103d4aed04a7c9cbf10d74caaaade.r2.dev/datasheets/grm31cr61e476me44l.pdf,MPN_KEY
lp298533dbvr,LP2985-33DBVR,https://pub-fd1103d4aed04a7c9cbf10d74caaaade.r2.dev/datasheets/lp2985-33dbvr.pdf,MPN_KEY
ad8605artzreel7,AD8605ARTZ-REEL7,https://pub-fd1103d4aed04a7c9cbf10d74caaaade.r2.dev/datasheets/ad8605artz-reel7.pdf,MPN_KEY
grm32er61c476ke15l,GRM32ER61C476KE15L,https://pub-fd1103d4aed04a7c9cbf10d74caaaade.r2.dev/datasheets/grm32er61c476ke15l.pdf,MPN_KEY
ina226aidgsr,INA226AIDGSR,https://pub-fd1103d4aed04a7c9cbf10d74caaaade.r2.dev/datasheets/ina226aidgsr.pdf,MPN_KEY
tpl5010ddcr,TPL5010DDCR,https://pub-fd1103d4aed04a7c9cbf10d74caaaade.r2.dev/datasheets/tpl5010ddcr.pdf,MPN_KEY
lt3045eddtrpbf,LT3045EDD#TRPBF,https://pub-fd1103d4aed04a7c9cbf10d74caaaade.r2.dev/datasheets/lt3045edd-trpbf.pdf,MPN_KEY
sn75176bdr,SN75176BDR,https://pub-fd1103d4aed04a7c9cbf10d74caaaade.r2.dev/datasheets/sn75176bdr.pdf,MPN_KEY
adm3251earwzreel,ADM3251EARWZ-REEL,https://pub-fd1103d4aed04a7c9cbf10d74caaaade.r2.dev/datasheets/adm3251earwz-reel.pdf,MPN_KEY
lsm6dsrtr,LSM6DSRTR,https://pub-fd1103d4aed04a7c9cbf10d74caaaade.r2.dev/datasheets/lsm6dsrtr.pdf,MPN_KEY
drv8874pwpr,DRV8874PWPR,https://pub-fd1103d4aed04a7c9cbf10d74caaaade.r2.dev/datasheets/drv8874pwpr.pdf,MPN_KEY
l78m05cdttr,L78M05CDT-TR,https://pub-fd1103d4aed04a7c9cbf10d74caaaade.r2.dev/datasheets/l78m05cdt-tr.pdf,MPN_KEY
stm32h743vit6,STM32H743VIT6,https://pub-fd1103d4aed04a7c9cbf10d74caaaade.r2.dev/datasheets/stm32h743vit6.pdf,MPN_KEY
opa1612aidr,OPA1612AIDR,https://pub-fd1103d4aed04a7c9cbf10d74caaaade.r2.dev/datasheets/opa1612aidr.pdf,MPN_KEY
grm188r60j476me15d,GRM188R60J476ME15D,https://pub-fd1103d4aed04a7c9cbf10d74caaaade.r2.dev/datasheets/grm188r60j476me15d.pdf,MPN_KEY
grm31cr71h475ka12l,GRM31CR71H475KA12L,https://pub-fd1103d4aed04a7c9cbf10d74caaaade.r2.dev/datasheets/grm31cr71h475ka12l.pdf,MPN_KEY
adum1250arzrl7,ADUM1250ARZ-RL7,https://pub-fd1103d4aed04a7c9cbf10d74caaaade.r2.dev/datasheets/C13839.pdf,C_KEY
tps7a2033pdbvr,TPS7A2033PDBVR,https://pub-fd1103d4aed04a7c9cbf10d74caaaade.r2.dev/datasheets/tps7a2033pdbvr.pdf,MPN_KEY
grm035r60j475me15d,GRM035R60J475ME15D,https://pub-fd1103d4aed04a7c9cbf10d74caaaade.r2.dev/datasheets/grm035r60j475me15d.pdf,MPN_KEY
grm31cr61a107mea8l,GRM31CR61A107MEA8L,https://pub-fd1103d4aed04a7c9cbf10d74caaaade.r2.dev/datasheets/grm31cr61a107mea8l.pdf,MPN_KEY
ne555dr,NE555DR,https://pub-fd1103d4aed04a7c9cbf10d74caaaade.r2.dev/datasheets/ne555dr.pdf,MPN_KEY
tps54202ddcr,TPS54202DDCR,https://pub-fd1103d4aed04a7c9cbf10d74caaaade.r2.dev/datasheets/tps54202ddcr.pdf,MPN_KEY
lan8720aicptr,LAN8720AI-CP-TR,https://pub-fd1103d4aed04a7c9cbf10d74caaaade.r2.dev/datasheets/lan8720ai-cp-tr.pdf,MPN_KEY
lm393dr,LM393DR,https://pub-fd1103d4aed04a7c9cbf10d74caaaade.r2.dev/datasheets/lm393dr.pdf,MPN_KEY
ina333aidgkr,INA333AIDGKR,https://pub-fd1103d4aed04a7c9cbf10d74caaaade.r2.dev/datasheets/ina333aidgkr.pdf,MPN_KEY
stm32f722ret6,STM32F722RET6,https://pub-fd1103d4aed04a7c9cbf10d74caaaade.r2.dev/datasheets/C118207.pdf,C_KEY
ism330dhcxtr,ISM330DHCXTR,https://pub-fd1103d4aed04a7c9cbf10d74caaaade.r2.dev/datasheets/ism330dhcxtr.pdf,MPN_KEY
sn74hc14dr,SN74HC14DR,https://pub-fd1103d4aed04a7c9cbf10d74caaaade.r2.dev/datasheets/sn74hc14dr.pdf,MPN_KEY
sn65hvd75dr,SN65HVD75DR,https://pub-fd1103d4aed04a7c9cbf10d74caaaade.r2.dev/datasheets/sn65hvd75dr.pdf,MPN_KEY
l78m05abdttr,L78M05ABDT-TR,https://pub-fd1103d4aed04a7c9cbf10d74caaaade.r2.dev/datasheets/l78m05abdt-tr.pdf,MPN_KEY
tps2116drlr,TPS2116DRLR,https://pub-fd1103d4aed04a7c9cbf10d74caaaade.r2.dev/datasheets/tps2116drlr.pdf,MPN_KEY
lm5164ddar,LM5164DDAR,https://pub-fd1103d4aed04a7c9cbf10d74caaaade.r2.dev/datasheets/lm5164ddar.pdf,MPN_KEY
sn74hc595dr,SN74HC595DR,https://pub-fd1103d4aed04a7c9cbf10d74caaaade.r2.dev/datasheets/C10092.pdf,C_KEY
tps631000drlr,TPS631000DRLR,https://pub-fd1103d4aed04a7c9cbf10d74caaaade.r2.dev/datasheets/tps631000drlr.pdf,MPN_KEY
tlv62569dbvr,TLV62569DBVR,https://pub-fd1103d4aed04a7c9cbf10d74caaaade.r2.dev/datasheets/C141836.pdf,C_KEY
mcp6001tiot,MCP6001T-I/OT,https://pub-fd1103d4aed04a7c9cbf10d74caaaade.r2.dev/datasheets/mcp6001t-i-ot.pdf,MPN_KEY
txb0108pwr,TXB0108PWR,https://pub-fd1103d4aed04a7c9cbf10d74caaaade.r2.dev/datasheets/txb0108pwr.pdf,MPN_KEY
grm188c61e226me01d,GRM188C61E226ME01D,https://pub-fd1103d4aed04a7c9cbf10d74caaaade.r2.dev/datasheets/grm188c61e226me01d.pdf,MPN_KEY
stm32g030f6p6tr,STM32G030F6P6TR,https://pub-fd1103d4aed04a7c9cbf10d74caaaade.r2.dev/datasheets/stm32g030f6p6tr.pdf,MPN_KEY
tpd1e10b06dpyr,TPD1E10B06DPYR,https://pub-fd1103d4aed04a7c9cbf10d74caaaade.r2.dev/datasheets/tpd1e10b06dpyr.pdf,MPN_KEY
tps62840dlcr,TPS62840DLCR,https://pub-fd1103d4aed04a7c9cbf10d74caaaade.r2.dev/datasheets/tps62840dlcr.pdf,MPN_KEY
txs0108epwr,TXS0108EPWR,https://pub-fd1103d4aed04a7c9cbf10d74caaaade.r2.dev/datasheets/txs0108epwr.pdf,MPN_KEY
iso1044bdr,ISO1044BDR,https://pub-fd1103d4aed04a7c9cbf10d74caaaade.r2.dev/datasheets/iso1044bdr.pdf,MPN_KEY
grm21bz71e106ke15l,GRM21BZ71E106KE15L,https://pub-fd1103d4aed04a7c9cbf10d74caaaade.r2.dev/datasheets/grm21bz71e106ke15l.pdf,MPN_KEY
ncp15xh103f03rc,NCP15XH103F03RC,https://pub-fd1103d4aed04a7c9cbf10d74caaaade.r2.dev/datasheets/ncp15xh103f03rc.pdf,MPN_KEY
grm188r71h104ka93d,GRM188R71H104KA93D,https://pub-fd1103d4aed04a7c9cbf10d74caaaade.r2.dev/datasheets/grm188r71h104ka93d.pdf,MPN_KEY
uln2003d1013tr,ULN2003D1013TR,https://pub-fd1103d4aed04a7c9cbf10d74caaaade.r2.dev/datasheets/uln2003d1013tr.pdf,MPN_KEY
ref3030aidbzr,REF3030AIDBZR,https://pub-fd1103d4aed04a7c9cbf10d74caaaade.r2.dev/datasheets/ref3030aidbzr.pdf,MPN_KEY
sn74lvc1t45dbvr,SN74LVC1T45DBVR,https://pub-fd1103d4aed04a7c9cbf10d74caaaade.r2.dev/datasheets/sn74lvc1t45dbvr.pdf,MPN_KEY
sn74lvc8t245pwr,SN74LVC8T245PWR,https://pub-fd1103d4aed04a7c9cbf10d74caaaade.r2.dev/datasheets/sn74lvc8t245pwr.pdf,MPN_KEY
txs0104epwr,TXS0104EPWR,https://pub-fd1103d4aed04a7c9cbf10d74caaaade.r2.dev/datasheets/txs0104epwr.pdf,MPN_KEY
stm32g474ret6,STM32G474RET6,https://pub-fd1103d4aed04a7c9cbf10d74caaaade.r2.dev/datasheets/stm32g474ret6.pdf,MPN_KEY
tmp102aidrlr,TMP102AIDRLR,https://pub-fd1103d4aed04a7c9cbf10d74caaaade.r2.dev/datasheets/tmp102aidrlr.pdf,MPN_KEY
sn65hvd232dr,SN65HVD232DR,https://pub-fd1103d4aed04a7c9cbf10d74caaaade.r2.dev/datasheets/sn65hvd232dr.pdf,MPN_KEY
tps63802dlar,TPS63802DLAR,https://pub-fd1103d4aed04a7c9cbf10d74caaaade.r2.dev/datasheets/tps63802dlar.pdf,MPN_KEY
tps7a4700rgwr,TPS7A4700RGWR,https://pub-fd1103d4aed04a7c9cbf10d74caaaade.r2.dev/datasheets/tps7a4700rgwr.pdf,MPN_KEY
tps63070rnmr,TPS63070RNMR,https://pub-fd1103d4aed04a7c9cbf10d74caaaade.r2.dev/datasheets/tps63070rnmr.pdf,MPN_KEY
bq24075rgtr,BQ24075RGTR,https://pub-fd1103d4aed04a7c9cbf10d74caaaade.r2.dev/datasheets/bq24075rgtr.pdf,MPN_KEY
tps62933drlr,TPS62933DRLR,https://pub-fd1103d4aed04a7c9cbf10d74caaaade.r2.dev/datasheets/tps62933drlr.pdf,MPN_KEY
grm188r61a226me15d,GRM188R61A226ME15D,https://pub-fd1103d4aed04a7c9cbf10d74caaaade.r2.dev/datasheets/grm188r61a226me15d.pdf,MPN_KEY
lm1117impx33nopb,LM1117IMPX-3.3/NOPB,https://pub-fd1103d4aed04a7c9cbf10d74caaaade.r2.dev/datasheets/lm1117impx-3.3-nopb.pdf,MPN_KEY
ads1015idgsr,ADS1015IDGSR,https://pub-fd1103d4aed04a7c9cbf10d74caaaade.r2.dev/datasheets/ads1015idgsr.pdf,MPN_KEY
max3232eipwr,MAX3232EIPWR,https://pub-fd1103d4aed04a7c9cbf10d74caaaade.r2.dev/datasheets/max3232eipwr.pdf,MPN_KEY
lsm6dsoxtr,LSM6DSOXTR,https://pub-fd1103d4aed04a7c9cbf10d74caaaade.r2.dev/datasheets/lsm6dsoxtr.pdf,MPN_KEY
l78l05abutr,L78L05ABUTR,https://pub-fd1103d4aed04a7c9cbf10d74caaaade.r2.dev/datasheets/l78l05abutr.pdf,MPN_KEY
ncp18xh103f03rb,NCP18XH103F03RB,https://pub-fd1103d4aed04a7c9cbf10d74caaaade.r2.dev/datasheets/C13564.pdf,C_KEY
grm155r71h104ke14d,GRM155R71H104KE14D,https://pub-fd1103d4aed04a7c9cbf10d74caaaade.r2.dev/datasheets/grm155r71h104ke14d.pdf,MPN_KEY
grm188r61a106ke69d,GRM188R61A106KE69D,https://pub-fd1103d4aed04a7c9cbf10d74caaaade.r2.dev/datasheets/grm188r61a106ke69d.pdf,MPN_KEY
tps63020dsjr,TPS63020DSJR,https://pub-fd1103d4aed04a7c9cbf10d74caaaade.r2.dev/datasheets/tps63020dsjr.pdf,MPN_KEY
tl431aidbzr,TL431AIDBZR,https://pub-fd1103d4aed04a7c9cbf10d74caaaade.r2.dev/datasheets/tl431aidbzr.pdf,MPN_KEY
tca9548apwr,TCA9548APWR,https://pub-fd1103d4aed04a7c9cbf10d74caaaade.r2.dev/datasheets/tca9548apwr.pdf,MPN_KEY
mcp6002tisn,MCP6002T-I/SN,https://pub-fd1103d4aed04a7c9cbf10d74caaaade.r2.dev/datasheets/mcp6002t-i-sn.pdf,MPN_KEY
grm21br61e106ka73l,GRM21BR61E106KA73L,https://pub-fd1103d4aed04a7c9cbf10d74caaaade.r2.dev/datasheets/C84416.pdf,C_KEY
lm2596sx50nopb,LM2596SX-5.0/NOPB,https://pub-fd1103d4aed04a7c9cbf10d74caaaade.r2.dev/datasheets/C10002.pdf,C_KEY
ina180a1idbvr,INA180A1IDBVR,https://pub-fd1103d4aed04a7c9cbf10d74caaaade.r2.dev/datasheets/C122228.pdf,C_KEY
sn65hvd233dr,SN65HVD233DR,https://pub-fd1103d4aed04a7c9cbf10d74caaaade.r2.dev/datasheets/sn65hvd233dr.pdf,MPN_KEY
ina180a2idbvr,INA180A2IDBVR,https://pub-fd1103d4aed04a7c9cbf10d74caaaade.r2.dev/datasheets/ina180a2idbvr.pdf,MPN_KEY
grm1555c1h100ja01d,GRM1555C1H100JA01D,https://pub-fd1103d4aed04a7c9cbf10d74caaaade.r2.dev/datasheets/grm1555c1h100ja01d.pdf,MPN_KEY
thvd1450dr,THVD1450DR,https://pub-fd1103d4aed04a7c9cbf10d74caaaade.r2.dev/datasheets/thvd1450dr.pdf,MPN_KEY
lan8720acptr,LAN8720A-CP-TR,https://pub-fd1103d4aed04a7c9cbf10d74caaaade.r2.dev/datasheets/lan8720a-cp-tr.pdf,MPN_KEY
lm1117mpx33nopb,LM1117MPX-3.3/NOPB,https://pub-fd1103d4aed04a7c9cbf10d74caaaade.r2.dev/datasheets/lm1117mpx-3.3-nopb.pdf,MPN_KEY
lm358dr,LM358DR,https://pub-fd1103d4aed04a7c9cbf10d74caaaade.r2.dev/datasheets/lm358dr.pdf,MPN_KEY
grm188r61e106ka73d,GRM188R61E106KA73D,https://pub-fd1103d4aed04a7c9cbf10d74caaaade.r2.dev/datasheets/grm188r61e106ka73d.pdf,MPN_KEY
grm188r6ya106ma73d,GRM188R6YA106MA73D,https://pub-fd1103d4aed04a7c9cbf10d74caaaade.r2.dev/datasheets/grm188r6ya106ma73d.pdf,MPN_KEY
tlv3201aidbvr,TLV3201AIDBVR,https://pub-fd1103d4aed04a7c9cbf10d74caaaade.r2.dev/datasheets/C105188.pdf,C_KEY
lsm6dsvtr,LSM6DSVTR,https://pub-fd1103d4aed04a7c9cbf10d74caaaade.r2.dev/datasheets/lsm6dsvtr.pdf,MPN_KEY
bq25798rqmr,BQ25798RQMR,https://pub-fd1103d4aed04a7c9cbf10d74caaaade.r2.dev/datasheets/bq25798rqmr.pdf,MPN_KEY
sn74lvc1g14dbvr,SN74LVC1G14DBVR,https://pub-fd1103d4aed04a7c9cbf10d74caaaade.r2.dev/datasheets/sn74lvc1g14dbvr.pdf,MPN_KEY
grm21br60j107me15l,GRM21BR60J107ME15L,https://pub-fd1103d4aed04a7c9cbf10d74caaaade.r2.dev/datasheets/grm21br60j107me15l.pdf,MPN_KEY
mcp2551isn,MCP2551-I/SN,https://pub-fd1103d4aed04a7c9cbf10d74caaaade.r2.dev/datasheets/mcp2551-i-sn.pdf,MPN_KEY
ld1117s33ctr,LD1117S33CTR,https://pub-fd1103d4aed04a7c9cbf10d74caaaade.r2.dev/datasheets/ld1117s33ctr.pdf,MPN_KEY
tmp117aidrvr,TMP117AIDRVR,https://pub-fd1103d4aed04a7c9cbf10d74caaaade.r2.dev/datasheets/tmp117aidrvr.pdf,MPN_KEY
atmega256016au,ATMEGA2560-16AU,https://pub-fd1103d4aed04a7c9cbf10d74caaaade.r2.dev/datasheets/atmega2560-16au.pdf,MPN_KEY
ldl1117s33r,LDL1117S33R,https://pub-fd1103d4aed04a7c9cbf10d74caaaade.r2.dev/datasheets/ldl1117s33r.pdf,MPN_KEY
tlv75733pdbvr,TLV75733PDBVR,https://pub-fd1103d4aed04a7c9cbf10d74caaaade.r2.dev/datasheets/tlv75733pdbvr.pdf,MPN_KEY
blm15pd121sn1d,BLM15PD121SN1D,https://pub-fd1103d4aed04a7c9cbf10d74caaaade.r2.dev/datasheets/blm15pd121sn1d.pdf,MPN_KEY
usb2514biaezgtr,USB2514BI-AEZG-TR,https://pub-fd1103d4aed04a7c9cbf10d74caaaade.r2.dev/datasheets/usb2514bi-aezg-tr.pdf,MPN_KEY
lan8742acztr,LAN8742A-CZ-TR,https://pub-fd1103d4aed04a7c9cbf10d74caaaade.r2.dev/datasheets/lan8742a-cz-tr.pdf,MPN_KEY
txs0102dcur,TXS0102DCUR,https://pub-fd1103d4aed04a7c9cbf10d74caaaade.r2.dev/datasheets/C53434.pdf,C_KEY
usblc62sc6,USBLC6-2SC6,https://pub-fd1103d4aed04a7c9cbf10d74caaaade.r2.dev/datasheets/usblc6-2sc6.pdf,MPN_KEY
txb0102dcur,TXB0102DCUR,https://pub-fd1103d4aed04a7c9cbf10d74caaaade.r2.dev/datasheets/txb0102dcur.pdf,MPN_KEY
lan8742aicztr,LAN8742AI-CZ-TR,https://pub-fd1103d4aed04a7c9cbf10d74caaaade.r2.dev/datasheets/lan8742ai-cz-tr.pdf,MPN_KEY
tlv75533pdbvr,TLV75533PDBVR,https://pub-fd1103d4aed04a7c9cbf10d74caaaade.r2.dev/datasheets/tlv75533pdbvr.pdf,MPN_KEY
txs0102dctr,TXS0102DCTR,https://pub-fd1103d4aed04a7c9cbf10d74caaaade.r2.dev/datasheets/txs0102dctr.pdf,MPN_KEY
tps63900dskr,TPS63900DSKR,https://pub-fd1103d4aed04a7c9cbf10d74caaaade.r2.dev/datasheets/tps63900dskr.pdf,MPN_KEY
grm1555c1h101ja01d,GRM1555C1H101JA01D,https://pub-fd1103d4aed04a7c9cbf10d74caaaade.r2.dev/datasheets/grm1555c1h101ja01d.pdf,MPN_KEY
pcm5102apwr,PCM5102APWR,https://pub-fd1103d4aed04a7c9cbf10d74caaaade.r2.dev/datasheets/C107671.pdf,C_KEY
grm32er71h106ka12l,GRM32ER71H106KA12L,https://pub-fd1103d4aed04a7c9cbf10d74caaaade.r2.dev/datasheets/grm32er71h106ka12l.pdf,MPN_KEY
p82b715dr,P82B715DR,https://pub-fd1103d4aed04a7c9cbf10d74caaaade.r2.dev/datasheets/C2649394.pdf,C_KEY
blm18pg121sn1d,BLM18PG121SN1D,https://pub-fd1103d4aed04a7c9cbf10d74caaaade.r2.dev/datasheets/blm18pg121sn1d.pdf,MPN_KEY
l5973d013tr,L5973D013TR,https://pub-fd1103d4aed04a7c9cbf10d74caaaade.r2.dev/datasheets/C54619.pdf,C_KEY
tps22810drvr,TPS22810DRVR,https://pub-fd1103d4aed04a7c9cbf10d74caaaade.r2.dev/datasheets/tps22810drvr.pdf,MPN_KEY
dp83848ivvxnopb,DP83848IVVX/NOPB,https://pub-fd1103d4aed04a7c9cbf10d74caaaade.r2.dev/datasheets/C12082.pdf,C_KEY
mc33063adr,MC33063ADR,https://pub-fd1103d4aed04a7c9cbf10d74caaaade.r2.dev/datasheets/mc33063adr.pdf,MPN_KEY
lm317mdttr,LM317MDT-TR,https://pub-fd1103d4aed04a7c9cbf10d74caaaade.r2.dev/datasheets/lm317mdt-tr.pdf,MPN_KEY
lmv321idbvr,LMV321IDBVR,https://pub-fd1103d4aed04a7c9cbf10d74caaaade.r2.dev/datasheets/lmv321idbvr.pdf,MPN_KEY
blm31pg121sn1l,BLM31PG121SN1L,https://pub-fd1103d4aed04a7c9cbf10d74caaaade.r2.dev/datasheets/blm31pg121sn1l.pdf,MPN_KEY
blm18kg601sn1d,BLM18KG601SN1D,https://pub-fd1103d4aed04a7c9cbf10d74caaaade.r2.dev/datasheets/blm18kg601sn1d.pdf,MPN_KEY
ina3221airgvr,INA3221AIRGVR,https://pub-fd1103d4aed04a7c9cbf10d74caaaade.r2.dev/datasheets/ina3221airgvr.pdf,MPN_KEY
stm32h723vgt6,STM32H723VGT6,https://pub-fd1103d4aed04a7c9cbf10d74caaaade.r2.dev/datasheets/stm32h723vgt6.pdf,MPN_KEY
grm188z71a106ka73d,GRM188Z71A106KA73D,https://pub-fd1103d4aed04a7c9cbf10d74caaaade.r2.dev/datasheets/grm188z71a106ka73d.pdf,MPN_KEY
blm18ag601sn1d,BLM18AG601SN1D,https://pub-fd1103d4aed04a7c9cbf10d74caaaade.r2.dev/datasheets/blm18ag601sn1d.pdf,MPN_KEY
sn74lvc2t45dcur,SN74LVC2T45DCUR,https://pub-fd1103d4aed04a7c9cbf10d74caaaade.r2.dev/datasheets/C15741.pdf,C_KEY
ne5532dr,NE5532DR,https://pub-fd1103d4aed04a7c9cbf10d74caaaade.r2.dev/datasheets/ne5532dr.pdf,MPN_KEY
lm339dr,LM339DR,https://pub-fd1103d4aed04a7c9cbf10d74caaaade.r2.dev/datasheets/lm339dr.pdf,MPN_KEY
blm15ag601sn1d,BLM15AG601SN1D,https://pub-fd1103d4aed04a7c9cbf10d74caaaade.r2.dev/datasheets/blm15ag601sn1d.pdf,MPN_KEY
blm18kg121tn1d,BLM18KG121TN1D,https://pub-fd1103d4aed04a7c9cbf10d74caaaade.r2.dev/datasheets/blm18kg121tn1d.pdf,MPN_KEY
lm317aempxnopb,LM317AEMPX/NOPB,https://pub-fd1103d4aed04a7c9cbf10d74caaaade.r2.dev/datasheets/lm317aempx-nopb.pdf,MPN_KEY
blm18ag102sn1d,BLM18AG102SN1D,https://pub-fd1103d4aed04a7c9cbf10d74caaaade.r2.dev/datasheets/blm18ag102sn1d.pdf,MPN_KEY
max3232cdr,MAX3232CDR,https://pub-fd1103d4aed04a7c9cbf10d74caaaade.r2.dev/datasheets/C45843.pdf,C_KEY
sn74lvc1g17dckr,SN74LVC1G17DCKR,https://pub-fd1103d4aed04a7c9cbf10d74caaaade.r2.dev/datasheets/sn74lvc1g17dckr.pdf,MPN_KEY
grm21br71h105ka12l,GRM21BR71H105KA12L,https://pub-fd1103d4aed04a7c9cbf10d74caaaade.r2.dev/datasheets/grm21br71h105ka12l.pdf,MPN_KEY
iso1540dr,ISO1540DR,https://pub-fd1103d4aed04a7c9cbf10d74caaaade.r2.dev/datasheets/iso1540dr.pdf,MPN_KEY
tps61023drlr,TPS61023DRLR,https://pub-fd1103d4aed04a7c9cbf10d74caaaade.r2.dev/datasheets/tps61023drlr.pdf,MPN_KEY
lsm6dsv16xtr,LSM6DSV16XTR,https://pub-fd1103d4aed04a7c9cbf10d74caaaade.r2.dev/datasheets/lsm6dsv16xtr.pdf,MPN_KEY
tps70933dbvr,TPS70933DBVR,https://pub-fd1103d4aed04a7c9cbf10d74caaaade.r2.dev/datasheets/C89347.pdf,C_KEY
sn74lvc1g3157dckr,SN74LVC1G3157DCKR,https://pub-fd1103d4aed04a7c9cbf10d74caaaade.r2.dev/datasheets/sn74lvc1g3157dckr.pdf,MPN_KEY
sn74lvc2g17dckr,SN74LVC2G17DCKR,https://pub-fd1103d4aed04a7c9cbf10d74caaaade.r2.dev/datasheets/sn74lvc2g17dckr.pdf,MPN_KEY
tlv76733drvr,TLV76733DRVR,https://pub-fd1103d4aed04a7c9cbf10d74caaaade.r2.dev/datasheets/tlv76733drvr.pdf,MPN_KEY
stm32f446ret6,STM32F446RET6,https://pub-fd1103d4aed04a7c9cbf10d74caaaade.r2.dev/datasheets/stm32f446ret6.pdf,MPN_KEY
tps54302ddcr,TPS54302DDCR,https://pub-fd1103d4aed04a7c9cbf10d74caaaade.r2.dev/datasheets/tps54302ddcr.pdf,MPN_KEY
grm31c5c1h104ja01l,GRM31C5C1H104JA01L,https://pub-fd1103d4aed04a7c9cbf10d74caaaade.r2.dev/datasheets/grm31c5c1h104ja01l.pdf,MPN_KEY
tlc555cdr,TLC555CDR,https://pub-fd1103d4aed04a7c9cbf10d74caaaade.r2.dev/datasheets/tlc555cdr.pdf,MPN_KEY
sn74lvc1g08dbvr,SN74LVC1G08DBVR,https://pub-fd1103d4aed04a7c9cbf10d74caaaade.r2.dev/datasheets/sn74lvc1g08dbvr.pdf,MPN_KEY
grm21br61a476me15l,GRM21BR61A476ME15L,https://pub-fd1103d4aed04a7c9cbf10d74caaaade.r2.dev/datasheets/C124129.pdf,C_KEY
tl072cdr,TL072CDR,https://pub-fd1103d4aed04a7c9cbf10d74caaaade.r2.dev/datasheets/tl072cdr.pdf,MPN_KEY
blm18eg221sn1d,BLM18EG221SN1D,https://pub-fd1103d4aed04a7c9cbf10d74caaaade.r2.dev/datasheets/C85827.pdf,C_KEY
drv2605ldgsr,DRV2605LDGSR,https://pub-fd1103d4aed04a7c9cbf10d74caaaade.r2.dev/datasheets/drv2605ldgsr.pdf,MPN_KEY
dfe252012f1r0mp2,DFE252012F-1R0M=P2,https://pub-fd1103d4aed04a7c9cbf10d74caaaade.r2.dev/datasheets/C435392.pdf,C_KEY
grm155r60j226me11d,GRM155R60J226ME11D,https://pub-fd1103d4aed04a7c9cbf10d74caaaade.r2.dev/datasheets/grm155r60j226me11d.pdf,MPN_KEY
tps22917dbvr,TPS22917DBVR,https://pub-fd1103d4aed04a7c9cbf10d74caaaade.r2.dev/datasheets/tps22917dbvr.pdf,MPN_KEY
blm21pg331sn1d,BLM21PG331SN1D,https://pub-fd1103d4aed04a7c9cbf10d74caaaade.r2.dev/datasheets/blm21pg331sn1d.pdf,MPN_KEY
pca9306dctr,PCA9306DCTR,https://pub-fd1103d4aed04a7c9cbf10d74caaaade.r2.dev/datasheets/pca9306dctr.pdf,MPN_KEY
l7805cv,L7805CV,https://pub-fd1103d4aed04a7c9cbf10d74caaaade.r2.dev/datasheets/l7805cv.pdf,MPN_KEY
drv8833pwpr,DRV8833PWPR,https://pub-fd1103d4aed04a7c9cbf10d74caaaade.r2.dev/datasheets/drv8833pwpr.pdf,MPN_KEY
tpd4e05u06dqar,TPD4E05U06DQAR,https://pub-fd1103d4aed04a7c9cbf10d74caaaade.r2.dev/datasheets/tpd4e05u06dqar.pdf,MPN_KEY
blm18sg121tn1d,BLM18SG121TN1D,https://pub-fd1103d4aed04a7c9cbf10d74caaaade.r2.dev/datasheets/blm18sg121tn1d.pdf,MPN_KEY
blm15px121sn1d,BLM15PX121SN1D,https://pub-fd1103d4aed04a7c9cbf10d74caaaade.r2.dev/datasheets/blm15px121sn1d.pdf,MPN_KEY
grm1885c1h103ja01d,GRM1885C1H103JA01D,https://pub-fd1103d4aed04a7c9cbf10d74caaaade.r2.dev/datasheets/grm1885c1h103ja01d.pdf,MPN_KEY
blm18pg471sn1d,BLM18PG471SN1D,https://pub-fd1103d4aed04a7c9cbf10d74caaaade.r2.dev/datasheets/blm18pg471sn1d.pdf,MPN_KEY
ld1117s33tr,LD1117S33TR,https://pub-fd1103d4aed04a7c9cbf10d74caaaade.r2.dev/datasheets/ld1117s33tr.pdf,MPN_KEY
gcm155r71h104ke02d,GCM155R71H104KE02D,https://pub-fd1103d4aed04a7c9cbf10d74caaaade.r2.dev/datasheets/gcm155r71h104ke02d.pdf,MPN_KEY
grm188r61e475ke11d,GRM188R61E475KE11D,https://pub-fd1103d4aed04a7c9cbf10d74caaaade.r2.dev/datasheets/grm188r61e475ke11d.pdf,MPN_KEY
blm31pg601sn1l,BLM31PG601SN1L,https://pub-fd1103d4aed04a7c9cbf10d74caaaade.r2.dev/datasheets/blm31pg601sn1l.pdf,MPN_KEY
blm21pg221sn1d,BLM21PG221SN1D,https://pub-fd1103d4aed04a7c9cbf10d74caaaade.r2.dev/datasheets/blm21pg221sn1d.pdf,MPN_KEY
ina219aidcnr,INA219AIDCNR,https://pub-fd1103d4aed04a7c9cbf10d74caaaade.r2.dev/datasheets/ina219aidcnr.pdf,MPN_KEY
grm1555c1h102ja01d,GRM1555C1H102JA01D,https://pub-fd1103d4aed04a7c9cbf10d74caaaade.r2.dev/datasheets/grm1555c1h102ja01d.pdf,MPN_KEY
grm21br6ya106ke43l,GRM21BR6YA106KE43L,https://pub-fd1103d4aed04a7c9cbf10d74caaaade.r2.dev/datasheets/grm21br6ya106ke43l.pdf,MPN_KEY
lm13700mxnopb,LM13700MX/NOPB,https://pub-fd1103d4aed04a7c9cbf10d74caaaade.r2.dev/datasheets/lm13700mx-nopb.pdf,MPN_KEY
grm155z71a105ke01d,GRM155Z71A105KE01D,https://pub-fd1103d4aed04a7c9cbf10d74caaaade.r2.dev/datasheets/C528974.pdf,C_KEY
mcp73831t2aciot,MCP73831T-2ACI/OT,https://pub-fd1103d4aed04a7c9cbf10d74caaaade.r2.dev/datasheets/mcp73831t-2aci-ot.pdf,MPN_KEY
mcp9700atett,MCP9700AT-E/TT,https://pub-fd1103d4aed04a7c9cbf10d74caaaade.r2.dev/datasheets/mcp9700at-e-tt.pdf,MPN_KEY
grm155r61e105ka12d,GRM155R61E105KA12D,https://pub-fd1103d4aed04a7c9cbf10d74caaaade.r2.dev/datasheets/grm155r61e105ka12d.pdf,MPN_KEY
ne555p,NE555P,https://pub-fd1103d4aed04a7c9cbf10d74caaaade.r2.dev/datasheets/ne555p.pdf,MPN_KEY
usblc64sc6,USBLC6-4SC6,https://pub-fd1103d4aed04a7c9cbf10d74caaaade.r2.dev/datasheets/usblc6-4sc6.pdf,MPN_KEY
blm21pg121sn1d,BLM21PG121SN1D,https://pub-fd1103d4aed04a7c9cbf10d74caaaade.r2.dev/datasheets/blm21pg121sn1d.pdf,MPN_KEY
opa1656idr,OPA1656IDR,https://pub-fd1103d4aed04a7c9cbf10d74caaaade.r2.dev/datasheets/opa1656idr.pdf,MPN_KEY
lm35dznopb,LM35DZ/NOPB,https://pub-fd1103d4aed04a7c9cbf10d74caaaade.r2.dev/datasheets/lm35dz-nopb.pdf,MPN_KEY
tps22918dbvr,TPS22918DBVR,https://pub-fd1103d4aed04a7c9cbf10d74caaaade.r2.dev/datasheets/tps22918dbvr.pdf,MPN_KEY
ina219aidr,INA219AIDR,https://pub-fd1103d4aed04a7c9cbf10d74caaaade.r2.dev/datasheets/ina219aidr.pdf,MPN_KEY
tpd4eusb30dqar,TPD4EUSB30DQAR,https://pub-fd1103d4aed04a7c9cbf10d74caaaade.r2.dev/datasheets/tpd4eusb30dqar.pdf,MPN_KEY
uln2803cdwr,ULN2803CDWR,https://pub-fd1103d4aed04a7c9cbf10d74caaaade.r2.dev/datasheets/uln2803cdwr.pdf,MPN_KEY
attiny1616mnr,ATTINY1616-MNR,https://pub-fd1103d4aed04a7c9cbf10d74caaaade.r2.dev/datasheets/attiny1616-mnr.pdf,MPN_KEY
grm155r71h103ka88d,GRM155R71H103KA88D,https://pub-fd1103d4aed04a7c9cbf10d74caaaade.r2.dev/datasheets/grm155r71h103ka88d.pdf,MPN_KEY
gcm188r71e105ka64d,GCM188R71E105KA64D,https://pub-fd1103d4aed04a7c9cbf10d74caaaade.r2.dev/datasheets/gcm188r71e105ka64d.pdf,MPN_KEY
usblc62p6,USBLC6-2P6,https://pub-fd1103d4aed04a7c9cbf10d74caaaade.r2.dev/datasheets/usblc6-2p6.pdf,MPN_KEY
grm155r61h105ke05d,GRM155R61H105KE05D,https://pub-fd1103d4aed04a7c9cbf10d74caaaade.r2.dev/datasheets/grm155r61h105ke05d.pdf,MPN_KEY
ads1115idgst,ADS1115IDGST,https://pub-fd1103d4aed04a7c9cbf10d74caaaade.r2.dev/datasheets/ads1115idgst.pdf,MPN_KEY
blm21pg300sn1d,BLM21PG300SN1D,https://pub-fd1103d4aed04a7c9cbf10d74caaaade.r2.dev/datasheets/blm21pg300sn1d.pdf,MPN_KEY
lm358dt,LM358DT,https://pub-fd1103d4aed04a7c9cbf10d74caaaade.r2.dev/datasheets/lm358dt.pdf,MPN_KEY
blm21ag102sn1d,BLM21AG102SN1D,https://pub-fd1103d4aed04a7c9cbf10d74caaaade.r2.dev/datasheets/blm21ag102sn1d.pdf,MPN_KEY
atmega328ppu,ATMEGA328P-PU,https://pub-fd1103d4aed04a7c9cbf10d74caaaade.r2.dev/datasheets/atmega328p-pu.pdf,MPN_KEY
ltm4671eypbf,LTM4671EY#PBF,https://pub-fd1103d4aed04a7c9cbf10d74caaaade.r2.dev/datasheets/ltm4671ey-pbf.pdf,MPN_KEY
lp5907mfx33nopb,LP5907MFX-3.3/NOPB,https://pub-fd1103d4aed04a7c9cbf10d74caaaade.r2.dev/datasheets/lp5907mfx-3.3-nopb.pdf,MPN_KEY
tps22919dckr,TPS22919DCKR,https://pub-fd1103d4aed04a7c9cbf10d74caaaade.r2.dev/datasheets/tps22919dckr.pdf,MPN_KEY
mcp1700t3302ett,MCP1700T-3302E/TT,https://pub-fd1103d4aed04a7c9cbf10d74caaaade.r2.dev/datasheets/mcp1700t-3302e-tt.pdf,MPN_KEY
dfe252012p1r0mp2,DFE252012P-1R0M=P2,https://pub-fd1103d4aed04a7c9cbf10d74caaaade.r2.dev/datasheets/dfe252012p-1r0m-p2.pdf,MPN_KEY
ltc6811ig13zztrpbf,LTC6811IG-1#3ZZTRPBF,https://pub-fd1103d4aed04a7c9cbf10d74caaaade.r2.dev/datasheets/ltc6811ig-1-3zztrpbf.pdf,MPN_KEY
bq25185dlhr,BQ25185DLHR,https://pub-fd1103d4aed04a7c9cbf10d74caaaade.r2.dev/datasheets/bq25185dlhr.pdf,MPN_KEY
lis2dh12tr,LIS2DH12TR,https://pub-fd1103d4aed04a7c9cbf10d74caaaade.r2.dev/datasheets/C110926.pdf,C_KEY
mcp4725a0tech,MCP4725A0T-E/CH,https://pub-fd1103d4aed04a7c9cbf10d74caaaade.r2.dev/datasheets/mcp4725a0t-e-ch.pdf,MPN_KEY
lis3dhtr,LIS3DHTR,https://pub-fd1103d4aed04a7c9cbf10d74caaaade.r2.dev/datasheets/lis3dhtr.pdf,MPN_KEY
stm32f407vgt6,STM32F407VGT6,https://pub-fd1103d4aed04a7c9cbf10d74caaaade.r2.dev/datasheets/stm32f407vgt6.pdf,MPN_KEY
adg719brtzreel7,ADG719BRTZ-REEL7,https://pub-fd1103d4aed04a7c9cbf10d74caaaade.r2.dev/datasheets/adg719brtz-reel7.pdf,MPN_KEY
bav99215,"BAV99,215",https://pub-fd1103d4aed04a7c9cbf10d74caaaade.r2.dev/datasheets/bav99-215.pdf,MPN_KEY
bat46wj115,"BAT46WJ,115",https://pub-fd1103d4aed04a7c9cbf10d74caaaade.r2.dev/datasheets/bat46wj-115.pdf,MPN_KEY
w25q64jvssiq,W25Q64JVSSIQ,https://pub-fd1103d4aed04a7c9cbf10d74caaaade.r2.dev/datasheets/w25q64jvssiq.pdf,MPN_KEY
pmeg6010cej115,"PMEG6010CEJ,115",https://pub-fd1103d4aed04a7c9cbf10d74caaaade.r2.dev/datasheets/pmeg6010cej-115.pdf,MPN_KEY
rc0603fr0710kl,RC0603FR-0710KL,https://pub-fd1103d4aed04a7c9cbf10d74caaaade.r2.dev/datasheets/rc0603fr-0710kl.pdf,MPN_KEY
frc0603f1001ts,FRC0603F1001TS,https://pub-fd1103d4aed04a7c9cbf10d74caaaade.r2.dev/datasheets/C2907002.pdf,C_KEY
pmeg6010ceh115,"PMEG6010CEH,115",https://pub-fd1103d4aed04a7c9cbf10d74caaaade.r2.dev/datasheets/C110797.pdf,C_KEY
frc0603f1002ts,FRC0603F1002TS,https://pub-fd1103d4aed04a7c9cbf10d74caaaade.r2.dev/datasheets/frc0603f1002ts.pdf,MPN_KEY
2n7002215,"2N7002,215",https://pub-fd1103d4aed04a7c9cbf10d74caaaade.r2.dev/datasheets/2n7002-215.pdf,MPN_KEY
typec16pin2md073,TYPE-C 16PIN 2MD(073),https://pub-fd1103d4aed04a7c9cbf10d74caaaade.r2.dev/datasheets/type-c-16pin-2md-073-.pdf,MPN_KEY
rc0402fr07100kl,RC0402FR-07100KL,https://pub-fd1103d4aed04a7c9cbf10d74caaaade.r2.dev/datasheets/rc0402fr-07100kl.pdf,MPN_KEY
1n4148w7f,1N4148W-7-F,https://pub-fd1103d4aed04a7c9cbf10d74caaaade.r2.dev/datasheets/1n4148w-7-f.pdf,MPN_KEY
ft234xdr,FT234XD-R,https://pub-fd1103d4aed04a7c9cbf10d74caaaade.r2.dev/datasheets/ft234xd-r.pdf,MPN_KEY
74hc595d118,"74HC595D,118",https://pub-fd1103d4aed04a7c9cbf10d74caaaade.r2.dev/datasheets/74hc595d-118.pdf,MPN_KEY
frc0805f1002ts,FRC0805F1002TS,https://pub-fd1103d4aed04a7c9cbf10d74caaaade.r2.dev/datasheets/frc0805f1002ts.pdf,MPN_KEY
rc0603fr07100kl,RC0603FR-07100KL,https://pub-fd1103d4aed04a7c9cbf10d74caaaade.r2.dev/datasheets/rc0603fr-07100kl.pdf,MPN_KEY
max17048gt10,MAX17048G+T10,https://pub-fd1103d4aed04a7c9cbf10d74caaaade.r2.dev/datasheets/max17048g-t10.pdf,MPN_KEY
rc0603fr074k7l,RC0603FR-074K7L,https://pub-fd1103d4aed04a7c9cbf10d74caaaade.r2.dev/datasheets/rc0603fr-074k7l.pdf,MPN_KEY
xl1608surc06,XL-1608SURC-06,https://pub-fd1103d4aed04a7c9cbf10d74caaaade.r2.dev/datasheets/xl-1608surc-06.pdf,MPN_KEY
ap63205wu7,AP63205WU-7,https://pub-fd1103d4aed04a7c9cbf10d74caaaade.r2.dev/datasheets/ap63205wu-7.pdf,MPN_KEY
frc0603f1003ts,FRC0603F1003TS,https://pub-fd1103d4aed04a7c9cbf10d74caaaade.r2.dev/datasheets/frc0603f1003ts.pdf,MPN_KEY
b2bxhalfsn,B2B-XH-A(LF)(SN),https://pub-fd1103d4aed04a7c9cbf10d74caaaade.r2.dev/datasheets/b2b-xh-a-lf--sn-.pdf,MPN_KEY
ts1088ar02016,TS-1088-AR02016,https://pub-fd1103d4aed04a7c9cbf10d74caaaade.r2.dev/datasheets/ts-1088-ar02016.pdf,MPN_KEY
uflrsmt180,U.FL-R-SMT-1(80),https://pub-fd1103d4aed04a7c9cbf10d74caaaade.r2.dev/datasheets/u.fl-r-smt-1-80-.pdf,MPN_KEY
rc0603fr071kl,RC0603FR-071KL,https://pub-fd1103d4aed04a7c9cbf10d74caaaade.r2.dev/datasheets/rc0603fr-071kl.pdf,MPN_KEY
bat54215,"BAT54,215",https://pub-fd1103d4aed04a7c9cbf10d74caaaade.r2.dev/datasheets/bat54-215.pdf,MPN_KEY
rc0603jr070rl,RC0603JR-070RL,https://pub-fd1103d4aed04a7c9cbf10d74caaaade.r2.dev/datasheets/rc0603jr-070rl.pdf,MPN_KEY
bat54slt1g,BAT54SLT1G,https://pub-fd1103d4aed04a7c9cbf10d74caaaade.r2.dev/datasheets/bat54slt1g.pdf,MPN_KEY
ft232rlreel,FT232RL-REEL,https://pub-fd1103d4aed04a7c9cbf10d74caaaade.r2.dev/datasheets/ft232rl-reel.pdf,MPN_KEY
1n5819ws,1N5819WS,https://pub-fd1103d4aed04a7c9cbf10d74caaaade.r2.dev/datasheets/1n5819ws.pdf,MPN_KEY
frc0603f5101ts,FRC0603F5101TS,https://pub-fd1103d4aed04a7c9cbf10d74caaaade.r2.dev/datasheets/frc0603f5101ts.pdf,MPN_KEY
bat54c215,"BAT54C,215",https://pub-fd1103d4aed04a7c9cbf10d74caaaade.r2.dev/datasheets/bat54c-215.pdf,MPN_KEY
b4bxhalfsn,B4B-XH-A(LF)(SN),https://pub-fd1103d4aed04a7c9cbf10d74caaaade.r2.dev/datasheets/b4b-xh-a-lf--sn-.pdf,MPN_KEY
rc0402fr071kl,RC0402FR-071KL,https://pub-fd1103d4aed04a7c9cbf10d74caaaade.r2.dev/datasheets/rc0402fr-071kl.pdf,MPN_KEY
1n4148w,1N4148W,https://pub-fd1103d4aed04a7c9cbf10d74caaaade.r2.dev/datasheets/C5345962.pdf,C_KEY
prtr5v0u2f115,"PRTR5V0U2F,115",https://pub-fd1103d4aed04a7c9cbf10d74caaaade.r2.dev/datasheets/prtr5v0u2f-115.pdf,MPN_KEY
erj2ge0r00x,ERJ2GE0R00X,https://pub-fd1103d4aed04a7c9cbf10d74caaaade.r2.dev/datasheets/erj2ge0r00x.pdf,MPN_KEY
frc0805f1001ts,FRC0805F1001TS,https://pub-fd1103d4aed04a7c9cbf10d74caaaade.r2.dev/datasheets/frc0805f1001ts.pdf,MPN_KEY
nup2105lt1g,NUP2105LT1G,https://pub-fd1103d4aed04a7c9cbf10d74caaaade.r2.dev/datasheets/nup2105lt1g.pdf,MPN_KEY
ams111733,AMS1117-3.3,https://pub-fd1103d4aed04a7c9cbf10d74caaaade.r2.dev/datasheets/ams1117-3.3.pdf,MPN_KEY
max98357aetet,MAX98357AETE+T,https://pub-fd1103d4aed04a7c9cbf10d74caaaade.r2.dev/datasheets/max98357aete-t.pdf,MPN_KEY
b2bphkslfsn,B2B-PH-K-S(LF)(SN),https://pub-fd1103d4aed04a7c9cbf10d74caaaade.r2.dev/datasheets/b2b-ph-k-s-lf--sn-.pdf,MPN_KEY
bat54s,BAT54S,https://pub-fd1103d4aed04a7c9cbf10d74caaaade.r2.dev/datasheets/bat54s.pdf,MPN_KEY
pesd0402140,PESD0402-140,https://pub-fd1103d4aed04a7c9cbf10d74caaaade.r2.dev/datasheets/C10662.pdf,C_KEY
bss138lt1g,BSS138LT1G,https://pub-fd1103d4aed04a7c9cbf10d74caaaade.r2.dev/datasheets/bss138lt1g.pdf,MPN_KEY
max6675isat,MAX6675ISA+T,https://pub-fd1103d4aed04a7c9cbf10d74caaaade.r2.dev/datasheets/max6675isa-t.pdf,MPN_KEY
gtusb7010asv,GT-USB-7010ASV,https://pub-fd1103d4aed04a7c9cbf10d74caaaade.r2.dev/datasheets/gt-usb-7010asv.pdf,MPN_KEY
w5500,W5500,https://pub-fd1103d4aed04a7c9cbf10d74caaaade.r2.dev/datasheets/w5500.pdf,MPN_KEY
irf540npbf,IRF540NPBF,https://pub-fd1103d4aed04a7c9cbf10d74caaaade.r2.dev/datasheets/irf540npbf.pdf,MPN_KEY
b0505s1wr3,B0505S-1WR3,https://pub-fd1103d4aed04a7c9cbf10d74caaaade.r2.dev/datasheets/b0505s-1wr3.pdf,MPN_KEY
pesd3v3s2ut215,"PESD3V3S2UT,215",https://pub-fd1103d4aed04a7c9cbf10d74caaaade.r2.dev/datasheets/pesd3v3s2ut-215.pdf,MPN_KEY
max31865atpt,MAX31865ATP+T,https://pub-fd1103d4aed04a7c9cbf10d74caaaade.r2.dev/datasheets/max31865atp-t.pdf,MPN_KEY
uflrsmt110,U.FL-R-SMT-1(10),https://pub-fd1103d4aed04a7c9cbf10d74caaaade.r2.dev/datasheets/u.fl-r-smt-1-10-.pdf,MPN_KEY
bmi270,BMI270,https://pub-fd1103d4aed04a7c9cbf10d74caaaade.r2.dev/datasheets/bmi270.pdf,MPN_KEY
crcw060310k0fkea,CRCW060310K0FKEA,https://pub-fd1103d4aed04a7c9cbf10d74caaaade.r2.dev/datasheets/crcw060310k0fkea.pdf,MPN_KEY
q13fc13500004,Q13FC13500004,https://pub-fd1103d4aed04a7c9cbf10d74caaaade.r2.dev/datasheets/q13fc13500004.pdf,MPN_KEY
1n5819hw7f,1N5819HW-7-F,https://pub-fd1103d4aed04a7c9cbf10d74caaaade.r2.dev/datasheets/C82544.pdf,C_KEY
frc0402f1002ts,FRC0402F1002TS,https://pub-fd1103d4aed04a7c9cbf10d74caaaade.r2.dev/datasheets/frc0402f1002ts.pdf,MPN_KEY
esd5z33t1g,ESD5Z3.3T1G,https://pub-fd1103d4aed04a7c9cbf10d74caaaade.r2.dev/datasheets/esd5z3.3t1g.pdf,MPN_KEY
ds18b20,DS18B20+,https://pub-fd1103d4aed04a7c9cbf10d74caaaade.r2.dev/datasheets/ds18b20-.pdf,MPN_KEY
b4bphkslfsn,B4B-PH-K-S(LF)(SN),https://pub-fd1103d4aed04a7c9cbf10d74caaaade.r2.dev/datasheets/b4b-ph-k-s-lf--sn-.pdf,MPN_KEY
frc0603f4702ts,FRC0603F4702TS,https://pub-fd1103d4aed04a7c9cbf10d74caaaade.r2.dev/datasheets/frc0603f4702ts.pdf,MPN_KEY
tfpush,TF PUSH,https://pub-fd1103d4aed04a7c9cbf10d74caaaade.r2.dev/datasheets/tf-push.pdf,MPN_KEY
frc0603f4701ts,FRC0603F4701TS,https://pub-fd1103d4aed04a7c9cbf10d74caaaade.r2.dev/datasheets/frc0603f4701ts.pdf,MPN_KEY
rc0402fr070rl,RC0402FR-070RL,https://pub-fd1103d4aed04a7c9cbf10d74caaaade.r2.dev/datasheets/C106231.pdf,C_KEY
crcw06030000z0ea,CRCW06030000Z0EA,https://pub-fd1103d4aed04a7c9cbf10d74caaaade.r2.dev/datasheets/crcw06030000z0ea.pdf,MPN_KEY
ts1187abab,TS-1187A-B-A-B,https://pub-fd1103d4aed04a7c9cbf10d74caaaade.r2.dev/datasheets/ts-1187a-b-a-b.pdf,MPN_KEY
frc0603f0000ts,FRC0603F0000TS,https://pub-fd1103d4aed04a7c9cbf10d74caaaade.r2.dev/datasheets/frc0603f0000ts.pdf,MPN_KEY
frc0603f1000ts,FRC0603F1000TS,https://pub-fd1103d4aed04a7c9cbf10d74caaaade.r2.dev/datasheets/frc0603f1000ts.pdf,MPN_KEY
ll4148gs08,LL4148-GS08,https://pub-fd1103d4aed04a7c9cbf10d74caaaade.r2.dev/datasheets/ll4148-gs08.pdf,MPN_KEY
crcw040210k0fked,CRCW040210K0FKED,https://pub-fd1103d4aed04a7c9cbf10d74caaaade.r2.dev/datasheets/crcw040210k0fked.pdf,MPN_KEY
xl2012surc,XL-2012SURC,https://pub-fd1103d4aed04a7c9cbf10d74caaaade.r2.dev/datasheets/xl-2012surc.pdf,MPN_KEY
ss54,SS54,https://pub-fd1103d4aed04a7c9cbf10d74caaaade.r2.dev/datasheets/C5199108.pdf,C_KEY
frc0603j102ts,FRC0603J102 TS,https://pub-fd1103d4aed04a7c9cbf10d74caaaade.r2.dev/datasheets/C2907113.pdf,C_KEY
ss14,SS14,https://pub-fd1103d4aed04a7c9cbf10d74caaaade.r2.dev/datasheets/ss14.pdf,MPN_KEY
74hc14d653,"74HC14D,653",https://pub-fd1103d4aed04a7c9cbf10d74caaaade.r2.dev/datasheets/74hc14d-653.pdf,MPN_KEY
b3bxhalfsn,B3B-XH-A(LF)(SN),https://pub-fd1103d4aed04a7c9cbf10d74caaaade.r2.dev/datasheets/b3b-xh-a-lf--sn-.pdf,MPN_KEY
at7456e,AT7456E,https://pub-fd1103d4aed04a7c9cbf10d74caaaade.r2.dev/datasheets/at7456e.pdf,MPN_KEY
irlml6402trpbf,IRLML6402TRPBF,https://pub-fd1103d4aed04a7c9cbf10d74caaaade.r2.dev/datasheets/irlml6402trpbf.pdf,MPN_KEY
74hc165d653,"74HC165D,653",https://pub-fd1103d4aed04a7c9cbf10d74caaaade.r2.dev/datasheets/C5613.pdf,C_KEY
pesd5z33115,"PESD5Z3.3,115",https://pub-fd1103d4aed04a7c9cbf10d74caaaade.r2.dev/datasheets/pesd5z3.3-115.pdf,MPN_KEY
clrc66303hny,CLRC66303HNY,https://pub-fd1103d4aed04a7c9cbf10d74caaaade.r2.dev/datasheets/clrc66303hny.pdf,MPN_KEY
rc0805fr071kl,RC0805FR-071KL,https://pub-fd1103d4aed04a7c9cbf10d74caaaade.r2.dev/datasheets/rc0805fr-071kl.pdf,MPN_KEY
mbr0540t1g,MBR0540T1G,https://pub-fd1103d4aed04a7c9cbf10d74caaaade.r2.dev/datasheets/mbr0540t1g.pdf,MPN_KEY
irfb4110pbf,IRFB4110PBF,https://pub-fd1103d4aed04a7c9cbf10d74caaaade.r2.dev/datasheets/irfb4110pbf.pdf,MPN_KEY
ch340c,CH340C,https://pub-fd1103d4aed04a7c9cbf10d74caaaade.r2.dev/datasheets/ch340c.pdf,MPN_KEY
xl1608ubc04,XL-1608UBC-04,https://pub-fd1103d4aed04a7c9cbf10d74caaaade.r2.dev/datasheets/xl-1608ubc-04.pdf,MPN_KEY
pesd1can215,"PESD1CAN,215",https://pub-fd1103d4aed04a7c9cbf10d74caaaade.r2.dev/datasheets/pesd1can-215.pdf,MPN_KEY
tmc2209lat,TMC2209-LA-T,https://pub-fd1103d4aed04a7c9cbf10d74caaaade.r2.dev/datasheets/tmc2209-la-t.pdf,MPN_KEY
kt0603r,KT-0603R,https://pub-fd1103d4aed04a7c9cbf10d74caaaade.r2.dev/datasheets/kt-0603r.pdf,MPN_KEY
cp2102na02gqfn28r,CP2102N-A02-GQFN28R,https://pub-fd1103d4aed04a7c9cbf10d74caaaade.r2.dev/datasheets/cp2102n-a02-gqfn28r.pdf,MPN_KEY
cp2102gmr,CP2102-GMR,https://pub-fd1103d4aed04a7c9cbf10d74caaaade.r2.dev/datasheets/cp2102-gmr.pdf,MPN_KEY
esp32s3wroom1n16r8,ESP32-S3-WROOM-1-N16R8,https://pub-fd1103d4aed04a7c9cbf10d74caaaade.r2.dev/datasheets/esp32-s3-wroom-1-n16r8.pdf,MPN_KEY
rc0402fr074k7l,RC0402FR-074K7L,https://pub-fd1103d4aed04a7c9cbf10d74caaaade.r2.dev/datasheets/rc0402fr-074k7l.pdf,MPN_KEY
sm4007pl,SM4007PL,https://pub-fd1103d4aed04a7c9cbf10d74caaaade.r2.dev/datasheets/sm4007pl.pdf,MPN_KEY
bss138,BSS138,https://pub-fd1103d4aed04a7c9cbf10d74caaaade.r2.dev/datasheets/bss138.pdf,MPN_KEY
b3bphkslfsn,B3B-PH-K-S(LF)(SN),https://pub-fd1103d4aed04a7c9cbf10d74caaaade.r2.dev/datasheets/b3b-ph-k-s-lf--sn-.pdf,MPN_KEY
tmc5160atat,TMC5160A-TA-T,https://pub-fd1103d4aed04a7c9cbf10d74caaaade.r2.dev/datasheets/tmc5160a-ta-t.pdf,MPN_KEY
irfz44npbf,IRFZ44NPBF,https://pub-fd1103d4aed04a7c9cbf10d74caaaade.r2.dev/datasheets/C2586.pdf,C_KEY
b560c13f,B560C-13-F,https://pub-fd1103d4aed04a7c9cbf10d74caaaade.r2.dev/datasheets/b560c-13-f.pdf,MPN_KEY
b1212s1wr3,B1212S-1WR3,https://pub-fd1103d4aed04a7c9cbf10d74caaaade.r2.dev/datasheets/b1212s-1wr3.pdf,MPN_KEY
b340a13f,B340A-13-F,https://pub-fd1103d4aed04a7c9cbf10d74caaaade.r2.dev/datasheets/b340a-13-f.pdf,MPN_KEY
frc0603f2002ts,FRC0603F2002TS,https://pub-fd1103d4aed04a7c9cbf10d74caaaade.r2.dev/datasheets/frc0603f2002ts.pdf,MPN_KEY
mbr0520lt1g,MBR0520LT1G,https://pub-fd1103d4aed04a7c9cbf10d74caaaade.r2.dev/datasheets/mbr0520lt1g.pdf,MPN_KEY
pz254v1102p,PZ254V-11-02P,https://pub-fd1103d4aed04a7c9cbf10d74caaaade.r2.dev/datasheets/pz254v-11-02p.pdf,MPN_KEY
frc0603j103ts,FRC0603J103 TS,https://pub-fd1103d4aed04a7c9cbf10d74caaaade.r2.dev/datasheets/C2930027.pdf,C_KEY
as5047patsm,AS5047P-ATSM,https://pub-fd1103d4aed04a7c9cbf10d74caaaade.r2.dev/datasheets/as5047p-atsm.pdf,MPN_KEY
rc0603fr07330rl,RC0603FR-07330RL,https://pub-fd1103d4aed04a7c9cbf10d74caaaade.r2.dev/datasheets/rc0603fr-07330rl.pdf,MPN_KEY
frc0805f4701ts,FRC0805F4701TS,https://pub-fd1103d4aed04a7c9cbf10d74caaaade.r2.dev/datasheets/frc0805f4701ts.pdf,MPN_KEY
crcw0402100kfked,CRCW0402100KFKED,https://pub-fd1103d4aed04a7c9cbf10d74caaaade.r2.dev/datasheets/crcw0402100kfked.pdf,MPN_KEY
g5nb1aedc5v,G5NB-1A-E-DC5V,https://pub-fd1103d4aed04a7c9cbf10d74caaaade.r2.dev/datasheets/g5nb-1a-e-dc5v.pdf,MPN_KEY
mbra340t3g,MBRA340T3G,https://pub-fd1103d4aed04a7c9cbf10d74caaaade.r2.dev/datasheets/mbra340t3g.pdf,MPN_KEY
srv054tct,SRV05-4.TCT,https://pub-fd1103d4aed04a7c9cbf10d74caaaade.r2.dev/datasheets/C13612.pdf,C_KEY
fdv301n,FDV301N,https://pub-fd1103d4aed04a7c9cbf10d74caaaade.r2.dev/datasheets/fdv301n.pdf,MPN_KEY
esd5z50t1g,ESD5Z5.0T1G,https://pub-fd1103d4aed04a7c9cbf10d74caaaade.r2.dev/datasheets/esd5z5.0t1g.pdf,MPN_KEY
b6bxhalfsn,B6B-XH-A(LF)(SN),https://pub-fd1103d4aed04a7c9cbf10d74caaaade.r2.dev/datasheets/b6b-xh-a-lf--sn-.pdf,MPN_KEY
max31865aapt,MAX31865AAP+T,https://pub-fd1103d4aed04a7c9cbf10d74caaaade.r2.dev/datasheets/max31865aap-t.pdf,MPN_KEY
si2302cdst1ge3,Si2302CDS-T1-GE3,https://pub-fd1103d4aed04a7c9cbf10d74caaaade.r2.dev/datasheets/si2302cds-t1-ge3.pdf,MPN_KEY
b2pvhlfsn,B2P-VH(LF)(SN),https://pub-fd1103d4aed04a7c9cbf10d74caaaade.r2.dev/datasheets/b2p-vh-lf--sn-.pdf,MPN_KEY
frc0603f1004ts,FRC0603F1004TS,https://pub-fd1103d4aed04a7c9cbf10d74caaaade.r2.dev/datasheets/frc0603f1004ts.pdf,MPN_KEY
rt0603brd0710kl,RT0603BRD0710KL,https://pub-fd1103d4aed04a7c9cbf10d74caaaade.r2.dev/datasheets/rt0603brd0710kl.pdf,MPN_KEY
hs96l03w2c03,HS96L03W2C03,https://pub-fd1103d4aed04a7c9cbf10d74caaaade.r2.dev/datasheets/C5248080.pdf,C_KEY
bas16j115,"BAS16J,115",https://pub-fd1103d4aed04a7c9cbf10d74caaaade.r2.dev/datasheets/bas16j-115.pdf,MPN_KEY
sk6812minie,SK6812MINI-E,https://pub-fd1103d4aed04a7c9cbf10d74caaaade.r2.dev/datasheets/sk6812mini-e.pdf,MPN_KEY
max31856mudt,MAX31856MUD+T,https://pub-fd1103d4aed04a7c9cbf10d74caaaade.r2.dev/datasheets/max31856mud-t.pdf,MPN_KEY
b5bxhalfsn,B5B-XH-A(LF)(SN),https://pub-fd1103d4aed04a7c9cbf10d74caaaade.r2.dev/datasheets/b5b-xh-a-lf--sn-.pdf,MPN_KEY
smaj50a,SMAJ5.0A,https://pub-fd1103d4aed04a7c9cbf10d74caaaade.r2.dev/datasheets/smaj5.0a.pdf,MPN_KEY
ap2112k33trg1,AP2112K-3.3TRG1,https://pub-fd1103d4aed04a7c9cbf10d74caaaade.r2.dev/datasheets/ap2112k-3.3trg1.pdf,MPN_KEY
typec31m31,TYPE-C-31-M-31,https://pub-fd1103d4aed04a7c9cbf10d74caaaade.r2.dev/datasheets/type-c-31-m-31.pdf,MPN_KEY
ap63203wu7,AP63203WU-7,https://pub-fd1103d4aed04a7c9cbf10d74caaaade.r2.dev/datasheets/ap63203wu-7.pdf,MPN_KEY
jsm6288q,JSM6288Q,https://pub-fd1103d4aed04a7c9cbf10d74caaaade.r2.dev/datasheets/jsm6288q.pdf,MPN_KEY
bas316115,"BAS316,115",https://pub-fd1103d4aed04a7c9cbf10d74caaaade.r2.dev/datasheets/bas316-115.pdf,MPN_KEY
ao3407a,AO3407A,https://pub-fd1103d4aed04a7c9cbf10d74caaaade.r2.dev/datasheets/ao3407a.pdf,MPN_KEY
b6bphkslfsn,B6B-PH-K-S(LF)(SN),https://pub-fd1103d4aed04a7c9cbf10d74caaaade.r2.dev/datasheets/b6b-ph-k-s-lf--sn-.pdf,MPN_KEY
ws2812bbw,WS2812B-B/W,https://pub-fd1103d4aed04a7c9cbf10d74caaaade.r2.dev/datasheets/C114586.pdf,C_KEY
bss1387f,BSS138-7-F,https://pub-fd1103d4aed04a7c9cbf10d74caaaade.r2.dev/datasheets/bss138-7-f.pdf,MPN_KEY
yled0603b,YLED0603B,https://pub-fd1103d4aed04a7c9cbf10d74caaaade.r2.dev/datasheets/yled0603b.pdf,MPN_KEY
pz254v1104p,PZ254V-11-04P,https://pub-fd1103d4aed04a7c9cbf10d74caaaade.r2.dev/datasheets/pz254v-11-04p.pdf,MPN_KEY
2n7002kt1ge3,2N7002K-T1-GE3,https://pub-fd1103d4aed04a7c9cbf10d74caaaade.r2.dev/datasheets/2n7002k-t1-ge3.pdf,MPN_KEY
2n7002lt1g,2N7002LT1G,https://pub-fd1103d4aed04a7c9cbf10d74caaaade.r2.dev/datasheets/2n7002lt1g.pdf,MPN_KEY
pesd2can215,"PESD2CAN,215",https://pub-fd1103d4aed04a7c9cbf10d74caaaade.r2.dev/datasheets/pesd2can-215.pdf,MPN_KEY
bav99lt1g,BAV99LT1G,https://pub-fd1103d4aed04a7c9cbf10d74caaaade.r2.dev/datasheets/bav99lt1g.pdf,MPN_KEY
sm06bsrsstblfsn,SM06B-SRSS-TB(LF)(SN),https://pub-fd1103d4aed04a7c9cbf10d74caaaade.r2.dev/datasheets/sm06b-srss-tb-lf--sn-.pdf,MPN_KEY
bav70215,"BAV70,215",https://pub-fd1103d4aed04a7c9cbf10d74caaaade.r2.dev/datasheets/bav70-215.pdf,MPN_KEY
srd12vdcslc,SRD-12VDC-SL-C,https://pub-fd1103d4aed04a7c9cbf10d74caaaade.r2.dev/datasheets/C30431.pdf,C_KEY
tp405642esop8,TP4056-42-ESOP8,https://pub-fd1103d4aed04a7c9cbf10d74caaaade.r2.dev/datasheets/tp4056-42-esop8.pdf,MPN_KEY
ncp1117st33t3g,NCP1117ST33T3G,https://pub-fd1103d4aed04a7c9cbf10d74caaaade.r2.dev/datasheets/ncp1117st33t3g.pdf,MPN_KEY
typec6p073,TYPE-C 6P(073),https://pub-fd1103d4aed04a7c9cbf10d74caaaade.r2.dev/datasheets/type-c-6p-073-.pdf,MPN_KEY
esd9l50st5g,ESD9L5.0ST5G,https://pub-fd1103d4aed04a7c9cbf10d74caaaade.r2.dev/datasheets/esd9l5.0st5g.pdf,MPN_KEY
cp2102na02gqfn20r,CP2102N-A02-GQFN20R,https://pub-fd1103d4aed04a7c9cbf10d74caaaade.r2.dev/datasheets/cp2102n-a02-gqfn20r.pdf,MPN_KEY
as5600asot,AS5600-ASOT,https://pub-fd1103d4aed04a7c9cbf10d74caaaade.r2.dev/datasheets/as5600-asot.pdf,MPN_KEY
yled0603r,YLED0603R,https://pub-fd1103d4aed04a7c9cbf10d74caaaade.r2.dev/datasheets/yled0603r.pdf,MPN_KEY
srd05vdcslc,SRD-05VDC-SL-C,https://pub-fd1103d4aed04a7c9cbf10d74caaaade.r2.dev/datasheets/srd-05vdc-sl-c.pdf,MPN_KEY
mt3608,MT3608,https://pub-fd1103d4aed04a7c9cbf10d74caaaade.r2.dev/datasheets/C84817.pdf,C_KEY
sm02bsrsstblfsn,SM02B-SRSS-TB(LF)(SN),https://pub-fd1103d4aed04a7c9cbf10d74caaaade.r2.dev/datasheets/sm02b-srss-tb-lf--sn-.pdf,MPN_KEY
sm71202htg,SM712-02HTG,https://pub-fd1103d4aed04a7c9cbf10d74caaaade.r2.dev/datasheets/C172881.pdf,C_KEY
zxpz254116pzz,ZX-PZ2.54-1-16PZZ,https://pub-fd1103d4aed04a7c9cbf10d74caaaade.r2.dev/datasheets/zx-pz2.54-1-16pzz.pdf,MPN_KEY
sm08bsrsstblfsn,SM08B-SRSS-TB(LF)(SN),https://pub-fd1103d4aed04a7c9cbf10d74caaaade.r2.dev/datasheets/sm08b-srss-tb-lf--sn-.pdf,MPN_KEY
irfr5305trpbf,IRFR5305TRPBF,https://pub-fd1103d4aed04a7c9cbf10d74caaaade.r2.dev/datasheets/irfr5305trpbf.pdf,MPN_KEY
lm358dr2g,LM358DR2G,https://pub-fd1103d4aed04a7c9cbf10d74caaaade.r2.dev/datasheets/lm358dr2g.pdf,MPN_KEY
xl2012ugc,XL-2012UGC,https://pub-fd1103d4aed04a7c9cbf10d74caaaade.r2.dev/datasheets/xl-2012ugc.pdf,MPN_KEY
bwsmakwez001,BWSMA-KWE-Z001,https://pub-fd1103d4aed04a7c9cbf10d74caaaade.r2.dev/datasheets/bwsma-kwe-z001.pdf,MPN_KEY
bss84lt1g,BSS84LT1G,https://pub-fd1103d4aed04a7c9cbf10d74caaaade.r2.dev/datasheets/bss84lt1g.pdf,MPN_KEY
ft232rnqreel,FT232RNQ-REEL,https://pub-fd1103d4aed04a7c9cbf10d74caaaade.r2.dev/datasheets/ft232rnq-reel.pdf,MPN_KEY
591701s00d,59170-1-S-00-D,https://pub-fd1103d4aed04a7c9cbf10d74caaaade.r2.dev/datasheets/59170-1-s-00-d.pdf,MPN_KEY
bm04bsrsstblfsn,BM04B-SRSS-TB(LF)(SN),https://pub-fd1103d4aed04a7c9cbf10d74caaaade.r2.dev/datasheets/bm04b-srss-tb-lf--sn-.pdf,MPN_KEY
si2301cdst1ge3,SI2301CDS-T1-GE3,https://pub-fd1103d4aed04a7c9cbf10d74caaaade.r2.dev/datasheets/C10487.pdf,C_KEY
pz254v1103p,PZ254V-11-03P,https://pub-fd1103d4aed04a7c9cbf10d74caaaade.r2.dev/datasheets/pz254v-11-03p.pdf,MPN_KEY
irf3205pbf,IRF3205PBF,https://pub-fd1103d4aed04a7c9cbf10d74caaaade.r2.dev/datasheets/irf3205pbf.pdf,MPN_KEY
s4bxhalfsn,S4B-XH-A(LF)(SN),https://pub-fd1103d4aed04a7c9cbf10d74caaaade.r2.dev/datasheets/s4b-xh-a-lf--sn-.pdf,MPN_KEY
xl1608ugc04,XL-1608UGC-04,https://pub-fd1103d4aed04a7c9cbf10d74caaaade.r2.dev/datasheets/xl-1608ugc-04.pdf,MPN_KEY
rfx2401c,RFX2401C,https://pub-fd1103d4aed04a7c9cbf10d74caaaade.r2.dev/datasheets/C19213.pdf,C_KEY
19097631,1909763-1,https://pub-fd1103d4aed04a7c9cbf10d74caaaade.r2.dev/datasheets/1909763-1.pdf,MPN_KEY
w25q16jvsniq,W25Q16JVSNIQ,https://pub-fd1103d4aed04a7c9cbf10d74caaaade.r2.dev/datasheets/w25q16jvsniq.pdf,MPN_KEY
dps368xtsa1,DPS368XTSA1,https://pub-fd1103d4aed04a7c9cbf10d74caaaade.r2.dev/datasheets/dps368xtsa1.pdf,MPN_KEY
yled0603g,YLED0603G,https://pub-fd1103d4aed04a7c9cbf10d74caaaade.r2.dev/datasheets/yled0603g.pdf,MPN_KEY
104pwb,1.0-4PWB,https://pub-fd1103d4aed04a7c9cbf10d74caaaade.r2.dev/datasheets/1.0-4pwb.pdf,MPN_KEY
ws2812bv5w,WS2812B-V5/W,https://pub-fd1103d4aed04a7c9cbf10d74caaaade.r2.dev/datasheets/ws2812b-v5-w.pdf,MPN_KEY
ap3012ktrg1,AP3012KTR-G1,https://pub-fd1103d4aed04a7c9cbf10d74caaaade.r2.dev/datasheets/ap3012ktr-g1.pdf,MPN_KEY
254140p,2.54-1*40P,https://pub-fd1103d4aed04a7c9cbf10d74caaaade.r2.dev/datasheets/C2337.pdf,C_KEY
xc6206p332mrg,XC6206P332MR-G,https://pub-fd1103d4aed04a7c9cbf10d74caaaade.r2.dev/datasheets/xc6206p332mr-g.pdf,MPN_KEY
x322516mlb4si,X322516MLB4SI,https://pub-fd1103d4aed04a7c9cbf10d74caaaade.r2.dev/datasheets/x322516mlb4si.pdf,MPN_KEY
x32258mob4si,X32258MOB4SI,https://pub-fd1103d4aed04a7c9cbf10d74caaaade.r2.dev/datasheets/x32258mob4si.pdf,MPN_KEY
ncd0805r1,NCD0805R1,https://pub-fd1103d4aed04a7c9cbf10d74caaaade.r2.dev/datasheets/ncd0805r1.pdf,MPN_KEY
ncd0805g1,NCD0805G1,https://pub-fd1103d4aed04a7c9cbf10d74caaaade.r2.dev/datasheets/ncd0805g1.pdf,MPN_KEY
fs8205a,FS8205A,https://pub-fd1103d4aed04a7c9cbf10d74caaaade.r2.dev/datasheets/fs8205a.pdf,MPN_KEY
esp32wroom32en16,ESP32-WROOM-32E-N16,https://pub-fd1103d4aed04a7c9cbf10d74caaaade.r2.dev/datasheets/esp32-wroom-32e-n16.pdf,MPN_KEY
ds18b20uumw,DS18B20U(UMW),https://pub-fd1103d4aed04a7c9cbf10d74caaaade.r2.dev/datasheets/ds18b20u-umw-.pdf,MPN_KEY
bss123,BSS123,https://pub-fd1103d4aed04a7c9cbf10d74caaaade.r2.dev/datasheets/bss123.pdf,MPN_KEY
esp32s3wroom1un16r8,ESP32-S3-WROOM-1U-N16R8,https://pub-fd1103d4aed04a7c9cbf10d74caaaade.r2.dev/datasheets/esp32-s3-wroom-1u-n16r8.pdf,MPN_KEY
sc32s32768khz20ppm125pf,SC-32S32.768kHz20PPM12.5pF,https://pub-fd1103d4aed04a7c9cbf10d74caaaade.r2.dev/datasheets/sc-32s32.768khz20ppm12.5pf.pdf,MPN_KEY
esp32wroom32en4,ESP32-WROOM-32E-N4,https://pub-fd1103d4aed04a7c9cbf10d74caaaade.r2.dev/datasheets/esp32-wroom-32e-n4.pdf,MPN_KEY
w25q16jvssiq,W25Q16JVSSIQ,https://pub-fd1103d4aed04a7c9cbf10d74caaaade.r2.dev/datasheets/w25q16jvssiq.pdf,MPN_KEY
bme280,BME280,https://pub-fd1103d4aed04a7c9cbf10d74caaaade.r2.dev/datasheets/bme280.pdf,MPN_KEY
w25q32jvssiq,W25Q32JVSSIQ,https://pub-fd1103d4aed04a7c9cbf10d74caaaade.r2.dev/datasheets/w25q32jvssiq.pdf,MPN_KEY
hx711,HX711,https://pub-fd1103d4aed04a7c9cbf10d74caaaade.r2.dev/datasheets/hx711.pdf,MPN_KEY
irlml6344trpbf,IRLML6344TRPBF,https://pub-fd1103d4aed04a7c9cbf10d74caaaade.r2.dev/datasheets/irlml6344trpbf.pdf,MPN_KEY
acs712elctr20at,ACS712ELCTR-20A-T,https://pub-fd1103d4aed04a7c9cbf10d74caaaade.r2.dev/datasheets/acs712elctr-20a-t.pdf,MPN_KEY
ams111750,AMS1117-5.0,https://pub-fd1103d4aed04a7c9cbf10d74caaaade.r2.dev/datasheets/ams1117-5.0.pdf,MPN_KEY
esp32wroom32en8,ESP32-WROOM-32E-N8,https://pub-fd1103d4aed04a7c9cbf10d74caaaade.r2.dev/datasheets/esp32-wroom-32e-n8.pdf,MPN_KEY
spx3819m5l33tr,SPX3819M5-L-3-3/TR,https://pub-fd1103d4aed04a7c9cbf10d74caaaade.r2.dev/datasheets/spx3819m5-l-3-3-tr.pdf,MPN_KEY
esp32wroom32dn4,ESP32-WROOM-32D-N4,https://pub-fd1103d4aed04a7c9cbf10d74caaaade.r2.dev/datasheets/esp32-wroom-32d-n4.pdf,MPN_KEY
dw01a,DW01A,https://pub-fd1103d4aed04a7c9cbf10d74caaaade.r2.dev/datasheets/C351410.pdf,C_KEY
x322525mob4si,X322525MOB4SI,https://pub-fd1103d4aed04a7c9cbf10d74caaaade.r2.dev/datasheets/x322525mob4si.pdf,MPN_KEY
dm3atsfpejm5,DM3AT-SF-PEJM5,https://pub-fd1103d4aed04a7c9cbf10d74caaaade.r2.dev/datasheets/dm3at-sf-pejm5.pdf,MPN_KEY
esp32s3wroom1n8r8,ESP32-S3-WROOM-1-N8R8,https://pub-fd1103d4aed04a7c9cbf10d74caaaade.r2.dev/datasheets/esp32-s3-wroom-1-n8r8.pdf,MPN_KEY
gp2s,GP2S+,https://pub-fd1103d4aed04a7c9cbf10d74caaaade.r2.dev/datasheets/gp2s-.pdf,MPN_KEY
w25q80dvsnigtr,W25Q80DVSNIG TR,https://pub-fd1103d4aed04a7c9cbf10d74caaaade.r2.dev/datasheets/w25q80dvsnig-tr.pdf,MPN_KEY
irf9540npbf,IRF9540NPBF,https://pub-fd1103d4aed04a7c9cbf10d74caaaade.r2.dev/datasheets/irf9540npbf.pdf,MPN_KEY
tlp350tp1f,"TLP350(TP1,F)",https://pub-fd1103d4aed04a7c9cbf10d74caaaade.r2.dev/datasheets/tlp350-tp1-f-.pdf,MPN_KEY
x322512msb4si,X322512MSB4SI,https://pub-fd1103d4aed04a7c9cbf10d74caaaade.r2.dev/datasheets/x322512msb4si.pdf,MPN_KEY
gd25q64esigr,GD25Q64ESIGR,https://pub-fd1103d4aed04a7c9cbf10d74caaaade.r2.dev/datasheets/gd25q64esigr.pdf,MPN_KEY
ao4407a,AO4407A,https://pub-fd1103d4aed04a7c9cbf10d74caaaade.r2.dev/datasheets/ao4407a.pdf,MPN_KEY
max31855kasat,MAX31855KASA+T,https://pub-fd1103d4aed04a7c9cbf10d74caaaade.r2.dev/datasheets/max31855kasa-t.pdf,MPN_KEY
maxm10s00b,MAX-M10S-00B,https://pub-fd1103d4aed04a7c9cbf10d74caaaade.r2.dev/datasheets/C4153167.pdf,C_KEY
esp32wroom32uen16,ESP32-WROOM-32UE-N16,https://pub-fd1103d4aed04a7c9cbf10d74caaaade.r2.dev/datasheets/esp32-wroom-32ue-n16.pdf,MPN_KEY
bmi088,BMI088,https://pub-fd1103d4aed04a7c9cbf10d74caaaade.r2.dev/datasheets/bmi088.pdf,MPN_KEY
2541x6p,2.54-1x6P,https://pub-fd1103d4aed04a7c9cbf10d74caaaade.r2.dev/datasheets/2.54-1x6p.pdf,MPN_KEY
25414p,2.54-1*4P,https://pub-fd1103d4aed04a7c9cbf10d74caaaade.r2.dev/datasheets/C2718488.pdf,C_KEY
w25q128jveiqtr,W25Q128JVEIQ TR,https://pub-fd1103d4aed04a7c9cbf10d74caaaade.r2.dev/datasheets/w25q128jveiq-tr.pdf,MPN_KEY
w25q128jvpimtr,W25Q128JVPIM TR,https://pub-fd1103d4aed04a7c9cbf10d74caaaade.r2.dev/datasheets/w25q128jvpim-tr.pdf,MPN_KEY
esp12fesp8266mod,ESP-12F(ESP8266MOD),https://pub-fd1103d4aed04a7c9cbf10d74caaaade.r2.dev/datasheets/esp-12f-esp8266mod-.pdf,MPN_KEY
w25n02kvzeir,W25N02KVZEIR,https://pub-fd1103d4aed04a7c9cbf10d74caaaade.r2.dev/datasheets/w25n02kvzeir.pdf,MPN_KEY
sgt50t65fd1pn,SGT50T65FD1PN,https://pub-fd1103d4aed04a7c9cbf10d74caaaade.r2.dev/datasheets/sgt50t65fd1pn.pdf,MPN_KEY
esp32c3mini1n4,ESP32-C3-MINI-1-N4,https://pub-fd1103d4aed04a7c9cbf10d74caaaade.r2.dev/datasheets/esp32-c3-mini-1-n4.pdf,MPN_KEY
esp32s3wroom1n8,ESP32-S3-WROOM-1-N8,https://pub-fd1103d4aed04a7c9cbf10d74caaaade.r2.dev/datasheets/C2913198.pdf,C_KEY
aht20,AHT20,https://pub-fd1103d4aed04a7c9cbf10d74caaaade.r2.dev/datasheets/aht20.pdf,MPN_KEY
pe4312cz,PE4312C-Z,https://pub-fd1103d4aed04a7c9cbf10d74caaaade.r2.dev/datasheets/pe4312c-z.pdf,MPN_KEY
hlkpm01,HLK-PM01,https://pub-fd1103d4aed04a7c9cbf10d74caaaade.r2.dev/datasheets/hlk-pm01.pdf,MPN_KEY
hr4988e,HR4988E,https://pub-fd1103d4aed04a7c9cbf10d74caaaade.r2.dev/datasheets/hr4988e.pdf,MPN_KEY
atmega328pbau,ATMEGA328PB-AU,https://pub-fd1103d4aed04a7c9cbf10d74caaaade.r2.dev/datasheets/atmega328pb-au.pdf,MPN_KEY
atmega32aau,ATMEGA32A-AU,https://pub-fd1103d4aed04a7c9cbf10d74caaaade.r2.dev/datasheets/atmega32a-au.pdf,MPN_KEY
atmega128aau,ATMEGA128A-AU,https://pub-fd1103d4aed04a7c9cbf10d74caaaade.r2.dev/datasheets/atmega128a-au.pdf,MPN_KEY
atmega88paau,ATMEGA88PA-AU,https://pub-fd1103d4aed04a7c9cbf10d74caaaade.r2.dev/datasheets/atmega88pa-au.pdf,MPN_KEY
atmega1284pau,ATMEGA1284P-AU,https://pub-fd1103d4aed04a7c9cbf10d74caaaade.r2.dev/datasheets/atmega1284p-au.pdf,MPN_KEY
atxmega64a3uau,ATXMEGA64A3U-AU,https://pub-fd1103d4aed04a7c9cbf10d74caaaade.r2.dev/datasheets/atxmega64a3u-au.pdf,MPN_KEY
stm8s003f3p6tr,STM8S003F3P6TR,https://pub-fd1103d4aed04a7c9cbf10d74caaaade.r2.dev/datasheets/stm8s003f3p6tr.pdf,MPN_KEY
stm8s103k3t6ctr,STM8S103K3T6CTR,https://pub-fd1103d4aed04a7c9cbf10d74caaaade.r2.dev/datasheets/stm8s103k3t6ctr.pdf,MPN_KEY
stm32f446rct6,STM32F446RCT6,https://pub-fd1103d4aed04a7c9cbf10d74caaaade.r2.dev/datasheets/stm32f446rct6.pdf,MPN_KEY
stm32f412ret6,STM32F412RET6,https://pub-fd1103d4aed04a7c9cbf10d74caaaade.r2.dev/datasheets/stm32f412ret6.pdf,MPN_KEY
stm32g0b1cbt6,STM32G0B1CBT6,https://pub-fd1103d4aed04a7c9cbf10d74caaaade.r2.dev/datasheets/stm32g0b1cbt6.pdf,MPN_KEY
stm32f030k6t6,STM32F030K6T6,https://pub-fd1103d4aed04a7c9cbf10d74caaaade.r2.dev/datasheets/stm32f030k6t6.pdf,MPN_KEY
stm32h723zgt6,STM32H723ZGT6,https://pub-fd1103d4aed04a7c9cbf10d74caaaade.r2.dev/datasheets/stm32h723zgt6.pdf,MPN_KEY
stm32f103ret6,STM32F103RET6,https://pub-fd1103d4aed04a7c9cbf10d74caaaade.r2.dev/datasheets/C8322.pdf,C_KEY
stm32f407zgt6,STM32F407ZGT6,https://pub-fd1103d4aed04a7c9cbf10d74caaaade.r2.dev/datasheets/stm32f407zgt6.pdf,MPN_KEY
stm32h750vbt6,STM32H750VBT6,https://pub-fd1103d4aed04a7c9cbf10d74caaaade.r2.dev/datasheets/stm32h750vbt6.pdf,MPN_KEY
msp430f149ipmr,MSP430F149IPMR,https://pub-fd1103d4aed04a7c9cbf10d74caaaade.r2.dev/datasheets/C335875.pdf,C_KEY
tms320f28335pgfa,TMS320F28335PGFA,https://pub-fd1103d4aed04a7c9cbf10d74caaaade.r2.dev/datasheets/tms320f28335pgfa.pdf,MPN_KEY
tms320f28035pagt,TMS320F28035PAGT,https://pub-fd1103d4aed04a7c9cbf10d74caaaade.r2.dev/datasheets/tms320f28035pagt.pdf,MPN_KEY
stm32l010f4p6,STM32L010F4P6,https://pub-fd1103d4aed04a7c9cbf10d74caaaade.r2.dev/datasheets/stm32l010f4p6.pdf,MPN_KEY
esp32c3fh4,ESP32-C3FH4,https://pub-fd1103d4aed04a7c9cbf10d74caaaade.r2.dev/datasheets/esp32-c3fh4.pdf,MPN_KEY
stm32g070rbt6,STM32G070RBT6,https://pub-fd1103d4aed04a7c9cbf10d74caaaade.r2.dev/datasheets/stm32g070rbt6.pdf,MPN_KEY
stm32f072cbt6,STM32F072CBT6,https://pub-fd1103d4aed04a7c9cbf10d74caaaade.r2.dev/datasheets/stm32f072cbt6.pdf,MPN_KEY
stm32h743zit6,STM32H743ZIT6,https://pub-fd1103d4aed04a7c9cbf10d74caaaade.r2.dev/datasheets/stm32h743zit6.pdf,MPN_KEY
stm32g031g8u6,STM32G031G8U6,https://pub-fd1103d4aed04a7c9cbf10d74caaaade.r2.dev/datasheets/stm32g031g8u6.pdf,MPN_KEY
stm32h723vgh6,STM32H723VGH6,https://pub-fd1103d4aed04a7c9cbf10d74caaaade.r2.dev/datasheets/stm32h723vgh6.pdf,MPN_KEY
stm32f429igt6,STM32F429IGT6,https://pub-fd1103d4aed04a7c9cbf10d74caaaade.r2.dev/datasheets/stm32f429igt6.pdf,MPN_KEY
stm32g431kbu6,STM32G431KBU6,https://pub-fd1103d4aed04a7c9cbf10d74caaaade.r2.dev/datasheets/stm32g431kbu6.pdf,MPN_KEY
stm8s003k3t6ctr,STM8S003K3T6CTR,https://pub-fd1103d4aed04a7c9cbf10d74caaaade.r2.dev/datasheets/stm8s003k3t6ctr.pdf,MPN_KEY
atmega64aau,ATMEGA64A-AU,https://pub-fd1103d4aed04a7c9cbf10d74caaaade.r2.dev/datasheets/C9435.pdf,C_KEY
atmega328pmu,ATMEGA328P-MU,https://pub-fd1103d4aed04a7c9cbf10d74caaaade.r2.dev/datasheets/atmega328p-mu.pdf,MPN_KEY
atsamd21g18aau,ATSAMD21G18A-AU,https://pub-fd1103d4aed04a7c9cbf10d74caaaade.r2.dev/datasheets/atsamd21g18a-au.pdf,MPN_KEY
pic16f1933iss,PIC16F1933-I/SS,https://pub-fd1103d4aed04a7c9cbf10d74caaaade.r2.dev/datasheets/pic16f1933-i-ss.pdf,MPN_KEY
msp430f247tpmr,MSP430F247TPMR,https://pub-fd1103d4aed04a7c9cbf10d74caaaade.r2.dev/datasheets/msp430f247tpmr.pdf,MPN_KEY
tms320f28069pzt,TMS320F28069PZT,https://pub-fd1103d4aed04a7c9cbf10d74caaaade.r2.dev/datasheets/tms320f28069pzt.pdf,MPN_KEY
lpc1765fbd100k,LPC1765FBD100K,https://pub-fd1103d4aed04a7c9cbf10d74caaaade.r2.dev/datasheets/lpc1765fbd100k.pdf,MPN_KEY
lpc824m201jhi33y,LPC824M201JHI33Y,https://pub-fd1103d4aed04a7c9cbf10d74caaaade.r2.dev/datasheets/lpc824m201jhi33y.pdf,MPN_KEY
gd32f303rct6,GD32F303RCT6,https://pub-fd1103d4aed04a7c9cbf10d74caaaade.r2.dev/datasheets/gd32f303rct6.pdf,MPN_KEY
at32f415cbt7,AT32F415CBT7,https://pub-fd1103d4aed04a7c9cbf10d74caaaade.r2.dev/datasheets/at32f415cbt7.pdf,MPN_KEY
txb0104pwr,TXB0104PWR,https://pub-fd1103d4a7c9cbf10d74caaaade.r2.dev/datasheets/pdf/76/767349328f431d52c4417fc27e4d4cc6670992e9b2861249c7c2f506bf9cb45d.pdf,MPN_KEY
gcm21br72a104ka37l,GCM21BR72A104KA37L,https://pub-fd1103d4a7c9cbf10d74caaaade.r2.dev/datasheets/pdf/a1/a1fc7be28f1f936c5aa3a6145f90f565941d1d6e97ef50f656605e807dca9400.pdf,MPN_KEY
dlw21hn900sq2l,DLW21HN900SQ2L,https://pub-fd1103d4a7c9cbf10d74caaaade.r2.dev/datasheets/pdf/94/94ee05540e3b6764b987fb37927639688755d76157324279a6bb221cca54b7aa.pdf,MPN_KEY
bc81740215,"BC817-40,215",https://pub-fd1103d4a7c9cbf10d74caaaade.r2.dev/datasheets/pdf/db/dbbbeafcbf13eb3d579ef03061a955c32d5ed3fa39470935ff826b4eb513b70e.pdf,MPN_KEY
rc0402fr075k1l,RC0402FR-075K1L,https://pub-fd1103d4a7c9cbf10d74caaaade.r2.dev/datasheets/pdf/e7/e7dbabb0611925227ccfc429c14c8833a7b1f2c755684444124446f20b22a229.pdf,MPN_KEY
cus10s30h3f,"CUS10S30,H3F",https://pub-fd1103d4a7c9cbf10d74caaaade.r2.dev/datasheets/pdf/b1/b1644d3829b7afc2a8cad93e318109b5b52f47b65d118471da4f7150a1b741a5.pdf,MPN_KEY
ap64350sp13,AP64350SP-13,https://pub-fd1103d4a7c9cbf10d74caaaade.r2.dev/datasheets/pdf/bb/bb9aa134375fc5b87433141e477aff20aee1a8766d922c6d9b9ace1f56539f48.pdf,MPN_KEY
opa197idbvr,OPA197IDBVR,https://pub-fd1103d4a7c9cbf10d74caaaade.r2.dev/datasheets/pdf/83/8331b5f781021e5881e7d96fb11493d597457825599046c59de1c197e38f0bf7.pdf,MPN_KEY
stm32g070cbt6,STM32G070CBT6,https://pub-fd1103d4a7c9cbf10d74caaaade.r2.dev/datasheets/pdf/29/29c4b367c493f973db28a8d46d2cbd9d267382e1f29e369f8edaade058bb4611.pdf,MPN_KEY
csd25402q3a,CSD25402Q3A,https://pub-fd1103d4a7c9cbf10d74caaaade.r2.dev/datasheets/pdf/f5/f54490ac9ba3e42c8f5ffb6be00fb003874d4924df7bad24a81b8c8daee0d71a.pdf,MPN_KEY
lm321,LM321,https://pub-fd1103d4aed04a7c9cbf10d74caaaade.r2.dev/datasheets/lm321.pdf,MPN_KEY
lm393dt,LM393DT,https://pub-fd1103d4aed04a7c9cbf10d74caaaade.r2.dev/datasheets/lm393dt.pdf,MPN_KEY
aoz1282ci,AOZ1282CI,https://pub-fd1103d4aed04a7c9cbf10d74caaaade.r2.dev/datasheets/pdf/41/414ab6b53dfcb03fee5ed8d219f4df7979f5a9fb9103852f301dd29d44fa04ba.pdf,MPN_KEY
b540c13f,B540C-13-F,https://pub-fd1103d4aed04a7c9cbf10d74caaaade.r2.dev/datasheets/pdf/1b/1b1de94df0a7729f4a69a885edd54213594acdce3cd6d4fa072961431ddf71ff.pdf,MPN_KEY
smbj50a,SMBJ5.0A,https://pub-fd1103d4aed04a7c9cbf10d74caaaade.r2.dev/datasheets/C83333.pdf,C_KEY
grm155r71h102ka01d,GRM155R71H102KA01D,https://pub-fd1103d4aed04a7c9cbf10d74caaaade.r2.dev/datasheets/pdf/92/920638f3f0227219941295c2dfd3318c311a5f37f6409fc64f6a1d1b62b1fae0.pdf,MPN_KEY
lmv358idr,LMV358IDR,https://pub-fd1103d4aed04a7c9cbf10d74caaaade.r2.dev/datasheets/pdf/64/6449738675356db229453d26ea49328ff8a7ab85bd587d32001ed06983f9c644.pdf,MPN_KEY
op07cdr,OP07CDR,https://pub-fd1103d4aed04a7c9cbf10d74caaaade.r2.dev/datasheets/pdf/c6/c6128fa9c710624e8c19f612b82dacf369f79f26f6e0cffb25faf285ed936a4d.pdf,MPN_KEY
st3485ebdr,ST3485EBDR,https://pub-fd1103d4aed04a7c9cbf10d74caaaade.r2.dev/datasheets/pdf/ae/ae974ab5146382f0b0064e9ec0ff683ddba0094fc3c10dbd9465b0fb4f06e8bb.pdf,MPN_KEY
irf4905pbf,IRF4905PBF,https://pub-fd1103d4aed04a7c9cbf10d74caaaade.r2.dev/datasheets/pdf/96/96e8dd3d13fc0bb1fec78fa7355fdcee5f2e6ca00ca8625e7ebe3a4a850c0091.pdf,MPN_KEY
sn74lvc14apwr,SN74LVC14APWR,https://pub-fd1103d4aed04a7c9cbf10d74caaaade.r2.dev/datasheets/pdf/93/93653cf7ae041d96b49a47bd5f68500649a5fcd7977236f89cb8debbdc63e78f.pdf,MPN_KEY
stm32h7b0vbt6,STM32H7B0VBT6,https://pub-fd1103d4aed04a7c9cbf10d74caaaade.r2.dev/datasheets/pdf/ee/eeb37a566bb0f97eee4feb91d4c54eda4bec11461bc74a2c35311b40277ea5e2.pdf,MPN_KEY
b3u1000p,B3U-1000P,https://pub-fd1103d4aed04a7c9cbf10d74caaaade.r2.dev/datasheets/pdf/ab/abb75a2524e2457df42b3d197b2a7d8a04307ee0d4c85e3c70852c75c505b44a.pdf,MPN_KEY
sm04bsrsstblfsn,SM04B-SRSS-TB(LF)(SN),https://pub-fd1103d4aed04a7c9cbf10d74caaaade.r2.dev/datasheets/C160404.pdf,C_KEY
ad5791bruz,AD5791BRUZ,https://pub-fd1103d4aed04a7c9cbf10d74caaaade.r2.dev/datasheets/pdf/0d/0d17ccf41a167767a22a1cb350f30f480a324bcd072195840eb3ff9c59e5a85b.pdf,MPN_KEY
rc0603fr0710rl,RC0603FR-0710RL,https://pub-fd1103d4aed04a7c9cbf10d74caaaade.r2.dev/datasheets/pdf/e7/e7dbabb0611925227ccfc429c14c8833a7b1f2c755684444124446f20b22a229.pdf,MPN_KEY
w25q256jvfiq,W25Q256JVFIQ,https://pub-fd1103d4aed04a7c9cbf10d74caaaade.r2.dev/datasheets/pdf/0f/0f18a76476aee73589ca85fcf106a608003195a0f0e4daad8fdc22ca090da31b.pdf,MPN_KEY
bq21040dbvr,BQ21040DBVR,https://pub-fd1103d4aed04a7c9cbf10d74caaaade.r2.dev/datasheets/pdf/ea/ea07b50f7efa6f617d15dd23b91cc7108b29831537d93a36dda6d27ac85410a3.pdf,MPN_KEY
hdc2010ypar,HDC2010YPAR,https://pub-fd1103d4aed04a7c9cbf10d74caaaade.r2.dev/datasheets/pdf/50/508c8ad08f1e5a6c6d8a4295d8e1410526d84236107709cf643e1cca73e9d887.pdf,MPN_KEY
max3232ipwr,MAX3232IPWR,https://pub-fd1103d4aed04a7c9cbf10d74caaaade.r2.dev/datasheets/max3232ipwr.pdf,MPN_KEY
pca9306dcur,PCA9306DCUR,https://pub-fd1103d4aed04a7c9cbf10d74caaaade.r2.dev/datasheets/pca9306dcur.pdf,MPN_KEY
sn6501dbvr,SN6501DBVR,https://pub-fd1103d4aed04a7c9cbf10d74caaaade.r2.dev/datasheets/sn6501dbvr.pdf,MPN_KEY
grm155r62a104ke14d,GRM155R62A104KE14D,https://pub-fd1103d4aed04a7c9cbf10d74caaaade.r2.dev/datasheets/grm155r62a104ke14d.pdf,MPN_KEY
sn74lv1t34dbvr,SN74LV1T34DBVR,https://pub-fd1103d4aed04a7c9cbf10d74caaaade.r2.dev/datasheets/C100024.pdf,C_KEY
grm188z71c475ke21d,GRM188Z71C475KE21D,https://pub-fd1103d4aed04a7c9cbf10d74caaaade.r2.dev/datasheets/grm188z71c475ke21d.pdf,MPN_KEY
grm188r72a104ka35d,GRM188R72A104KA35D,https://pub-fd1103d4aed04a7c9cbf10d74caaaade.r2.dev/datasheets/C77058.pdf,C_KEY
sn74ahct1g125dbvr,SN74AHCT1G125DBVR,https://pub-fd1103d4aed04a7c9cbf10d74caaaade.r2.dev/datasheets/sn74ahct1g125dbvr.pdf,MPN_KEY
grm31cr60j227me11l,GRM31CR60J227ME11L,https://pub-fd1103d4aed04a7c9cbf10d74caaaade.r2.dev/datasheets/grm31cr60j227me11l.pdf,MPN_KEY
grm1885c1h472ja01d,GRM1885C1H472JA01D,https://pub-fd1103d4aed04a7c9cbf10d74caaaade.r2.dev/datasheets/grm1885c1h472ja01d.pdf,MPN_KEY
grm155r71c104ka88d,GRM155R71C104KA88D,https://pub-fd1103d4aed04a7c9cbf10d74caaaade.r2.dev/datasheets/grm155r71c104ka88d.pdf,MPN_KEY
grm155r71e103ka01d,GRM155R71E103KA01D,https://pub-fd1103d4aed04a7c9cbf10d74caaaade.r2.dev/datasheets/grm155r71e103ka01d.pdf,MPN_KEY
sn74lvc1g17dbvr,SN74LVC1G17DBVR,https://pub-fd1103d4aed04a7c9cbf10d74caaaade.r2.dev/datasheets/sn74lvc1g17dbvr.pdf,MPN_KEY
thvd1400dr,THVD1400DR,https://pub-fd1103d4aed04a7c9cbf10d74caaaade.r2.dev/datasheets/thvd1400dr.pdf,MPN_KEY
cl31a106kbhnnne,CL31A106KBHNNNE,https://pub-fd1103d4aed04a7c9cbf10d74caaaade.r2.dev/datasheets/cl31a106kbhnnne.pdf,MPN_KEY
cc0603krx7r9bb104,CC0603KRX7R9BB104,https://pub-fd1103d4aed04a7c9cbf10d74caaaade.r2.dev/datasheets/cc0603krx7r9bb104.pdf,MPN_KEY
cl10a106kp8nnnc,CL10A106KP8NNNC,https://pub-fd1103d4aed04a7c9cbf10d74caaaade.r2.dev/datasheets/cl10a106kp8nnnc.pdf,MPN_KEY
cl10b105ka8nnnc,CL10B105KA8NNNC,https://pub-fd1103d4aed04a7c9cbf10d74caaaade.r2.dev/datasheets/cl10b105ka8nnnc.pdf,MPN_KEY
cl05a105ko5nnnc,CL05A105KO5NNNC,https://pub-fd1103d4aed04a7c9cbf10d74caaaade.r2.dev/datasheets/cl05a105ko5nnnc.pdf,MPN_KEY
cl21a106kaynnne,CL21A106KAYNNNE,https://pub-fd1103d4aed04a7c9cbf10d74caaaade.r2.dev/datasheets/cl21a106kaynnne.pdf,MPN_KEY
bcx5616115,"BCX56-16,115",https://pub-fd1103d4aed04a7c9cbf10d74caaaade.r2.dev/datasheets/C100026.pdf,C_KEY
cc0603krx7r9bb102,CC0603KRX7R9BB102,https://pub-fd1103d4aed04a7c9cbf10d74caaaade.r2.dev/datasheets/C100040.pdf,C_KEY
rc0603fr070rl,RC0603FR-070RL,https://pub-fd1103d4aed04a7c9cbf10d74caaaade.r2.dev/datasheets/C100044.pdf,C_KEY
s9keaz128amlk,S9KEAZ128AMLK,https://pub-fd1103d4aed04a7c9cbf10d74caaaade.r2.dev/datasheets/C100100.pdf,C_KEY
sn74hc00dr,SN74HC00DR,https://pub-fd1103d4aed04a7c9cbf10d74caaaade.r2.dev/datasheets/C10090.pdf,C_KEY
sn74lvc1g3157dbvr,SN74LVC1G3157DBVR,https://pub-fd1103d4aed04a7c9cbf10d74caaaade.r2.dev/datasheets/C10426.pdf,C_KEY
lm317lcdr,LM317LCDR,https://pub-fd1103d4aed04a7c9cbf10d74caaaade.r2.dev/datasheets/C105219.pdf,C_KEY
tl431aqdbzr,TL431AQDBZR,https://pub-fd1103d4aed04a7c9cbf10d74caaaade.r2.dev/datasheets/C105255.pdf,C_KEY
tmp75aidgkr,TMP75AIDGKR,https://pub-fd1103d4aed04a7c9cbf10d74caaaade.r2.dev/datasheets/C105258.pdf,C_KEY
txb0104rutr,TXB0104RUTR,https://pub-fd1103d4aed04a7c9cbf10d74caaaade.r2.dev/datasheets/C105266.pdf,C_KEY
mpz1608s101atah0,MPZ1608S101ATAH0,https://pub-fd1103d4aed04a7c9cbf10d74caaaade.r2.dev/datasheets/C107332.pdf,C_KEY
tl074idt,TL074IDT,https://pub-fd1103d4aed04a7c9cbf10d74caaaade.r2.dev/datasheets/C107644.pdf,C_KEY
ltm4644eypbf,LTM4644EY#PBF,https://pub-fd1103d4aed04a7c9cbf10d74caaaade.r2.dev/datasheets/C108020.pdf,C_KEY
ltv356tb,LTV-356T-B,https://pub-fd1103d4aed04a7c9cbf10d74caaaade.r2.dev/datasheets/C10804.pdf,C_KEY
bzx84c12215,"BZX84-C12,215",https://pub-fd1103d4aed04a7c9cbf10d74caaaade.r2.dev/datasheets/C108437.pdf,C_KEY
lm2664m6xnopb,LM2664M6X/NOPB,https://pub-fd1103d4aed04a7c9cbf10d74caaaade.r2.dev/datasheets/C108573.pdf,C_KEY
uln2001d,ULN2001D,https://pub-fd1103d4aed04a7c9cbf10d74caaaade.r2.dev/datasheets/C108905.pdf,C_KEY
35zlh100mefc63x11,35ZLH100MEFC6.3X11,https://pub-fd1103d4aed04a7c9cbf10d74caaaade.r2.dev/datasheets/C109392.pdf,C_KEY
max3221cpwr,MAX3221CPWR,https://pub-fd1103d4aed04a7c9cbf10d74caaaade.r2.dev/datasheets/C109444.pdf,C_KEY
ixdd614ci,IXDD614CI,https://pub-fd1103d4aed04a7c9cbf10d74caaaade.r2.dev/datasheets/C109458.pdf,C_KEY
opa2192idr,OPA2192IDR,https://pub-fd1103d4aed04a7c9cbf10d74caaaade.r2.dev/datasheets/C110074.pdf,C_KEY
uc2845bd1013tr,UC2845BD1013TR,https://pub-fd1103d4aed04a7c9cbf10d74caaaade.r2.dev/datasheets/C111203.pdf,C_KEY
at24c64dxhmt,AT24C64D-XHM-T,https://pub-fd1103d4aed04a7c9cbf10d74caaaade.r2.dev/datasheets/C111440.pdf,C_KEY
tps2553dbvr1,TPS2553DBVR-1,https://pub-fd1103d4aed04a7c9cbf10d74caaaade.r2.dev/datasheets/C111738.pdf,C_KEY
rc4558idr,RC4558IDR,https://pub-fd1103d4aed04a7c9cbf10d74caaaade.r2.dev/datasheets/C111851.pdf,C_KEY
max3051ekat,MAX3051EKA+T,https://pub-fd1103d4aed04a7c9cbf10d74caaaade.r2.dev/datasheets/C112005.pdf,C_KEY
lm317lipk,LM317LIPK,https://pub-fd1103d4aed04a7c9cbf10d74caaaade.r2.dev/datasheets/C112537.pdf,C_KEY
mx116l,MX116L,https://pub-fd1103d4aed04a7c9cbf10d74caaaade.r2.dev/datasheets/C113342.pdf,C_KEY
w25x40clsnig,W25X40CLSNIG,https://pub-fd1103d4aed04a7c9cbf10d74caaaade.r2.dev/datasheets/C113674.pdf,C_KEY
tmc2208lat,TMC2208-LA-T,https://pub-fd1103d4aed04a7c9cbf10d74caaaade.r2.dev/datasheets/C115944.pdf,C_KEY
tps2546rter,TPS2546RTER,https://pub-fd1103d4aed04a7c9cbf10d74caaaade.r2.dev/datasheets/C117009.pdf,C_KEY
fod3120,FOD3120,https://pub-fd1103d4aed04a7c9cbf10d74caaaade.r2.dev/datasheets/C119030.pdf,C_KEY
ad8237armzr7,AD8237ARMZ-R7,https://pub-fd1103d4aed04a7c9cbf10d74caaaade.r2.dev/datasheets/C12086.pdf,C_KEY
xfl4020222mec,XFL4020-222MEC,https://pub-fd1103d4aed04a7c9cbf10d74caaaade.r2.dev/datasheets/C122469.pdf,C_KEY
tlv62130rgtr,TLV62130RGTR,https://pub-fd1103d4aed04a7c9cbf10d74caaaade.r2.dev/datasheets/C122479.pdf,C_KEY
tps61165drvr,TPS61165DRVR,https://pub-fd1103d4aed04a7c9cbf10d74caaaade.r2.dev/datasheets/C122568.pdf,C_KEY
mcp2515iso,MCP2515-I/SO,https://pub-fd1103d4aed04a7c9cbf10d74caaaade.r2.dev/datasheets/C12368.pdf,C_KEY
sn74lvc2g14dbvr,SN74LVC2G14DBVR,https://pub-fd1103d4aed04a7c9cbf10d74caaaade.r2.dev/datasheets/C12401.pdf,C_KEY
ltv817sta1,LTV-817S-TA1,https://pub-fd1103d4aed04a7c9cbf10d74caaaade.r2.dev/datasheets/C125121.pdf,C_KEY
uwt1h221mnl1gs,UWT1H221MNL1GS,https://pub-fd1103d4aed04a7c9cbf10d74caaaade.r2.dev/datasheets/C125977.pdf,C_KEY
mcp3021a5teot,MCP3021A5T-E/OT,https://pub-fd1103d4aed04a7c9cbf10d74caaaade.r2.dev/datasheets/C128576.pdf,C_KEY
mcp23s17tess,MCP23S17T-E/SS,https://pub-fd1103d4aed04a7c9cbf10d74caaaade.r2.dev/datasheets/C128577.pdf,C_KEY
ft230xqr,FT230XQ-R,https://pub-fd1103d4aed04a7c9cbf10d74caaaade.r2.dev/datasheets/C128629.pdf,C_KEY
lp298133dbvr,LP2981-33DBVR,https://pub-fd1103d4aed04a7c9cbf10d74caaaade.r2.dev/datasheets/C129997.pdf,C_KEY
abs0732768khzt,ABS07-32.768KHZ-T,https://pub-fd1103d4aed04a7c9cbf10d74caaaade.r2.dev/datasheets/C130253.pdf,C_KEY
dsei3012a,DSEI30-12A,https://pub-fd1103d4aed04a7c9cbf10d74caaaade.r2.dev/datasheets/C130472.pdf,C_KEY
hef4543bt653,"HEF4543BT,653",https://pub-fd1103d4aed04a7c9cbf10d74caaaade.r2.dev/datasheets/C131489.pdf,C_KEY
tps3701ddcr,TPS3701DDCR,https://pub-fd1103d4aed04a7c9cbf10d74caaaade.r2.dev/datasheets/C132788.pdf,C_KEY
apsg250ell331mjb5s,APSG250ELL331MJB5S,https://pub-fd1103d4aed04a7c9cbf10d74caaaade.r2.dev/datasheets/C133439.pdf,C_KEY
pic18f6722ipt,PIC18F6722-I/PT,https://pub-fd1103d4aed04a7c9cbf10d74caaaade.r2.dev/datasheets/C1337388.pdf,C_KEY
mcp41010tisn,MCP41010T-I/SN,https://pub-fd1103d4aed04a7c9cbf10d74caaaade.r2.dev/datasheets/C136395.pdf,C_KEY
c0805c104k1racauto,C0805C104K1RACAUTO,https://pub-fd1103d4aed04a7c9cbf10d74caaaade.r2.dev/datasheets/C141125.pdf,C_KEY
pic16f1828iss,PIC16F1828-I/SS,https://pub-fd1103d4aed04a7c9cbf10d74caaaade.r2.dev/datasheets/C14132.pdf,C_KEY
mcp6293tech,MCP6293T-E/CH,https://pub-fd1103d4aed04a7c9cbf10d74caaaade.r2.dev/datasheets/C141784.pdf,C_KEY
mic94325ymttr,MIC94325YMT-TR,https://pub-fd1103d4aed04a7c9cbf10d74caaaade.r2.dev/datasheets/C144174.pdf,C_KEY
stw33n60m2,STW33N60M2,https://pub-fd1103d4aed04a7c9cbf10d74caaaade.r2.dev/datasheets/C146206.pdf,C_KEY
max253esat,MAX253ESA+T,https://pub-fd1103d4aed04a7c9cbf10d74caaaade.r2.dev/datasheets/C148123.pdf,C_KEY
0805w8f1003t5e,0805W8F1003T5E,https://pub-fd1103d4aed04a7c9cbf10d74caaaade.r2.dev/datasheets/C149504.pdf,C_KEY
dsp812a,DSP8-12A,https://pub-fd1103d4aed04a7c9cbf10d74caaaade.r2.dev/datasheets/C150425.pdf,C_KEY
mcp1700t1802ett,MCP1700T-1802E/TT,https://pub-fd1103d4aed04a7c9cbf10d74caaaade.r2.dev/datasheets/C150796.pdf,C_KEY
smbj30a,SMBJ30A,https://pub-fd1103d4aed04a7c9cbf10d74caaaade.r2.dev/datasheets/C151917.pdf,C_KEY
bep0080sb,BEP0080SB,https://pub-fd1103d4aed04a7c9cbf10d74caaaade.r2.dev/datasheets/C152011.pdf,C_KEY
ixdd630yi,IXDD630YI,https://pub-fd1103d4aed04a7c9cbf10d74caaaade.r2.dev/datasheets/C1524124.pdf,C_KEY
cl05b104ko5nnnc,CL05B104KO5NNNC,https://pub-fd1103d4aed04a7c9cbf10d74caaaade.r2.dev/datasheets/C1525.pdf,C_KEY
ad8539arzreel7,AD8539ARZ-REEL7,https://pub-fd1103d4aed04a7c9cbf10d74caaaade.r2.dev/datasheets/C154930.pdf,C_KEY
t520d477m006ate025,T520D477M006ATE025,https://pub-fd1103d4aed04a7c9cbf10d74caaaade.r2.dev/datasheets/C156460.pdf,C_KEY
ekmz421vsn681mr50s,EKMZ421VSN681MR50S,https://pub-fd1103d4aed04a7c9cbf10d74caaaade.r2.dev/datasheets/C1582613.pdf,C_KEY
cl10b221kb8nnnc,CL10B221KB8NNNC,https://pub-fd1103d4aed04a7c9cbf10d74caaaade.r2.dev/datasheets/C1603.pdf,C_KEY
ltstc191tbkt5a,LTST-C191TBKT-5A,https://pub-fd1103d4aed04a7c9cbf10d74caaaade.r2.dev/datasheets/C161620.pdf,C_KEY
atmega8aau,ATMEGA8A-AU,https://pub-fd1103d4aed04a7c9cbf10d74caaaade.r2.dev/datasheets/C16190.pdf,C_KEY
tlv62568dbvr,TLV62568DBVR,https://pub-fd1103d4aed04a7c9cbf10d74caaaade.r2.dev/datasheets/C163219.pdf,C_KEY
cl10c200jb8nnnc,CL10C200JB8NNNC,https://pub-fd1103d4aed04a7c9cbf10d74caaaade.r2.dev/datasheets/C1648.pdf,C_KEY
fnr4020s4r7mt,FNR4020S4R7MT,https://pub-fd1103d4aed04a7c9cbf10d74caaaade.r2.dev/datasheets/C167828.pdf,C_KEY
cl21a106kpfnnne,CL21A106KPFNNNE,https://pub-fd1103d4aed04a7c9cbf10d74caaaade.r2.dev/datasheets/C17024.pdf,C_KEY
max14919aatpt,MAX14919AATP+T,https://pub-fd1103d4aed04a7c9cbf10d74caaaade.r2.dev/datasheets/C17347297.pdf,C_KEY
vuo8218no7,VUO82-18NO7,https://pub-fd1103d4aed04a7c9cbf10d74caaaade.r2.dev/datasheets/C17506092.pdf,C_KEY
d5116an9cxgxnu,D5116AN9CXGXN-U,https://pub-fd1103d4aed04a7c9cbf10d74caaaade.r2.dev/datasheets/C17616173.pdf,C_KEY
0805w8f4700t5e,0805W8F4700T5E,https://pub-fd1103d4aed04a7c9cbf10d74caaaade.r2.dev/datasheets/C17710.pdf,C_KEY
pdta124et215,"PDTA124ET,215",https://pub-fd1103d4aed04a7c9cbf10d74caaaade.r2.dev/datasheets/C179407.pdf,C_KEY
pmeg6020ep115,"PMEG6020EP,115",https://pub-fd1103d4aed04a7c9cbf10d74caaaade.r2.dev/datasheets/C179433.pdf,C_KEY
pmv40un2r,PMV40UN2R,https://pub-fd1103d4aed04a7c9cbf10d74caaaade.r2.dev/datasheets/C179442.pdf,C_KEY
tlc2252aipwr,TLC2252AIPWR,https://pub-fd1103d4aed04a7c9cbf10d74caaaade.r2.dev/datasheets/C182040.pdf,C_KEY
b1515s1wr3,B1515S-1WR3,https://pub-fd1103d4aed04a7c9cbf10d74caaaade.r2.dev/datasheets/C18212314.pdf,C_KEY
tcan1044vdrq1,TCAN1044VDRQ1,https://pub-fd1103d4aed04a7c9cbf10d74caaaade.r2.dev/datasheets/C1852061.pdf,C_KEY
c1206c473kcracauto,C1206C473KCRACAUTO,https://pub-fd1103d4aed04a7c9cbf10d74caaaade.r2.dev/datasheets/C1864478.pdf,C_KEY
lm4040cim3x41nopb,LM4040CIM3X-4.1/NOPB,https://pub-fd1103d4aed04a7c9cbf10d74caaaade.r2.dev/datasheets/C1880352.pdf,C_KEY
nrf52840qiaar,NRF52840-QIAA-R,https://pub-fd1103d4aed04a7c9cbf10d74caaaade.r2.dev/datasheets/C190794.pdf,C_KEY
gd5f1gm7ueyigr,GD5F1GM7UEYIGR,https://pub-fd1103d4aed04a7c9cbf10d74caaaade.r2.dev/datasheets/C19193269.pdf,C_KEY
mcp6042tisn,MCP6042T-I/SN,https://pub-fd1103d4aed04a7c9cbf10d74caaaade.r2.dev/datasheets/C19250.pdf,C_KEY
bq25756rrvr,BQ25756RRVR,https://pub-fd1103d4aed04a7c9cbf10d74caaaade.r2.dev/datasheets/C19272232.pdf,C_KEY
tps562242drlr,TPS562242DRLR,https://pub-fd1103d4aed04a7c9cbf10d74caaaade.r2.dev/datasheets/C19272253.pdf,C_KEY
mcp9808temc,MCP9808T-E/MC,https://pub-fd1103d4aed04a7c9cbf10d74caaaade.r2.dev/datasheets/C194710.pdf,C_KEY
ma021g00,MA021G00,https://pub-fd1103d4aed04a7c9cbf10d74caaaade.r2.dev/datasheets/C19724713.pdf,C_KEY
max3232euet,MAX3232EUE+T,https://pub-fd1103d4aed04a7c9cbf10d74caaaade.r2.dev/datasheets/C19767.pdf,C_KEY
ua78m05cdcyr,UA78M05CDCYR,https://pub-fd1103d4aed04a7c9cbf10d74caaaade.r2.dev/datasheets/C201654.pdf,C_KEY
tca9517adgkr,TCA9517ADGKR,https://pub-fd1103d4aed04a7c9cbf10d74caaaade.r2.dev/datasheets/C201698.pdf,C_KEY
tc4427aeoa713,TC4427AEOA713,https://pub-fd1103d4aed04a7c9cbf10d74caaaade.r2.dev/datasheets/C20551.pdf,C_KEY
sn74lvc1g132dckr,SN74LVC1G132DCKR,https://pub-fd1103d4aed04a7c9cbf10d74caaaade.r2.dev/datasheets/C205992.pdf,C_KEY
25lc040atisn,25LC040AT-I/SN,https://pub-fd1103d4aed04a7c9cbf10d74caaaade.r2.dev/datasheets/C2061086.pdf,C_KEY
ad8656armzreel,AD8656ARMZ-REEL,https://pub-fd1103d4aed04a7c9cbf10d74caaaade.r2.dev/datasheets/C208582.pdf,C_KEY
hla5730d1ws108hr3ly,HL-A-5730D1W-S1-08-HR3(LY),https://pub-fd1103d4aed04a7c9cbf10d74caaaade.r2.dev/datasheets/C210349.pdf,C_KEY
op275gszreel7,OP275GSZ-REEL7,https://pub-fd1103d4aed04a7c9cbf10d74caaaade.r2.dev/datasheets/C213179.pdf,C_KEY
mcp6001utiot,MCP6001UT-I/OT,https://pub-fd1103d4aed04a7c9cbf10d74caaaade.r2.dev/datasheets/C21403.pdf,C_KEY
max258atat,MAX258ATA+T,https://pub-fd1103d4aed04a7c9cbf10d74caaaade.r2.dev/datasheets/C2149988.pdf,C_KEY
mpz2012s601at000,MPZ2012S601AT000,https://pub-fd1103d4aed04a7c9cbf10d74caaaade.r2.dev/datasheets/C21519.pdf,C_KEY
c0805c104j5ractu,C0805C104J5RACTU,https://pub-fd1103d4aed04a7c9cbf10d74caaaade.r2.dev/datasheets/C2167095.pdf,C_KEY
mcp3424est,MCP3424-E/ST,https://pub-fd1103d4aed04a7c9cbf10d74caaaade.r2.dev/datasheets/C219880.pdf,C_KEY
lan9500aiabzj,LAN9500AI-ABZJ,https://pub-fd1103d4aed04a7c9cbf10d74caaaade.r2.dev/datasheets/C220246.pdf,C_KEY
usb2514bim2,USB2514B-I/M2,https://pub-fd1103d4aed04a7c9cbf10d74caaaade.r2.dev/datasheets/C220679.pdf,C_KEY
dsep2x2512c,DSEP2X25-12C,https://pub-fd1103d4aed04a7c9cbf10d74caaaade.r2.dev/datasheets/C22071251.pdf,C_KEY
pic18f46k22imv,PIC18F46K22-I/MV,https://pub-fd1103d4aed04a7c9cbf10d74caaaade.r2.dev/datasheets/C220828.pdf,C_KEY
tfdu4101tr3,TFDU4101-TR3,https://pub-fd1103d4aed04a7c9cbf10d74caaaade.r2.dev/datasheets/C222419.pdf,C_KEY
ow7el89cenuyo3ylc32m,OW7EL89CENUYO3YLC-32M,https://pub-fd1103d4aed04a7c9cbf10d74caaaade.r2.dev/datasheets/C22381772.pdf,C_KEY
ixtp170n075t2,IXTP170N075T2,https://pub-fd1103d4aed04a7c9cbf10d74caaaade.r2.dev/datasheets/C22419309.pdf,C_KEY
tps563203drlr,TPS563203DRLR,https://pub-fd1103d4aed04a7c9cbf10d74caaaade.r2.dev/datasheets/C22445512.pdf,C_KEY
pesd24vf1bblqyl,PESD24VF1BBL-QYL,https://pub-fd1103d4aed04a7c9cbf10d74caaaade.r2.dev/datasheets/C22465859.pdf,C_KEY
lm317,LM317,https://pub-fd1103d4aed04a7c9cbf10d74caaaade.r2.dev/datasheets/C22466422.pdf,C_KEY
0603waf1004t5e,0603WAF1004T5E,https://pub-fd1103d4aed04a7c9cbf10d74caaaade.r2.dev/datasheets/C22935.pdf,C_KEY
bc848clt1g,BC848CLT1G,https://pub-fd1103d4aed04a7c9cbf10d74caaaade.r2.dev/datasheets/C232538.pdf,C_KEY
max3490eesat,MAX3490EESA+T,https://pub-fd1103d4aed04a7c9cbf10d74caaaade.r2.dev/datasheets/C23404.pdf,C_KEY
tlv320aic3204irhbr,TLV320AIC3204IRHBR,https://pub-fd1103d4aed04a7c9cbf10d74caaaade.r2.dev/datasheets/C24109.pdf,C_KEY
ixfn120n65x2,IXFN120N65X2,https://pub-fd1103d4aed04a7c9cbf10d74caaaade.r2.dev/datasheets/C24785928.pdf,C_KEY
tl431qdbzrqr,TL431QDBZR-QR,https://pub-fd1103d4aed04a7c9cbf10d74caaaade.r2.dev/datasheets/C25715884.pdf,C_KEY
0402wgf5101tce,0402WGF5101TCE,https://pub-fd1103d4aed04a7c9cbf10d74caaaade.r2.dev/datasheets/C25905.pdf,C_KEY
max96714fgtjvyt,MAX96714FGTJ/VY+T,https://pub-fd1103d4aed04a7c9cbf10d74caaaade.r2.dev/datasheets/C25969261.pdf,C_KEY
tl064cpwr,TL064CPWR,https://pub-fd1103d4aed04a7c9cbf10d74caaaade.r2.dev/datasheets/C2652250.pdf,C_KEY
ina181a3idbvr,INA181A3IDBVR,https://pub-fd1103d4aed04a7c9cbf10d74caaaade.r2.dev/datasheets/C2652255.pdf,C_KEY
bzt52c5v1s,BZT52C5V1S,https://pub-fd1103d4aed04a7c9cbf10d74caaaade.r2.dev/datasheets/C266578.pdf,C_KEY
max14827aatgt,MAX14827AATG+T,https://pub-fd1103d4aed04a7c9cbf10d74caaaade.r2.dev/datasheets/C2672357.pdf,C_KEY
tms320f2808pza,TMS320F2808PZA,https://pub-fd1103d4aed04a7c9cbf10d74caaaade.r2.dev/datasheets/C26801.pdf,C_KEY
sn74lv165adr,SN74LV165ADR,https://pub-fd1103d4aed04a7c9cbf10d74caaaade.r2.dev/datasheets/C273656.pdf,C_KEY
ixfn62n80q3,IXFN62N80Q3,https://pub-fd1103d4aed04a7c9cbf10d74caaaade.r2.dev/datasheets/C27392237.pdf,C_KEY
mx25l25645gm2i10gtr,MX25L25645GM2I-10GTR,https://pub-fd1103d4aed04a7c9cbf10d74caaaade.r2.dev/datasheets/C2802976.pdf,C_KEY
bav70w115,"BAV70W,115",https://pub-fd1103d4aed04a7c9cbf10d74caaaade.r2.dev/datasheets/C28064.pdf,C_KEY
cl21c222jbfnnne,CL21C222JBFNNNE,https://pub-fd1103d4aed04a7c9cbf10d74caaaade.r2.dev/datasheets/C28260.pdf,C_KEY
rvt47uf35v67rv0039,RVT47UF35V67RV0039,https://pub-fd1103d4aed04a7c9cbf10d74caaaade.r2.dev/datasheets/C2836440.pdf,C_KEY
max15062aatat,MAX15062AATA+T,https://pub-fd1103d4aed04a7c9cbf10d74caaaade.r2.dev/datasheets/C2846801.pdf,C_KEY
ixtx102n65x2,IXTX102N65X2,https://pub-fd1103d4aed04a7c9cbf10d74caaaade.r2.dev/datasheets/C28490640.pdf,C_KEY
tlv76050dbzr,TLV76050DBZR,https://pub-fd1103d4aed04a7c9cbf10d74caaaade.r2.dev/datasheets/C2867465.pdf,C_KEY
tlv75518pdbvr,TLV75518PDBVR,https://pub-fd1103d4aed04a7c9cbf10d74caaaade.r2.dev/datasheets/C2877863.pdf,C_KEY
mcp3008ip,MCP3008-I/P,https://pub-fd1103d4aed04a7c9cbf10d74caaaade.r2.dev/datasheets/C2890491.pdf,C_KEY
lpc2214fbd14401k,LPC2214FBD144/01K,https://pub-fd1103d4aed04a7c9cbf10d74caaaade.r2.dev/datasheets/C2892064.pdf,C_KEY
nt5cc128m16jreki,NT5CC128M16JR-EKI,https://pub-fd1103d4aed04a7c9cbf10d74caaaade.r2.dev/datasheets/C2904577.pdf,C_KEY
1n5819wss4,1N5819WS S4,https://pub-fd1103d4aed04a7c9cbf10d74caaaade.r2.dev/datasheets/C2927280.pdf,C_KEY
w25q256jweiq,W25Q256JWEIQ,https://pub-fd1103d4aed04a7c9cbf10d74caaaade.r2.dev/datasheets/C2940048.pdf,C_KEY
ir2104strpbf,IR2104STRPBF,https://pub-fd1103d4aed04a7c9cbf10d74caaaade.r2.dev/datasheets/C2960.pdf,C_KEY
cl21a226koqnnne,CL21A226KOQNNNE,https://pub-fd1103d4aed04a7c9cbf10d74caaaade.r2.dev/datasheets/C296720.pdf,C_KEY
mcp6541teot,MCP6541T-E/OT,https://pub-fd1103d4aed04a7c9cbf10d74caaaade.r2.dev/datasheets/C2980237.pdf,C_KEY
ds3231mztrl,DS3231MZ+TRL,https://pub-fd1103d4aed04a7c9cbf10d74caaaade.r2.dev/datasheets/C107410.pdf,C_KEY
ltc1668igpbf,LTC1668IG#PBF,https://pub-fd1103d4aed04a7c9cbf10d74caaaade.r2.dev/datasheets/C107746.pdf,C_KEY
1779161,177916-1,https://pub-fd1103d4aed04a7c9cbf10d74caaaade.r2.dev/datasheets/C111505.pdf,C_KEY
phr4,PHR-4,https://pub-fd1103d4aed04a7c9cbf10d74caaaade.r2.dev/datasheets/C111514.pdf,C_KEY
lm5069mm2nopb,LM5069MM-2/NOPB,https://pub-fd1103d4aed04a7c9cbf10d74caaaade.r2.dev/datasheets/C111822.pdf,C_KEY
tps3897adryr,TPS3897ADRYR,https://pub-fd1103d4aed04a7c9cbf10d74caaaade.r2.dev/datasheets/C112437.pdf,C_KEY
skrkaee020,SKRKAEE020,https://pub-fd1103d4aed04a7c9cbf10d74caaaade.r2.dev/datasheets/C115357.pdf,C_KEY
masw007107tr3000,MASW-007107-TR3000,https://pub-fd1103d4aed04a7c9cbf10d74caaaade.r2.dev/datasheets/C122461.pdf,C_KEY
mfmsmf0102,MF-MSMF010-2,https://pub-fd1103d4aed04a7c9cbf10d74caaaade.r2.dev/datasheets/C12430.pdf,C_KEY
sm06bghstblfsn,SM06B-GHS-TB(LF)(SN),https://pub-fd1103d4aed04a7c9cbf10d74caaaade.r2.dev/datasheets/C133065.pdf,C_KEY
iso7241cdwr,ISO7241CDWR,https://pub-fd1103d4aed04a7c9cbf10d74caaaade.r2.dev/datasheets/C133245.pdf,C_KEY
max1968euit,MAX1968EUI+T,https://pub-fd1103d4aed04a7c9cbf10d74caaaade.r2.dev/datasheets/C143387.pdf,C_KEY
mic2774n29ym5tr,MIC2774N-29YM5-TR,https://pub-fd1103d4aed04a7c9cbf10d74caaaade.r2.dev/datasheets/C145588.pdf,C_KEY
b5bphkslfsn,B5B-PH-K-S(LF)(SN),https://pub-fd1103d4aed04a7c9cbf10d74caaaade.r2.dev/datasheets/C157993.pdf,C_KEY
jst24a800bw,JST24A-800BW,https://pub-fd1103d4aed04a7c9cbf10d74caaaade.r2.dev/datasheets/C167649.pdf,C_KEY
ixyt25n250chv,IXYT25N250CHV,https://pub-fd1103d4aed04a7c9cbf10d74caaaade.r2.dev/datasheets/C17218292.pdf,C_KEY
23121101,2312110-1,https://pub-fd1103d4aed04a7c9cbf10d74caaaade.r2.dev/datasheets/C17649543.pdf,C_KEY
ixbx25n250,IXBX25N250,https://pub-fd1103d4aed04a7c9cbf10d74caaaade.r2.dev/datasheets/C17682429.pdf,C_KEY
adg508fbrnzreel7,ADG508FBRNZ-REEL7,https://pub-fd1103d4aed04a7c9cbf10d74caaaade.r2.dev/datasheets/C179458.pdf,C_KEY
1703251,170325-1,https://pub-fd1103d4aed04a7c9cbf10d74caaaade.r2.dev/datasheets/C188430.pdf,C_KEY
1779141,177914-1,https://pub-fd1103d4aed04a7c9cbf10d74caaaade.r2.dev/datasheets/C188467.pdf,C_KEY
mcp4726a0tech,MCP4726A0T-E/CH,https://pub-fd1103d4aed04a7c9cbf10d74caaaade.r2.dev/datasheets/C191581.pdf,C_KEY
1723371,172337-1,https://pub-fd1103d4aed04a7c9cbf10d74caaaade.r2.dev/datasheets/C201426.pdf,C_KEY
tms320c6748ezwtd4,TMS320C6748EZWTD4,https://pub-fd1103d4aed04a7c9cbf10d74caaaade.r2.dev/datasheets/C202313.pdf,C_KEY
hfcg2500,HFCG-2500+,https://pub-fd1103d4aed04a7c9cbf10d74caaaade.r2.dev/datasheets/C20231731.pdf,C_KEY
22984941,2298494-1,https://pub-fd1103d4aed04a7c9cbf10d74caaaade.r2.dev/datasheets/C20485674.pdf,C_KEY
21775264,2177526-4,https://pub-fd1103d4aed04a7c9cbf10d74caaaade.r2.dev/datasheets/C20493577.pdf,C_KEY
18275722,1827572-2,https://pub-fd1103d4aed04a7c9cbf10d74caaaade.r2.dev/datasheets/C212076.pdf,C_KEY
24046531,2404653-1,https://pub-fd1103d4aed04a7c9cbf10d74caaaade.r2.dev/datasheets/C22387919.pdf,C_KEY
w25q40ewuxie,W25Q40EWUXIE,https://pub-fd1103d4aed04a7c9cbf10d74caaaade.r2.dev/datasheets/C22451509.pdf,C_KEY
icm45686,ICM-45686,https://pub-fd1103d4aed04a7c9cbf10d74caaaade.r2.dev/datasheets/C22459454.pdf,C_KEY
icsrc6508sfr,ICSRC6508SFR,https://pub-fd1103d4aed04a7c9cbf10d74caaaade.r2.dev/datasheets/C238199.pdf,C_KEY
s4bphsm4tblfsn,S4B-PH-SM4-TB(LF)(SN),https://pub-fd1103d4aed04a7c9cbf10d74caaaade.r2.dev/datasheets/C265102.pdf,C_KEY
at42qt2120xur,AT42QT2120-XUR,https://pub-fd1103d4aed04a7c9cbf10d74caaaade.r2.dev/datasheets/C2652098.pdf,C_KEY
phr3,PHR-3,https://pub-fd1103d4aed04a7c9cbf10d74caaaade.r2.dev/datasheets/C265393.pdf,C_KEY
qcn25,QCN-25+,https://pub-fd1103d4aed04a7c9cbf10d74caaaade.r2.dev/datasheets/C2683439.pdf,C_KEY
kh6x6x43hstm,KH-6X6X4.3H-STM,https://pub-fd1103d4aed04a7c9cbf10d74caaaade.r2.dev/datasheets/C2837530.pdf,C_KEY
axk680337yg,AXK680337YG,https://pub-fd1103d4aed04a7c9cbf10d74caaaade.r2.dev/datasheets/C2848859.pdf,C_KEY
tmp302adrlr,TMP302ADRLR,https://pub-fd1103d4aed04a7c9cbf10d74caaaade.r2.dev/datasheets/C2877557.pdf,C_KEY
tsa016a2518c,TSA016A2518C,https://pub-fd1103d4aed04a7c9cbf10d74caaaade.r2.dev/datasheets/C2888430.pdf,C_KEY
36404432,3-640443-2,https://pub-fd1103d4aed04a7c9cbf10d74caaaade.r2.dev/datasheets/C2895597.pdf,C_KEY
hdgc2001wrs2p,HDGC2001WR-S-2P,https://pub-fd1103d4aed04a7c9cbf10d74caaaade.r2.dev/datasheets/C2936224.pdf,C_KEY
amc3330dwer,AMC3330DWER,https://pub-fd1103d4aed04a7c9cbf10d74caaaade.r2.dev/datasheets/C2999368.pdf,C_KEY
ura2405s6wr3,URA2405S-6WR3,https://pub-fd1103d4aed04a7c9cbf10d74caaaade.r2.dev/datasheets/C3031187.pdf,C_KEY
xfl4020152mec,XFL4020-152MEC,https://pub-fd1103d4aed04a7c9cbf10d74caaaade.r2.dev/datasheets/C3033018.pdf,C_KEY
hxy70p03d,HXY70P03D,https://pub-fd1103d4aed04a7c9cbf10d74caaaade.r2.dev/datasheets/C3033440.pdf,C_KEY
tt0321sbx,TT0321SBX,https://pub-fd1103d4aed04a7c9cbf10d74caaaade.r2.dev/datasheets/C3038065.pdf,C_KEY
sn65176bdr,SN65176BDR,https://pub-fd1103d4aed04a7c9cbf10d74caaaade.r2.dev/datasheets/C31302.pdf,C_KEY
tl431qdbzr,TL431QDBZR,https://pub-fd1103d4aed04a7c9cbf10d74caaaade.r2.dev/datasheets/C316457.pdf,C_KEY
cl05a475mo5nunc,CL05A475MO5NUNC,https://pub-fd1103d4aed04a7c9cbf10d74caaaade.r2.dev/datasheets/C318563.pdf,C_KEY
tps54j060rpgr,TPS54J060RPGR,https://pub-fd1103d4aed04a7c9cbf10d74caaaade.r2.dev/datasheets/C3188033.pdf,C_KEY
ixyh85n120a4,IXYH85N120A4,https://pub-fd1103d4aed04a7c9cbf10d74caaaade.r2.dev/datasheets/C3193650.pdf,C_KEY
lm74502ddfr,LM74502DDFR,https://pub-fd1103d4aed04a7c9cbf10d74caaaade.r2.dev/datasheets/C3236215.pdf,C_KEY
ba4116fve2,BA4116FV-E2,https://pub-fd1103d4aed04a7c9cbf10d74caaaade.r2.dev/datasheets/C323855.pdf,C_KEY
21031911,2103191-1,https://pub-fd1103d4aed04a7c9cbf10d74caaaade.r2.dev/datasheets/C3270505.pdf,C_KEY
bsh103bkr,BSH103BKR,https://pub-fd1103d4aed04a7c9cbf10d74caaaade.r2.dev/datasheets/C3280964.pdf,C_KEY
ixtp94n20x4,IXTP94N20X4,https://pub-fd1103d4aed04a7c9cbf10d74caaaade.r2.dev/datasheets/C3290200.pdf,C_KEY
dshp02tjger,DSHP02TJGER,https://pub-fd1103d4aed04a7c9cbf10d74caaaade.r2.dev/datasheets/C3293149.pdf,C_KEY
rvt2a470m1010,RVT2A470M1010,https://pub-fd1103d4aed04a7c9cbf10d74caaaade.r2.dev/datasheets/C335988.pdf,C_KEY
max811seust,MAX811SEUS+T,https://pub-fd1103d4aed04a7c9cbf10d74caaaade.r2.dev/datasheets/C33724.pdf,C_KEY
ekya630ell471mk25s,EKYA630ELL471MK25S,https://pub-fd1103d4aed04a7c9cbf10d74caaaade.r2.dev/datasheets/C337253.pdf,C_KEY
lm2902dr,LM2902DR,https://pub-fd1103d4aed04a7c9cbf10d74caaaade.r2.dev/datasheets/C350545.pdf,C_KEY
sn75lvds83bdggr,SN75LVDS83BDGGR,https://pub-fd1103d4aed04a7c9cbf10d74caaaade.r2.dev/datasheets/C35164.pdf,C_KEY
sn74lvc1g123dcur,SN74LVC1G123DCUR,https://pub-fd1103d4aed04a7c9cbf10d74caaaade.r2.dev/datasheets/C352969.pdf,C_KEY
lm2594mx50nopb,LM2594MX-5.0/NOPB,https://pub-fd1103d4aed04a7c9cbf10d74caaaade.r2.dev/datasheets/C35323.pdf,C_KEY
mcc5616io1b,MCC56-16IO1B,https://pub-fd1103d4aed04a7c9cbf10d74caaaade.r2.dev/datasheets/C3614777.pdf,C_KEY
drv8841pwpr,DRV8841PWPR,https://pub-fd1103d4aed04a7c9cbf10d74caaaade.r2.dev/datasheets/C36542.pdf,C_KEY
iso7721dr,ISO7721DR,https://pub-fd1103d4aed04a7c9cbf10d74caaaade.r2.dev/datasheets/C366164.pdf,C_KEY
cl05a475kp5nrnc,CL05A475KP5NRNC,https://pub-fd1103d4aed04a7c9cbf10d74caaaade.r2.dev/datasheets/C368809.pdf,C_KEY
sn74hc245pwr,SN74HC245PWR,https://pub-fd1103d4aed04a7c9cbf10d74caaaade.r2.dev/datasheets/C37101.pdf,C_KEY
max38902cantt,MAX38902CANT+T,https://pub-fd1103d4aed04a7c9cbf10d74caaaade.r2.dev/datasheets/C3747363.pdf,C_KEY
op2177armzr7,OP2177ARMZ-R7,https://pub-fd1103d4aed04a7c9cbf10d74caaaade.r2.dev/datasheets/C389592.pdf,C_KEY
adg1208yruzreel7,ADG1208YRUZ-REEL7,https://pub-fd1103d4aed04a7c9cbf10d74caaaade.r2.dev/datasheets/C391266.pdf,C_KEY
1792271,179227-1,https://pub-fd1103d4aed04a7c9cbf10d74caaaade.r2.dev/datasheets/C392419.pdf,C_KEY
ad8421arzr7,AD8421ARZ-R7,https://pub-fd1103d4aed04a7c9cbf10d74caaaade.r2.dev/datasheets/C392903.pdf,C_KEY
isc018n08nm6atma1,ISC018N08NM6ATMA1,https://pub-fd1103d4aed04a7c9cbf10d74caaaade.r2.dev/datasheets/C39329323.pdf,C_KEY
tlv9002idr,TLV9002IDR,https://pub-fd1103d4aed04a7c9cbf10d74caaaade.r2.dev/datasheets/C398360.pdf,C_KEY
adr4540arzr7,ADR4540ARZ-R7,https://pub-fd1103d4aed04a7c9cbf10d74caaaade.r2.dev/datasheets/C404002.pdf,C_KEY
cd4081bm96,CD4081BM96,https://pub-fd1103d4aed04a7c9cbf10d74caaaade.r2.dev/datasheets/C40551.pdf,C_KEY
pesd2ivn24tr,PESD2IVN24-TR,https://pub-fd1103d4aed04a7c9cbf10d74caaaade.r2.dev/datasheets/C406047.pdf,C_KEY
grm155r61a106me11d,GRM155R61A106ME11D,https://pub-fd1103d4aed04a7c9cbf10d74caaaade.r2.dev/datasheets/C408132.pdf,C_KEY
ekxj201ell101mk25s,EKXJ201ELL101MK25S,https://pub-fd1103d4aed04a7c9cbf10d74caaaade.r2.dev/datasheets/C410337.pdf,C_KEY
khsmak513g,KH-SMA-K513-G,https://pub-fd1103d4aed04a7c9cbf10d74caaaade.r2.dev/datasheets/C411575.pdf,C_KEY
es1j,ES1J,https://pub-fd1103d4aed04a7c9cbf10d74caaaade.r2.dev/datasheets/C412438.pdf,C_KEY
ad633jrzr7,AD633JRZ-R7,https://pub-fd1103d4aed04a7c9cbf10d74caaaade.r2.dev/datasheets/C412448.pdf,C_KEY
adn8834acpzr7,ADN8834ACPZ-R7,https://pub-fd1103d4aed04a7c9cbf10d74caaaade.r2.dev/datasheets/C415695.pdf,C_KEY
xxl150950,XXL1509-5.0,https://pub-fd1103d4aed04a7c9cbf10d74caaaade.r2.dev/datasheets/C42376977.pdf,C_KEY
ss8050y1,SS8050 Y1,https://pub-fd1103d4aed04a7c9cbf10d74caaaade.r2.dev/datasheets/C42441445.pdf,C_KEY
gm12043ahzrl,GM12043AHZ-RL,https://pub-fd1103d4aed04a7c9cbf10d74caaaade.r2.dev/datasheets/C42460937.pdf,C_KEY
dsek6006a,DSEK60-06A,https://pub-fd1103d4aed04a7c9cbf10d74caaaade.r2.dev/datasheets/C426671.pdf,C_KEY
dsp4516a,DSP45-16A,https://pub-fd1103d4aed04a7c9cbf10d74caaaade.r2.dev/datasheets/C426676.pdf,C_KEY
ixtq96n20p,IXTQ96N20P,https://pub-fd1103d4aed04a7c9cbf10d74caaaade.r2.dev/datasheets/C426678.pdf,C_KEY
23201792,2320179-2,https://pub-fd1103d4aed04a7c9cbf10d74caaaade.r2.dev/datasheets/C42673040.pdf,C_KEY
bzx585c15115,"BZX585-C15,115",https://pub-fd1103d4aed04a7c9cbf10d74caaaade.r2.dev/datasheets/C426827.pdf,C_KEY
nt5cc128m16jrek,NT5CC128M16JR-EK,https://pub-fd1103d4aed04a7c9cbf10d74caaaade.r2.dev/datasheets/C428583.pdf,C_KEY
ixdn602siatr,IXDN602SIATR,https://pub-fd1103d4aed04a7c9cbf10d74caaaade.r2.dev/datasheets/C431679.pdf,C_KEY
fxos8700cqr1,FXOS8700CQR1,https://pub-fd1103d4aed04a7c9cbf10d74caaaade.r2.dev/datasheets/C432308.pdf,C_KEY
tca39306dcur,TCA39306DCUR,https://pub-fd1103d4aed04a7c9cbf10d74caaaade.r2.dev/datasheets/C4364204.pdf,C_KEY
mcp6007tesn,MCP6007T-E/SN,https://pub-fd1103d4aed04a7c9cbf10d74caaaade.r2.dev/datasheets/C4368387.pdf,C_KEY
ad7685brmzrl7,AD7685BRMZRL7,https://pub-fd1103d4aed04a7c9cbf10d74caaaade.r2.dev/datasheets/C44637.pdf,C_KEY
ipw60r060p7,IPW60R060P7,https://pub-fd1103d4aed04a7c9cbf10d74caaaade.r2.dev/datasheets/C454258.pdf,C_KEY
bzx585b13115,"BZX585-B13,115",https://pub-fd1103d4aed04a7c9cbf10d74caaaade.r2.dev/datasheets/C455020.pdf,C_KEY
buk9y5960e115,"BUK9Y59-60E,115",https://pub-fd1103d4aed04a7c9cbf10d74caaaade.r2.dev/datasheets/C461193.pdf,C_KEY
dsei806a,DSEI8-06A,https://pub-fd1103d4aed04a7c9cbf10d74caaaade.r2.dev/datasheets/C461301.pdf,C_KEY
pic16f15345iss,PIC16F15345-I/SS,https://pub-fd1103d4aed04a7c9cbf10d74caaaade.r2.dev/datasheets/C461619.pdf,C_KEY
mc7818cd2tr4g,MC7818CD2TR4G,https://pub-fd1103d4aed04a7c9cbf10d74caaaade.r2.dev/datasheets/C462852.pdf,C_KEY
uc3842bvd1r2g,UC3842BVD1R2G,https://pub-fd1103d4aed04a7c9cbf10d74caaaade.r2.dev/datasheets/C462971.pdf,C_KEY
tps564201ddcr,TPS564201DDCR,https://pub-fd1103d4aed04a7c9cbf10d74caaaade.r2.dev/datasheets/C464812.pdf,C_KEY
mmbt39062a,MMBT3906 2A,https://pub-fd1103d4aed04a7c9cbf10d74caaaade.r2.dev/datasheets/C46956347.pdf,C_KEY
smbj36ca,SMBJ36CA,https://pub-fd1103d4aed04a7c9cbf10d74caaaade.r2.dev/datasheets/C46956406.pdf,C_KEY
apsg160etd272mj20s,APSG160ETD272MJ20S,https://pub-fd1103d4aed04a7c9cbf10d74caaaade.r2.dev/datasheets/C47018271.pdf,C_KEY
g6k2fytrdc5,G6K-2F-Y-TR DC5,https://pub-fd1103d4aed04a7c9cbf10d74caaaade.r2.dev/datasheets/C47190.pdf,C_KEY
kf243502p,KF243-5.0-2P,https://pub-fd1103d4aed04a7c9cbf10d74caaaade.r2.dev/datasheets/C475222.pdf,C_KEY
bat54s215,"BAT54S,215",https://pub-fd1103d4aed04a7c9cbf10d74caaaade.r2.dev/datasheets/C47546.pdf,C_KEY
tps54060adgqr,TPS54060ADGQR,https://pub-fd1103d4aed04a7c9cbf10d74caaaade.r2.dev/datasheets/C477925.pdf,C_KEY
ip3319cx6135,"IP3319CX6,135",https://pub-fd1103d4aed04a7c9cbf10d74caaaade.r2.dev/datasheets/C478129.pdf,C_KEY
atm90e36aaur,ATM90E36A-AU-R,https://pub-fd1103d4aed04a7c9cbf10d74caaaade.r2.dev/datasheets/C481363.pdf,C_KEY
micrf113ym6tr,MICRF113YM6-TR,https://pub-fd1103d4aed04a7c9cbf10d74caaaade.r2.dev/datasheets/C481380.pdf,C_KEY
ht7133std55v,HT7133S-TD(55V),https://pub-fd1103d4aed04a7c9cbf10d74caaaade.r2.dev/datasheets/C49023489.pdf,C_KEY
ltr308als01,LTR-308ALS-01,https://pub-fd1103d4aed04a7c9cbf10d74caaaade.r2.dev/datasheets/C492382.pdf,C_KEY
pohs04022r2m,POHS0402-2R2M,https://pub-fd1103d4aed04a7c9cbf10d74caaaade.r2.dev/datasheets/C49332937.pdf,C_KEY
tps7a0533pdbvr,TPS7A0533PDBVR,https://pub-fd1103d4aed04a7c9cbf10d74caaaade.r2.dev/datasheets/C493453.pdf,C_KEY
ds1302zmsk,DS1302Z+MSK,https://pub-fd1103d4aed04a7c9cbf10d74caaaade.r2.dev/datasheets/C49375269.pdf,C_KEY
ltm4644iypbf,LTM4644IY#PBF,https://pub-fd1103d4aed04a7c9cbf10d74caaaade.r2.dev/datasheets/C494502.pdf,C_KEY
ad8056arzreel7,AD8056ARZ-REEL7,https://pub-fd1103d4aed04a7c9cbf10d74caaaade.r2.dev/datasheets/C495041.pdf,C_KEY
cc0805krx7r9bb104,CC0805KRX7R9BB104,https://pub-fd1103d4aed04a7c9cbf10d74caaaade.r2.dev/datasheets/C49678.pdf,C_KEY
ixxh75n60c3d1,IXXH75N60C3D1,https://pub-fd1103d4aed04a7c9cbf10d74caaaade.r2.dev/datasheets/C497178.pdf,C_KEY
ixth48n65x2,IXTH48N65X2,https://pub-fd1103d4aed04a7c9cbf10d74caaaade.r2.dev/datasheets/C497179.pdf,C_KEY
7948941,794894-1,https://pub-fd1103d4aed04a7c9cbf10d74caaaade.r2.dev/datasheets/C498493.pdf,C_KEY
28223461,2822346-1,https://pub-fd1103d4aed04a7c9cbf10d74caaaade.r2.dev/datasheets/C499120.pdf,C_KEY
bzx585c3v3115,"BZX585-C3V3,115",https://pub-fd1103d4aed04a7c9cbf10d74caaaade.r2.dev/datasheets/C503448.pdf,C_KEY
khaf90dip112,KH-AF90DIP-112,https://pub-fd1103d4aed04a7c9cbf10d74caaaade.r2.dev/datasheets/C503996.pdf,C_KEY
ixtp230n075t2,IXTP230N075T2,https://pub-fd1103d4aed04a7c9cbf10d74caaaade.r2.dev/datasheets/C508473.pdf,C_KEY
pic12lf1822tisn,PIC12LF1822T-I/SN,https://pub-fd1103d4aed04a7c9cbf10d74caaaade.r2.dev/datasheets/C510902.pdf,C_KEY
mcp1640ctichy,MCP1640CT-I/CHY,https://pub-fd1103d4aed04a7c9cbf10d74caaaade.r2.dev/datasheets/C511326.pdf,C_KEY
mx1616h,MX1616H,https://pub-fd1103d4aed04a7c9cbf10d74caaaade.r2.dev/datasheets/C5119044.pdf,C_KEY
pesd5v0v1bdsf315,"PESD5V0V1BDSF,315",https://pub-fd1103d4aed04a7c9cbf10d74caaaade.r2.dev/datasheets/C513113.pdf,C_KEY
pbss5250x115,"PBSS5250X,115",https://pub-fd1103d4aed04a7c9cbf10d74caaaade.r2.dev/datasheets/C513116.pdf,C_KEY
adm7172acpz33r7,ADM7172ACPZ-3.3-R7,https://pub-fd1103d4aed04a7c9cbf10d74caaaade.r2.dev/datasheets/C514342.pdf,C_KEY
ad7699bcpzrl7,AD7699BCPZRL7,https://pub-fd1103d4aed04a7c9cbf10d74caaaade.r2.dev/datasheets/C515879.pdf,C_KEY
asp1102ar6ghca012c,A-SP1102AR6GHC-A01-2C,https://pub-fd1103d4aed04a7c9cbf10d74caaaade.r2.dev/datasheets/C5160724.pdf,C_KEY
23032721,2303272-1,https://pub-fd1103d4aed04a7c9cbf10d74caaaade.r2.dev/datasheets/C5164970.pdf,C_KEY
hdgc3963wv3p,HDGC3963WV-3P,https://pub-fd1103d4aed04a7c9cbf10d74caaaade.r2.dev/datasheets/C5175277.pdf,C_KEY
fwp252012pr68ml,FWP252012P-R68ML,https://pub-fd1103d4aed04a7c9cbf10d74caaaade.r2.dev/datasheets/C5179443.pdf,C_KEY
fwp252010p2r2ml,FWP252010P-2R2ML,https://pub-fd1103d4aed04a7c9cbf10d74caaaade.r2.dev/datasheets/C5179453.pdf,C_KEY
tja1044t1z,TJA1044T/1Z,https://pub-fd1103d4aed04a7c9cbf10d74caaaade.r2.dev/datasheets/C520388.pdf,C_KEY
xkxgisua32768k,XKXGI-SUA-32.768K,https://pub-fd1103d4aed04a7c9cbf10d74caaaade.r2.dev/datasheets/C5213671.pdf,C_KEY
xbl2594madj,XBL2594M-ADJ,https://pub-fd1103d4aed04a7c9cbf10d74caaaade.r2.dev/datasheets/C52177888.pdf,C_KEY
mcp4812tesn,MCP4812T-E/SN,https://pub-fd1103d4aed04a7c9cbf10d74caaaade.r2.dev/datasheets/C5230475.pdf,C_KEY
ksz8061mnxvtr,KSZ8061MNXV-TR,https://pub-fd1103d4aed04a7c9cbf10d74caaaade.r2.dev/datasheets/C5236031.pdf,C_KEY
ad7606c16bstzrl,AD7606C-16BSTZ-RL,https://pub-fd1103d4aed04a7c9cbf10d74caaaade.r2.dev/datasheets/C5240947.pdf,C_KEY
am26lv32idr,AM26LV32IDR,https://pub-fd1103d4aed04a7c9cbf10d74caaaade.r2.dev/datasheets/C524786.pdf,C_KEY
xbl1509badj,XBL1509B-ADJ,https://pub-fd1103d4aed04a7c9cbf10d74caaaade.r2.dev/datasheets/C52711688.pdf,C_KEY
at32f403arct7,AT32F403ARCT7,https://pub-fd1103d4aed04a7c9cbf10d74caaaade.r2.dev/datasheets/C528439.pdf,C_KEY
stm32g071gbu6,STM32G071GBU6,https://pub-fd1103d4aed04a7c9cbf10d74caaaade.r2.dev/datasheets/C529347.pdf,C_KEY
tda2030a,TDA2030A,https://pub-fd1103d4aed04a7c9cbf10d74caaaade.r2.dev/datasheets/C5296731.pdf,C_KEY
254,2.54,https://pub-fd1103d4aed04a7c9cbf10d74caaaade.r2.dev/datasheets/C5305.pdf,C_KEY
gh125mm4plt,GH1.25mm-4P-LT,https://pub-fd1103d4aed04a7c9cbf10d74caaaade.r2.dev/datasheets/C53055373.pdf,C_KEY
khsmakwe17g,KH-SMA-KWE17-G,https://pub-fd1103d4aed04a7c9cbf10d74caaaade.r2.dev/datasheets/C530662.pdf,C_KEY
xr04204r7m,XR0420-4R7M,https://pub-fd1103d4aed04a7c9cbf10d74caaaade.r2.dev/datasheets/C5307591.pdf,C_KEY
2ed2410emxuma1,2ED2410EMXUMA1,https://pub-fd1103d4aed04a7c9cbf10d74caaaade.r2.dev/datasheets/C5311651.pdf,C_KEY
xbl2596s50,XBL2596S-5.0,https://pub-fd1103d4aed04a7c9cbf10d74caaaade.r2.dev/datasheets/C53202470.pdf,C_KEY
59659061,5-965906-1,https://pub-fd1103d4aed04a7c9cbf10d74caaaade.r2.dev/datasheets/C532140.pdf,C_KEY
si2319,SI2319,https://pub-fd1103d4aed04a7c9cbf10d74caaaade.r2.dev/datasheets/C5337197.pdf,C_KEY
bcp56,BCP56,https://pub-fd1103d4aed04a7c9cbf10d74caaaade.r2.dev/datasheets/C5345976.pdf,C_KEY
aph0420t6r8m,APH0420T6R8M,https://pub-fd1103d4aed04a7c9cbf10d74caaaade.r2.dev/datasheets/C5349669.pdf,C_KEY
aph0630t5r6m,APH0630T5R6M,https://pub-fd1103d4aed04a7c9cbf10d74caaaade.r2.dev/datasheets/C5349708.pdf,C_KEY
74hc14,74HC14,https://pub-fd1103d4aed04a7c9cbf10d74caaaade.r2.dev/datasheets/C5356103.pdf,C_KEY
mdd50n03d,MDD50N03D,https://pub-fd1103d4aed04a7c9cbf10d74caaaade.r2.dev/datasheets/C5357578.pdf,C_KEY
b0512s2wr3,B0512S-2WR3,https://pub-fd1103d4aed04a7c9cbf10d74caaaade.r2.dev/datasheets/C5369475.pdf,C_KEY
qa121c2,QA121C2,https://pub-fd1103d4aed04a7c9cbf10d74caaaade.r2.dev/datasheets/C5369868.pdf,C_KEY
adbms1818aswazrl,ADBMS1818ASWAZ-RL,https://pub-fd1103d4aed04a7c9cbf10d74caaaade.r2.dev/datasheets/C5372802.pdf,C_KEY
opa330aiyffr,OPA330AIYFFR,https://pub-fd1103d4aed04a7c9cbf10d74caaaade.r2.dev/datasheets/C543010.pdf,C_KEY
lm2904avqdr,LM2904AVQDR,https://pub-fd1103d4aed04a7c9cbf10d74caaaade.r2.dev/datasheets/C543047.pdf,C_KEY
lmv7271mgxnopb,LMV7271MGX/NOPB,https://pub-fd1103d4aed04a7c9cbf10d74caaaade.r2.dev/datasheets/C543066.pdf,C_KEY
tps77533dr,TPS77533DR,https://pub-fd1103d4aed04a7c9cbf10d74caaaade.r2.dev/datasheets/C544323.pdf,C_KEY
tps2065dr,TPS2065DR,https://pub-fd1103d4aed04a7c9cbf10d74caaaade.r2.dev/datasheets/C544468.pdf,C_KEY
td301dcan,TD301DCAN,https://pub-fd1103d4aed04a7c9cbf10d74caaaade.r2.dev/datasheets/C5451841.pdf,C_KEY
lq1254pwt,LQ-1.25-4PWT,https://pub-fd1103d4aed04a7c9cbf10d74caaaade.r2.dev/datasheets/C54618713.pdf,C_KEY
lqgh1252plt,LQ-GH1.25-2PLT,https://pub-fd1103d4aed04a7c9cbf10d74caaaade.r2.dev/datasheets/C54618756.pdf,C_KEY
lqxhb3pwt,LQ-XHB-3PWT,https://pub-fd1103d4aed04a7c9cbf10d74caaaade.r2.dev/datasheets/C54618916.pdf,C_KEY
74hc08dq100118,"74HC08D-Q100,118",https://pub-fd1103d4aed04a7c9cbf10d74caaaade.r2.dev/datasheets/C546514.pdf,C_KEY
pmv52enear,PMV52ENEAR,https://pub-fd1103d4aed04a7c9cbf10d74caaaade.r2.dev/datasheets/C547262.pdf,C_KEY
cd4066bm96,CD4066BM96,https://pub-fd1103d4aed04a7c9cbf10d74caaaade.r2.dev/datasheets/C54755.pdf,C_KEY
bat54c235,"BAT54C,235",https://pub-fd1103d4aed04a7c9cbf10d74caaaade.r2.dev/datasheets/C549274.pdf,C_KEY
bzx384b6v2115,"BZX384-B6V2,115",https://pub-fd1103d4aed04a7c9cbf10d74caaaade.r2.dev/datasheets/C550572.pdf,C_KEY
bzx84a36215,"BZX84-A36,215",https://pub-fd1103d4aed04a7c9cbf10d74caaaade.r2.dev/datasheets/C550898.pdf,C_KEY
2n7002nxakr,2N7002NXAKR,https://pub-fd1103d4aed04a7c9cbf10d74caaaade.r2.dev/datasheets/C551416.pdf,C_KEY
pbss4330pasx,PBSS4330PASX,https://pub-fd1103d4aed04a7c9cbf10d74caaaade.r2.dev/datasheets/C551925.pdf,C_KEY
pdtc115em315,"PDTC115EM,315",https://pub-fd1103d4aed04a7c9cbf10d74caaaade.r2.dev/datasheets/C552164.pdf,C_KEY
pdz13bz,PDZ13BZ,https://pub-fd1103d4aed04a7c9cbf10d74caaaade.r2.dev/datasheets/C552279.pdf,C_KEY
pesd3v3s4uf115,"PESD3V3S4UF,115",https://pub-fd1103d4aed04a7c9cbf10d74caaaade.r2.dev/datasheets/C552525.pdf,C_KEY
mcp809t300itt,MCP809T-300I/TT,https://pub-fd1103d4aed04a7c9cbf10d74caaaade.r2.dev/datasheets/C556907.pdf,C_KEY
pic18f97j60ipf,PIC18F97J60-I/PF,https://pub-fd1103d4aed04a7c9cbf10d74caaaade.r2.dev/datasheets/C556916.pdf,C_KEY
74hc245pw118,"74HC245PW,118",https://pub-fd1103d4aed04a7c9cbf10d74caaaade.r2.dev/datasheets/C5626.pdf,C_KEY
tlv431aidbzr,TLV431AIDBZR,https://pub-fd1103d4aed04a7c9cbf10d74caaaade.r2.dev/datasheets/C56765.pdf,C_KEY
cc1206kkx7r0bb225,CC1206KKX7R0BB225,https://pub-fd1103d4aed04a7c9cbf10d74caaaade.r2.dev/datasheets/C577211.pdf,C_KEY
adt7310trzreel7,ADT7310TRZ-REEL7,https://pub-fd1103d4aed04a7c9cbf10d74caaaade.r2.dev/datasheets/C578060.pdf,C_KEY
ad603arzreel,AD603ARZ-REEL,https://pub-fd1103d4aed04a7c9cbf10d74caaaade.r2.dev/datasheets/C578331.pdf,C_KEY
adg1434ycpzreel7,ADG1434YCPZ-REEL7,https://pub-fd1103d4aed04a7c9cbf10d74caaaade.r2.dev/datasheets/C579025.pdf,C_KEY
adp7118acpznr7,ADP7118ACPZN-R7,https://pub-fd1103d4aed04a7c9cbf10d74caaaade.r2.dev/datasheets/C579266.pdf,C_KEY
ltc6820imstrpbf,LTC6820IMS#TRPBF,https://pub-fd1103d4aed04a7c9cbf10d74caaaade.r2.dev/datasheets/C581009.pdf,C_KEY
ftc252012s1r5mbca,FTC252012S1R5MBCA,https://pub-fd1103d4aed04a7c9cbf10d74caaaade.r2.dev/datasheets/C5832371.pdf,C_KEY
pesd1lin115,"PESD1LIN,115",https://pub-fd1103d4aed04a7c9cbf10d74caaaade.r2.dev/datasheets/C58901.pdf,C_KEY
t520b227m006ate070,T520B227M006ATE070,https://pub-fd1103d4aed04a7c9cbf10d74caaaade.r2.dev/datasheets/C600584.pdf,C_KEY
w25q256jwfiqtr,W25Q256JWFIQ TR,https://pub-fd1103d4aed04a7c9cbf10d74caaaade.r2.dev/datasheets/C6025200.pdf,C_KEY
at24cm01shmb,AT24CM01-SHM-B,https://pub-fd1103d4aed04a7c9cbf10d74caaaade.r2.dev/datasheets/C615468.pdf,C_KEY
mic521933ymltr,MIC5219-3.3YML-TR,https://pub-fd1103d4aed04a7c9cbf10d74caaaade.r2.dev/datasheets/C621951.pdf,C_KEY
mcp23009temg,MCP23009T-E/MG,https://pub-fd1103d4aed04a7c9cbf10d74caaaade.r2.dev/datasheets/C623184.pdf,C_KEY
mcp41050tisn,MCP41050T-I/SN,https://pub-fd1103d4aed04a7c9cbf10d74caaaade.r2.dev/datasheets/C623335.pdf,C_KEY
mcp6001telt,MCP6001T-E/LT,https://pub-fd1103d4aed04a7c9cbf10d74caaaade.r2.dev/datasheets/C623455.pdf,C_KEY
mcp6071teot,MCP6071T-E/OT,https://pub-fd1103d4aed04a7c9cbf10d74caaaade.r2.dev/datasheets/C623466.pdf,C_KEY
tc6320k6g,TC6320K6-G,https://pub-fd1103d4aed04a7c9cbf10d74caaaade.r2.dev/datasheets/C624991.pdf,C_KEY
mic2774l29ym5tr,MIC2774L-29YM5-TR,https://pub-fd1103d4aed04a7c9cbf10d74caaaade.r2.dev/datasheets/C625715.pdf,C_KEY
mic4417ym4tr,MIC4417YM4-TR,https://pub-fd1103d4aed04a7c9cbf10d74caaaade.r2.dev/datasheets/C625793.pdf,C_KEY
mic523525ym5tr,MIC5235-2.5YM5-TR,https://pub-fd1103d4aed04a7c9cbf10d74caaaade.r2.dev/datasheets/C625875.pdf,C_KEY
mic80331d3vc3tr,MIC803-31D3VC3-TR,https://pub-fd1103d4aed04a7c9cbf10d74caaaade.r2.dev/datasheets/C626163.pdf,C_KEY
tc107318vch713,TC1073-1.8VCH713,https://pub-fd1103d4aed04a7c9cbf10d74caaaade.r2.dev/datasheets/C626411.pdf,C_KEY
tc218533vcttr,TC2185-3.3VCTTR,https://pub-fd1103d4aed04a7c9cbf10d74caaaade.r2.dev/datasheets/C626543.pdf,C_KEY
mcp1612tadjims,MCP1612T-ADJI/MS,https://pub-fd1103d4aed04a7c9cbf10d74caaaade.r2.dev/datasheets/C627021.pdf,C_KEY
mcp2221atist,MCP2221AT-I/ST,https://pub-fd1103d4aed04a7c9cbf10d74caaaade.r2.dev/datasheets/C627061.pdf,C_KEY
mcp3551tems,MCP3551T-E/MS,https://pub-fd1103d4aed04a7c9cbf10d74caaaade.r2.dev/datasheets/C627119.pdf,C_KEY
mcp4661t104est,MCP4661T-104E/ST,https://pub-fd1103d4aed04a7c9cbf10d74caaaade.r2.dev/datasheets/C627334.pdf,C_KEY
mic2506ymtr,MIC2506YM-TR,https://pub-fd1103d4aed04a7c9cbf10d74caaaade.r2.dev/datasheets/C627820.pdf,C_KEY
mic3910150ymtr,MIC39101-5.0YM-TR,https://pub-fd1103d4aed04a7c9cbf10d74caaaade.r2.dev/datasheets/C627992.pdf,C_KEY
mic523950ymtr,MIC5239-5.0YM-TR,https://pub-fd1103d4aed04a7c9cbf10d74caaaade.r2.dev/datasheets/C628183.pdf,C_KEY
pic16f18346tiss,PIC16F18346T-I/SS,https://pub-fd1103d4aed04a7c9cbf10d74caaaade.r2.dev/datasheets/C629616.pdf,C_KEY
mcp2542fdemf,MCP2542FD-E/MF,https://pub-fd1103d4aed04a7c9cbf10d74caaaade.r2.dev/datasheets/C635109.pdf,C_KEY
mcp4822ems,MCP4822-E/MS,https://pub-fd1103d4aed04a7c9cbf10d74caaaade.r2.dev/datasheets/C636208.pdf,C_KEY
pic32mx470f512lipf,PIC32MX470F512L-I/PF,https://pub-fd1103d4aed04a7c9cbf10d74caaaade.r2.dev/datasheets/C638447.pdf,C_KEY
mcp6002ip,MCP6002-I/P,https://pub-fd1103d4aed04a7c9cbf10d74caaaade.r2.dev/datasheets/C640394.pdf,C_KEY
mic29152wt,MIC29152WT,https://pub-fd1103d4aed04a7c9cbf10d74caaaade.r2.dev/datasheets/C641219.pdf,C_KEY
mic4468ywm,MIC4468YWM,https://pub-fd1103d4aed04a7c9cbf10d74caaaade.r2.dev/datasheets/C641627.pdf,C_KEY
cl10b224kb8nnnc,CL10B224KB8NNNC,https://pub-fd1103d4aed04a7c9cbf10d74caaaade.r2.dev/datasheets/C64705.pdf,C_KEY
ad7924bruzreel7,AD7924BRUZ-REEL7,https://pub-fd1103d4aed04a7c9cbf10d74caaaade.r2.dev/datasheets/C652040.pdf,C_KEY
ada46271arzr7,ADA4627-1ARZ-R7,https://pub-fd1103d4aed04a7c9cbf10d74caaaade.r2.dev/datasheets/C654185.pdf,C_KEY
adv7280awbcpzrl,ADV7280AWBCPZ-RL,https://pub-fd1103d4aed04a7c9cbf10d74caaaade.r2.dev/datasheets/C662254.pdf,C_KEY
adxl355bezrl,ADXL355BEZ-RL,https://pub-fd1103d4aed04a7c9cbf10d74caaaade.r2.dev/datasheets/C662367.pdf,C_KEY
lt3094emsetrpbf,LT3094EMSE#TRPBF,https://pub-fd1103d4aed04a7c9cbf10d74caaaade.r2.dev/datasheets/C670494.pdf,C_KEY
sn74hc04dr,SN74HC04DR,https://pub-fd1103d4aed04a7c9cbf10d74caaaade.r2.dev/datasheets/C6811.pdf,C_KEY
ltc3407emsetrpbf,LTC3407EMSE#TRPBF,https://pub-fd1103d4aed04a7c9cbf10d74caaaade.r2.dev/datasheets/C684639.pdf,C_KEY
sp485eenltr,SP485EEN-L/TR,https://pub-fd1103d4aed04a7c9cbf10d74caaaade.r2.dev/datasheets/C6855.pdf,C_KEY
sqm40061elge3,SQM40061EL_GE3,https://pub-fd1103d4aed04a7c9cbf10d74caaaade.r2.dev/datasheets/C7012545.pdf,C_KEY
sn74lvcc4245apwr,SN74LVCC4245APWR,https://pub-fd1103d4aed04a7c9cbf10d74caaaade.r2.dev/datasheets/C7035.pdf,C_KEY
ekxj161ell331mln3s,EKXJ161ELL331MLN3S,https://pub-fd1103d4aed04a7c9cbf10d74caaaade.r2.dev/datasheets/C705523.pdf,C_KEY
sp0503bahtg,SP0503BAHTG,https://pub-fd1103d4aed04a7c9cbf10d74caaaade.r2.dev/datasheets/C7074.pdf,C_KEY
tlv431aidr,TLV431AIDR,https://pub-fd1103d4aed04a7c9cbf10d74caaaade.r2.dev/datasheets/C7088.pdf,C_KEY
wj2edgk50802p1400a,WJ2EDGK-5.08-02P-14-00A,https://pub-fd1103d4aed04a7c9cbf10d74caaaade.r2.dev/datasheets/C71370.pdf,C_KEY
emvy500ara470mf80g,EMVY500ARA470MF80G,https://pub-fd1103d4aed04a7c9cbf10d74caaaade.r2.dev/datasheets/C713838.pdf,C_KEY
1n5817w,1N5817W,https://pub-fd1103d4aed04a7c9cbf10d74caaaade.r2.dev/datasheets/C727113.pdf,C_KEY
bas21qr,BAS21-QR,https://pub-fd1103d4aed04a7c9cbf10d74caaaade.r2.dev/datasheets/C7507524.pdf,C_KEY
bc846bqvl,BC846B-QVL,https://pub-fd1103d4aed04a7c9cbf10d74caaaade.r2.dev/datasheets/C7507667.pdf,C_KEY
bzx384b18qx,BZX384-B18-QX,https://pub-fd1103d4aed04a7c9cbf10d74caaaade.r2.dev/datasheets/C7508078.pdf,C_KEY
bzx84a5v6qr,BZX84-A5V6-QR,https://pub-fd1103d4aed04a7c9cbf10d74caaaade.r2.dev/datasheets/C7508186.pdf,C_KEY
nup1301qr,NUP1301-QR,https://pub-fd1103d4aed04a7c9cbf10d74caaaade.r2.dev/datasheets/C7508526.pdf,C_KEY
pdz13bqf,PDZ13B-QF,https://pub-fd1103d4aed04a7c9cbf10d74caaaade.r2.dev/datasheets/C7508656.pdf,C_KEY
pmbt5551qr,PMBT5551-QR,https://pub-fd1103d4aed04a7c9cbf10d74caaaade.r2.dev/datasheets/C7508843.pdf,C_KEY
jmsh0401agq,JMSH0401AGQ,https://pub-fd1103d4aed04a7c9cbf10d74caaaade.r2.dev/datasheets/C7527437.pdf,C_KEY
sn74hc08pwr,SN74HC08PWR,https://pub-fd1103d4aed04a7c9cbf10d74caaaade.r2.dev/datasheets/C7642.pdf,C_KEY
c3216x5r1e476mtj00e,C3216X5R1E476MTJ00E,https://pub-fd1103d4aed04a7c9cbf10d74caaaade.r2.dev/datasheets/C76659.pdf,C_KEY
gd32f103vct6,GD32F103VCT6,https://pub-fd1103d4aed04a7c9cbf10d74caaaade.r2.dev/datasheets/C77789.pdf,C_KEY
tlv9064ipwr,TLV9064IPWR,https://pub-fd1103d4aed04a7c9cbf10d74caaaade.r2.dev/datasheets/C779410.pdf,C_KEY
sn74lvc125apwr,SN74LVC125APWR,https://pub-fd1103d4aed04a7c9cbf10d74caaaade.r2.dev/datasheets/C7813.pdf,C_KEY
lm239dr,LM239DR,https://pub-fd1103d4aed04a7c9cbf10d74caaaade.r2.dev/datasheets/C7927.pdf,C_KEY
mcp1711t33iot,MCP1711T-33I/OT,https://pub-fd1103d4aed04a7c9cbf10d74caaaade.r2.dev/datasheets/C79527.pdf,C_KEY
lmc6482immxnopb,LMC6482IMMX/NOPB,https://pub-fd1103d4aed04a7c9cbf10d74caaaade.r2.dev/datasheets/C80779.pdf,C_KEY
crcw0603100kfkea,CRCW0603100KFKEA,https://pub-fd1103d4aed04a7c9cbf10d74caaaade.r2.dev/datasheets/C844916.pdf,C_KEY
pesd5v0f1bsf315,"PESD5V0F1BSF,315",https://pub-fd1103d4aed04a7c9cbf10d74caaaade.r2.dev/datasheets/C85384.pdf,C_KEY
bc847c215,"BC847C,215",https://pub-fd1103d4aed04a7c9cbf10d74caaaade.r2.dev/datasheets/C8664.pdf,C_KEY
cl31b226kphnnne,CL31B226KPHNNNE,https://pub-fd1103d4aed04a7c9cbf10d74caaaade.r2.dev/datasheets/C87996.pdf,C_KEY
mc908gz32cfae,MC908GZ32CFAE,https://pub-fd1103d4aed04a7c9cbf10d74caaaade.r2.dev/datasheets/C880086.pdf,C_KEY
lmc7101bim5xnopb,LMC7101BIM5X/NOPB,https://pub-fd1103d4aed04a7c9cbf10d74caaaade.r2.dev/datasheets/C88037.pdf,C_KEY
tps562208ddcr,TPS562208DDCR,https://pub-fd1103d4aed04a7c9cbf10d74caaaade.r2.dev/datasheets/C91301.pdf,C_KEY
cl21b106koqnnne,CL21B106KOQNNNE,https://pub-fd1103d4aed04a7c9cbf10d74caaaade.r2.dev/datasheets/C95841.pdf,C_KEY
max7219cwgt,MAX7219CWG+T,https://pub-fd1103d4aed04a7c9cbf10d74caaaade.r2.dev/datasheets/C9964.pdf,C_KEY
