raw_name,canonical_brand,manufacturer_id,status,tier,match_method
顺翔诺,顺翔诺,MFR-03829,review,A,new
HEGA(和佳),HEGA(和佳),MFR-01160,candidate,B,new
APPCON(安美通),APPCON(安美通),MFR-00110,candidate,B,new
Applied Power(应能微),Applied Power(应能微),MFR-00214,candidate,B,new
AIPULNION(爱浦电子),AIPULNION(爱浦电子),MFR-00047,candidate,B,new
AMASS(艾迈斯),AMASS(艾迈斯),MFR-00067,candidate,B,new
ALIENTEK(正点原子),ALIENTEK(正点原子),MFR-00060,candidate,B,new
AMICCOM(笙科),AMICCOM(笙科),MFR-00075,candidate,B,new
Aptiv(Delphi),Aptiv(Delphi),MFR-00215,candidate,B,new
AISHI(艾华集团),AISHI(艾华集团),MFR-00051,candidate,B,new
ADAM TECH,ADAM TECH,MFR-00024,candidate,B,new
AmagicTech(迈巨微),AmagicTech(迈巨微),MFR-00184,candidate,B,new
AP&T(安平),AP&T(安平),MFR-00099,candidate,B,new
Agertech(艾吉芯),Agertech(艾吉芯),MFR-00165,candidate,B,new
AMPCOM(安普康),AMPCOM(安普康),MFR-00080,candidate,B,new
艾德克斯,艾德克斯,MFR-03793,candidate,B,new
Anaren(安伦),Anaren(安伦),MFR-00203,candidate,B,new
Acconeer,Acconeer,MFR-00152,candidate,B,new
ALCOR MICRO(安国国际),ALCOR MICRO(安国国际),MFR-00058,candidate,B,new
ABLIC(艾普凌科),ABLIC(艾普凌科),MFR-00018,candidate,B,new
ATTEN(安泰信),ATTEN(安泰信),MFR-00139,candidate,B,new
Allystar(华大北斗),Allystar(华大北斗),MFR-00177,candidate,B,new
AKASEL(阿喀尔),AKASEL(阿喀尔),MFR-00053,candidate,B,new
AKM,AKM,MFR-00055,review,A,new
aigo(爱国者),aigo(爱国者),MFR-03419,candidate,B,new
Alfa(中科阿尔法),Alfa(中科阿尔法),MFR-00171,candidate,B,new
Attend Technology,Attend Technology,MFR-00232,candidate,B,new
Autonics(奥托尼克斯),Autonics(奥托尼克斯),MFR-00240,candidate,B,new
Autec Power Systems,Autec Power Systems,MFR-00237,candidate,B,new
Anderson Power(安德森),Anderson Power(安德森),MFR-00204,candidate,B,new
AOSVI(奥斯微),AOSVI(奥斯微),MFR-00096,candidate,B,new
AZ Displays,AZ Displays,MFR-00147,candidate,B,new
AKER(安碁科技),AKER(安碁科技),MFR-00054,candidate,B,new
AIDE(爱迪电容),AIDE(爱迪电容),MFR-00042,candidate,B,new
AMPROBE,AMPROBE,MFR-00081,candidate,B,new
ANTENNA SPECIALISTS,ANTENNA SPECIALISTS,MFR-00091,candidate,B,new
ATI(恒光),ATI(恒光),MFR-00134,candidate,B,new
AM(安美),AM(安美),MFR-00066,candidate,B,new
ALPHA ELECTRONICS,ALPHA ELECTRONICS,MFR-00064,candidate,B,new
Amp'ed RF Technology,Amp'ed RF Technology,MFR-00192,candidate,B,new
AMI SEMICONDUCTOR,AMI SEMICONDUCTOR,MFR-00074,candidate,B,new
Aceinna,Aceinna,MFR-00153,candidate,B,new
A.O.SMITH(史密斯),A.O.SMITH(史密斯),MFR-00014,candidate,B,new
"ADLINK Technology, Inc.","ADLINK Technology, Inc.",MFR-00029,candidate,B,new
ANGEL(安吉尔),ANGEL(安吉尔),MFR-00085,candidate,B,new
Aimtec,Aimtec,MFR-00167,candidate,B,new
Asmik(米科),Asmik(米科),MFR-00226,candidate,B,new
AD Semiconductor,AD Semiconductor,MFR-00023,candidate,B,new
ARKLED(方舟),ARKLED(方舟),MFR-00118,candidate,B,new
ABRACON,ABRACON,MFR-00020,candidate,B,new
APSEMI(先进光),APSEMI(先进光),MFR-00111,candidate,B,new
ANTENK(安泰珂),ANTENK(安泰珂),MFR-00090,candidate,B,new
AKUSENSE(明治传感),AKUSENSE(明治传感),MFR-00057,candidate,B,new
ALLEGRO(美国埃戈罗),ALLEGRO(美国埃戈罗),MFR-00062,candidate,B,new
ANPEC(茂达电子),ANPEC(茂达电子),MFR-00088,candidate,B,new
安美尚,安美尚,MFR-03663,review,A,new
安赛瑞,安赛瑞,MFR-03664,review,A,new
alpha(阿尔法),alpha(阿尔法),MFR-03420,candidate,B,new
ASIX(亚信),ASIX(亚信),MFR-00124,candidate,B,new
AutoChips(杰发科技),AutoChips(杰发科技),MFR-00238,candidate,B,new
ADTEK,ADTEK,MFR-00030,candidate,B,new
Artinchip(匠芯创),Artinchip(匠芯创),MFR-00223,candidate,B,new
AXE(斧頭牌),AXE(斧頭牌),MFR-00146,candidate,B,new
Artesyn(雅特生科技),Artesyn(雅特生科技),MFR-00222,candidate,B,new
Ampleon(安谱隆),Ampleon(安谱隆),MFR-00195,candidate,B,new
arduino,arduino,MFR-03423,candidate,B,new
Automation Components,Automation Components,MFR-00239,candidate,B,new
AGM(遨格芯微),AGM(遨格芯微),MFR-00038,candidate,B,new
Anlogic(安路科技),Anlogic(安路科技),MFR-00206,candidate,B,new
ametherm,ametherm,MFR-03421,candidate,B,new
Adafruit,Adafruit,MFR-00158,candidate,B,new
AWINIC(艾为),AWINIC(艾为),MFR-00145,candidate,B,new
APEX,APEX,MFR-00104,review,A,new
Advanced Analog Technology(类比),Advanced Analog Technology(类比),MFR-00160,candidate,B,new
Acopian Power Supplies,Acopian Power Supplies,MFR-00155,candidate,B,new
Axelite(亚瑟莱特),Axelite(亚瑟莱特),MFR-00243,candidate,B,new
ARM,ARM,MFR-00119,review,A,new
AUO(友达光电),AUO(友达光电),MFR-00140,candidate,B,new
Aeonsemi(南京益昂),Aeonsemi(南京益昂),MFR-00163,candidate,B,new
Auer Signal,Auer Signal,MFR-00234,candidate,B,new
AMERI MATION,AMERI MATION,MFR-00073,candidate,B,new
Aurtron(欧创智能),Aurtron(欧创智能),MFR-00236,candidate,B,new
ADATA(威刚),ADATA(威刚),MFR-00025,candidate,B,new
AFE(爱福),AFE(爱福),MFR-00036,candidate,B,new
ATLANTIC(大西洋),ATLANTIC(大西洋),MFR-00135,candidate,B,new
ASUS(华硕),ASUS(华硕),MFR-00130,candidate,B,new
aier(艾尔),aier(艾尔),MFR-03418,candidate,B,new
AOSIBANG(奥斯邦),AOSIBANG(奥斯邦),MFR-00095,candidate,B,new
ANCHOW(安巢),ANCHOW(安巢),MFR-00083,candidate,B,new
Abbotec. Incorporated,Abbotec. Incorporated,MFR-00149,candidate,B,new
ADVANCED THERMAL SOLUTIONS,ADVANCED THERMAL SOLUTIONS,MFR-00031,candidate,B,new
API TECHNOLOGIES CORP,API TECHNOLOGIES CORP,MFR-00107,candidate,B,new
APT,APT,MFR-00112,review,A,new
ANFANG(安防),ANFANG(安防),MFR-00084,candidate,B,new
AKS(艾科思),AKS(艾科思),MFR-00056,candidate,B,new
API Delevan,API Delevan,MFR-00106,candidate,B,new
Antenova,Antenova,MFR-00211,candidate,B,new
Anker(安克),Anker(安克),MFR-00205,candidate,B,new
APM Hexseal,APM Hexseal,MFR-00108,candidate,B,new
Astro Tool Corp,Astro Tool Corp,MFR-00228,candidate,B,new
Astrodyne TDI,Astrodyne TDI,MFR-00229,candidate,B,new
Anpztai(安普正泰),Anpztai(安普正泰),MFR-00207,candidate,B,new
AIRXUN(艾尔迅),AIRXUN(艾尔迅),MFR-00050,candidate,B,new
ADVANTECH(研华科技),ADVANTECH(研华科技),MFR-00032,candidate,B,new
Adels-Contact,Adels-Contact,MFR-00159,candidate,B,new
Advanced Energy,Advanced Energy,MFR-00161,candidate,B,new
APAQ(钰邦),APAQ(钰邦),MFR-00101,candidate,B,new
AirBorn,AirBorn,MFR-00168,candidate,B,new
AIM,AIM,MFR-00044,review,A,new
Altech,Altech,MFR-00182,candidate,B,new
American Electrical Inc.,American Electrical Inc.,MFR-00187,candidate,B,new
Alorium,Alorium,MFR-00178,candidate,B,new
Alpha Wire,Alpha Wire,MFR-00180,candidate,B,new
"Amgis, LLC","Amgis, LLC",MFR-00190,candidate,B,new
Amulet Technologies,Amulet Technologies,MFR-00197,candidate,B,new
American Micro Products,American Micro Products,MFR-00188,candidate,B,new
AOTE(奥特),AOTE(奥特),MFR-00097,candidate,B,new
AP(友盟),AP(友盟),MFR-00100,candidate,B,new
anbai(安柏),anbai(安柏),MFR-03422,candidate,B,new
AIP(艾普欧盛),AIP(艾普欧盛),MFR-00045,candidate,B,new
ALD,ALD,MFR-00059,review,A,new
Archiwave(安其威),Archiwave(安其威),MFR-00216,candidate,B,new
AWG Tech,AWG Tech,MFR-00144,candidate,B,new
Amtery,Amtery,MFR-00196,candidate,B,new
AEI,AEI,MFR-00033,review,A,new
ABC(千如),ABC(千如),MFR-00017,candidate,B,new
ASSEMSTAR(聚迹),ASSEMSTAR(聚迹),MFR-00128,candidate,B,new
Avery Dennison,Avery Dennison,MFR-00242,candidate,B,new
AnBon(安邦),AnBon(安邦),MFR-00198,candidate,B,new
爱仕达,爱仕达,MFR-03752,review,A,new
Alpha(艾华),Alpha(艾华),MFR-00181,candidate,B,new
Acelamicro(迅芯微),Acelamicro(迅芯微),MFR-00154,candidate,B,new
ASSMANN,ASSMANN,MFR-00129,candidate,B,new
American Opto Plus LED,American Opto Plus LED,MFR-00189,candidate,B,new
ACMECON(鼎容),ACMECON(鼎容),MFR-00021,candidate,B,new
API,API,MFR-00105,review,A,new
ATLAS,ATLAS,MFR-00136,candidate,B,new
ASI Semiconductor,ASI Semiconductor,MFR-00123,candidate,B,new
Avalanche Technology,Avalanche Technology,MFR-00241,candidate,B,new
aconno,aconno,MFR-03417,candidate,B,new
LINKEYCON(联盈控),LINKEYCON(联盈控),MFR-01706,candidate,B,new
Axetris,Axetris,MFR-00244,candidate,B,new
AT(爱途),AT(爱途),MFR-00131,candidate,B,new
Apmemory,Apmemory,MFR-00213,candidate,B,new
ANSILIC(国科安芯),ANSILIC(国科安芯),MFR-00089,candidate,B,new
ARCUS(亚擎),ARCUS(亚擎),MFR-00115,candidate,B,new
APEM,APEM,MFR-00103,review,A,new
ASJ,ASJ,MFR-00125,review,A,new
ATOM(爱特姆),ATOM(爱特姆),MFR-00137,candidate,B,new
Amphenol/Positronic,Amphenol/Positronic,MFR-00194,candidate,B,new
asta(爱斯达),asta(爱斯达),MFR-03424,candidate,B,new
ATE ELECTRONICS SRL,ATE ELECTRONICS SRL,MFR-00132,candidate,B,new
AGMSEMI(芯控源),AGMSEMI(芯控源),MFR-00039,candidate,B,new
American Bright,American Bright,MFR-00186,candidate,B,new
AVIA(海芯科技),AVIA(海芯科技),MFR-00143,candidate,B,new
AMAZING(晶焱),AMAZING(晶焱),MFR-00068,candidate,B,new
AMPAK(正基科技),AMPAK(正基科技),MFR-00079,candidate,B,new
Allied Components International,Allied Components International,MFR-00173,candidate,B,new
APM(永源微电子),APM(永源微电子),MFR-00109,candidate,B,new
A4TECH(双飞燕),A4TECH(双飞燕),MFR-00015,candidate,B,new
Abham(亚博汉),Abham(亚博汉),MFR-00150,candidate,B,new
Actuonix Motion Devices Inc,Actuonix Motion Devices Inc,MFR-00157,candidate,B,new
"Altran Magnetics, LLC","Altran Magnetics, LLC",MFR-00183,candidate,B,new
AF(晶岳),AF(晶岳),MFR-00035,candidate,B,new
Audiowell(奥迪威),Audiowell(奥迪威),MFR-00233,candidate,B,new
ALJ(龙晶微),ALJ(龙晶微),MFR-00061,candidate,B,new
AIFEN(爱风),AIFEN(爱风),MFR-00043,candidate,B,new
ANLIXIN(安立信),ANLIXIN(安立信),MFR-00087,candidate,B,new
Amphenol,Amphenol,MFR-00193,active,A,seed_alias
Aavid,Aavid,MFR-00148,candidate,B,new
APV(爱普微),APV(爱普微),MFR-00113,candidate,B,new
A-crystal(一晶),A-crystal(一晶),MFR-00013,candidate,B,new
Azumo,Azumo,MFR-00246,candidate,B,new
Artaflex,Artaflex,MFR-00221,candidate,B,new
Astera,Astera,MFR-00227,candidate,B,new
ArkX,ArkX,MFR-00220,candidate,B,new
Atop,Atop,MFR-00231,candidate,B,new
ATP,ATP,MFR-00138,review,A,new
ATGBICS,ATGBICS,MFR-00133,candidate,B,new
AUPO(雅宝),AUPO(雅宝),MFR-00141,candidate,B,new
Aries,Aries,MFR-00219,candidate,B,new
ARCH,ARCH,MFR-00114,review,A,new
Analog,Analog,MFR-00201,candidate,B,new
AnDAPT,AnDAPT,MFR-00199,candidate,B,new
ANYSOLAR,ANYSOLAR,MFR-00092,candidate,B,new
爱宝莱,爱宝莱,MFR-03753,review,A,new
AOC,AOC,MFR-00093,review,A,new
AMOTECH(阿莫泰克),AMOTECH(阿莫泰克),MFR-00078,candidate,B,new
Aero,Aero,MFR-00164,candidate,B,new
Atlanta Micro Inc.,Atlanta Micro Inc.,MFR-00230,candidate,B,new
AP,AP,MFR-00098,review,A,new
Accelerated Memory Production,Accelerated Memory Production,MFR-00151,candidate,B,new
AIC tech,AIC tech,MFR-00041,candidate,B,new
Airgain,Airgain,MFR-00169,candidate,B,new
AK-NORD,AK-NORD,MFR-00052,candidate,B,new
Alchemy,Alchemy,MFR-00170,candidate,B,new
Allied Vision,Allied Vision,MFR-00174,candidate,B,new
Ambiq Micro,Ambiq Micro,MFR-00185,candidate,B,new
AMEC Thermasol,AMEC Thermasol,MFR-00072,candidate,B,new
好帮手,好帮手,MFR-03658,review,A,new
Azoteq,Azoteq,MFR-00245,candidate,B,new
ARK(方舟微),ARK(方舟微),MFR-00117,candidate,B,new
AS ONE(亚速旺),AS ONE(亚速旺),MFR-00121,candidate,B,new
Allwinner(全志),Allwinner(全志),MFR-00176,candidate,B,new
ALLPOWER(铨力),ALLPOWER(铨力),MFR-00063,candidate,B,new
ABOV(现代),ABOV(现代),MFR-00019,candidate,B,new
Arcol(艾高),Arcol(艾高),MFR-00217,candidate,B,new
Ai-Thinker(安信可),Ai-Thinker(安信可),MFR-00166,candidate,B,new
AEM,AEM,MFR-00034,review,A,new
ACX(璟德),ACX(璟德),MFR-00022,candidate,B,new
AntennaHome(德诺菲),AntennaHome(德诺菲),MFR-00210,candidate,B,new
AIBEIHU(爱备护),AIBEIHU(爱备护),MFR-00040,candidate,B,new
ALPSALPINE(阿尔卑斯阿尔派),ALPSALPINE(阿尔卑斯阿尔派),MFR-00065,candidate,B,new
AIRMATE(艾美特),AIRMATE(艾美特),MFR-00048,candidate,B,new
Allsensing,Allsensing,MFR-00175,candidate,B,new
Ashining(泽耀科技),Ashining(泽耀科技),MFR-00225,candidate,B,new
AIPU(爱谱华顿),AIPU(爱谱华顿),MFR-00046,candidate,B,new
Amicc(欧密格光电),Amicc(欧密格光电),MFR-00191,candidate,B,new
AIRTAC(亚德客),AIRTAC(亚德客),MFR-00049,candidate,B,new
AMICO(埃美柯),AMICO(埃美柯),MFR-00076,candidate,B,new
AnaSem(安纳森),AnaSem(安纳森),MFR-00200,candidate,B,new
ArduSimple,ArduSimple,MFR-00218,candidate,B,new
ARGOSY(优群),ARGOSY(优群),MFR-00116,candidate,B,new
ASMEDIA(祥硕),ASMEDIA(祥硕),MFR-00126,candidate,B,new
ASR,ASR,MFR-00127,review,A,new
ABB,ABB,MFR-00016,review,A,new
Alliance Memory,Alliance Memory,MFR-00172,candidate,B,new
ANHI(安海),ANHI(安海),MFR-00086,candidate,B,new
Aoste(奥斯特),Aoste(奥斯特),MFR-00212,candidate,B,new
ASDsemi(安森德),ASDsemi(安森德),MFR-00122,candidate,B,new
ARTERY(雅特力),ARTERY(雅特力),MFR-00120,candidate,B,new
中科潞安,中科潞安,MFR-03584,candidate,B,new
ADI(亚德诺),ADI(亚德诺),MFR-00026,candidate,B,new
ANALOGT(芯景),ANALOGT(芯景),MFR-00082,candidate,B,new
APEC(富鼎),APEC(富鼎),MFR-00102,candidate,B,new
AOS,Alpha & Omega Semiconductor,MFR-00179,active,A,seed_alias
Ansell(安司耳),Ansell(安司耳),MFR-00208,candidate,B,new
Advanced Monolithic Systems,Advanced Monolithic Systems,MFR-00162,active,A,seed_alias
AMD(超微),AMD(超微),MFR-00069,candidate,B,new
AME(安茂微),AME(安茂微),MFR-00071,candidate,B,new
Artmem(妙存),Artmem(妙存),MFR-00224,candidate,B,new
AG(安固),AG(安固),MFR-00037,candidate,B,new
AOFENG(奥峰),AOFENG(奥峰),MFR-00094,candidate,B,new
隔空科技,隔空科技,MFR-03823,candidate,B,new
AUX(奥克斯),AUX(奥克斯),MFR-00142,candidate,B,new
Ansell(安思尔),Ansell(安思尔),MFR-00209,candidate,B,new
Aurasemi(宁波奥拉),Aurasemi(宁波奥拉),MFR-00235,candidate,B,new
Acrel(安科瑞),Acrel(安科瑞),MFR-00156,candidate,B,new
AMMEX(爱马斯),AMMEX(爱马斯),MFR-00077,candidate,B,new
A-BF(不凡),A-BF(不凡),MFR-00012,candidate,B,new
合肥智感,合肥智感,MFR-03636,candidate,B,new
BOYANG(博扬),BOYANG(博扬),MFR-00323,candidate,B,new
BEIDA JADE BIRD(北大青鸟),BEIDA JADE BIRD(北大青鸟),MFR-00281,candidate,B,new
Bulgin,Bulgin,MFR-00390,candidate,B,new
BAOTER(宝特),BAOTER(宝特),MFR-00269,candidate,B,new
BALLUFF,BALLUFF,MFR-00263,candidate,B,new
宝工,宝工,MFR-03666,review,A,new
BEST(倍思特),BEST(倍思特),MFR-00291,candidate,B,new
BAIPUFAMEN(百普阀门),BAIPUFAMEN(百普阀门),MFR-00261,candidate,B,new
BYD(比亚迪),BYD(比亚迪),MFR-00335,candidate,B,new
Bergquist(贝格斯),Bergquist(贝格斯),MFR-00356,candidate,B,new
BHFUSE(佰宏),BHFUSE(佰宏),MFR-00294,candidate,B,new
巴丁微,巴丁微,MFR-03672,review,A,new
BLUE-POINT(蓝点),BLUE-POINT(蓝点),MFR-00308,candidate,B,new
Beckhoff(德国倍福),Beckhoff(德国倍福),MFR-00347,candidate,B,new
BeRex,BeRex,MFR-00344,candidate,B,new
Bambu-Lab(拓竹),Bambu-Lab(拓竹),MFR-00341,candidate,B,new
BERENT(百锐),BERENT(百锐),MFR-00287,candidate,B,new
BAIYI(佰益),BAIYI(佰益),MFR-00262,candidate,B,new
BOYAMICRO(博雅),BOYAMICRO(博雅),MFR-00322,candidate,B,new
BUTIAN(补天),BUTIAN(补天),MFR-00333,candidate,B,new
BOSEAN(保时安),BOSEAN(保时安),MFR-00318,candidate,B,new
BLF(宝利丰),BLF(宝利丰),MFR-00306,candidate,B,new
白云清洁,白云清洁,MFR-03762,candidate,B,new
BAIGE(百舸),BAIGE(百舸),MFR-00256,candidate,B,new
Boréas Technologies,Boréas Technologies,MFR-00369,candidate,B,new
比力登,比力登,MFR-03729,review,A,new
brother(兄弟),brother(兄弟),MFR-03430,candidate,B,new
BOURNS,Bourns,MFR-00374,active,A,seed_alias
Bossie(博锡),Bossie(博锡),MFR-00371,candidate,B,new
BERNSTEIN,BERNSTEIN,MFR-00288,candidate,B,new
BZXC(博众新材),BZXC(博众新材),MFR-00339,candidate,B,new
Bolton Technical,Bolton Technical,MFR-00367,candidate,B,new
Boarden(宝宫),Boarden(宝宫),MFR-00366,candidate,B,new
BOOMELE(博穆精密),BOOMELE(博穆精密),MFR-00317,candidate,B,new
BOFANG(渤防),BOFANG(渤防),MFR-00315,candidate,B,new
BANGCHEAN(伴车安),BANGCHEAN(伴车安),MFR-00265,candidate,B,new
BAIMA(百马),BAIMA(百马),MFR-00260,candidate,B,new
BNstar(比诺星),BNstar(比诺星),MFR-00311,candidate,B,new
BS CABLE(宝胜电缆),BS CABLE(宝胜电缆),MFR-00332,candidate,B,new
BOCHEN(博晨),BOCHEN(博晨),MFR-00313,candidate,B,new
Belimo,Belimo,MFR-00349,candidate,B,new
BOTHHAND(帛汉),BOTHHAND(帛汉),MFR-00321,candidate,B,new
B-LINK(必联),B-LINK(必联),MFR-00251,candidate,B,new
BPM Microsystems,BPM Microsystems,MFR-00326,candidate,B,new
BK(百事德),BK(百事德),MFR-00302,candidate,B,new
BYSTON(栢士德),BYSTON(栢士德),MFR-00336,candidate,B,new
BEMCOT(旭化成),BEMCOT(旭化成),MFR-00286,candidate,B,new
BOAN(宝安电缆),BOAN(宝安电缆),MFR-00312,candidate,B,new
BOYARD(博阳),BOYARD(博阳),MFR-00324,candidate,B,new
Burndy,Burndy,MFR-00391,candidate,B,new
BESTAR ELECTRONICS,BESTAR ELECTRONICS,MFR-00292,candidate,B,new
BXCONN(宝讯),BXCONN(宝讯),MFR-00334,candidate,B,new
BEIJILANG(北极狼),BEIJILANG(北极狼),MFR-00282,candidate,B,new
baizou(百洲),baizou(百洲),MFR-03425,candidate,B,new
BAOFENG(宝锋),BAOFENG(宝锋),MFR-00266,candidate,B,new
BIYAZI(毕亚兹),BIYAZI(毕亚兹),MFR-00301,candidate,B,new
BZCN(博众电气),BZCN(博众电气),MFR-00338,candidate,B,new
BM(丰明电容),BM(丰明电容),MFR-00310,candidate,B,new
B&T(博安通),B&T(博安通),MFR-00250,candidate,B,new
BAIJIA(百佳),BAIJIA(百佳),MFR-00257,candidate,B,new
倍立洁,倍立洁,MFR-03599,review,A,new
BenQ(明基),BenQ(明基),MFR-00352,candidate,B,new
BAIDAXING(佰达兴),BAIDAXING(佰达兴),MFR-00255,candidate,B,new
BELO&PRAC(贝洛可),BELO&PRAC(贝洛可),MFR-00285,candidate,B,new
BAIJIAHAOSHI(百家好世),BAIJIAHAOSHI(百家好世),MFR-00258,candidate,B,new
belfuse,belfuse,MFR-03428,candidate,B,new
Bud Industries,Bud Industries,MFR-00389,candidate,B,new
BEHLKE,BEHLKE,MFR-00280,candidate,B,new
BusBoard Prototype Systems,BusBoard Prototype Systems,MFR-00392,candidate,B,new
Basler,Basler,MFR-00343,candidate,B,new
BeagleBoard.org,BeagleBoard.org,MFR-00346,candidate,B,new
"B&B SmartWorx, Inc.","B&B SmartWorx, Inc.",MFR-00247,candidate,B,new
B&K Precision,B&K Precision,MFR-00249,candidate,B,new
Brady Corporation,Brady Corporation,MFR-00375,candidate,B,new
Bridgetek,Bridgetek,MFR-00380,candidate,B,new
Belden,Belden,MFR-00348,candidate,B,new
BLACKDEER(黑鹿),BLACKDEER(黑鹿),MFR-00305,candidate,B,new
BROADCHIP(广芯电子),BROADCHIP(广芯电子),MFR-00331,candidate,B,new
BC(台湾诚阳),BC(台湾诚阳),MFR-00275,candidate,B,new
Bruckewell(隽佾),Bruckewell(隽佾),MFR-00388,candidate,B,new
"Bright Toward Industrial Co., Ltd.","Bright Toward Industrial Co., Ltd.",MFR-00381,candidate,B,new
BEFON(得印),BEFON(得印),MFR-00279,candidate,B,new
BLUESTAR(蓝星),BLUESTAR(蓝星),MFR-00309,candidate,B,new
Breeze(清风),Breeze(清风),MFR-00377,candidate,B,new
BIWIN(佰维),BIWIN(佰维),MFR-00299,candidate,B,new
BQ CABLE,BQ CABLE,MFR-00328,candidate,B,new
BABO(斑布),BABO(斑布),MFR-00253,candidate,B,new
佰捷,佰捷,MFR-03597,review,A,new
BEIXUNZE(贝迅泽),BEIXUNZE(贝迅泽),MFR-00283,candidate,B,new
bluemoon(蓝月亮),bluemoon(蓝月亮),MFR-03429,candidate,B,new
Broadcom(博通),Broadcom(博通),MFR-00385,candidate,B,new
BKMAMLAB(比克曼生物),BKMAMLAB(比克曼生物),MFR-00303,candidate,B,new
Beyond LED Technology,Beyond LED Technology,MFR-00360,candidate,B,new
Bridgee(企桥),Bridgee(企桥),MFR-00378,candidate,B,new
BAOHE(宝合),BAOHE(宝合),MFR-00267,candidate,B,new
Binder-USA(宾德),Binder-USA(宾德),MFR-00361,candidate,B,new
Bencent(槟城),Bencent(槟城),MFR-00353,candidate,B,new
Bessx(贝禧),Bessx(贝禧),MFR-00357,candidate,B,new
BingZi(兵字),BingZi(兵字),MFR-00362,candidate,B,new
Bettertree(树上科技),Bettertree(树上科技),MFR-00359,candidate,B,new
BAOPAI(宝牌),BAOPAI(宝牌),MFR-00268,candidate,B,new
BASEUS(倍思),BASEUS(倍思),MFR-00270,candidate,B,new
BLUE ROCKET(蓝箭),BLUE ROCKET(蓝箭),MFR-00307,candidate,B,new
BONSDA(邦斯达),BONSDA(邦斯达),MFR-00316,candidate,B,new
Bennic(敬业电子),Bennic(敬业电子),MFR-00355,candidate,B,new
BRIGHT(博瑞泰),BRIGHT(博瑞泰),MFR-00329,candidate,B,new
BBJ,BBJ,MFR-00274,review,A,new
BINGKUN(炳坤塑业),BINGKUN(炳坤塑业),MFR-00296,candidate,B,new
Banner,Banner,MFR-00342,candidate,B,new
B&J,B&J,MFR-00248,review,A,new
B4,B4,MFR-00252,review,A,new
BECOM,BECOM,MFR-00278,candidate,B,new
BDNC,BDNC,MFR-00277,review,A,new
Beacon,Beacon,MFR-00345,candidate,B,new
Brightking(君耀电子),Brightking(君耀电子),MFR-00382,candidate,B,new
BAN DING(坂町),BAN DING(坂町),MFR-00264,candidate,B,new
BRK(珀瑞克),BRK(珀瑞克),MFR-00330,candidate,B,new
BOSI(波斯),BOSI(波斯),MFR-00319,candidate,B,new
BIWIN(百莹),BIWIN(百莹),MFR-00300,candidate,B,new
BASTO(邦士度),BASTO(邦士度),MFR-00271,candidate,B,new
Bakon(深圳白光),Bakon(深圳白光),MFR-00340,candidate,B,new
Biuyum(标燕),Biuyum(标燕),MFR-00363,candidate,B,new
Broadic(展恒电子),Broadic(展恒电子),MFR-00386,candidate,B,new
BODA(波达),BODA(波达),MFR-00314,candidate,B,new
Better(贝特),Better(贝特),MFR-00358,candidate,B,new
BAT WIRELESS(蝙蝠无线),BAT WIRELESS(蝙蝠无线),MFR-00273,candidate,B,new
BIVAR,BIVAR,MFR-00298,candidate,B,new
铂尚,铂尚,MFR-03819,review,A,new
Bosch(博世),Bosch(博世),MFR-00370,candidate,B,new
BESTIR(鹰之印),BESTIR(鹰之印),MFR-00293,candidate,B,new
百利,百利,MFR-03763,review,A,new
Bridgelux(普瑞),Bridgelux(普瑞),MFR-00379,candidate,B,new
BERYL(绿宝石),BERYL(绿宝石),MFR-00290,candidate,B,new
BITEK(硕颉),BITEK(硕颉),MFR-00297,candidate,B,new
baocheng(宝乘),baocheng(宝乘),MFR-03426,candidate,B,new
步步高,步步高,MFR-03728,review,A,new
BACHJOHANN(巴赫约翰),BACHJOHANN(巴赫约翰),MFR-00254,candidate,B,new
BOZZYS(温州博士),BOZZYS(温州博士),MFR-00325,candidate,B,new
BOSSARD,BOSSARD,MFR-00320,candidate,B,new
BAIJINDUN(百金顿),BAIJINDUN(百金顿),MFR-00259,candidate,B,new
BPS(上海晶丰明源),BPS(上海晶丰明源),MFR-00327,candidate,B,new
BERRY LION(百威狮),BERRY LION(百威狮),MFR-00289,candidate,B,new
BZBGEAR,BZBGEAR,MFR-00337,candidate,B,new
BrtLed(佰鸿),BrtLed(佰鸿),MFR-00387,candidate,B,new
BL(上海贝岭),BL(上海贝岭),MFR-00304,candidate,B,new
Bellnix,Bellnix,MFR-00351,candidate,B,new
Bend Labs,Bend Labs,MFR-00354,candidate,B,new
Bellini Tiziana,Bellini Tiziana,MFR-00350,candidate,B,new
HydraBus,HydraBus,MFR-01336,candidate,B,new
Bluebird,Bluebird,MFR-00364,candidate,B,new
BotBlox,BotBlox,MFR-00372,candidate,B,new
Botron,Botron,MFR-00373,candidate,B,new
Blues Wireless,Blues Wireless,MFR-00365,candidate,B,new
BASiC(基本),BASiC(基本),MFR-00272,candidate,B,new
Brainboxes,Brainboxes,MFR-00376,candidate,B,new
BIAX(巴克斯),BIAX(巴克斯),MFR-00295,candidate,B,new
baty(贝迪),baty(贝迪),MFR-03427,candidate,B,new
Briteluxe Connect,Briteluxe Connect,MFR-00383,candidate,B,new
Bordison Memory,Bordison Memory,MFR-00368,candidate,B,new
BC(宝成),BC(宝成),MFR-00276,candidate,B,new
CYBERSEN(西博臣),CYBERSEN(西博臣),MFR-00517,candidate,B,new
CETC,CETC,MFR-00419,review,A,new
COTO,COTO,MFR-00490,review,A,new
COILMX(迈翔科技),COILMX(迈翔科技),MFR-00474,candidate,B,new
CHEGNXIN(诚新),CHEGNXIN(诚新),MFR-00426,candidate,B,new
CCX(晁禾),CCX(晁禾),MFR-00409,candidate,B,new
Canaan(嘉楠),Canaan(嘉楠),MFR-00528,candidate,B,new
CubeMars(南昌酷德),CubeMars(南昌酷德),MFR-00622,candidate,B,new
CNFB(桥防),CNFB(桥防),MFR-00466,candidate,B,new
CHUANGXINZHE(创新者),CHUANGXINZHE(创新者),MFR-00442,candidate,B,new
CAX(创都),CAX(创都),MFR-00403,candidate,B,new
CEVA,CEVA,MFR-00420,review,A,new
Cooperation(合技电子),Cooperation(合技电子),MFR-00610,candidate,B,new
CR Magnetics Inc.,CR Magnetics Inc.,MFR-00494,candidate,B,new
CRC(创容),CRC(创容),MFR-00495,candidate,B,new
Caddock,Caddock,MFR-00523,candidate,B,new
CHUJIA(初嘉),CHUJIA(初嘉),MFR-00445,candidate,B,new
CINCH,CINCH,MFR-00448,candidate,B,new
CNJM(九木精密),CNJM(九木精密),MFR-00467,candidate,B,new
CTR(长泰尔电子),CTR(长泰尔电子),MFR-00507,candidate,B,new
CRRC(中车),CRRC(中车),MFR-00503,candidate,B,new
CMICHEL(迈克),CMICHEL(迈克),MFR-00460,candidate,B,new
CUI,CUI,MFR-00510,review,A,new
Chiplus(晶发),Chiplus(晶发),MFR-00568,candidate,B,new
CROWN EXTRA(冠奕达),CROWN EXTRA(冠奕达),MFR-00502,candidate,B,new
ColorEasyDuino,ColorEasyDuino,MFR-00596,candidate,B,new
长城,长城,MFR-03821,review,A,new
CONCRAFT(康龙),CONCRAFT(康龙),MFR-00480,candidate,B,new
CITIZEN,CITIZEN,MFR-00452,candidate,B,new
CNCM(成明科技),CNCM(成明科技),MFR-00464,candidate,B,new
CYT(长运通),CYT(长运通),MFR-00519,candidate,B,new
CEC(振华),CEC(振华),MFR-00414,candidate,B,new
Chipstar(智浦欣微),Chipstar(智浦欣微),MFR-00570,candidate,B,new
COMPCCTV(视明通),COMPCCTV(视明通),MFR-00477,candidate,B,new
CIT Relay and Switch,CIT Relay and Switch,MFR-00450,candidate,B,new
CW INDUSTRIES,CW INDUSTRIES,MFR-00511,candidate,B,new
Coolaudio,Coolaudio,MFR-00608,candidate,B,new
CJKJ(川晶科技),CJKJ(川晶科技),MFR-00455,candidate,B,new
CONSONANCE(上海如韵),CONSONANCE(上海如韵),MFR-00485,candidate,B,new
Cablemax,Cablemax,MFR-00521,candidate,B,new
ColorChip,ColorChip,MFR-00595,candidate,B,new
Central(中环),Central(中环),MFR-00546,candidate,B,new
XUNDA(讯答),XUNDA(讯答),MFR-03246,candidate,B,new
c3controls,c3controls,MFR-03431,candidate,B,new
创峰美捷,创峰美捷,MFR-03611,candidate,B,new
Copper Mountain Technologies,Copper Mountain Technologies,MFR-00611,candidate,B,new
CJ(江苏长电/长晶),CJ(江苏长电/长晶),MFR-00453,candidate,B,new
CARE(开尔照明),CARE(开尔照明),MFR-00400,candidate,B,new
CNMF(谋福),CNMF(谋福),MFR-00468,candidate,B,new
Components Corporation,Components Corporation,MFR-00601,candidate,B,new
Compex,Compex,MFR-00599,candidate,B,new
CONCORD ELECTRONICS,CONCORD ELECTRONICS,MFR-00479,candidate,B,new
COTEK,COTEK,MFR-00489,candidate,B,new
"Circuit Systems Company, Inc.","Circuit Systems Company, Inc.",MFR-00577,candidate,B,new
CISSOID,CISSOID,MFR-00449,candidate,B,new
驰腾,驰腾,MFR-03833,review,A,new
CALIFORNIA MICRO DEV,CALIFORNIA MICRO DEV,MFR-00398,candidate,B,new
Cambion,Cambion,MFR-00526,candidate,B,new
Caplugs,Caplugs,MFR-00536,candidate,B,new
Captive Fastener Corporation,Captive Fastener Corporation,MFR-00537,candidate,B,new
CHIPSENSE(芯森),CHIPSENSE(芯森),MFR-00439,candidate,B,new
Cmedia(骅讯),Cmedia(骅讯),MFR-00587,candidate,B,new
Cantherm,Cantherm,MFR-00531,candidate,B,new
Ckmtw(灿科盟),Ckmtw(灿科盟),MFR-00583,candidate,B,new
Circuitco (Beagleboard),Circuitco (Beagleboard),MFR-00578,candidate,B,new
Chipsbank(芯邦),Chipsbank(芯邦),MFR-00569,candidate,B,new
昌暘,昌暘,MFR-03706,review,A,new
CXG(创新高),CXG(创新高),MFR-00514,candidate,B,new
CCO(千志电子),CCO(千志电子),MFR-00406,candidate,B,new
CAS SCAP(中科超容),CAS SCAP(中科超容),MFR-00401,candidate,B,new
CBI(创基),CBI(创基),MFR-00405,candidate,B,new
Cosmo(冠西),Cosmo(冠西),MFR-00617,candidate,B,new
CHIPLINK(芯联),CHIPLINK(芯联),MFR-00435,candidate,B,new
CTS(西迪斯),CTS(西迪斯),MFR-00508,candidate,B,new
CDA(智烽维),CDA(智烽维),MFR-00410,candidate,B,new
XY(振华新云),XY(振华新云),MFR-03248,candidate,B,new
CORETONG(芯通),CORETONG(芯通),MFR-00486,candidate,B,new
CACHIP(锦锐),CACHIP(锦锐),MFR-00395,candidate,B,new
CODACA(科达嘉),CODACA(科达嘉),MFR-00473,candidate,B,new
ChipNobo(无边界),ChipNobo(无边界),MFR-00564,candidate,B,new
CONNMAX(康迈思),CONNMAX(康迈思),MFR-00482,candidate,B,new
Coherent(高意),Coherent(高意),MFR-00590,candidate,B,new
CNNT(康奈特),CNNT(康奈特),MFR-00469,candidate,B,new
CS(创世),CS(创世),MFR-00504,candidate,B,new
CZYAZI(杨子),CZYAZI(杨子),MFR-00520,candidate,B,new
COMMSCOPE(康普),COMMSCOPE(康普),MFR-00476,candidate,B,new
Carlo Gavazzi Computing Solutions,Carlo Gavazzi Computing Solutions,MFR-00543,candidate,B,new
CAIPU(彩谱),CAIPU(彩谱),MFR-00396,candidate,B,new
Clake,Clake,MFR-00584,candidate,B,new
Cansec Wireless(加安电子),Cansec Wireless(加安电子),MFR-00530,candidate,B,new
CHIGO(志高),CHIGO(志高),MFR-00430,candidate,B,new
cooldisi(库迪斯),cooldisi(库迪斯),MFR-03446,candidate,B,new
冲天,冲天,MFR-03608,review,A,new
CRG(希瑞格),CRG(希瑞格),MFR-00500,candidate,B,new
ChangingTek(知行),ChangingTek(知行),MFR-00550,candidate,B,new
CHEVRON(诚润电子),CHEVRON(诚润电子),MFR-00429,candidate,B,new
Chipways(琪埔维),Chipways(琪埔维),MFR-00571,candidate,B,new
chuanyi(川仪),chuanyi(川仪),MFR-03440,candidate,B,new
Chilisin(奇力新),Chilisin(奇力新),MFR-00555,candidate,B,new
CM(朝美),CM(朝美),MFR-00459,candidate,B,new
CX(长兴),CX(长兴),MFR-00513,candidate,B,new
CST(永丰盈),CST(永丰盈),MFR-00505,candidate,B,new
Carli(凯励),Carli(凯励),MFR-00540,candidate,B,new
chipup(芯昇),chipup(芯昇),MFR-03439,candidate,B,new
cjiang(长江微电),cjiang(长江微电),MFR-03441,candidate,B,new
车领秀,车领秀,MFR-03808,review,A,new
CIMO(士模微),CIMO(士模微),MFR-00447,candidate,B,new
cmcbright,cmcbright,MFR-03443,candidate,B,new
cntitle(中戈泰斗),cntitle(中戈泰斗),MFR-03444,candidate,B,new
Central Technologies,Central Technologies,MFR-00545,candidate,B,new
CHUERA(创时代),CHUERA(创时代),MFR-00444,candidate,B,new
CH(创慧电子),CH(创慧电子),MFR-00422,candidate,B,new
Crystek,Crystek,MFR-00621,candidate,B,new
Comet(科密),Comet(科密),MFR-00598,candidate,B,new
CREE LED,CREE LED,MFR-00499,candidate,B,new
crechip(睿赫),crechip(睿赫),MFR-03447,candidate,B,new
ChengTao(诚韬),ChengTao(诚韬),MFR-00553,candidate,B,new
Crouzet,Crouzet,MFR-00620,candidate,B,new
Curtis Industries,Curtis Industries,MFR-00623,candidate,B,new
Corsair Electrical Connectors,Corsair Electrical Connectors,MFR-00615,candidate,B,new
Critical Link,Critical Link,MFR-00618,candidate,B,new
Cynergy3,Cynergy3,MFR-00627,candidate,B,new
Chinamobile(中移物联网),Chinamobile(中移物联网),MFR-00556,candidate,B,new
Corning,Corning,MFR-00614,candidate,B,new
"Conta-Clip, Inc.","Conta-Clip, Inc.",MFR-00607,candidate,B,new
CamdenBoss Ltd,CamdenBoss Ltd,MFR-00527,candidate,B,new
Capital Advanced Technologies,Capital Advanced Technologies,MFR-00535,candidate,B,new
Chemtronics,Chemtronics,MFR-00552,candidate,B,new
Carclo Optics,Carclo Optics,MFR-00538,candidate,B,new
Carling Technologies,Carling Technologies,MFR-00541,candidate,B,new
Cal Test,Cal Test,MFR-00524,candidate,B,new
Conec,Conec,MFR-00602,candidate,B,new
Conesys,Conesys,MFR-00603,candidate,B,new
CML Innovative Technologies,CML Innovative Technologies,MFR-00461,candidate,B,new
Congatec AG,Congatec AG,MFR-00604,candidate,B,new
Chip Quik,Chip Quik,MFR-00560,candidate,B,new
CHERRY,CHERRY,MFR-00428,candidate,B,new
CHK(今凯),CHK(今凯),MFR-00440,candidate,B,new
Cmierf Kuect,Cmierf Kuect,MFR-00588,candidate,B,new
Cvilux(瀚荃),Cvilux(瀚荃),MFR-00624,candidate,B,new
Comchip(典琦),Comchip(典琦),MFR-00597,candidate,B,new
CHUANHUAN(川环),CHUANHUAN(川环),MFR-00443,candidate,B,new
CoreChips(和芯润德),CoreChips(和芯润德),MFR-00612,candidate,B,new
Cyntec(乾坤),Cyntec(乾坤),MFR-00628,candidate,B,new
C&K,C&K,MFR-00393,review,A,new
Challenge Electronics,Challenge Electronics,MFR-00549,candidate,B,new
Connor-Winfield,Connor-Winfield,MFR-00605,candidate,B,new
Cincon,Cincon,MFR-00576,candidate,B,new
CMLMICRO,CMLMICRO,MFR-00462,candidate,B,new
COMUS,COMUS,MFR-00478,candidate,B,new
CY(超音),CY(超音),MFR-00516,candidate,B,new
Cosel,Cosel,MFR-00616,candidate,B,new
CYOV(长鹰),CYOV(长鹰),MFR-00518,candidate,B,new
CITEL,CITEL,MFR-00451,candidate,B,new
Chinfa,Chinfa,MFR-00557,candidate,B,new
CHINENG(驰能),CHINENG(驰能),MFR-00433,candidate,B,new
CIKI(皓富),CIKI(皓富),MFR-00446,candidate,B,new
CHAOCHUANG(超创),CHAOCHUANG(超创),MFR-00425,candidate,B,new
Coilank(驰兴电感),Coilank(驰兴电感),MFR-00591,candidate,B,new
caili(彩狸),caili(彩狸),MFR-03432,candidate,B,new
chipfountain(芯涛微),chipfountain(芯涛微),MFR-03437,candidate,B,new
CHENLING(尘玲),CHENLING(尘玲),MFR-00427,candidate,B,new
CXMT(长鑫),CXMT(长鑫),MFR-00515,candidate,B,new
CHIPSEA(芯海科技),CHIPSEA(芯海科技),MFR-00438,candidate,B,new
CW(芯源),CW(芯源),MFR-00512,candidate,B,new
CREATEK(达晶微),CREATEK(达晶微),MFR-00497,candidate,B,new
CEC(中电熊猫),CEC(中电熊猫),MFR-00413,candidate,B,new
changlu,changlu,MFR-03436,candidate,B,new
Coilmaster(统宇电研),Coilmaster(统宇电研),MFR-00593,candidate,B,new
CNC Tech,CNC Tech,MFR-00463,candidate,B,new
CHAMPION(全鹏),CHAMPION(全鹏),MFR-00424,candidate,B,new
CAL-CHIP,CAL-CHIP,MFR-00397,candidate,B,new
CKS(中科芯),CKS(中科芯),MFR-00457,candidate,B,new
Cybermax(思博科技),Cybermax(思博科技),MFR-00625,candidate,B,new
CND-tek(磁联达),CND-tek(磁联达),MFR-00465,candidate,B,new
CRMICRO(华润微),CRMICRO(华润微),MFR-00501,candidate,B,new
CED(建超),CED(建超),MFR-00415,candidate,B,new
Cicoil,Cicoil,MFR-00575,candidate,B,new
CH Products,CH Products,MFR-00421,candidate,B,new
canfeng(灿峰),canfeng(灿峰),MFR-03433,candidate,B,new
CASIO(卡西欧),CASIO(卡西欧),MFR-00402,candidate,B,new
Celfras(联智),Celfras(联智),MFR-00544,candidate,B,new
Chinocera(华瓷),Chinocera(华瓷),MFR-00558,candidate,B,new
瓷金,瓷金,MFR-03760,review,A,new
COSEMITECH(意瑞),COSEMITECH(意瑞),MFR-00487,candidate,B,new
Chipanalog(川土微),Chipanalog(川土微),MFR-00566,candidate,B,new
CHIPLON(启珑),CHIPLON(启珑),MFR-00436,candidate,B,new
Chip-Rail(启臣微),Chip-Rail(启臣微),MFR-00561,candidate,B,new
COV(德欣),COV(德欣),MFR-00492,candidate,B,new
CREALITY(创想三维),CREALITY(创想三维),MFR-00496,candidate,B,new
CapXon(丰宾),CapXon(丰宾),MFR-00533,candidate,B,new
CrossChip(成都芯进),CrossChip(成都芯进),MFR-00619,candidate,B,new
CET(华瑞),CET(华瑞),MFR-00418,candidate,B,new
chipown(芯朋微电子),chipown(芯朋微电子),MFR-03438,candidate,B,new
Coilcraft(线艺),Coilcraft(线艺),MFR-00592,candidate,B,new
Chau Light(洲光源),Chau Light(洲光源),MFR-00551,candidate,B,new
California Eastern Laboratories,California Eastern Laboratories,MFR-00525,candidate,B,new
CCTC(三环),CCTC(三环),MFR-00408,candidate,B,new
CONNFLY,CONNFLY,MFR-00481,candidate,B,new
昶龙科技,昶龙科技,MFR-03711,candidate,B,new
传美,传美,MFR-03596,review,A,new
COUNS(高优),COUNS(高优),MFR-00491,candidate,B,new
CDE,CDE,MFR-00411,review,A,new
Component Basics,Component Basics,MFR-00600,candidate,B,new
Chiplntelli(启英泰伦),Chiplntelli(启英泰伦),MFR-00567,candidate,B,new
CHILON(成量),CHILON(成量),MFR-00431,candidate,B,new
Consensic(康森斯克),Consensic(康森斯克),MFR-00606,candidate,B,new
CKX(錞谷),CKX(錞谷),MFR-00458,candidate,B,new
Corebai(芯佰微),Corebai(芯佰微),MFR-00613,candidate,B,new
CEM(华盛昌),CEM(华盛昌),MFR-00416,candidate,B,new
CHS(长虹),CHS(长虹),MFR-00441,candidate,B,new
coileasy(线易),coileasy(线易),MFR-03445,candidate,B,new
CHIPOWER(芯力微),CHIPOWER(芯力微),MFR-00437,candidate,B,new
ceaiya(柯爱亚),ceaiya(柯爱亚),MFR-03434,candidate,B,new
ChipON(芯旺微),ChipON(芯旺微),MFR-00565,candidate,B,new
COBI,COBI,MFR-00472,review,A,new
Chinsan(金山),Chinsan(金山),MFR-00559,candidate,B,new
COMIX(齐心),COMIX(齐心),MFR-00475,candidate,B,new
Chahua-Electric(茶花电气),Chahua-Electric(茶花电气),MFR-00548,candidate,B,new
CENKER(岑科),CENKER(岑科),MFR-00417,candidate,B,new
Chengx(承兴),Chengx(承兴),MFR-00554,candidate,B,new
CJT(长江连接器),CJT(长江连接器),MFR-00456,candidate,B,new
CONQUER(功得),CONQUER(功得),MFR-00484,candidate,B,new
雷公王,雷公王,MFR-03824,review,A,new
CAMEL(骆驼),CAMEL(骆驼),MFR-00399,candidate,B,new
Chip-lead(奇力),Chip-lead(奇力),MFR-00562,candidate,B,new
皇冠,皇冠,MFR-03764,review,A,new
CT MICRO,CT MICRO,MFR-00506,candidate,B,new
成都为开,成都为开,MFR-03685,candidate,B,new
clean power(洁力),clean power(洁力),MFR-03442,candidate,B,new
Churod Electronics(中汇瑞德),Churod Electronics(中汇瑞德),MFR-00574,candidate,B,new
CapSolution,CapSolution,MFR-00532,candidate,B,new
Cha(昭华),Cha(昭华),MFR-00547,candidate,B,new
cenreon(讯联汇通),cenreon(讯联汇通),MFR-03435,candidate,B,new
C-Ton,C-Ton,MFR-00394,candidate,B,new
CTi,CTi,MFR-00509,review,A,new
Cytron,Cytron,MFR-00630,candidate,B,new
CCS,CCS,MFR-00407,review,A,new
Cymbet,Cymbet,MFR-00626,candidate,B,new
COSINE(科山芯创),COSINE(科山芯创),MFR-00488,candidate,B,new
Cabling123,Cabling123,MFR-00522,candidate,B,new
Cardinal Components,Cardinal Components,MFR-00539,candidate,B,new
Carlisle,Carlisle,MFR-00542,candidate,B,new
Canon(佳能),Canon(佳能),MFR-00529,candidate,B,new
CapeSym,CapeSym,MFR-00534,candidate,B,new
CJE(常州常捷),CJE(常州常捷),MFR-00454,candidate,B,new
ChromeLED,ChromeLED,MFR-00573,candidate,B,new
CNR(舜全),CNR(舜全),MFR-00470,candidate,B,new
Chogori,Chogori,MFR-00572,candidate,B,new
CDK,CDK,MFR-00412,review,A,new
Cliff,Cliff,MFR-00585,candidate,B,new
Cita,Cita,MFR-00581,candidate,B,new
CityTechnology,CityTechnology,MFR-00582,candidate,B,new
CPI,CPI,MFR-00493,review,A,new
Cologne Chip,Cologne Chip,MFR-00594,candidate,B,new
Cooltron(固强),Cooltron(固强),MFR-00609,candidate,B,new
CONNTEK(昆泰芯),CONNTEK(昆泰芯),MFR-00483,candidate,B,new
Cirrus Logic(凌云),Cirrus Logic(凌云),MFR-00580,candidate,B,new
Infineon/CYPRESS(赛普拉斯),Infineon/CYPRESS(赛普拉斯),MFR-01406,candidate,B,new
CHIN-BAN(勤本),CHIN-BAN(勤本),MFR-00432,candidate,B,new
CREC(晶宝),CREC(晶宝),MFR-00498,candidate,B,new
CHAHUA(茶花),CHAHUA(茶花),MFR-00423,candidate,B,new
Clinell(伽玛),Clinell(伽玛),MFR-00586,candidate,B,new
CAZN(正成),CAZN(正成),MFR-00404,candidate,B,new
ChipNext(芯创意),ChipNext(芯创意),MFR-00563,candidate,B,new
DORABO(地博电气),DORABO(地博电气),MFR-00701,candidate,B,new
DIPUWEI TECHNOLOGY(迪普微科技),DIPUWEI TECHNOLOGY(迪普微科技),MFR-00682,candidate,B,new
DreamLNK(骏晔科技),DreamLNK(骏晔科技),MFR-00746,candidate,B,new
DTECH(帝特),DTECH(帝特),MFR-00707,candidate,B,new
DES(德士),DES(德士),MFR-00664,candidate,B,new
DEXU(德旭电子),DEXU(德旭电子),MFR-00666,candidate,B,new
4D Systems,4D Systems,MFR-00008,candidate,B,new
DIODES(美台),DIODES(美台),MFR-00679,candidate,B,new
TE Connectivity(泰科电子)/DEUTSCH,TE Connectivity(泰科电子)/DEUTSCH,MFR-02834,candidate,B,new
DETCO,DETCO,MFR-00665,candidate,B,new
Dragonstate(华龙),Dragonstate(华龙),MFR-00745,candidate,B,new
dosin(德索连接器),dosin(德索连接器),MFR-03453,candidate,B,new
多和壹,多和壹,MFR-03649,review,A,new
DUN WANG(盾王),DUN WANG(盾王),MFR-00709,candidate,B,new
Deltrol Controls,Deltrol Controls,MFR-00724,candidate,B,new
DEREN(得润电子),DEREN(得润电子),MFR-00663,candidate,B,new
DJI(大疆),DJI(大疆),MFR-00685,candidate,B,new
DELIXI(德力西),DELIXI(德力西),MFR-00658,candidate,B,new
DGYZC(扬展康),DGYZC(扬展康),MFR-00671,candidate,B,new
点灯,点灯,MFR-03751,review,A,new
Dolphin(海豚),Dolphin(海豚),MFR-00740,candidate,B,new
dinkle(町洋),dinkle(町洋),MFR-03452,candidate,B,new
DF(钻芯),DF(钻芯),MFR-00668,candidate,B,new
DIT,DIT,MFR-00683,review,A,new
DAVICOM(联杰国际),DAVICOM(联杰国际),MFR-00646,candidate,B,new
DMBJ(振宝佳),DMBJ(振宝佳),MFR-00693,candidate,B,new
大唐保镖,大唐保镖,MFR-03651,candidate,B,new
DAIGOK(戴工传感器),DAIGOK(戴工传感器),MFR-00636,candidate,B,new
Doeshare(德芯),Doeshare(德芯),MFR-00739,candidate,B,new
Dallas Logic,Dallas Logic,MFR-00716,candidate,B,new
DONGYE FURNITURE(东业家具),DONGYE FURNITURE(东业家具),MFR-00699,candidate,B,new
DELE(德勒),DELE(德勒),MFR-00657,candidate,B,new
DIANWEI(钿威科技),DIANWEI(钿威科技),MFR-00675,candidate,B,new
大毅科技,大毅科技,MFR-03652,candidate,B,new
Diamond Systems,Diamond Systems,MFR-00730,candidate,B,new
DELTA(台达),DELTA(台达),MFR-00659,candidate,B,new
Dwyer,Dwyer,MFR-00750,candidate,B,new
DONGXIAO(东消),DONGXIAO(东消),MFR-00698,candidate,B,new
DYNASTREAM,DYNASTREAM,MFR-00713,candidate,B,new
di-soric,di-soric,MFR-03451,candidate,B,new
DECON(帝康),DECON(帝康),MFR-00654,candidate,B,new
DATAFORTH,DATAFORTH,MFR-00645,candidate,B,new
DUPONT(杜邦),DUPONT(杜邦),MFR-00710,candidate,B,new
"Delkin Devices, Inc.","Delkin Devices, Inc.",MFR-00722,candidate,B,new
DeYe(德业),DeYe(德业),MFR-00721,candidate,B,new
德佟,德佟,MFR-03679,review,A,new
DUSPER(日本小津),DUSPER(日本小津),MFR-00711,candidate,B,new
Data Display,Data Display,MFR-00717,candidate,B,new
DEMASHI(德玛仕),DEMASHI(德玛仕),MFR-00661,candidate,B,new
DERAY(德瑞),DERAY(德瑞),MFR-00662,candidate,B,new
DAPU(大普通信),DAPU(大普通信),MFR-00640,candidate,B,new
D-Robotics(地瓜机器人),D-Robotics(地瓜机器人),MFR-00632,candidate,B,new
DIKEMO(蒂克默蔓),DIKEMO(蒂克默蔓),MFR-00677,candidate,B,new
DEALON(德艺隆),DEALON(德艺隆),MFR-00653,candidate,B,new
Dell(戴尔),Dell(戴尔),MFR-00723,candidate,B,new
Dxpower (电小二),Dxpower (电小二),MFR-00751,candidate,B,new
dcmma(德玛),dcmma(德玛),MFR-03448,candidate,B,new
东通电子,东通电子,MFR-03576,candidate,B,new
DART(英国达特),DART(英国达特),MFR-00644,candidate,B,new
DLL(德利),DLL(德利),MFR-00690,candidate,B,new
dytape,dytape,MFR-03455,candidate,B,new
DARFON(达方),DARFON(达方),MFR-00641,candidate,B,new
CHINT(正泰),CHINT(正泰),MFR-00434,candidate,B,new
DOIT(四博智联),DOIT(四博智联),MFR-00695,candidate,B,new
DAIN(岱恩),DAIN(岱恩),MFR-00637,candidate,B,new
D-SWITCH(德崧),D-SWITCH(德崧),MFR-00633,candidate,B,new
DDY(德立),DDY(德立),MFR-00651,candidate,B,new
DEFOND(德丰),DEFOND(德丰),MFR-00655,candidate,B,new
Davies Molding,Davies Molding,MFR-00719,candidate,B,new
DLP Design,DLP Design,MFR-00691,candidate,B,new
Digilent,Digilent,MFR-00732,candidate,B,new
Displaytech,Displaytech,MFR-00738,candidate,B,new
Dremel,Dremel,MFR-00748,candidate,B,new
DB Unlimited,DB Unlimited,MFR-00649,candidate,B,new
DFRobot,DFRobot,MFR-00669,candidate,B,new
Digi,Digi,MFR-00731,candidate,B,new
Desco,Desco,MFR-00728,candidate,B,new
DAZZLE(大业激光),DAZZLE(大业激光),MFR-00648,candidate,B,new
Dialight,Dialight,MFR-00729,candidate,B,new
国产工业品,国产工业品,MFR-03646,candidate,B,new
Dersonic(德尔创),Dersonic(德尔创),MFR-00727,candidate,B,new
deli(得力工具),deli(得力工具),MFR-03450,candidate,B,new
DIOTEC(德欧泰克),DIOTEC(德欧泰克),MFR-00681,candidate,B,new
DUV(德佑威),DUV(德佑威),MFR-00712,candidate,B,new
Daburn Electronics,Daburn Electronics,MFR-00714,candidate,B,new
Dersem(德信创微),Dersem(德信创微),MFR-00726,candidate,B,new
大华电源,大华电源,MFR-03650,candidate,B,new
DLAB(大龙),DLAB(大龙),MFR-00686,candidate,B,new
DREAM(梦想),DREAM(梦想),MFR-00704,candidate,B,new
DongCheng(东成),DongCheng(东成),MFR-00743,candidate,B,new
DongChen(东晨),DongChen(东晨),MFR-00742,candidate,B,new
Dominant(统明亮),Dominant(统明亮),MFR-00741,candidate,B,new
deli(得力),deli(得力),MFR-03449,candidate,B,new
DM(大迈),DM(大迈),MFR-00692,candidate,B,new
Datawave,Datawave,MFR-00718,candidate,B,new
Digital Six Labs,Digital Six Labs,MFR-00733,candidate,B,new
DIAMOND(钻石牌),DIAMOND(钻石牌),MFR-00674,candidate,B,new
Delus(德励),Delus(德励),MFR-00725,candidate,B,new
国产MRO,国产MRO,MFR-03645,candidate,B,new
Duracell(金霸王),Duracell(金霸王),MFR-00749,candidate,B,new
DUBAN(度班),DUBAN(度班),MFR-00708,candidate,B,new
DDF(鼎德丰),DDF(鼎德丰),MFR-00650,candidate,B,new
DAPENG(大鹏电子),DAPENG(大鹏电子),MFR-00639,candidate,B,new
DARONG(大容),DARONG(大容),MFR-00643,candidate,B,new
DLD(多乐达),DLD(多乐达),MFR-00688,candidate,B,new
典小圣,典小圣,MFR-03607,review,A,new
DIOO(帝奥微),DIOO(帝奥微),MFR-00680,candidate,B,new
DELTAPLUS(代尔塔),DELTAPLUS(代尔塔),MFR-00660,candidate,B,new
DH(德鸿感应),DH(德鸿感应),MFR-00672,candidate,B,new
DOWESTON(道威斯顿),DOWESTON(道威斯顿),MFR-00702,candidate,B,new
DOWO(东沃),DOWO(东沃),MFR-00703,candidate,B,new
DONGERKEJI(东儿科技),DONGERKEJI(东儿科技),MFR-00696,candidate,B,new
DEGSON(高正/高松),DEGSON(高正/高松),MFR-00656,candidate,B,new
DONGFANGHONG(东方红),DONGFANGHONG(东方红),MFR-00697,candidate,B,new
DGCX(成希),DGCX(成希),MFR-00670,candidate,B,new
Dailywell(德利威),Dailywell(德利威),MFR-00715,candidate,B,new
DILUO(帝螺),DILUO(帝螺),MFR-00678,candidate,B,new
D-CHAIN(达擎),D-CHAIN(达擎),MFR-00631,candidate,B,new
德普微电子,德普微电子,MFR-03680,candidate,B,new
DARHO(大洪),DARHO(大洪),MFR-00642,candidate,B,new
DAWEI(大卫),DAWEI(大卫),MFR-00647,candidate,B,new
DeLonghi(德龙),DeLonghi(德龙),MFR-00720,candidate,B,new
DIYI(迪一/芯诺),DIYI(迪一/芯诺),MFR-00684,candidate,B,new
丹翔,丹翔,MFR-03585,review,A,new
DIGENT(里程),DIGENT(里程),MFR-00676,candidate,B,new
DHS(红双喜),DHS(红双喜),MFR-00673,candidate,B,new
DONMIN(东明),DONMIN(东明),MFR-00700,candidate,B,new
DLK(德力康),DLK(德力康),MFR-00689,candidate,B,new
DALLAS,DALLAS,MFR-00638,candidate,B,new
D.SignT,D.SignT,MFR-00634,candidate,B,new
DAB-Embedded,DAB-Embedded,MFR-00635,candidate,B,new
Digital View,Digital View,MFR-00734,candidate,B,new
Display Visions,Display Visions,MFR-00737,candidate,B,new
Doodle Labs,Doodle Labs,MFR-00744,candidate,B,new
DLC,DLC,MFR-00687,review,A,new
DEYAN(德砚电子),DEYAN(德砚电子),MFR-00667,candidate,B,new
DreamVu,DreamVu,MFR-00747,candidate,B,new
DS(登升),DS(登升),MFR-00705,candidate,B,new
DOINGTER(杜因特),DOINGTER(杜因特),MFR-00694,candidate,B,new
dosinconn(德索五金),dosinconn(德索五金),MFR-03454,candidate,B,new
DSTECH(奥简科技),DSTECH(奥简科技),MFR-00706,candidate,B,new
EAGLE(益而高),EAGLE(益而高),MFR-00762,candidate,B,new
ENDRIVE(江苏能动),ENDRIVE(江苏能动),MFR-00793,candidate,B,new
EVERPOWER(艾威博尔),EVERPOWER(艾威博尔),MFR-00824,candidate,B,new
ekinglux(亿晶源),ekinglux(亿晶源),MFR-03461,candidate,B,new
EPT(能点科技),EPT(能点科技),MFR-00802,candidate,B,new
ESHION(禹舜),ESHION(禹舜),MFR-00806,candidate,B,new
ELECALL(伊莱科),ELECALL(伊莱科),MFR-00788,candidate,B,new
ELANTEC,ELANTEC,MFR-00787,candidate,B,new
EPSON(爱普生),EPSON(爱普生),MFR-00801,candidate,B,new
E-T-A,E-T-A,MFR-00756,candidate,B,new
East Tester(杭州中创),East Tester(杭州中创),MFR-00832,candidate,B,new
Everest-semi(顺芯),Everest-semi(顺芯),MFR-00859,candidate,B,new
EVERFINE(远方),EVERFINE(远方),MFR-00822,candidate,B,new
Elitestek(易灵思),Elitestek(易灵思),MFR-00842,candidate,B,new
EVISUN(易成),EVISUN(易成),MFR-00825,candidate,B,new
EPIGAP OSA,EPIGAP OSA,MFR-00800,candidate,B,new
E+AIR(伊万包装),E+AIR(伊万包装),MFR-00753,candidate,B,new
e+erne(伊万仪通),e+erne(伊万仪通),MFR-03456,candidate,B,new
EBYTE(亿佰特),EBYTE(亿佰特),MFR-00766,candidate,B,new
ELAN(义隆电子),ELAN(义隆电子),MFR-00786,candidate,B,new
EDATEC(晶珩),EDATEC(晶珩),MFR-00774,candidate,B,new
EastSoft(东软载波),EastSoft(东软载波),MFR-00833,candidate,B,new
Eagle Plastic Devices,Eagle Plastic Devices,MFR-00830,candidate,B,new
ETRON(钰创),ETRON(钰创),MFR-00816,candidate,B,new
ETERNAL(宜源科技),ETERNAL(宜源科技),MFR-00815,candidate,B,new
Elvis(艾立仕),Elvis(艾立仕),MFR-00845,candidate,B,new
everanalog(申风),everanalog(申风),MFR-03465,candidate,B,new
Edison(艾笛森),Edison(艾笛森),MFR-00836,candidate,B,new
E-WeiChat(惟兴),E-WeiChat(惟兴),MFR-00758,candidate,B,new
EYANG(宇阳科技),EYANG(宇阳科技),MFR-00829,candidate,B,new
ENMANE(英曼),ENMANE(英曼),MFR-00796,candidate,B,new
E-Switch,E-Switch,MFR-00755,candidate,B,new
Ezurio,Ezurio,MFR-00865,candidate,B,new
ELMOS,ELMOS,MFR-00789,candidate,B,new
EPIC,EPIC,MFR-00799,review,A,new
Electronic Concepts,Electronic Concepts,MFR-00840,candidate,B,new
ESS,ESS,MFR-00811,review,A,new
Edwards Signaling,Edwards Signaling,MFR-00837,candidate,B,new
EECO,EECO,MFR-00780,review,A,new
ECLIPSE TOOLS,ECLIPSE TOOLS,MFR-00769,candidate,B,new
ebmpapst,ebmpapst,MFR-03460,candidate,B,new
EMERSON NETWORK POWER,EMERSON NETWORK POWER,MFR-00791,candidate,B,new
Encitech,Encitech,MFR-00849,candidate,B,new
Energy Recovery Products,Energy Recovery Products,MFR-00852,candidate,B,new
Esterline Technologies,Esterline Technologies,MFR-00857,candidate,B,new
ETA Power,ETA Power,MFR-00812,candidate,B,new
EnergyMath(芯祥科技),EnergyMath(芯祥科技),MFR-00853,candidate,B,new
Existar(毅芯达),Existar(毅芯达),MFR-00864,candidate,B,new
EVER OHMS(天二科技),EVER OHMS(天二科技),MFR-00820,candidate,B,new
EATON(伊顿),EATON(伊顿),MFR-00764,candidate,B,new
EnChip(能芯),EnChip(能芯),MFR-00847,candidate,B,new
ESMT(晶豪),ESMT(晶豪),MFR-00807,candidate,B,new
ECOBOOTHS(爱柯部落),ECOBOOTHS(爱柯部落),MFR-00770,candidate,B,new
EACO,EACO,MFR-00760,review,A,new
eureka(优瑞家),eureka(优瑞家),MFR-03464,candidate,B,new
eTOMMENS(同门),eTOMMENS(同门),MFR-03459,candidate,B,new
e-peas,e-peas,MFR-03457,candidate,B,new
Essentra(益升华),Essentra(益升华),MFR-00856,candidate,B,new
Excelitas(埃赛力达),Excelitas(埃赛力达),MFR-00862,candidate,B,new
Energizer Battery Company,Energizer Battery Company,MFR-00851,candidate,B,new
EDAC,EDAC,MFR-00773,review,A,new
Electroswitch,Electroswitch,MFR-00841,candidate,B,new
EAO,EAO,MFR-00763,review,A,new
E-Z-Hook,E-Z-Hook,MFR-00759,candidate,B,new
EW Electronics,EW Electronics,MFR-00826,candidate,B,new
feasycom(飞易通),feasycom(飞易通),MFR-03468,candidate,B,new
Econd(米朗电子),Econd(米朗电子),MFR-00835,candidate,B,new
Everspin,Everspin,MFR-00861,candidate,B,new
EPC,EPC,MFR-00798,review,A,new
EUTECH(德信),EUTECH(德信),MFR-00819,candidate,B,new
East Electronics,East Electronics,MFR-00831,candidate,B,new
ECEC(东晶),ECEC(东晶),MFR-00768,candidate,B,new
TE Connectivity(泰科电子)/ERNI,TE Connectivity(泰科电子)/ERNI,MFR-02835,candidate,B,new
EMTEK(兆欣),EMTEK(兆欣),MFR-00792,candidate,B,new
EXPLOIT(开拓),EXPLOIT(开拓),MFR-00828,candidate,B,new
EIGHT(百利),EIGHT(百利),MFR-00785,candidate,B,new
EAGET(忆捷),EAGET(忆捷),MFR-00761,candidate,B,new
EDON(爱登),EDON(爱登),MFR-00778,candidate,B,new
ECT(电连),ECT(电连),MFR-00772,candidate,B,new
Embedded Artists,Embedded Artists,MFR-00846,candidate,B,new
EIC,EIC,MFR-00784,review,A,new
Eurgeen(欧井),Eurgeen(欧井),MFR-00858,candidate,B,new
ECS,ECS,MFR-00771,review,A,new
EG(屹晶微),EG(屹晶微),MFR-00781,candidate,B,new
ES(恩盛),ES(恩盛),MFR-00804,candidate,B,new
ESPRESSIF(乐鑫),ESPRESSIF(乐鑫),MFR-00809,candidate,B,new
e代经典,e代经典,MFR-03466,candidate,B,new
E-NETTR(祥星电子),E-NETTR(祥星电子),MFR-00754,candidate,B,new
ENDURA(力易得),ENDURA(力易得),MFR-00794,candidate,B,new
EVERCOM(恒连),EVERCOM(恒连),MFR-00821,candidate,B,new
ETTINGER,ETTINGER,MFR-00817,candidate,B,new
EG(鹏驰),EG(鹏驰),MFR-00782,candidate,B,new
EATS(亿思特),EATS(亿思特),MFR-00765,candidate,B,new
ENGINEER,ENGINEER,MFR-00795,candidate,B,new
EasyDetek(易探),EasyDetek(易探),MFR-00834,candidate,B,new
ETA(钰泰),ETA(钰泰),MFR-00814,candidate,B,new
EUNICE,EUNICE,MFR-00818,candidate,B,new
ECE(百容),ECE(百容),MFR-00767,candidate,B,new
elaom(良田),elaom(良田),MFR-03462,candidate,B,new
EEC(绵阳敦源),EEC(绵阳敦源),MFR-00779,candidate,B,new
EDL(易得力),EDL(易得力),MFR-00775,candidate,B,new
ETA(埃塔),ETA(埃塔),MFR-00813,candidate,B,new
Excelta,Excelta,MFR-00863,candidate,B,new
Ellenex,Ellenex,MFR-00843,candidate,B,new
Elprotronic,Elprotronic,MFR-00844,candidate,B,new
Electric Imp,Electric Imp,MFR-00839,candidate,B,new
EM Microelectronic,EM Microelectronic,MFR-00790,candidate,B,new
EI Sensor,EI Sensor,MFR-00783,candidate,B,new
EPtronics,EPtronics,MFR-00803,candidate,B,new
Equinox,Equinox,MFR-00854,candidate,B,new
EOS,EOS,MFR-00797,review,A,new
ESPROS Photonics,ESPROS Photonics,MFR-00810,candidate,B,new
Enclustra,Enclustra,MFR-00850,candidate,B,new
EnOcean,EnOcean,MFR-00848,candidate,B,new
enDAQ,enDAQ,MFR-03463,candidate,B,new
EVERLIGHT(亿光),EVERLIGHT(亿光),MFR-00823,candidate,B,new
E Ink,E Ink,MFR-00752,candidate,B,new
e2ip,e2ip,MFR-03458,candidate,B,new
EDLCON(绿宝石),EDLCON(绿宝石),MFR-00776,candidate,B,new
EXACT(赛特),EXACT(赛特),MFR-00827,candidate,B,new
EDMUND BUHLERGMBH(莱比信),EDMUND BUHLERGMBH(莱比信),MFR-00777,candidate,B,new
ElecSuper(静芯),ElecSuper(静芯),MFR-00838,candidate,B,new
ESHINE(光华芯),ESHINE(光华芯),MFR-00805,candidate,B,new
ESOCOO(一电通),ESOCOO(一电通),MFR-00808,candidate,B,new
E-WORK(易沃克),E-WORK(易沃克),MFR-00757,candidate,B,new
FUET(福声科技),FUET(福声科技),MFR-00936,candidate,B,new
FLUKE(福禄克),FLUKE(福禄克),MFR-00906,candidate,B,new
FOTRIC(飞础科),FOTRIC(飞础科),MFR-00919,candidate,B,new
全汉,全汉,MFR-03603,review,A,new
FUXINSEMI(富芯森美),FUXINSEMI(富芯森美),MFR-00945,candidate,B,new
FM(复旦微),FM(复旦微),MFR-00909,candidate,B,new
FUJITSU(富士通),FUJITSU(富士通),MFR-00941,candidate,B,new
FSHY(佛山好运),FSHY(佛山好运),MFR-00929,candidate,B,new
FANTASTIC FAN,FANTASTIC FAN,MFR-00871,candidate,B,new
Futaba,Futaba,MFR-00988,candidate,B,new
FTDI(飞特帝亚),FTDI(飞特帝亚),MFR-00932,candidate,B,new
fipilock(飞洛克),fipilock(飞洛克),MFR-03469,candidate,B,new
FAUKU(高芯电子),FAUKU(高芯电子),MFR-00876,candidate,B,new
FNIRSI(菲尼瑞斯),FNIRSI(菲尼瑞斯),MFR-00913,candidate,B,new
Fortior Tech(峰岹),Fortior Tech(峰岹),MFR-00981,candidate,B,new
FY(富仪),FY(富仪),MFR-00948,candidate,B,new
FFOC(丰祺),FFOC(丰祺),MFR-00893,candidate,B,new
Fanyaa(泛亚精工),Fanyaa(泛亚精工),MFR-00953,candidate,B,new
FUGUANG(富光),FUGUANG(富光),MFR-00937,candidate,B,new
Firstohm(第一电阻),Firstohm(第一电阻),MFR-00966,candidate,B,new
FETek(东沅),FETek(东沅),MFR-00892,candidate,B,new
FUJI FILM(富士胶片),FUJI FILM(富士胶片),MFR-00939,candidate,B,new
FUYOU(富盈兴业科技),FUYOU(富盈兴业科技),MFR-00946,candidate,B,new
FiberSource,FiberSource,MFR-00961,candidate,B,new
FH(风华),FH(风华),MFR-00896,candidate,B,new
F&C(嘉准传感器),F&C(嘉准传感器),MFR-00866,candidate,B,new
FUJIYA(富具亚),FUJIYA(富具亚),MFR-00942,candidate,B,new
蜂鸟无线,蜂鸟无线,MFR-03799,candidate,B,new
FUJI(富士电机),FUJI(富士电机),MFR-00940,candidate,B,new
FEICE(飞策),FEICE(飞策),MFR-00884,candidate,B,new
Furuno(古野电气),Furuno(古野电气),MFR-00987,candidate,B,new
FAST,FAST,MFR-00872,review,A,new
Fair-Rite,Fair-Rite,MFR-00950,candidate,B,new
FSD-CON(富仕达),FSD-CON(富仕达),MFR-00928,candidate,B,new
FH-BK(风华邦科),FH-BK(风华邦科),MFR-00897,candidate,B,new
FG(富港),FG(富港),MFR-00894,candidate,B,new
方向电子,方向电子,MFR-03695,candidate,B,new
Floyd Bell,Floyd Bell,MFR-00971,candidate,B,new
Fairview Microwave,Fairview Microwave,MFR-00951,candidate,B,new
FACOM,FACOM,MFR-00868,candidate,B,new
faratronic(厦门法拉),faratronic(厦门法拉),MFR-03467,candidate,B,new
FREQCHIP(富芮坤),FREQCHIP(富芮坤),MFR-00924,candidate,B,new
FUCHENG(孚诚),FUCHENG(孚诚),MFR-00935,candidate,B,new
Fluere(中氟),Fluere(中氟),MFR-00973,candidate,B,new
FABAIKANG(法百康),FABAIKANG(法百康),MFR-00867,candidate,B,new
FLUSSO,FLUSSO,MFR-00907,candidate,B,new
Focus Display Solutions Inc.,Focus Display Solutions Inc.,MFR-00976,candidate,B,new
FISNAR,FISNAR,MFR-00901,candidate,B,new
Fujikura Ltd.,Fujikura Ltd.,MFR-00985,candidate,B,new
FUANNA(富安娜),FUANNA(富安娜),MFR-00934,candidate,B,new
FLASH(弗莱仕),FLASH(弗莱仕),MFR-00903,candidate,B,new
FREESOR(飞轩),FREESOR(飞轩),MFR-00923,candidate,B,new
FOSAN(富捷/富信),FOSAN(富捷/富信),MFR-00918,candidate,B,new
FriendlyElec(友善电子),FriendlyElec(友善电子),MFR-00983,candidate,B,new
FASTRON,FASTRON,MFR-00874,candidate,B,new
FOJAN(富捷),FOJAN(富捷),MFR-00914,candidate,B,new
FEMA/FECOM,FEMA/FECOM,MFR-00887,candidate,B,new
FCI,FCI,MFR-00878,review,A,new
Firecomms (飞尔康),Firecomms (飞尔康),MFR-00964,candidate,B,new
FLECK(福莱克),FLECK(福莱克),MFR-00904,candidate,B,new
FMD(辉芒微),FMD(辉芒微),MFR-00911,candidate,B,new
FUHENG(富恒),FUHENG(富恒),MFR-00938,candidate,B,new
FUZETEC(富致),FUZETEC(富致),MFR-00947,candidate,B,new
Fujicon(富之光),Fujicon(富之光),MFR-00984,candidate,B,new
FENIX(菲尼克斯),FENIX(菲尼克斯),MFR-00889,candidate,B,new
FC(方成),FC(方成),MFR-00877,candidate,B,new
Fdmtek(中科本原),Fdmtek(中科本原),MFR-00955,candidate,B,new
FMS(美丽微),FMS(美丽微),MFR-00912,candidate,B,new
Fcom(富士水晶),Fcom(富士水晶),MFR-00954,candidate,B,new
Fanstel,Fanstel,MFR-00952,candidate,B,new
Full-Way(四方杰芯),Full-Way(四方杰芯),MFR-00986,candidate,B,new
自由马,自由马,MFR-03791,review,A,new
FCM(闪芯微),FCM(闪芯微),MFR-00880,candidate,B,new
FIREMAPLE(火枫),FIREMAPLE(火枫),MFR-00899,candidate,B,new
FCL COMPONENTS,FCL COMPONENTS,MFR-00879,candidate,B,new
FOLLON(富隆电子),FOLLON(富隆电子),MFR-00915,candidate,B,new
FIRST FORCEGOD OF WAR(首力战神),FIRST FORCEGOD OF WAR(首力战神),MFR-00900,candidate,B,new
FOXCONN(富士康),FOXCONN(富士康),MFR-00921,candidate,B,new
FLIR(菲力尔),FLIR(菲力尔),MFR-00905,candidate,B,new
FRIWO,FRIWO,MFR-00926,candidate,B,new
Formerica Optoelectronics,Formerica Optoelectronics,MFR-00978,candidate,B,new
Flex,Flex,MFR-00968,candidate,B,new
Finder,Finder,MFR-00962,candidate,B,new
FESTOOL(费斯托工具),FESTOOL(费斯托工具),MFR-00891,candidate,B,new
FERROXCUBE(飞磁),FERROXCUBE(飞磁),MFR-00890,candidate,B,new
FEISHIDUN(飞氏盾),FEISHIDUN(飞氏盾),MFR-00886,candidate,B,new
FINECABLES(协顺),FINECABLES(协顺),MFR-00898,candidate,B,new
峰华微电子,峰华微电子,MFR-03669,candidate,B,new
Forant(泛特),Forant(泛特),MFR-00977,candidate,B,new
Flying Fairy(飞仙智能),Flying Fairy(飞仙智能),MFR-00975,candidate,B,new
FUNITRIP(趣行),FUNITRIP(趣行),MFR-00944,candidate,B,new
Fluckrise(福升),Fluckrise(福升),MFR-00972,candidate,B,new
Fengming(锋鸣电子),Fengming(锋鸣电子),MFR-00958,candidate,B,new
FGDX(富嘉达),FGDX(富嘉达),MFR-00895,candidate,B,new
Firefly Workshop(萤火工场),Firefly Workshop(萤火工场),MFR-00965,candidate,B,new
FeiHong(飞虹),FeiHong(飞虹),MFR-00956,candidate,B,new
Flyco(飞科),Flyco(飞科),MFR-00974,candidate,B,new
FRESHLIANCE(鲜境物联),FRESHLIANCE(鲜境物联),MFR-00925,candidate,B,new
FORT(致强),FORT(致强),MFR-00917,candidate,B,new
FDUN(格盾),FDUN(格盾),MFR-00883,candidate,B,new
FiberHome(烽火通信),FiberHome(烽火通信),MFR-00960,candidate,B,new
FS(风算智能),FS(风算智能),MFR-00927,candidate,B,new
飞毛腿,飞毛腿,MFR-03832,review,A,new
FENDA(奋达),FENDA(奋达),MFR-00888,candidate,B,new
FATRI(西人马),FATRI(西人马),MFR-00875,candidate,B,new
FSL(佛山照明),FSL(佛山照明),MFR-00930,candidate,B,new
FANHAR(浙江凡华),FANHAR(浙江凡华),MFR-00870,candidate,B,new
Forsinve(福芯微),Forsinve(福芯微),MFR-00980,candidate,B,new
FZ(弗兆),FZ(弗兆),MFR-00949,candidate,B,new
FITIPOWER(天钰),FITIPOWER(天钰),MFR-00902,candidate,B,new
FM(富满),FM(富满),MFR-00910,candidate,B,new
FULUKE(福鲁克),FULUKE(福鲁克),MFR-00943,candidate,B,new
Fjordsense(峡感),Fjordsense(峡感),MFR-00967,candidate,B,new
FTR(乔光电子),FTR(乔光电子),MFR-00933,candidate,B,new
FDI,FDI,MFR-00881,review,A,new
FLYOUNG(远阳),FLYOUNG(远阳),MFR-00908,candidate,B,new
FPE(美信),FPE(美信),MFR-00922,candidate,B,new
Festo,Festo,MFR-00959,candidate,B,new
Fingerprint,Fingerprint,MFR-00963,candidate,B,new
FEIG,FEIG,MFR-00885,review,A,new
FDK,FDK,MFR-00882,review,A,new
Kaga Electronics,Kaga Electronics,MFR-01613,candidate,B,new
FreeWave,FreeWave,MFR-00982,candidate,B,new
FSP,FSP,MFR-00931,review,A,new
Flexxon,Flexxon,MFR-00969,candidate,B,new
Flip,Flip,MFR-00970,candidate,B,new
Formosa,Formosa,MFR-00979,candidate,B,new
Ignion,Ignion,MFR-01399,candidate,B,new
Fyantech(飞沿技术),Fyantech(飞沿技术),MFR-00989,candidate,B,new
风轻杨,风轻杨,MFR-03831,review,A,new
FORESEE(江波龙),FORESEE(江波龙),MFR-00916,candidate,B,new
FOWLER(福勒),FOWLER(福勒),MFR-00920,candidate,B,new
FAHRION(飞日诺),FAHRION(飞日诺),MFR-00869,candidate,B,new
GELIAHAO(哥俩好),GELIAHAO(哥俩好),MFR-01006,candidate,B,new
GreenSource(绿索超容),GreenSource(绿索超容),MFR-01111,candidate,B,new
GME(银河微电),GME(银河微电),MFR-01023,candidate,B,new
公牛,公牛,MFR-03605,review,A,new
GOWIN(高云),GOWIN(高云),MFR-01040,candidate,B,new
GUOCONN(国连),GUOCONN(国连),MFR-01064,candidate,B,new
Guanglu(广陆),Guanglu(广陆),MFR-01116,candidate,B,new
GWINSTEK(固纬),GWINSTEK(固纬),MFR-01072,candidate,B,new
GMT(致新),GMT(致新),MFR-01026,candidate,B,new
格之格,格之格,MFR-03724,review,A,new
G-Switch(品赞),G-Switch(品赞),MFR-00991,candidate,B,new
GDHY(广东华裕),GDHY(广东华裕),MFR-01003,candidate,B,new
GUQIAO(古桥微),GUQIAO(古桥微),MFR-01066,candidate,B,new
GNF,GNF,MFR-01027,review,A,new
Gemi(吉之美),Gemi(吉之美),MFR-01087,candidate,B,new
GONGZIPAI(工字牌),GONGZIPAI(工字牌),MFR-01031,candidate,B,new
GODETEK(皋德科技),GODETEK(皋德科技),MFR-01028,candidate,B,new
GENTEC(捷锐),GENTEC(捷锐),MFR-01009,candidate,B,new
国芯佳品,国芯佳品,MFR-03648,candidate,B,new
Grayhill,Grayhill,MFR-01109,candidate,B,new
Gosuncn(ZTE高新兴),Gosuncn(ZTE高新兴),MFR-01104,candidate,B,new
GEPU(歌普),GEPU(歌普),MFR-01011,candidate,B,new
Guestgood(客益),Guestgood(客益),MFR-01118,candidate,B,new
GIS-SCADA(吉斯凯达),GIS-SCADA(吉斯凯达),MFR-01017,candidate,B,new
汇顶科技,汇顶科技,MFR-03732,candidate,B,new
GP(超霸),GP(超霸),MFR-01041,candidate,B,new
GBD(工邦达),GBD(工邦达),MFR-00997,candidate,B,new
GREE(格力),GREE(格力),MFR-01048,candidate,B,new
GC(国产),GC(国产),MFR-00999,candidate,B,new
GOODYEAR(固特异),GOODYEAR(固特异),MFR-01035,candidate,B,new
GR(国睿),GR(国睿),MFR-01045,candidate,B,new
国产,国产,MFR-03644,review,A,new
广船国际技术,广船国际技术,MFR-03674,candidate,B,new
GLS(格力斯),GLS(格力斯),MFR-01022,candidate,B,new
GUDIAN(固电),GUDIAN(固电),MFR-01061,candidate,B,new
GPILOT(佳博科技),GPILOT(佳博科技),MFR-01042,candidate,B,new
GUJOG(固乡),GUJOG(固乡),MFR-01063,candidate,B,new
钢诚,钢诚,MFR-03817,review,A,new
Guerrilla RF,Guerrilla RF,MFR-01117,candidate,B,new
GCT,GCT,MFR-01000,review,A,new
GENESYS(创惟),GENESYS(创惟),MFR-01007,candidate,B,new
GigaDevice(兆易创新),GigaDevice(兆易创新),MFR-01095,candidate,B,new
Gamma Technologies Inc(伽太科技),Gamma Technologies Inc(伽太科技),MFR-01081,candidate,B,new
GOOT(吉欧欧替),GOOT(吉欧欧替),MFR-01037,candidate,B,new
GPowerTek(普能),GPowerTek(普能),MFR-01044,candidate,B,new
工手道,工手道,MFR-03670,review,A,new
FAST(法思特),FAST(法思特),MFR-00873,candidate,B,new
GMIC(绿微),GMIC(绿微),MFR-01024,candidate,B,new
GAOJ-K(台湾高技),GAOJ-K(台湾高技),MFR-00993,candidate,B,new
光恒,光恒,MFR-03602,review,A,new
GTIC(谷泰微),GTIC(谷泰微),MFR-01056,candidate,B,new
GONG YA(公雅),GONG YA(公雅),MFR-01030,candidate,B,new
Gem-micro(晶群),Gem-micro(晶群),MFR-01086,candidate,B,new
GL(光磊),GL(光磊),MFR-01020,candidate,B,new
GORDAK(高迪),GORDAK(高迪),MFR-01039,candidate,B,new
Gainsil(聚洵),Gainsil(聚洵),MFR-01079,candidate,B,new
GUARDIAN ELECTRIC,GUARDIAN ELECTRIC,MFR-01059,candidate,B,new
GooDeTek(谷德科技),GooDeTek(谷德科技),MFR-01103,candidate,B,new
Geyer Electronic E.K.,Geyer Electronic E.K.,MFR-01092,candidate,B,new
GOODSKY(国兴),GOODSKY(国兴),MFR-01033,candidate,B,new
Gowanda Electronics,Gowanda Electronics,MFR-01107,candidate,B,new
GRUBER INDUSTRIES,GRUBER INDUSTRIES,MFR-01050,candidate,B,new
Gotrend(高创科技),Gotrend(高创科技),MFR-01106,candidate,B,new
Genteq,Genteq,MFR-01090,candidate,B,new
GE CRITICAL POWER,GE CRITICAL POWER,MFR-01005,candidate,B,new
GST(海湾),GST(海湾),MFR-01054,candidate,B,new
GH(广汇),GH(广汇),MFR-01013,candidate,B,new
GUANHUA(冠桦),GUANHUA(冠桦),MFR-01058,candidate,B,new
Guangcai Display(光彩显示),Guangcai Display(光彩显示),MFR-01115,candidate,B,new
Goertek(歌尔),Goertek(歌尔),MFR-01100,candidate,B,new
"GlobTek, Inc.","GlobTek, Inc.",MFR-01097,candidate,B,new
Greenlee,Greenlee,MFR-01112,candidate,B,new
Glenair,Glenair,MFR-01096,candidate,B,new
Global Specialties,Global Specialties,MFR-01098,candidate,B,new
GOFORD(谷峰),GOFORD(谷峰),MFR-01029,candidate,B,new
GD(固锝),GD(固锝),MFR-01001,candidate,B,new
GHI Electronics,GHI Electronics,MFR-01014,candidate,B,new
Gedore(吉多瑞),Gedore(吉多瑞),MFR-01085,candidate,B,new
GeneSiC Semiconductor,GeneSiC Semiconductor,MFR-01088,candidate,B,new
GANGYUAN(港源),GANGYUAN(港源),MFR-00992,candidate,B,new
GC Electronics,GC Electronics,MFR-00998,candidate,B,new
Galco Industrial Electronics,Galco Industrial Electronics,MFR-01080,candidate,B,new
GIN(精展),GIN(精展),MFR-01015,candidate,B,new
Gettop(共达),Gettop(共达),MFR-01091,candidate,B,new
GSR(三伍微),GSR(三伍微),MFR-01052,candidate,B,new
Golledge,Golledge,MFR-01101,candidate,B,new
GUOWEI(国威),GUOWEI(国威),MFR-01065,candidate,B,new
GiantOhm(鼎声微电),GiantOhm(鼎声微电),MFR-01093,candidate,B,new
Guiguang light(桂光光电),Guiguang light(桂光光电),MFR-01119,candidate,B,new
GRAND(有容微),GRAND(有容微),MFR-01047,candidate,B,new
Green Ignite Inc,Green Ignite Inc,MFR-01110,candidate,B,new
长城精工,长城精工,MFR-03822,candidate,B,new
GATEMODE(捷茂微),GATEMODE(捷茂微),MFR-00996,candidate,B,new
GRAIN SEMICONDUCTOR(谷雨),GRAIN SEMICONDUCTOR(谷雨),MFR-01046,candidate,B,new
GradConn,GradConn,MFR-01108,candidate,B,new
3G Shielding Specialties LP,3G Shielding Specialties LP,MFR-00003,candidate,B,new
GAOPIN(高品),GAOPIN(高品),MFR-00994,candidate,B,new
GUWANJI(固万基),GUWANJI(固万基),MFR-01068,candidate,B,new
GINO(吉诺塑胶),GINO(吉诺塑胶),MFR-01016,candidate,B,new
G-NiceRF(思为无线),G-NiceRF(思为无线),MFR-00990,candidate,B,new
GKN(格卡诺),GKN(格卡诺),MFR-01019,candidate,B,new
Greenliant(绿芯),Greenliant(绿芯),MFR-01113,candidate,B,new
Grenergy(南京绿芯),Grenergy(南京绿芯),MFR-01114,candidate,B,new
GLE(格莱尔),GLE(格莱尔),MFR-01021,candidate,B,new
GSTEK(登丰微),GSTEK(登丰微),MFR-01055,candidate,B,new
GongLuo(工螺),GongLuo(工螺),MFR-01102,candidate,B,new
GW(唯圣),GW(唯圣),MFR-01071,candidate,B,new
GTL-POWER(冠图电子),GTL-POWER(冠图电子),MFR-01057,candidate,B,new
GORAL(斑羚),GORAL(斑羚),MFR-01038,candidate,B,new
GSS,GSS,MFR-01053,review,A,new
GXCAS(中科银河芯),GXCAS(中科银河芯),MFR-01073,candidate,B,new
GausSense(高斯),GausSense(高斯),MFR-01083,candidate,B,new
Gantong(感通),Gantong(感通),MFR-01082,candidate,B,new
5G Hub,5G Hub,MFR-00010,candidate,B,new
Gyunrui(云睿),Gyunrui(云睿),MFR-01120,candidate,B,new
GUXIANG,GUXIANG,MFR-01069,candidate,B,new
Gcore(扬州国芯),Gcore(扬州国芯),MFR-01084,candidate,B,new
Glosen(金隆兴),Glosen(金隆兴),MFR-01099,candidate,B,new
GMLADON(国密蓝盾),GMLADON(国密蓝盾),MFR-01025,candidate,B,new
GPT(泰科天润),GPT(泰科天润),MFR-01043,candidate,B,new
广州奥松,广州奥松,MFR-03673,candidate,B,new
国星光电,国星光电,MFR-03647,candidate,B,new
GUYISA(古伊萨),GUYISA(古伊萨),MFR-01070,candidate,B,new
GOOD-ARK(固锝),GOOD-ARK(固锝),MFR-01032,candidate,B,new
GENITOP(高通),GENITOP(高通),MFR-01008,candidate,B,new
GJ(黄花高洁),GJ(黄花高洁),MFR-01018,candidate,B,new
GotRad,GotRad,MFR-01105,candidate,B,new
Gain ICs,Gain ICs,MFR-01078,candidate,B,new
GAPTEC,GAPTEC,MFR-00995,candidate,B,new
Gaia Converter,Gaia Converter,MFR-01077,candidate,B,new
GE,GE,MFR-01004,review,A,new
Genicom,Genicom,MFR-01089,candidate,B,new
GYZ(昀冢科技),GYZ(昀冢科技),MFR-01074,candidate,B,new
GaN systems,GaN systems,MFR-01076,candidate,B,new
GZSJ(广州盛炬),GZSJ(广州盛炬),MFR-01075,candidate,B,new
GUIAN(桂安),GUIAN(桂安),MFR-01062,candidate,B,new
GUARDNAR(加德纳),GUARDNAR(加德纳),MFR-01060,candidate,B,new
GOODWORK(固得沃克),GOODWORK(固得沃克),MFR-01034,candidate,B,new
GEPAD(歌派),GEPAD(歌派),MFR-01010,candidate,B,new
GUUB(国保),GUUB(国保),MFR-01067,candidate,B,new
GREENCONN(格康),GREENCONN(格康),MFR-01049,candidate,B,new
GSCoolink(基石酷联),GSCoolink(基石酷联),MFR-01051,candidate,B,new
GOOSVN(高胜),GOOSVN(高胜),MFR-01036,candidate,B,new
固合霖,固合霖,MFR-03643,review,A,new
GES,GES,MFR-01012,review,A,new
HCCCap(合众汇能),HCCCap(合众汇能),MFR-01147,candidate,B,new
HEIMAOSHENGJIANG(黑猫圣将),HEIMAOSHENGJIANG(黑猫圣将),MFR-01162,candidate,B,new
HRS(广濑),HRS(广濑),MFR-01234,candidate,B,new
HAIDAO(海道),HAIDAO(海道),MFR-01124,candidate,B,new
HY(虹扬),HY(虹扬),MFR-01278,candidate,B,new
HEAO(和澳),HEAO(和澳),MFR-01157,candidate,B,new
hamamatsu(滨松),hamamatsu(滨松),MFR-03470,candidate,B,new
惠华,惠华,MFR-03683,review,A,new
HANARL,HANARL,MFR-01131,candidate,B,new
Helix,Helix,MFR-01307,candidate,B,new
核芯互联,核芯互联,MFR-03723,candidate,B,new
华能,华能,MFR-03621,review,A,new
HKHONM(华科鸿溟),HKHONM(华科鸿溟),MFR-01193,candidate,B,new
HIOKI(日置),HIOKI(日置),MFR-01185,candidate,B,new
HIKVISION(海康威视),HIKVISION(海康威视),MFR-01183,candidate,B,new
HIT(日立),HIT(日立),MFR-01188,candidate,B,new
HYNIX(海力士),HYNIX(海力士),MFR-01284,candidate,B,new
华之美,华之美,MFR-03617,review,A,new
HELLA(海拉),HELLA(海拉),MFR-01165,candidate,B,new
H-SUN(华芯微),H-SUN(华芯微),MFR-01123,candidate,B,new
HOZAN(宝山),HOZAN(宝山),MFR-01227,candidate,B,new
HTC,HTC,MFR-01239,review,A,new
Hologram,Hologram,MFR-01323,candidate,B,new
MiiS,MiiS,MFR-01967,candidate,B,new
HF(宏发),HF(宏发),MFR-01172,candidate,B,new
HPC Optics,HPC Optics,MFR-01229,candidate,B,new
"HVM Technology, Inc","HVM Technology, Inc",MFR-01271,candidate,B,new
HAIGU(广州海谷),HAIGU(广州海谷),MFR-01125,candidate,B,new
华星机电,华星机电,MFR-03619,candidate,B,new
Hynetek(慧能泰),Hynetek(慧能泰),MFR-01337,candidate,B,new
HEDAWU(何大屋),HEDAWU(何大屋),MFR-01159,candidate,B,new
HENGZHU(恒助),HENGZHU(恒助),MFR-01167,candidate,B,new
杭州晟元,杭州晟元,MFR-03718,candidate,B,new
Henffman(恒夫曼),Henffman(恒夫曼),MFR-01310,candidate,B,new
哈量,哈量,MFR-03639,review,A,new
HOSONIC(鸿星),HOSONIC(鸿星),MFR-01222,candidate,B,new
HR(灿达),HR(灿达),MFR-01230,candidate,B,new
杭州瑞盟,杭州瑞盟,MFR-03719,candidate,B,new
HAOYU(昊昱),HAOYU(昊昱),MFR-01142,candidate,B,new
华控兴业,华控兴业,MFR-03618,candidate,B,new
豪帮高科,豪帮高科,MFR-03805,candidate,B,new
Hallwee(霍尔微电子),Hallwee(霍尔微电子),MFR-01291,candidate,B,new
HRmicro(华瑞微),HRmicro(华瑞微),MFR-01235,candidate,B,new
HUJINGAN(虎鲸安),HUJINGAN(虎鲸安),MFR-01267,candidate,B,new
HANYANG CLEAN(翰洋洁净),HANYANG CLEAN(翰洋洁净),MFR-01139,candidate,B,new
皇捷,皇捷,MFR-03765,review,A,new
HWAKAI(华铠),HWAKAI(华铠),MFR-01272,candidate,B,new
HANHAN(憨憨智造),HANHAN(憨憨智造),MFR-01135,candidate,B,new
华荣探针,华荣探针,MFR-03622,candidate,B,new
HANRUN(汉仁),HANRUN(汉仁),MFR-01138,candidate,B,new
汇科,汇科,MFR-03731,review,A,new
Hyperline,Hyperline,MFR-01338,candidate,B,new
HYDZ(华宇),HYDZ(华宇),MFR-01280,candidate,B,new
HYHONGYEX(宏业),HYHONGYEX(宏业),MFR-01281,candidate,B,new
HUIWEI(绘威),HUIWEI(绘威),MFR-01265,candidate,B,new
HAIHAO(海浩),HAIHAO(海浩),MFR-01126,candidate,B,new
HIOS(好握速),HIOS(好握速),MFR-01187,candidate,B,new
HONOR(荣耀),HONOR(荣耀),MFR-01215,candidate,B,new
HOYO,HOYO,MFR-01226,review,A,new
HOMESUN(奥达信),HOMESUN(奥达信),MFR-01207,candidate,B,new
环琪,环琪,MFR-03758,review,A,new
HEL(鸿志),HEL(鸿志),MFR-01163,candidate,B,new
HSINDA(欣大),HSINDA(欣大),MFR-01237,candidate,B,new
衡将军,衡将军,MFR-03800,review,A,new
hantech(瀚金兴),hantech(瀚金兴),MFR-03471,candidate,B,new
华润华晶,华润华晶,MFR-03620,candidate,B,new
HELE(台湾加高),HELE(台湾加高),MFR-01164,candidate,B,new
HDK(北陆电气),HDK(北陆电气),MFR-01156,candidate,B,new
Honeywell(霍尼韦尔),Honeywell(霍尼韦尔),MFR-01327,candidate,B,new
Hunteck(恒泰柯),Hunteck(恒泰柯),MFR-01335,candidate,B,new
HUIJUN(汇君),HUIJUN(汇君),MFR-01262,candidate,B,new
HaloChip(华众芯),HaloChip(华众芯),MFR-01292,candidate,B,new
HION(北恩),HION(北恩),MFR-01186,candidate,B,new
huancui(奂萃),huancui(奂萃),MFR-03477,candidate,B,new
HIKMICRO(海康微影),HIKMICRO(海康微影),MFR-01181,candidate,B,new
HANDPI(艾德堡),HANDPI(艾德堡),MFR-01133,candidate,B,new
Hisense(海信),Hisense(海信),MFR-01319,candidate,B,new
HUBBELL,HUBBELL,MFR-01258,candidate,B,new
HUXUEAN(护学安),HUXUEAN(护学安),MFR-01268,candidate,B,new
HCTmicro(杭州恒芯微),HCTmicro(杭州恒芯微),MFR-01152,candidate,B,new
衡星,衡星,MFR-03801,review,A,new
HTI(鑫思特),HTI(鑫思特),MFR-01242,candidate,B,new
HDGC(华德共创),HDGC(华德共创),MFR-01155,candidate,B,new
HUBEISANYANG(湖北三羊),HUBEISANYANG(湖北三羊),MFR-01259,candidate,B,new
Hixon(海科盛),Hixon(海科盛),MFR-01320,candidate,B,new
HUIYA(汇亚),HUIYA(汇亚),MFR-01266,candidate,B,new
hichs(海创),hichs(海创),MFR-03473,candidate,B,new
HYNCDZ(宏远纳川),HYNCDZ(宏远纳川),MFR-01283,candidate,B,new
HTCSEMI(海天芯),HTCSEMI(海天芯),MFR-01240,candidate,B,new
鸿樱,鸿樱,MFR-03835,review,A,new
HJSIP(宏佳电子),HJSIP(宏佳电子),MFR-01190,candidate,B,new
HX(红星),HX(红星),MFR-01274,candidate,B,new
HKE(汇港),HKE(汇港),MFR-01192,candidate,B,new
HT(金誉),HT(金誉),MFR-01238,candidate,B,new
HONORSAFE(好员工),HONORSAFE(好员工),MFR-01217,candidate,B,new
holychip(芯圣电子),holychip(芯圣电子),MFR-03475,candidate,B,new
HEXIN(禾芯微),HEXIN(禾芯微),MFR-01171,candidate,B,new
HKT(合科泰),HKT(合科泰),MFR-01195,candidate,B,new
Hk-hotline(合泰盟方),Hk-hotline(合泰盟方),MFR-01321,candidate,B,new
HKR(香港电阻),HKR(香港电阻),MFR-01194,candidate,B,new
HCTL(华灿天禄),HCTL(华灿天禄),MFR-01151,candidate,B,new
HUAWEI(华威集团),HUAWEI(华威集团),MFR-01252,candidate,B,new
Haawking(中科昊芯),Haawking(中科昊芯),MFR-01289,candidate,B,new
Harting(浩亭),Harting(浩亭),MFR-01299,candidate,B,new
HORNBY ELECTRONIC(南通康比),HORNBY ELECTRONIC(南通康比),MFR-01221,candidate,B,new
HONDA CONNECTORS,HONDA CONNECTORS,MFR-01208,candidate,B,new
HONGFARAD(弘源),HONGFARAD(弘源),MFR-01209,candidate,B,new
HYUNDAI,HYUNDAI,MFR-01288,candidate,B,new
HOLLINGSWORTH,HOLLINGSWORTH,MFR-01204,candidate,B,new
Hasegawa(长谷川),Hasegawa(长谷川),MFR-01302,candidate,B,new
宏齐光,宏齐光,MFR-03665,review,A,new
HOTEC(合泰),HOTEC(合泰),MFR-01223,candidate,B,new
HOWLET(中钰),HOWLET(中钰),MFR-01224,candidate,B,new
H-Great(华皓伟业),H-Great(华皓伟业),MFR-01122,candidate,B,new
HH(辉焕),HH(辉焕),MFR-01176,candidate,B,new
HUAPAN(华盼),HUAPAN(华盼),MFR-01248,candidate,B,new
HRK(鸿瑞凯电子),HRK(鸿瑞凯电子),MFR-01233,candidate,B,new
HP(惠普),HP(惠普),MFR-01228,candidate,B,new
HLC(汇隆晶片),HLC(汇隆晶片),MFR-01198,candidate,B,new
HGC(深圳汉芯),HGC(深圳汉芯),MFR-01174,candidate,B,new
Haier(海尔),Haier(海尔),MFR-01290,candidate,B,new
HS(汉昇),HS(汉昇),MFR-01236,candidate,B,new
HI-LINK(海凌科),HI-LINK(海凌科),MFR-01178,candidate,B,new
Hammond,Hammond,MFR-01293,candidate,B,new
HBAN(红波按钮),HBAN(红波按钮),MFR-01144,candidate,B,new
HeZheng(和正),HeZheng(和正),MFR-01305,candidate,B,new
Hatch Lighting,Hatch Lighting,MFR-01303,candidate,B,new
Hochoice(花潮高科),Hochoice(花潮高科),MFR-01322,candidate,B,new
HYP(鸿源精密),HYP(鸿源精密),MFR-01285,candidate,B,new
HOOYA(皓宇电子),HOOYA(皓宇电子),MFR-01218,candidate,B,new
HENIPER(恒浦),HENIPER(恒浦),MFR-01168,candidate,B,new
HTZ(黑铁砖),HTZ(黑铁砖),MFR-01245,candidate,B,new
HUBER+SUHNER,HUBER+SUHNER,MFR-01260,candidate,B,new
HGSEMI(华冠),HGSEMI(华冠),MFR-01175,candidate,B,new
HellermannTyton,HellermannTyton,MFR-01308,candidate,B,new
HANYIN(汉印),HANYIN(汉印),MFR-01140,candidate,B,new
HUISHUAI(辉帅),HUISHUAI(辉帅),MFR-01263,candidate,B,new
HL(豪林),HL(豪林),MFR-01197,candidate,B,new
HONGLITRONIC(鸿利光电),HONGLITRONIC(鸿利光电),MFR-01213,candidate,B,new
HYNAUT(海氏海诺),HYNAUT(海氏海诺),MFR-01282,candidate,B,new
HTFF(海天消防),HTFF(海天消防),MFR-01241,candidate,B,new
HEC(东阳光),HEC(东阳光),MFR-01158,candidate,B,new
HUAZHIJIE(华之杰),HUAZHIJIE(华之杰),MFR-01257,candidate,B,new
HOBBER(赫步),HOBBER(赫步),MFR-01203,candidate,B,new
Hasco,Hasco,MFR-01301,candidate,B,new
Hangyu(航昱微),Hangyu(航昱微),MFR-01295,candidate,B,new
HXIC(洪芯),HXIC(洪芯),MFR-01275,candidate,B,new
HOP(北京霍远),HOP(北京霍远),MFR-01219,candidate,B,new
Harwin,Harwin,MFR-01300,candidate,B,new
HTV(博粤),HTV(博粤),MFR-01244,candidate,B,new
HITENX(海速芯),HITENX(海速芯),MFR-01189,candidate,B,new
HONGJU(宏聚),HONGJU(宏聚),MFR-01212,candidate,B,new
Huigao Magnetics(惠高),Huigao Magnetics(惠高),MFR-01332,candidate,B,new
HMS Networks,HMS Networks,MFR-01200,candidate,B,new
HCI(杭晶),HCI(杭晶),MFR-01148,candidate,B,new
HANBO(汉博),HANBO(汉博),MFR-01132,candidate,B,new
Huixin(慧芯),Huixin(慧芯),MFR-01333,candidate,B,new
HVC(赫威斯),HVC(赫威斯),MFR-01269,candidate,B,new
HANMUS(声天下),HANMUS(声天下),MFR-01136,candidate,B,new
HRE(芯声),HRE(芯声),MFR-01232,candidate,B,new
HAINA(海纳),HAINA(海纳),MFR-01128,candidate,B,new
HCO CHEMISTRY(赫驰欧),HCO CHEMISTRY(赫驰欧),MFR-01149,candidate,B,new
Huacui Micro(华萃微感),Huacui Micro(华萃微感),MFR-01330,candidate,B,new
Hichips(智芯),Hichips(智芯),MFR-01315,candidate,B,new
HUAQI ZHENGBNAG(华企正邦),HUAQI ZHENGBNAG(华企正邦),MFR-01249,candidate,B,new
HUAYI(华羿微),HUAYI(华羿微),MFR-01255,candidate,B,new
HX(恒佳兴),HX(恒佳兴),MFR-01273,candidate,B,new
HOLTEK(合泰/盛群),HOLTEK(合泰/盛群),MFR-01206,candidate,B,new
HAMMOND VALVE(哈蒙德),HAMMOND VALVE(哈蒙德),MFR-01130,candidate,B,new
HUAYING(德清华莹),HUAYING(德清华莹),MFR-01256,candidate,B,new
HK(航顺),HK(航顺),MFR-01191,candidate,B,new
HAOSWITCH(皓通),HAOSWITCH(皓通),MFR-01141,candidate,B,new
hpspring(和平),hpspring(和平),MFR-03476,candidate,B,new
HOPERF(华普微电子),HOPERF(华普微电子),MFR-01220,candidate,B,new
HONGJIE(弘捷),HONGJIE(弘捷),MFR-01211,candidate,B,new
HESIDIGE(赫思迪格),HESIDIGE(赫思迪格),MFR-01170,candidate,B,new
Holt,Holt,MFR-01324,candidate,B,new
HUITUO(惠拓),HUITUO(惠拓),MFR-01264,candidate,B,new
HUAGUANG(华光),HUAGUANG(华光),MFR-01246,candidate,B,new
HCPY(汉晟普源),HCPY(汉晟普源),MFR-01150,candidate,B,new
HD(无锡好达),HD(无锡好达),MFR-01153,candidate,B,new
HANDUN(汉盾),HANDUN(汉盾),MFR-01134,candidate,B,new
HASAI(航帅电源),HASAI(航帅电源),MFR-01143,candidate,B,new
HONGRUI(宏睿),HONGRUI(宏睿),MFR-01214,candidate,B,new
Hantek(汉泰),Hantek(汉泰),MFR-01296,candidate,B,new
High Diode(海德),High Diode(海德),MFR-01316,candidate,B,new
HXY MOSFET(华轩阳电子),HXY MOSFET(华轩阳电子),MFR-01277,candidate,B,new
Hanvon(汉王),Hanvon(汉王),MFR-01297,candidate,B,new
HYSTIC(海斯迪克),HYSTIC(海斯迪克),MFR-01287,candidate,B,new
HICHON(海川),HICHON(海川),MFR-01179,candidate,B,new
HenryTech(恒利泰),HenryTech(恒利泰),MFR-01312,candidate,B,new
HanElectricity(瀚源),HanElectricity(瀚源),MFR-01294,candidate,B,new
Huiyuan crystal(惠源晶工),Huiyuan crystal(惠源晶工),MFR-01334,candidate,B,new
Hexawave(汉威光电),Hexawave(汉威光电),MFR-01313,candidate,B,new
HUASHUO(华朔),HUASHUO(华朔),MFR-01250,candidate,B,new
HUAXIN(华芯),HUAXIN(华芯),MFR-01254,candidate,B,new
Heling(合陵),Heling(合陵),MFR-01306,candidate,B,new
HRB(哈轴),HRB(哈轴),MFR-01231,candidate,B,new
HOYATO(好亚通),HOYATO(好亚通),MFR-01225,candidate,B,new
GDHUIZHI(汇智),GDHUIZHI(汇智),MFR-01002,candidate,B,new
HIECUBE(高能立方),HIECUBE(高能立方),MFR-01180,candidate,B,new
HOLLY(好利来),HOLLY(好利来),MFR-01205,candidate,B,new
HUAWEI(华为),HUAWEI(华为),MFR-01251,candidate,B,new
杭州中科微,杭州中科微,MFR-03717,candidate,B,new
HYCON(宏康),HYCON(宏康),MFR-01279,candidate,B,new
HEIMANN(海曼),HEIMANN(海曼),MFR-01161,candidate,B,new
沪工,沪工,MFR-03737,review,A,new
HGC(华冠),HGC(华冠),MFR-01173,candidate,B,new
HALO ELECTRONICS,HALO ELECTRONICS,MFR-01129,candidate,B,new
韩国韩荣,韩国韩荣,MFR-03827,candidate,B,new
HenLv(恒率),HenLv(恒率),MFR-01309,candidate,B,new
合力为,合力为,MFR-03635,review,A,new
HMTCONN(华明通),HMTCONN(华明通),MFR-01201,candidate,B,new
HOAUC(华宇创),HOAUC(华宇创),MFR-01202,candidate,B,new
hoco.(浩酷),hoco.(浩酷),MFR-03474,candidate,B,new
HONOR(荣誉),HONOR(荣誉),MFR-01216,candidate,B,new
H&D Wireless,H&D Wireless,MFR-01121,candidate,B,new
HERMOS,HERMOS,MFR-01169,candidate,B,new
Himax,Himax,MFR-01317,candidate,B,new
HC(华橙熊猫),HC(华橙熊猫),MFR-01145,candidate,B,new
HD(浩都频率),HD(浩都频率),MFR-01154,candidate,B,new
HVDIODE(鞍山术立),HVDIODE(鞍山术立),MFR-01270,candidate,B,new
HiBoss,HiBoss,MFR-01314,candidate,B,new
HAILE(海乐),HAILE(海乐),MFR-01127,candidate,B,new
汇云星,汇云星,MFR-03730,review,A,new
HUAKE(华科),HUAKE(华科),MFR-01247,candidate,B,new
Hongda(泓达),Hongda(泓达),MFR-01328,candidate,B,new
Hengtuo(恒拓电子),Hengtuo(恒拓电子),MFR-01311,candidate,B,new
HHW(瀚海微),HHW(瀚海微),MFR-01177,candidate,B,new
HXT(红星辰),HXT(红星辰),MFR-01276,candidate,B,new
HONGFU(宏富),HONGFU(宏富),MFR-01210,candidate,B,new
HELUKABEL,HELUKABEL,MFR-01166,candidate,B,new
HUI JU(汇聚),HUI JU(汇聚),MFR-01261,candidate,B,new
HIMINGWAY(海明微),HIMINGWAY(海明微),MFR-01184,candidate,B,new
hanxia(韩下),hanxia(韩下),MFR-03472,candidate,B,new
HANNIBAL(汉尼巴尔),HANNIBAL(汉尼巴尔),MFR-01137,candidate,B,new
环协,环协,MFR-03757,review,A,new
HTK C&H Asia Pacific,HTK C&H Asia Pacific,MFR-01243,candidate,B,new
HIKSEMI(海康存储),HIKSEMI(海康存储),MFR-01182,candidate,B,new
HL(富海微),HL(富海微),MFR-01196,candidate,B,new
HC(虹成电子),HC(虹成电子),MFR-01146,candidate,B,new
HUAXIN(华昕),HUAXIN(华昕),MFR-01253,candidate,B,new
HeYangTek(扬贺扬),HeYangTek(扬贺扬),MFR-01304,candidate,B,new
HYPWR(瀚昕微),HYPWR(瀚昕微),MFR-01286,candidate,B,new
HMILU(鸿怡电子),HMILU(鸿怡电子),MFR-01199,candidate,B,new
ISOFT,ISOFT,MFR-01388,candidate,B,new
Intel/Altera,Intel/Altera,MFR-01419,candidate,B,new
ISSI(北京矽成),ISSI(北京矽成),MFR-01390,candidate,B,new
Integra Technologies,Integra Technologies,MFR-01417,candidate,B,new
Intematix,Intematix,MFR-01420,candidate,B,new
Insignis,Insignis,MFR-01414,candidate,B,new
IOT-BOTS.COM,IOT-BOTS.COM,MFR-01377,candidate,B,new
IoTize,IoTize,MFR-01427,candidate,B,new
ITG,ITG,MFR-01392,review,A,new
Ideal-tek,Ideal-tek,MFR-01398,candidate,B,new
IAR Systems,IAR Systems,MFR-01342,candidate,B,new
ifm,ifm,MFR-03486,review,A,new
Industrial Fiber Optics,Industrial Fiber Optics,MFR-01402,candidate,B,new
Imperix,Imperix,MFR-01400,candidate,B,new
IMS,IMS,MFR-01363,review,A,new
Insight SiP,Insight SiP,MFR-01413,candidate,B,new
InnoSenT,InnoSenT,MFR-01407,candidate,B,new
ITT CANNON,ITT CANNON,MFR-01393,candidate,B,new
Indiemicro(英迪芯微),Indiemicro(英迪芯微),MFR-01401,candidate,B,new
icman(晶尊微),icman(晶尊微),MFR-03485,candidate,B,new
IHHEC(禾伸堂),IHHEC(禾伸堂),MFR-01356,candidate,B,new
INPLAY(橙群微电子),INPLAY(橙群微电子),MFR-01372,candidate,B,new
iSentek(爱盛科技),iSentek(爱盛科技),MFR-03483,candidate,B,new
IRWIN,IRWIN,MFR-01381,candidate,B,new
ISAHAYA ELECTRONICS CORPORATION,ISAHAYA ELECTRONICS CORPORATION,MFR-01382,candidate,B,new
i-Autoc(艾奥控),i-Autoc(艾奥控),MFR-03478,candidate,B,new
Infineon(英飞凌),Infineon(英飞凌),MFR-01405,candidate,B,new
ICORE(睿兴),ICORE(睿兴),MFR-01348,candidate,B,new
I.O. Interconnect,I.O. Interconnect,MFR-01341,candidate,B,new
IKSEMICON,IKSEMICON,MFR-01359,candidate,B,new
I-PEX(第一精工),I-PEX(第一精工),MFR-01340,candidate,B,new
ICT,ICT,MFR-01350,review,A,new
IDEAPOST(爱迪普森),IDEAPOST(爱迪普森),MFR-01353,candidate,B,new
Innosen(易良盛),Innosen(易良盛),MFR-01410,candidate,B,new
ingenic(君正),ingenic(君正),MFR-03487,candidate,B,new
ITW Electric Component Solutions,ITW Electric Component Solutions,MFR-01394,candidate,B,new
IRC,IRC,MFR-01379,review,A,new
ISDT(艾斯特),ISDT(艾斯特),MFR-01384,candidate,B,new
INJOINIC(英集芯),INJOINIC(英集芯),MFR-01368,candidate,B,new
inventchip(瞻芯电子),inventchip(瞻芯电子),MFR-03491,candidate,B,new
IBM,IBM,MFR-01343,review,A,new
ICP,ICP,MFR-01349,review,A,new
IVO(龙腾光电),IVO(龙腾光电),MFR-01395,candidate,B,new
Innolux(群创),Innolux(群创),MFR-01408,candidate,B,new
INTCO(英科),INTCO(英科),MFR-01374,candidate,B,new
INMICRO(英麦科),INMICRO(英麦科),MFR-01369,candidate,B,new
IYUA,IYUA,MFR-01397,review,A,new
IMO Precision Controls,IMO Precision Controls,MFR-01362,candidate,B,new
Integrated Power Designs,Integrated Power Designs,MFR-01418,candidate,B,new
"Integra Optics, Inc.","Integra Optics, Inc.",MFR-01416,candidate,B,new
International Power,International Power,MFR-01423,candidate,B,new
Interpower Corp,Interpower Corp,MFR-01424,candidate,B,new
iBASE,iBASE,MFR-03479,candidate,B,new
innodisk(宜鼎),innodisk(宜鼎),MFR-03489,candidate,B,new
INFELUN(英飞朗),INFELUN(英飞朗),MFR-01366,candidate,B,new
iWave Systems,iWave Systems,MFR-03484,candidate,B,new
IDEC(日本和泉),IDEC(日本和泉),MFR-01354,candidate,B,new
IEI,IEI,MFR-01355,review,A,new
IQD,IQD,MFR-01378,review,A,new
Inolux,Inolux,MFR-01411,candidate,B,new
ILSI,ILSI,MFR-01361,review,A,new
Inventek,Inventek,MFR-01425,candidate,B,new
Inventus Power,Inventus Power,MFR-01426,candidate,B,new
Inspired LED,Inspired LED,MFR-01415,candidate,B,new
InterFET,InterFET,MFR-01421,candidate,B,new
INGHAi(赢海),INGHAi(赢海),MFR-01367,candidate,B,new
IRISO(意力速),IRISO(意力速),MFR-01380,candidate,B,new
INDASBECK(英达斯贝克),INDASBECK(英达斯贝克),MFR-01365,candidate,B,new
INCP,INCP,MFR-01364,review,A,new
interquip(应达利),interquip(应达利),MFR-03490,candidate,B,new
ICMAX(宏旺),ICMAX(宏旺),MFR-01347,candidate,B,new
Inphi,Inphi,MFR-01412,candidate,B,new
INNOTION(英诺迅),INNOTION(英诺迅),MFR-01370,candidate,B,new
INSTON(凌存科技),INSTON(凌存科技),MFR-01373,candidate,B,new
Industrial Shields,Industrial Shields,MFR-01403,candidate,B,new
INTERNATIONAL COMPONENTS CORP,INTERNATIONAL COMPONENTS CORP,MFR-01375,candidate,B,new
IO Audio Technologies,IO Audio Technologies,MFR-01376,candidate,B,new
iNRCORE,iNRCORE,MFR-03481,candidate,B,new
Interlink Electronics,Interlink Electronics,MFR-01422,candidate,B,new
IKO,IKO,MFR-01358,review,A,new
IST,IST,MFR-01391,review,A,new
INPAQ(佳邦),INPAQ(佳邦),MFR-01371,candidate,B,new
Littelfuse/IXYS,Littelfuse/IXYS,MFR-01789,candidate,B,new
ISOCOM(英国安数光),ISOCOM(英国安数光),MFR-01387,candidate,B,new
IC Plus(九阳电子),IC Plus(九阳电子),MFR-01344,candidate,B,new
IDCHIP(英锐芯),IDCHIP(英锐芯),MFR-01352,candidate,B,new
ISC(无锡固电),ISC(无锡固电),MFR-01383,candidate,B,new
IIOWT,IIOWT,MFR-01357,candidate,B,new
ingun,ingun,MFR-03488,candidate,B,new
Isabellenhuette(伊萨普兰),Isabellenhuette(伊萨普兰),MFR-01428,candidate,B,new
ICEY(冰禹),ICEY(冰禹),MFR-01346,candidate,B,new
iRest(艾力斯特),iRest(艾力斯特),MFR-03482,candidate,B,new
I-CORE(中微爱芯),I-CORE(中微爱芯),MFR-01339,candidate,B,new
ILIN(蚁霖),ILIN(蚁霖),MFR-01360,candidate,B,new
IC-HAUS,IC-HAUS,MFR-01345,candidate,B,new
ISOCOM LIMITED(安数光),ISOCOM LIMITED(安数光),MFR-01386,candidate,B,new
iModule(沃芯),iModule(沃芯),MFR-03480,candidate,B,new
ISL Products International,ISL Products International,MFR-01385,candidate,B,new
IWISS(威仕),IWISS(威仕),MFR-01396,candidate,B,new
Innoscience(英诺赛科),Innoscience(英诺赛科),MFR-01409,candidate,B,new
ICW(艾创微),ICW(艾创微),MFR-01351,candidate,B,new
JIARANH(嘉然恒),JIARANH(嘉然恒),MFR-01455,candidate,B,new
JIUJIA(九家),JIUJIA(九家),MFR-01483,candidate,B,new
JGHC(晶光华),JGHC(晶光华),MFR-01450,candidate,B,new
JIACHEN(嘉辰),JIACHEN(嘉辰),MFR-01453,candidate,B,new
JETEKPS(健特),JETEKPS(健特),MFR-01447,candidate,B,new
JLYE(晶力源),JLYE(晶力源),MFR-01494,candidate,B,new
JMicron(智微),JMicron(智微),MFR-01496,candidate,B,new
JMEconn(文章济美),JMEconn(文章济美),MFR-01495,candidate,B,new
JINGBA(静霸),JINGBA(静霸),MFR-01469,candidate,B,new
JSY-KJ(健思研科技),JSY-KJ(健思研科技),MFR-01513,candidate,B,new
Joulescope,Joulescope,MFR-01538,candidate,B,new
Judco,Judco,MFR-01542,candidate,B,new
Jorjin,Jorjin,MFR-01537,candidate,B,new
JRC,JRC,MFR-01506,review,A,new
JUNSHINE(君芯科技),JUNSHINE(君芯科技),MFR-01518,candidate,B,new
JWD(经纬达),JWD(经纬达),MFR-01521,candidate,B,new
Jabil,Jabil,MFR-01529,candidate,B,new
Vybronics,Vybronics,MFR-03093,candidate,B,new
Jauch,Jauch,MFR-01531,candidate,B,new
JC Antenna,JC Antenna,MFR-01441,candidate,B,new
jkun(健坤),jkun(健坤),MFR-03494,candidate,B,new
JWT(晶威特),JWT(晶威特),MFR-01522,candidate,B,new
JTD(晶泰达),JTD(晶泰达),MFR-01514,candidate,B,new
JK(金科),JK(金科),MFR-01488,candidate,B,new
JBC(捷毕禧),JBC(捷毕禧),MFR-01439,candidate,B,new
JINGHONG(憬宏),JINGHONG(憬宏),MFR-01471,candidate,B,new
JNJOPTO(强生光电),JNJOPTO(强生光电),MFR-01497,candidate,B,new
JJW(捷捷微),JJW(捷捷微),MFR-01485,candidate,B,new
吉林华微,吉林华微,MFR-03637,candidate,B,new
九齐,九齐,MFR-03586,review,A,new
JIMJDO(多佰),JIMJDO(多佰),MFR-01465,candidate,B,new
Joulwatt(杰华特),Joulwatt(杰华特),MFR-01539,candidate,B,new
JAD(及安盾消防),JAD(及安盾消防),MFR-01430,candidate,B,new
JIANG(及安疆),JIANG(及安疆),MFR-01454,candidate,B,new
晶导微电子,晶导微电子,MFR-03713,candidate,B,new
JU YONG CHANG(聚永昶),JU YONG CHANG(聚永昶),MFR-01516,candidate,B,new
JITAI(集太),JITAI(集太),MFR-01482,candidate,B,new
JS(钜硕电子),JS(钜硕电子),MFR-01510,candidate,B,new
JY(杰盈电器),JY(杰盈电器),MFR-01525,candidate,B,new
京呈,京呈,MFR-03591,review,A,new
洁柔,洁柔,MFR-03742,review,A,new
嘉立创,嘉立创,MFR-03641,review,A,new
JIERONG(捷容),JIERONG(捷容),MFR-01461,candidate,B,new
JINGXINGTIANCI(净行天磁),JINGXINGTIANCI(净行天磁),MFR-01473,candidate,B,new
JETECH(捷科),JETECH(捷科),MFR-01446,candidate,B,new
Jingqin(精勤),Jingqin(精勤),MFR-01535,candidate,B,new
Joyoung(九阳),Joyoung(九阳),MFR-01541,candidate,B,new
JQ(金秋),JQ(金秋),MFR-01505,candidate,B,new
健策,健策,MFR-03600,review,A,new
JOBO(巨博),JOBO(巨博),MFR-01498,candidate,B,new
JIELISI(杰丽斯),JIELISI(杰丽斯),MFR-01459,candidate,B,new
JHT,JHT,MFR-01452,review,A,new
JAE(日本航空电子),JAE(日本航空电子),MFR-01433,candidate,B,new
JASN(建旭),JASN(建旭),MFR-01438,candidate,B,new
技小新,技小新,MFR-03688,review,A,new
嘉兴禾润,嘉兴禾润,MFR-03640,candidate,B,new
JDTfuse(集电通),JDTfuse(集电通),MFR-01444,candidate,B,new
JINGDU(京度),JINGDU(京度),MFR-01470,candidate,B,new
晶扬电子,晶扬电子,MFR-03714,candidate,B,new
jianfu(键富),jianfu(键富),MFR-03492,candidate,B,new
jingtian(精天),jingtian(精天),MFR-03493,candidate,B,new
JINBI(金臂),JINBI(金臂),MFR-01466,candidate,B,new
JIASHENGYA(佳胜雅),JIASHENGYA(佳胜雅),MFR-01456,candidate,B,new
JINBUAN(金步安),JINBUAN(金步安),MFR-01467,candidate,B,new
JIZHI(及至),JIZHI(及至),MFR-01484,candidate,B,new
JD(精点),JD(精点),MFR-01443,candidate,B,new
JAFLY(积辉),JAFLY(积辉),MFR-01434,candidate,B,new
洁霸,洁霸,MFR-03743,review,A,new
99IOT(九九物联),99IOT(九九物联),MFR-00011,candidate,B,new
Jianghai(南通江海),Jianghai(南通江海),MFR-01533,candidate,B,new
JOHANSON(约翰逊),JOHANSON(约翰逊),MFR-01500,candidate,B,new
JAMICON(凯美),JAMICON(凯美),MFR-01435,candidate,B,new
JADARD(天德钰),JADARD(天德钰),MFR-01431,candidate,B,new
JTM(晶通),JTM(晶通),MFR-01515,candidate,B,new
JRH Electronics,JRH Electronics,MFR-01508,candidate,B,new
JIDC(济德),JIDC(济德),MFR-01457,candidate,B,new
家杰优品,家杰优品,MFR-03667,candidate,B,new
JG(建钢),JG(建钢),MFR-01449,candidate,B,new
JoyFinder(采寻),JoyFinder(采寻),MFR-01540,candidate,B,new
JURCC(捷威电子),JURCC(捷威电子),MFR-01519,candidate,B,new
Jewell Instruments,Jewell Instruments,MFR-01532,candidate,B,new
JOKARI,JOKARI,MFR-01501,candidate,B,new
JOMOO(九牧),JOMOO(九牧),MFR-01502,candidate,B,new
JKL Components,JKL Components,MFR-01490,candidate,B,new
JINPOWER(金能电力),JINPOWER(金能电力),MFR-01478,candidate,B,new
JINKO(金科仪器),JINKO(金科仪器),MFR-01476,candidate,B,new
JIEDEMEI(洁德美),JIEDEMEI(洁德美),MFR-01458,candidate,B,new
JZW(家中王),JZW(家中王),MFR-01528,candidate,B,new
JCHL(晶创和立),JCHL(晶创和立),MFR-01442,candidate,B,new
JOWIN(卓益),JOWIN(卓益),MFR-01504,candidate,B,new
JIFRO(洁芙柔),JIFRO(洁芙柔),MFR-01463,candidate,B,new
JRready(杰锐德),JRready(杰锐德),MFR-01509,candidate,B,new
鸿晔,鸿晔,MFR-03834,review,A,new
金龙羽,金龙羽,MFR-03812,review,A,new
JIERR(捷而瑞),JIERR(捷而瑞),MFR-01462,candidate,B,new
JUXING(钜兴),JUXING(钜兴),MFR-01520,candidate,B,new
JESTEK(吉思泰),JESTEK(吉思泰),MFR-01445,candidate,B,new
Jimson(智新),Jimson(智新),MFR-01534,candidate,B,new
JYT(捷永顺通),JYT(捷永顺通),MFR-01527,candidate,B,new
JY(军燚),JY(军燚),MFR-01524,candidate,B,new
JAN(捷安),JAN(捷安),MFR-01436,candidate,B,new
JUNHE(君禾蓝鳍),JUNHE(君禾蓝鳍),MFR-01517,candidate,B,new
精拓金,精拓金,MFR-03780,review,A,new
JINHE(锦禾),JINHE(锦禾),MFR-01474,candidate,B,new
Jonard Tools,Jonard Tools,MFR-01536,candidate,B,new
JST,JST,MFR-01512,active,A,seed_alias
JJZT(京佳智通),JJZT(京佳智通),MFR-01486,candidate,B,new
JRD(建瑞达),JRD(建瑞达),MFR-01507,candidate,B,new
JYJE(晶友嘉),JYJE(晶友嘉),MFR-01526,candidate,B,new
JOEY(久亦),JOEY(久亦),MFR-01499,candidate,B,new
JARSON(伽盛),JARSON(伽盛),MFR-01437,candidate,B,new
JH(晶恒),JH(晶恒),MFR-01451,candidate,B,new
JLDG,JLDG,MFR-01493,review,A,new
JK(京酷),JK(京酷),MFR-01487,candidate,B,new
聚凯科创,聚凯科创,MFR-03789,candidate,B,new
晋亿,晋亿,MFR-03712,review,A,new
钜泉光电,钜泉光电,MFR-03816,candidate,B,new
JINDOUYUN(筋斗云),JINDOUYUN(筋斗云),MFR-01468,candidate,B,new
JILN(锦凌),JILN(锦凌),MFR-01464,candidate,B,new
JKSEMI(金开盛),JKSEMI(金开盛),MFR-01491,candidate,B,new
JINLAI(金籁科技),JINLAI(金籁科技),MFR-01477,candidate,B,new
JL(杰理),JL(杰理),MFR-01492,candidate,B,new
JINGWEIDU(亰维渡),JINGWEIDU(亰维渡),MFR-01472,candidate,B,new
Jabra(捷波朗),Jabra(捷波朗),MFR-01530,candidate,B,new
JSMSEMI(杰盛微),JSMSEMI(杰盛微),MFR-01511,candidate,B,new
JOROTO(捷瑞特),JOROTO(捷瑞特),MFR-01503,candidate,B,new
JINJIA(金佳),JINJIA(金佳),MFR-01475,candidate,B,new
嘉诚倍康,嘉诚倍康,MFR-03642,candidate,B,new
JXTCONN(聚兴泰),JXTCONN(聚兴泰),MFR-01523,candidate,B,new
JINWIND(劲风),JINWIND(劲风),MFR-01479,candidate,B,new
JF(吉福),JF(吉福),MFR-01448,candidate,B,new
JINYING(金莺),JINYING(金莺),MFR-01481,candidate,B,new
JINXINAG(金橡),JINXINAG(金橡),MFR-01480,candidate,B,new
JK-ET(健坤),JK-ET(健坤),MFR-01489,candidate,B,new
江北振华,江北振华,MFR-03733,candidate,B,new
JBL(金比莱),JBL(金比莱),MFR-01440,candidate,B,new
江荆,江荆,MFR-03734,review,A,new
J FANS,J FANS,MFR-01429,candidate,B,new
巨人胶带,巨人胶带,MFR-03671,candidate,B,new
JIENUO(杰诺),JIENUO(杰诺),MFR-01460,candidate,B,new
KS(柯森),KS(柯森),MFR-01601,candidate,B,new
KYET(科雅),KYET(科雅),MFR-01611,candidate,B,new
Kinco(步科),Kinco(步科),MFR-01627,candidate,B,new
KIA,KIA,MFR-01584,review,A,new
KORCHIP(高奇普),KORCHIP(高奇普),MFR-01597,candidate,B,new
KNIPEX(凯尼派克),KNIPEX(凯尼派克),MFR-01590,candidate,B,new
Kodenshi(可天士),Kodenshi(可天士),MFR-01643,candidate,B,new
KEITHLEY(吉时利),KEITHLEY(吉时利),MFR-01568,candidate,B,new
Kennedy Labs,Kennedy Labs,MFR-01616,candidate,B,new
Khadas,Khadas,MFR-01622,candidate,B,new
Khatod,Khatod,MFR-01623,candidate,B,new
KIOXIA(铠侠),KIOXIA(铠侠),MFR-01588,candidate,B,new
KEC,KEC,MFR-01563,review,A,new
KOHERelec(科或),KOHERelec(科或),MFR-01594,candidate,B,new
KEXIN(科信),KEXIN(科信),MFR-01578,candidate,B,new
Keysolu(金欣荣),Keysolu(金欣荣),MFR-01620,candidate,B,new
KUNJEK(昆杰),KUNJEK(昆杰),MFR-01608,candidate,B,new
科大讯飞,科大讯飞,MFR-03771,candidate,B,new
KST(健和兴),KST(健和兴),MFR-01603,candidate,B,new
Kelibang(科力邦),Kelibang(科力邦),MFR-01615,candidate,B,new
Keystone,Keystone,MFR-01621,candidate,B,new
KAZZ(凯姿),KAZZ(凯姿),MFR-01555,candidate,B,new
KODENSHI AUK(光电子),KODENSHI AUK(光电子),MFR-01593,candidate,B,new
KONSOON(谦星),KONSOON(谦星),MFR-01596,candidate,B,new
KINGSTATE(志丰电子),KINGSTATE(志丰电子),MFR-01587,candidate,B,new
KERNDY(科迪),KERNDY(科迪),MFR-01576,candidate,B,new
KENTO,KENTO,MFR-01575,candidate,B,new
KDS(大真空),KDS(大真空),MFR-01560,candidate,B,new
KAMJOVE(金灶),KAMJOVE(金灶),MFR-01552,candidate,B,new
KTP(科泰普),KTP(科泰普),MFR-01605,candidate,B,new
Knowles(楼氏),Knowles(楼氏),MFR-01641,candidate,B,new
Kyocera AVX,Kyocera AVX,MFR-01646,candidate,B,new
KAMCAP(凯美),KAMCAP(凯美),MFR-01550,candidate,B,new
KEMET(基美),KEMET(基美),MFR-01573,candidate,B,new
昆仑通态,昆仑通态,MFR-03705,candidate,B,new
Krius(科瑞斯),Krius(科瑞斯),MFR-01644,candidate,B,new
kingser(金矢),kingser(金矢),MFR-03496,candidate,B,new
KFSemi(堃方),KFSemi(堃方),MFR-01581,candidate,B,new
KDW(康德威),KDW(康德威),MFR-01561,candidate,B,new
KALAYANG(卡拉羊),KALAYANG(卡拉羊),MFR-01548,candidate,B,new
KANON(中村),KANON(中村),MFR-01554,candidate,B,new
KEYILE(科译勒),KEYILE(科译勒),MFR-01579,candidate,B,new
KAIXIANG(凯祥),KAIXIANG(凯祥),MFR-01546,candidate,B,new
KUU,KUU,MFR-01609,review,A,new
KCT(康希),KCT(康希),MFR-01559,candidate,B,new
Kinghor(微控物联),Kinghor(微控物联),MFR-01631,candidate,B,new
KOTL(金龙机电),KOTL(金龙机电),MFR-01598,candidate,B,new
KY(韩景元),KY(韩景元),MFR-01610,candidate,B,new
KAIRUIDE(恺瑞德),KAIRUIDE(恺瑞德),MFR-01544,candidate,B,new
KET,KET,MFR-01577,review,A,new
KANGNEX(康奈克斯电气),KANGNEX(康奈克斯电气),MFR-01553,candidate,B,new
KOYOKAGAKU(光洋),KOYOKAGAKU(光洋),MFR-01599,candidate,B,new
Kinglight(晶台),Kinglight(晶台),MFR-01632,candidate,B,new
KEG00(科固),KEG00(科固),MFR-01566,candidate,B,new
KAILONG(凯龙),KAILONG(凯龙),MFR-01543,candidate,B,new
KELON(科龙),KELON(科龙),MFR-01571,candidate,B,new
KEFA(科发),KEFA(科发),MFR-01565,candidate,B,new
Kobiconn,Kobiconn,MFR-01642,candidate,B,new
KSS(凯士士),KSS(凯士士),MFR-01602,candidate,B,new
Kitronik Ltd.,Kitronik Ltd.,MFR-01637,candidate,B,new
科盟,科盟,MFR-03773,review,A,new
Klein Tools,Klein Tools,MFR-01639,candidate,B,new
Kester,Kester,MFR-01617,candidate,B,new
Kilo International,Kilo International,MFR-01625,candidate,B,new
Knitter-switch(德能开关),Knitter-switch(德能开关),MFR-01640,candidate,B,new
康雨,康雨,MFR-03678,review,A,new
KONKA(康佳),KONKA(康佳),MFR-01595,candidate,B,new
可来博,可来博,MFR-03633,review,A,new
Kingsonic(晶松),Kingsonic(晶松),MFR-01633,candidate,B,new
Keysight Technologies(是德科技),Keysight Technologies(是德科技),MFR-01619,candidate,B,new
KEL,KEL,MFR-01569,review,A,new
KELIKING(凯丽金),KELIKING(凯丽金),MFR-01570,candidate,B,new
KAISI(金卡思),KAISI(金卡思),MFR-01545,candidate,B,new
KTAN(科探),KTAN(科探),MFR-01604,candidate,B,new
KENTA(克恩达),KENTA(克恩达),MFR-01574,candidate,B,new
KEIBA(马牌),KEIBA(马牌),MFR-01567,candidate,B,new
Kiwi Instruments(必易微),Kiwi Instruments(必易微),MFR-01638,candidate,B,new
kinghelm(金航标),kinghelm(金航标),MFR-03495,candidate,B,new
KKG(洋瀚),KKG(洋瀚),MFR-01589,candidate,B,new
KinnexA,KinnexA,MFR-01636,candidate,B,new
KCOTY(科泰),KCOTY(科泰),MFR-01558,candidate,B,new
KEEPFIT(科普菲),KEEPFIT(科普菲),MFR-01564,candidate,B,new
Keysemi(旷岳),Keysemi(旷岳),MFR-01618,candidate,B,new
Kingston(金士顿),Kingston(金士顿),MFR-01635,candidate,B,new
KAMAYA(釜屋電機),KAMAYA(釜屋電機),MFR-01549,candidate,B,new
KUM,KUM,MFR-01607,review,A,new
凯泉,凯泉,MFR-03610,review,A,new
KULAIPU(酷莱普),KULAIPU(酷莱普),MFR-01606,candidate,B,new
KINGPOW(肯博),KINGPOW(肯博),MFR-01586,candidate,B,new
KOA,KOA,MFR-01592,review,A,new
Kycon,Kycon,MFR-01645,candidate,B,new
Kingbright(今台),Kingbright(今台),MFR-01629,candidate,B,new
KFSON(康富松),KFSON(康富松),MFR-01580,candidate,B,new
卡夫威尔,卡夫威尔,MFR-03628,candidate,B,new
Kimberly-Clark(金佰利),Kimberly-Clark(金佰利),MFR-01626,candidate,B,new
KGS(日本北川),KGS(日本北川),MFR-01582,candidate,B,new
Kingcore(钧宝),Kingcore(钧宝),MFR-01630,candidate,B,new
康深,康深,MFR-03677,review,A,new
KAMCY(康胜),KAMCY(康胜),MFR-01551,candidate,B,new
Kingst(金思特),Kingst(金思特),MFR-01634,candidate,B,new
KNSCHA(科尼盛),KNSCHA(科尼盛),MFR-01591,candidate,B,new
柯睿,柯睿,MFR-03721,review,A,new
KAKU(卡固),KAKU(卡固),MFR-01547,candidate,B,new
KINETIC(芯凯),KINETIC(芯凯),MFR-01585,candidate,B,new
Khon(康宏电子),Khon(康宏电子),MFR-01624,candidate,B,new
KHIC(港宏),KHIC(港宏),MFR-01583,candidate,B,new
卡夫特,卡夫特,MFR-03629,review,A,new
KE(广督),KE(广督),MFR-01562,candidate,B,new
科林卫,科林卫,MFR-03772,review,A,new
KYX(凯越翔),KYX(凯越翔),MFR-01612,candidate,B,new
Karefonte(佳日丰泰),Karefonte(佳日丰泰),MFR-01614,candidate,B,new
KQK(台浩),KQK(台浩),MFR-01600,candidate,B,new
KBS(银石),KBS(银石),MFR-01556,candidate,B,new
kroeplin(凯普林),kroeplin(凯普林),MFR-03497,candidate,B,new
KCL(可兹尔),KCL(可兹尔),MFR-01557,candidate,B,new
康伟,康伟,MFR-03676,review,A,new
LR(朗瑞),LR(朗瑞),MFR-01723,candidate,B,new
Leiditech(雷卯电子),Leiditech(雷卯电子),MFR-01761,candidate,B,new
LIJIA(力嘉),LIJIA(力嘉),MFR-01698,candidate,B,new
LX(连线电子),LX(连线电子),MFR-01734,candidate,B,new
LUCKYLIGHT(佳光),LUCKYLIGHT(佳光),MFR-01728,candidate,B,new
力智,力智,MFR-03614,review,A,new
Laird(莱尔德),Laird(莱尔德),MFR-01743,candidate,B,new
LEA NETWORKS,LEA NETWORKS,MFR-01669,candidate,B,new
LXDZ(利鑫电子),LXDZ(利鑫电子),MFR-01736,candidate,B,new
Leopard Imaging,Leopard Imaging,MFR-01764,candidate,B,new
Libre,Libre,MFR-01771,candidate,B,new
LeddarTech,LeddarTech,MFR-01754,candidate,B,new
LightWare,LightWare,MFR-01772,candidate,B,new
Lime Microsystems,Lime Microsystems,MFR-01774,candidate,B,new
LICAP,LICAP,MFR-01692,candidate,B,new
Lighting Science,Lighting Science,MFR-01773,candidate,B,new
立白,立白,MFR-03778,review,A,new
LRC(乐山无线电),LRC(乐山无线电),MFR-01724,candidate,B,new
LESSO(联塑),LESSO(联塑),MFR-01681,candidate,B,new
LINKIND(连卡德),LINKIND(连卡德),MFR-01707,candidate,B,new
Legendsemi(领慧立芯),Legendsemi(领慧立芯),MFR-01758,candidate,B,new
LUTE(陆特),LUTE(陆特),MFR-01730,candidate,B,new
LX(连欣科技),LX(连欣科技),MFR-01733,candidate,B,new
LEDdynamics,LEDdynamics,MFR-01675,candidate,B,new
Lelon(立隆),Lelon(立隆),MFR-01762,candidate,B,new
柳约电子,柳约电子,MFR-03722,candidate,B,new
LIANGJIA(靓佳),LIANGJIA(靓佳),MFR-01689,candidate,B,new
LIZ(丽智电子),LIZ(丽智电子),MFR-01711,candidate,B,new
LIANLI(联力),LIANLI(联力),MFR-01690,candidate,B,new
LANKE(兰科),LANKE(兰科),MFR-01658,candidate,B,new
LICHEN(力辰),LICHEN(力辰),MFR-01694,candidate,B,new
Liansheng(连盛),Liansheng(连盛),MFR-01770,candidate,B,new
LEADER(立得),LEADER(立得),MFR-01672,candidate,B,new
Led-Color(色彩光电),Led-Color(色彩光电),MFR-01753,candidate,B,new
L-CUBIC(酷比客),L-CUBIC(酷比客),MFR-01647,candidate,B,new
LED Lighting Inc,LED Lighting Inc,MFR-01674,candidate,B,new
LG,LG,MFR-01686,review,A,new
LITEON(光宝),LITEON(光宝),MFR-01710,candidate,B,new
Lincoln,Lincoln,MFR-01776,candidate,B,new
LIMITLESS SHIELDING,LIMITLESS SHIELDING,MFR-01703,candidate,B,new
LoggerFlex,LoggerFlex,MFR-01792,candidate,B,new
Load Controls,Load Controls,MFR-01791,candidate,B,new
LORSER INDUSTRIES,LORSER INDUSTRIES,MFR-01719,candidate,B,new
Logical Systems,Logical Systems,MFR-01794,candidate,B,new
LogiSwitch,LogiSwitch,MFR-01793,candidate,B,new
LTI,LTI,MFR-01727,review,A,new
LINKOSEMI(凌鸥创芯),LINKOSEMI(凌鸥创芯),MFR-01708,candidate,B,new
LIJIE(丽杰),LIJIE(丽杰),MFR-01699,candidate,B,new
立创面板定制,立创面板定制,MFR-03776,candidate,B,new
绿林,绿林,MFR-03784,review,A,new
Legendary(乐得瑞),Legendary(乐得瑞),MFR-01757,candidate,B,new
LAI YAGN(来样),LAI YAGN(来样),MFR-01650,candidate,B,new
LAOA(老A),LAOA(老A),MFR-01662,candidate,B,new
Linear Integrated Systems,Linear Integrated Systems,MFR-01777,candidate,B,new
LIHAO(力豪),LIHAO(力豪),MFR-01697,candidate,B,new
LAIBAO(洛来宝),LAIBAO(洛来宝),MFR-01651,candidate,B,new
立可安,立可安,MFR-03777,review,A,new
Loikaw(垒固),Loikaw(垒固),MFR-01796,candidate,B,new
Lumimax Optoelectronic,Lumimax Optoelectronic,MFR-01802,candidate,B,new
凌智电子,凌智电子,MFR-03609,candidate,B,new
LANGHENGTECH(朗恒科技),LANGHENGTECH(朗恒科技),MFR-01656,candidate,B,new
绿消,绿消,MFR-03785,review,A,new
LILYGO,LILYGO,MFR-01701,candidate,B,new
LZTEC(励至),LZTEC(励至),MFR-01741,candidate,B,new
linshang(林上),linshang(林上),MFR-03499,candidate,B,new
lugon(鹭工国际),lugon(鹭工国际),MFR-03503,candidate,B,new
Letex(丽太),Letex(丽太),MFR-01765,candidate,B,new
LXWCONN(连兴旺电子),LXWCONN(连兴旺电子),MFR-01737,candidate,B,new
LingChip(灵芯微),LingChip(灵芯微),MFR-01781,candidate,B,new
launchip(朗矽),launchip(朗矽),MFR-03498,candidate,B,new
黎孩,黎孩,MFR-03840,review,A,new
利剑战神,利剑战神,MFR-03613,candidate,B,new
LIANBANG(联邦),LIANBANG(联邦),MFR-01688,candidate,B,new
LANSON(良胜),LANSON(良胜),MFR-01661,candidate,B,new
LOTES(嘉澤端子),LOTES(嘉澤端子),MFR-01720,candidate,B,new
Linearin(先积集成),Linearin(先积集成),MFR-01778,candidate,B,new
LSI/CSI,LSI/CSI,MFR-01726,candidate,B,new
Lewa Micro(乐瓦微电子),Lewa Micro(乐瓦微电子),MFR-01767,candidate,B,new
Liron(力容),Liron(力容),MFR-01785,candidate,B,new
LEICI(雷磁),LEICI(雷磁),MFR-01676,candidate,B,new
LKWIC(瓴科微),LKWIC(瓴科微),MFR-01714,candidate,B,new
Lumex,Lumex,MFR-01800,candidate,B,new
路安卫士,路安卫士,MFR-03807,candidate,B,new
立碁电子,立碁电子,MFR-03779,candidate,B,new
LEMO(雷莫),LEMO(雷莫),MFR-01679,candidate,B,new
L3HARRIS,L3HARRIS,MFR-01649,candidate,B,new
Leader,Leader,MFR-01748,candidate,B,new
Little Swan(小天鹅),Little Swan(小天鹅),MFR-01790,candidate,B,new
Linekey(立凯电控),Linekey(立凯电控),MFR-01779,candidate,B,new
LENGXIN(冷芯),LENGXIN(冷芯),MFR-01680,candidate,B,new
LAIFU(来福),LAIFU(来福),MFR-01652,candidate,B,new
luJing(鲁晶),luJing(鲁晶),MFR-03502,candidate,B,new
Cnlinko(凌科),Cnlinko(凌科),MFR-00589,candidate,B,new
Luxonis,Luxonis,MFR-01804,candidate,B,new
LOONGRAY(朗锐智科),LOONGRAY(朗锐智科),MFR-01718,candidate,B,new
LC(立创),LC(立创),MFR-01665,candidate,B,new
LEM(莱姆),LEM(莱姆),MFR-01678,candidate,B,new
LIMING(利明),LIMING(利明),MFR-01702,candidate,B,new
LFang(凌防),LFang(凌防),MFR-01685,candidate,B,new
LX(灵星芯微),LX(灵星芯微),MFR-01732,candidate,B,new
兰花,兰花,MFR-03606,review,A,new
Leadshine(雷赛),Leadshine(雷赛),MFR-01751,candidate,B,new
LINK-PP(连普科技),LINK-PP(连普科技),MFR-01705,candidate,B,new
LINROSE ELECTRONICS,LINROSE ELECTRONICS,MFR-01709,candidate,B,new
LM Technologies,LM Technologies,MFR-01715,candidate,B,new
LUMINARY MICRO,LUMINARY MICRO,MFR-01729,candidate,B,new
L-com(诺通),L-com(诺通),MFR-01648,candidate,B,new
Lascar Electronics,Lascar Electronics,MFR-01746,candidate,B,new
LANON(兰浪),LANON(兰浪),MFR-01659,candidate,B,new
Labfacility,Labfacility,MFR-01742,candidate,B,new
loongson(龙芯中科),loongson(龙芯中科),MFR-03501,candidate,B,new
Luminus,Luminus,MFR-01803,candidate,B,new
Linepri(蓝沛),Linepri(蓝沛),MFR-01780,candidate,B,new
Lumileds(亮锐),Lumileds(亮锐),MFR-01801,candidate,B,new
LEYOUBAIYI(乐优佰易),LEYOUBAIYI(乐优佰易),MFR-01683,candidate,B,new
Lingyang Micro(凌扬微),Lingyang Micro(凌扬微),MFR-01782,candidate,B,new
立创开发板,立创开发板,MFR-03775,candidate,B,new
Lattice Art(晶艺),Lattice Art(晶艺),MFR-01747,candidate,B,new
LeaderTech,LeaderTech,MFR-01750,candidate,B,new
Ledil,Ledil,MFR-01755,candidate,B,new
Lantronix,Lantronix,MFR-01745,candidate,B,new
Lumberg Automation,Lumberg Automation,MFR-01799,candidate,B,new
Leadtrend(通嘉科技),Leadtrend(通嘉科技),MFR-01752,candidate,B,new
LOCTITE(乐泰),LOCTITE(乐泰),MFR-01717,candidate,B,new
LIANPUDA(联普达),LIANPUDA(联普达),MFR-01691,candidate,B,new
"Luxtech, LLC","Luxtech, LLC",MFR-01805,candidate,B,new
LINGQIANG(领强),LINGQIANG(领强),MFR-01704,candidate,B,new
LY(鲁颖),LY(鲁颖),MFR-01738,candidate,B,new
Lyontek(来扬),Lyontek(来扬),MFR-01806,candidate,B,new
LZG,LZG,MFR-01740,review,A,new
Lenovo(联想),Lenovo(联想),MFR-01763,candidate,B,new
Lin Engineering,Lin Engineering,MFR-01775,candidate,B,new
Longkingdom(龙建达),Longkingdom(龙建达),MFR-01797,candidate,B,new
lintratek(林创),lintratek(林创),MFR-03500,candidate,B,new
LAPP,LAPP,MFR-01663,review,A,new
LFJ(老阀匠),LFJ(老阀匠),MFR-01684,candidate,B,new
Logitech(罗技),Logitech(罗技),MFR-01795,candidate,B,new
领晨,领晨,MFR-03830,review,A,new
LANGSDOM(兰士顿),LANGSDOM(兰士顿),MFR-01657,candidate,B,new
Lexar(雷克沙),Lexar(雷克沙),MFR-01768,candidate,B,new
Ledtech,Ledtech,MFR-01756,candidate,B,new
LEADPOWER(率能),LEADPOWER(率能),MFR-01673,candidate,B,new
Lextar(隆达电子),Lextar(隆达电子),MFR-01769,candidate,B,new
3L COILS(三礼),3L COILS(三礼),MFR-00004,candidate,B,new
LGE(鲁光),LGE(鲁光),MFR-01687,candidate,B,new
Legion(六钧),Legion(六钧),MFR-01759,candidate,B,new
LKH(利可豪热熔胶),LKH(利可豪热熔胶),MFR-01713,candidate,B,new
LYT(利亚特),LYT(利亚特),MFR-01739,candidate,B,new
LOVATO ELECTRIC,LOVATO ELECTRIC,MFR-01721,candidate,B,new
luxin-semi(上海陆芯),luxin-semi(上海陆芯),MFR-03504,candidate,B,new
绿色时代,绿色时代,MFR-03786,candidate,B,new
LANCHAO(澜潮科技),LANCHAO(澜潮科技),MFR-01655,candidate,B,new
LIGHT(莱特),LIGHT(莱特),MFR-01696,candidate,B,new
LETO(列拓),LETO(列拓),MFR-01682,candidate,B,new
Lucki(蓝晶),Lucki(蓝晶),MFR-01798,candidate,B,new
LCKELEC(联晟欣),LCKELEC(联晟欣),MFR-01667,candidate,B,new
LEISE(雷摄),LEISE(雷摄),MFR-01677,candidate,B,new
LEACAP(利容),LEACAP(利容),MFR-01670,candidate,B,new
LICQ,LICQ,MFR-01695,review,A,new
淩志比高,淩志比高,MFR-03747,candidate,B,new
LANOUDUN(蓝鸥盾),LANOUDUN(蓝鸥盾),MFR-01660,candidate,B,new
LICHEERS(领臣),LICHEERS(领臣),MFR-01693,candidate,B,new
狼小方,狼小方,MFR-03754,review,A,new
LCX(凌承芯),LCX(凌承芯),MFR-01668,candidate,B,new
LCDZ(联坚电子),LCDZ(联坚电子),MFR-01666,candidate,B,new
Levetop(乐升),Levetop(乐升),MFR-01766,candidate,B,new
Linx,Linx,MFR-01784,candidate,B,new
Littelfuse(美国力特),Littelfuse(美国力特),MFR-01788,candidate,B,new
LinkMems(聆麦声学),LinkMems(聆麦声学),MFR-01783,candidate,B,new
Lehuo TANGO(乐活天章),Lehuo TANGO(乐活天章),MFR-01760,candidate,B,new
LXC(连兴创),LXC(连兴创),MFR-01735,candidate,B,new
洛阳双明电子,洛阳双明电子,MFR-03744,candidate,B,new
LEADCHIP(岭芯微),LEADCHIP(岭芯微),MFR-01671,candidate,B,new
LATTICE(莱迪思),LATTICE(莱迪思),MFR-01664,candidate,B,new
LOCKIN(鹿克),LOCKIN(鹿克),MFR-01716,candidate,B,new
LSD(利尔达),LSD(利尔达),MFR-01725,candidate,B,new
LAILAN(莱联),LAILAN(莱联),MFR-01653,candidate,B,new
LPL(来百利),LPL(来百利),MFR-01722,candidate,B,new
LVKANG(绿康),LVKANG(绿康),MFR-01731,candidate,B,new
LanTu Micro(蓝图微电),LanTu Micro(蓝图微电),MFR-01744,candidate,B,new
LANBAOFUSE(蓝宝),LANBAOFUSE(蓝宝),MFR-01654,candidate,B,new
劳思保,劳思保,MFR-03615,review,A,new
LJ(朗捷),LJ(朗捷),MFR-01712,candidate,B,new
LILLIPUT(利利普),LILLIPUT(利利普),MFR-01700,candidate,B,new
DDY(德立)/MYX(铭易轩),DDY(德立)/MYX(铭易轩),MFR-00652,candidate,B,new
MEIHUA(美华),MEIHUA(美华),MFR-01844,candidate,B,new
MeiLing(美菱),MeiLing(美菱),MFR-01948,candidate,B,new
MK(米客方德),MK(米客方德),MFR-01878,candidate,B,new
MW(明纬),MW(明纬),MFR-01903,candidate,B,new
MKA,MKA,MFR-01879,review,A,new
MEMSIC(美新),MEMSIC(美新),MFR-01847,candidate,B,new
MSA(梅思安),MSA(梅思安),MFR-01894,candidate,B,new
MACOM(镁可),MACOM(镁可),MFR-01811,candidate,B,new
ADI(亚德诺)/MAXIM(美信),ADI(亚德诺)/MAXIM(美信),MFR-00027,candidate,B,new
MOTOROLA(摩托罗拉),MOTOROLA(摩托罗拉),MFR-01889,candidate,B,new
MATSUKI(松木),MATSUKI(松木),MFR-01827,candidate,B,new
MICRONE(南京微盟),MICRONE(南京微盟),MFR-01865,candidate,B,new
MITSUMI(美上美),MITSUMI(美上美),MFR-01875,candidate,B,new
MYIR(米尔),MYIR(米尔),MFR-01906,candidate,B,new
MEGAWIN(笙泉),MEGAWIN(笙泉),MFR-01842,candidate,B,new
MPS(芯源),MPS(芯源),MFR-01892,candidate,B,new
Micradar(云帆瑞达),Micradar(云帆瑞达),MFR-01959,candidate,B,new
MOKEN(摩肯),MOKEN(摩肯),MFR-01882,candidate,B,new
MINXING(民兴电缆),MINXING(民兴电缆),MFR-01874,candidate,B,new
MERAKI(茂睿芯),MERAKI(茂睿芯),MFR-01850,candidate,B,new
Magnetics(美磁),Magnetics(美磁),MFR-01917,candidate,B,new
Midea(美的),Midea(美的),MFR-01966,candidate,B,new
Marutsu,Marutsu,MFR-01926,candidate,B,new
MATRIX,MATRIX,MFR-01826,candidate,B,new
Mechatronics,Mechatronics,MFR-01942,candidate,B,new
MegaChips,MegaChips,MFR-01944,candidate,B,new
Magnetic Shield,Magnetic Shield,MFR-01916,candidate,B,new
MMB Networks,MMB Networks,MFR-01880,candidate,B,new
METICOM,METICOM,MFR-01854,candidate,B,new
Monzite,Monzite,MFR-01988,candidate,B,new
Ming Chiang,Ming Chiang,MFR-01974,candidate,B,new
Peraso,Peraso,MFR-02253,candidate,B,new
Moujen,Moujen,MFR-01991,candidate,B,new
Minsheng(民盛),Minsheng(民盛),MFR-01977,candidate,B,new
minGLeI(名磊),minGLeI(名磊),MFR-03512,candidate,B,new
MWEL(漫威),MWEL(漫威),MFR-01904,candidate,B,new
MINVA(敏华电工),MINVA(敏华电工),MFR-01873,candidate,B,new
MOLI(南京模砾),MOLI(南京模砾),MFR-01883,candidate,B,new
Magnetsyc(元磁),Magnetsyc(元磁),MFR-01918,candidate,B,new
MyAntenna(摩天射频),MyAntenna(摩天射频),MFR-02000,candidate,B,new
MagnaChip(美格纳),MagnaChip(美格纳),MFR-01914,candidate,B,new
Mixic(中科芯亿达),Mixic(中科芯亿达),MFR-01982,candidate,B,new
Motorcomm(裕太微),Motorcomm(裕太微),MFR-01990,candidate,B,new
MCM,MCM,MFR-01837,review,A,new
MS SHIMEI(湿美),MS SHIMEI(湿美),MFR-01893,candidate,B,new
MORNSUN(金升阳),MORNSUN(金升阳),MFR-01885,candidate,B,new
MARVELL(迈威),MARVELL(迈威),MFR-01824,candidate,B,new
MaxLinear(迈凌),MaxLinear(迈凌),MFR-01934,candidate,B,new
MP(美禄科技),MP(美禄科技),MFR-01890,candidate,B,new
meacon(美控),meacon(美控),MFR-03506,candidate,B,new
MetalLions(美铼),MetalLions(美铼),MFR-01955,candidate,B,new
MAX USA,MAX USA,MFR-01828,candidate,B,new
Malak(迈洛克),Malak(迈洛克),MFR-01921,candidate,B,new
MYOUNG(美阳),MYOUNG(美阳),MFR-01908,candidate,B,new
MOLONG(墨龙),MOLONG(墨龙),MFR-01884,candidate,B,new
MEMS(敏芯微),MEMS(敏芯微),MFR-01846,candidate,B,new
McGill Microwave Systems,McGill Microwave Systems,MFR-01940,candidate,B,new
muRata(村田),muRata(村田),MFR-03515,candidate,B,new
Macrosilicon(宏晶微),Macrosilicon(宏晶微),MFR-01911,candidate,B,new
MINGSTAR(登壹),MINGSTAR(登壹),MFR-01870,candidate,B,new
Magnasphere,Magnasphere,MFR-01915,candidate,B,new
MEGSINE(兆讯),MEGSINE(兆讯),MFR-01843,candidate,B,new
Miller,Miller,MFR-01970,candidate,B,new
MALUCP(马路诚品),MALUCP(马路诚品),MFR-01819,candidate,B,new
MFrontier(美思先端),MFrontier(美思先端),MFR-01857,candidate,B,new
MTK(联发科),MTK(联发科),MFR-01900,candidate,B,new
MXIC(旺宏电子),MXIC(旺宏电子),MFR-01905,candidate,B,new
明达微,明达微,MFR-03708,review,A,new
MST(美伽),MST(美伽),MFR-01896,candidate,B,new
MINIWARE,MINIWARE,MFR-01871,candidate,B,new
METZ CONNECT,METZ CONNECT,MFR-01856,candidate,B,new
Moxa,Moxa,MFR-01993,candidate,B,new
Mentech(铭普光磁),Mentech(铭普光磁),MFR-01951,candidate,B,new
MSKSEMI(美森科),MSKSEMI(美森科),MFR-01895,candidate,B,new
MDH(明德亨),MDH(明德亨),MFR-01839,candidate,B,new
MatrixOpto(矩阵),MatrixOpto(矩阵),MFR-01931,candidate,B,new
Masterplug,Masterplug,MFR-01929,candidate,B,new
MERCURY(玛居礼),MERCURY(玛居礼),MFR-01851,candidate,B,new
MBI(台湾聚积),MBI(台湾聚积),MFR-01835,candidate,B,new
MIJIA(米家),MIJIA(米家),MFR-01867,candidate,B,new
MDE Semiconductor,MDE Semiconductor,MFR-01838,candidate,B,new
MT-VIKI(迈拓维矩),MT-VIKI(迈拓维矩),MFR-01899,candidate,B,new
MetalBrother,MetalBrother,MFR-01954,candidate,B,new
MERACH(麦瑞克),MERACH(麦瑞克),MFR-01849,candidate,B,new
MARATHON SPECIAL PRODUCTS,MARATHON SPECIAL PRODUCTS,MFR-01821,candidate,B,new
Myrra,Myrra,MFR-02002,candidate,B,new
microcyber(博微),microcyber(博微),MFR-03508,candidate,B,new
MOISELLE(周慕诗),MOISELLE(周慕诗),MFR-01881,candidate,B,new
MAynuo(美尔诺),MAynuo(美尔诺),MFR-01834,candidate,B,new
MINGGU(鸣固),MINGGU(鸣固),MFR-01869,candidate,B,new
minos(迈诺斯),minos(迈诺斯),MFR-03513,candidate,B,new
MAKE GREAT(突破电气),MAKE GREAT(突破电气),MFR-01817,candidate,B,new
Mallory Sonalert Products Inc,Mallory Sonalert Products Inc,MFR-01922,candidate,B,new
MINDA(敏达),MINDA(敏达),MFR-01868,candidate,B,new
MIDOLI(镁多力),MIDOLI(镁多力),MFR-01866,candidate,B,new
Mini-Circuits,Mini-Circuits,MFR-01975,candidate,B,new
MEISHUO(美硕),MEISHUO(美硕),MFR-01845,candidate,B,new
Mysentech(敏源传感),Mysentech(敏源传感),MFR-02003,candidate,B,new
Maxio(联芸),Maxio(联芸),MFR-01936,candidate,B,new
Multicomp,Multicomp,MFR-01997,candidate,B,new
MAIKERUISI(迈锐柯斯),MAIKERUISI(迈锐柯斯),MFR-01816,candidate,B,new
MSTM(麦斯塔),MSTM(麦斯塔),MFR-01898,candidate,B,new
Mide,Mide,MFR-01965,candidate,B,new
MAKITA(牧田),MAKITA(牧田),MFR-01818,candidate,B,new
MERSUN(美日晟),MERSUN(美日晟),MFR-01852,candidate,B,new
Move-X,Move-X,MFR-01992,candidate,B,new
MTM Power,MTM Power,MFR-01901,candidate,B,new
MtronPTI,MtronPTI,MFR-01994,candidate,B,new
Mitsubishi Electric(三菱电机),Mitsubishi Electric(三菱电机),MFR-01979,candidate,B,new
multidimension(多维),multidimension(多维),MFR-03516,candidate,B,new
Megain(美佳音),Megain(美佳音),MFR-01945,candidate,B,new
MiRelay(米高莱),MiRelay(米高莱),MFR-01958,candidate,B,new
Midas Displays,Midas Displays,MFR-01964,candidate,B,new
MH CONNECTORS,MH CONNECTORS,MFR-01859,candidate,B,new
Micro Elec. Instrument,Micro Elec. Instrument,MFR-01961,candidate,B,new
MPD(Memory Protection Devices),MPD(Memory Protection Devices),MFR-01891,candidate,B,new
Matsuo(松尾电机),Matsuo(松尾电机),MFR-01932,candidate,B,new
MORPHY RICHARDS(英国摩飞),MORPHY RICHARDS(英国摩飞),MFR-01886,candidate,B,new
MICRON ELECTRIC,MICRON ELECTRIC,MFR-01864,candidate,B,new
MindMotion(灵动微),MindMotion(灵动微),MFR-01972,candidate,B,new
MACROMATIC,MACROMATIC,MFR-01812,candidate,B,new
MAGTECH,MAGTECH,MFR-01815,candidate,B,new
MAGLAYERS,MAGLAYERS,MFR-01813,candidate,B,new
Mayflower(五月花),Mayflower(五月花),MFR-01939,candidate,B,new
MAN YUE(万裕科技),MAN YUE(万裕科技),MFR-01820,candidate,B,new
MARQUARDT,MARQUARDT,MFR-01822,candidate,B,new
MENTOR,MENTOR,MFR-01848,candidate,B,new
M&G(晨光文具),M&G(晨光文具),MFR-01807,candidate,B,new
Maxwell,Maxwell,MFR-01938,candidate,B,new
METROPOLITAN VACUUM,METROPOLITAN VACUUM,MFR-01855,candidate,B,new
METHODE ELEC.,METHODE ELEC.,MFR-01853,candidate,B,new
Mill-Max Mfg. Corp.,Mill-Max Mfg. Corp.,MFR-01969,candidate,B,new
Minlenda(敏连达),Minlenda(敏连达),MFR-01976,candidate,B,new
MIAOJIE(妙洁),MIAOJIE(妙洁),MFR-01861,candidate,B,new
MAX(迈旭),MAX(迈旭),MFR-01829,candidate,B,new
Masach,Masach,MFR-01927,candidate,B,new
Menda,Menda,MFR-01950,candidate,B,new
Matrix Orbital,Matrix Orbital,MFR-01930,candidate,B,new
MG Chemicals,MG Chemicals,MFR-01858,candidate,B,new
Meritek,Meritek,MFR-01952,candidate,B,new
Metcal,Metcal,MFR-01956,candidate,B,new
Master Appliance Co,Master Appliance Co,MFR-01928,candidate,B,new
Mueller Electric,Mueller Electric,MFR-01995,candidate,B,new
MultiTech,MultiTech,MFR-01996,candidate,B,new
Monnit,Monnit,MFR-01986,candidate,B,new
Mikroe,Mikroe,MFR-01968,candidate,B,new
MinebeaMistumi – NMB Technologies,MinebeaMistumi – NMB Technologies,MFR-01973,candidate,B,new
micron(美光),micron(美光),MFR-03510,candidate,B,new
MYMOOO(螞蟻),MYMOOO(螞蟻),MFR-01907,candidate,B,new
Medicom(麦迪康),Medicom(麦迪康),MFR-01943,candidate,B,new
Maxscend(卓胜微),Maxscend(卓胜微),MFR-01937,candidate,B,new
MAZO(玛冀),MAZO(玛冀),MFR-01833,candidate,B,new
MOLEX,Molex,MFR-01984,active,A,seed_alias
MOSPEC(统懋),MOSPEC(统懋),MFR-01887,candidate,B,new
MIXINNO(矽诺微),MIXINNO(矽诺微),MFR-01877,candidate,B,new
"Makeblock Co., LTD.","Makeblock Co., LTD.",MFR-01920,candidate,B,new
MIWE(麦纬),MIWE(麦纬),MFR-01876,candidate,B,new
Murrplastik,Murrplastik,MFR-01999,candidate,B,new
M5Stack(明栈),M5Stack(明栈),MFR-01810,candidate,B,new
Morse Micro,Morse Micro,MFR-01989,candidate,B,new
MDM(中晶微),MDM(中晶微),MFR-01840,candidate,B,new
Marktech Optoelectronics,Marktech Optoelectronics,MFR-01925,candidate,B,new
Mitutoyo(三丰),Mitutoyo(三丰),MFR-01981,candidate,B,new
Magic Power,Magic Power,MFR-01913,candidate,B,new
MARTOR(马特),MARTOR(马特),MFR-01823,candidate,B,new
MI(小米),MI(小米),MFR-01860,candidate,B,new
Methode Electronics,Methode Electronics,MFR-01957,candidate,B,new
M.T,M.T,MFR-01809,review,A,new
MaxBotix,MaxBotix,MFR-01933,candidate,B,new
猛水,猛水,MFR-03755,review,A,new
Mobil(美孚),Mobil(美孚),MFR-01983,candidate,B,new
Mitsubishi Group(三菱),Mitsubishi Group(三菱),MFR-01980,candidate,B,new
MST(迈尔斯通),MST(迈尔斯通),MFR-01897,candidate,B,new
迈嘉科技,迈嘉科技,MFR-03810,candidate,B,new
maxell,maxell,MFR-03505,candidate,B,new
Melexis(比利时迈来芯),Melexis(比利时迈来芯),MFR-01949,candidate,B,new
microgate(麦捷科技),microgate(麦捷科技),MFR-03509,candidate,B,new
MAXIC(美芯晟),MAXIC(美芯晟),MFR-01832,candidate,B,new
Manifold Tech(留形),Manifold Tech(留形),MFR-01923,candidate,B,new
MCC(美微科),MCC(美微科),MFR-01836,candidate,B,new
MASPOWER(麦思浦),MASPOWER(麦思浦),MFR-01825,candidate,B,new
MAXCENT(麦森特),MAXCENT(麦森特),MFR-01830,candidate,B,new
molten(摩腾),molten(摩腾),MFR-03514,candidate,B,new
Mersen(美尔森),Mersen(美尔森),MFR-01953,candidate,B,new
MAGLAYERS(美磊),MAGLAYERS(美磊),MFR-01814,candidate,B,new
Milliohm(毫欧),Milliohm(毫欧),MFR-01971,candidate,B,new
MAXHUB,MAXHUB,MFR-01831,candidate,B,new
MYTO(麦途斯),MYTO(麦途斯),MFR-01909,candidate,B,new
Magic Inside(魔力),Magic Inside(魔力),MFR-01912,candidate,B,new
麦拉达,麦拉达,MFR-03839,review,A,new
Me-TECH(美台高科),Me-TECH(美台高科),MFR-01941,candidate,B,new
micsig(麦科信),micsig(麦科信),MFR-03511,candidate,B,new
3M,3M,MFR-00005,review,A,new
Monec(鑫汇),Monec(鑫汇),MFR-01985,candidate,B,new
明微,明微,MFR-03707,review,A,new
Micro Crystal(瑞士微晶),Micro Crystal(瑞士微晶),MFR-01960,candidate,B,new
Miramems(明皜传感),Miramems(明皜传感),MFR-01978,candidate,B,new
MEC Switches,MEC Switches,MFR-01841,candidate,B,new
MyDevices,MyDevices,MFR-02001,candidate,B,new
Megapower(瑞信),Megapower(瑞信),MFR-01946,candidate,B,new
MINTRON(明硕),MINTRON(明硕),MFR-01872,candidate,B,new
Maplesemi(美浦森),Maplesemi(美浦森),MFR-01924,candidate,B,new
MICROCHIP(美国微芯),MICROCHIP(美国微芯),MFR-01862,candidate,B,new
Major Power(久昌),Major Power(久昌),MFR-01919,candidate,B,new
M.SOME(索美),M.SOME(索美),MFR-01808,candidate,B,new
MICROLIT(米克雷),MICROLIT(米克雷),MFR-01863,candidate,B,new
metkon(美康),metkon(美康),MFR-03507,candidate,B,new
MOT(仁懋),MOT(仁懋),MFR-01888,candidate,B,new
Megastar(兆星),Megastar(兆星),MFR-01947,candidate,B,new
MUP(德海威),MUP(德海威),MFR-01902,candidate,B,new
NBC(宝橙),NBC(宝橙),MFR-02014,candidate,B,new
NHC(汇龙仓),NHC(汇龙仓),MFR-02031,candidate,B,new
NOVOSENSE(纳芯微),NOVOSENSE(纳芯微),MFR-02047,candidate,B,new
natlinear(南麟),natlinear(南麟),MFR-03518,candidate,B,new
Nippon Tanshi(日端),Nippon Tanshi(日端),MFR-02091,candidate,B,new
Nextron(正凌),Nextron(正凌),MFR-02086,candidate,B,new
NDF(达孚),NDF(达孚),MFR-02018,candidate,B,new
NOXTLON(诺凌),NOXTLON(诺凌),MFR-02048,candidate,B,new
Nations(国民技术),Nations(国民技术),MFR-02065,candidate,B,new
NVC(雷士),NVC(雷士),MFR-02057,candidate,B,new
Newstar LEDs,Newstar LEDs,MFR-02082,candidate,B,new
NXMET(耐默特),NXMET(耐默特),MFR-02059,candidate,B,new
NORDIC,Nordic Semiconductor,MFR-02095,active,A,seed_alias
Nyfea(徕飞),Nyfea(徕飞),MFR-02100,candidate,B,new
NEUTRIK(优曲克),NEUTRIK(优曲克),MFR-02025,candidate,B,new
NCE(无锡新洁能),NCE(无锡新洁能),MFR-02016,candidate,B,new
Nakagawa,Nakagawa,MFR-02063,candidate,B,new
Nexperia(安世),Nexperia(安世),MFR-02085,candidate,B,new
NLHX(牛利),NLHX(牛利),MFR-02042,candidate,B,new
NECTIUM(传应),NECTIUM(传应),MFR-02023,candidate,B,new
Nicomatic,Nicomatic,MFR-02089,candidate,B,new
NimbeLink,NimbeLink,MFR-02090,candidate,B,new
Nearson,Nearson,MFR-02069,candidate,B,new
NEWOPTO(鑫永诚光电),NEWOPTO(鑫永诚光电),MFR-02026,candidate,B,new
Navitas(纳微),Navitas(纳微),MFR-02067,candidate,B,new
NXP(恩智浦),NXP(恩智浦),MFR-02061,candidate,B,new
南京艾驰,南京艾驰,MFR-03626,candidate,B,new
NIIMBOT(精臣),NIIMBOT(精臣),MFR-02036,candidate,B,new
NVE,NVE,MFR-02058,review,A,new
NIKO-SEM(尼克森),NIKO-SEM(尼克森),MFR-02037,candidate,B,new
NDST(诺德斯特),NDST(诺德斯特),MFR-02021,candidate,B,new
NCC(日本贵弥功),NCC(日本贵弥功),MFR-02015,candidate,B,new
Newhaven display,Newhaven display,MFR-02079,candidate,B,new
NDK,NDK,MFR-02019,review,A,new
NINTAUS(金正),NINTAUS(金正),MFR-02038,candidate,B,new
NJGW(南京国微),NJGW(南京国微),MFR-02040,candidate,B,new
nVent,nVent,MFR-03517,candidate,B,new
Neardi(临滴),Neardi(临滴),MFR-02068,candidate,B,new
NGI(恩智),NGI(恩智),MFR-02029,candidate,B,new
NSK(创群晶体),NSK(创群晶体),MFR-02053,candidate,B,new
N-tech(新源鑫),N-tech(新源鑫),MFR-02004,candidate,B,new
New-yc(新元昌),New-yc(新元昌),MFR-02077,candidate,B,new
南京中科微,南京中科微,MFR-03624,candidate,B,new
NOKOXIN(诺可信),NOKOXIN(诺可信),MFR-02044,candidate,B,new
NF(福特),NF(福特),MFR-02028,candidate,B,new
NJCON(永立),NJCON(永立),MFR-02039,candidate,B,new
NOBLELIFT(诺力),NOBLELIFT(诺力),MFR-02043,candidate,B,new
neat(尼特),neat(尼特),MFR-03519,candidate,B,new
Nitto(日东),Nitto(日东),MFR-02093,candidate,B,new
Newland AIDC(新大陆),Newland AIDC(新大陆),MFR-02080,candidate,B,new
Nanya(南亚科技),Nanya(南亚科技),MFR-02064,candidate,B,new
南洋,南洋,MFR-03627,review,A,new
Nsiway(纳芯威),Nsiway(纳芯威),MFR-02097,candidate,B,new
New Age Enclosures,New Age Enclosures,MFR-02075,candidate,B,new
NATIONAL CONTROLS,NATIONAL CONTROLS,MFR-02013,candidate,B,new
Nemco Electronics Corporation,Nemco Electronics Corporation,MFR-02070,candidate,B,new
N2Power,N2Power,MFR-02005,candidate,B,new
NAMCO CONTROLS,NAMCO CONTROLS,MFR-02008,candidate,B,new
Newmine(纽曼),Newmine(纽曼),MFR-02081,candidate,B,new
New Energy,New Energy,MFR-02076,candidate,B,new
Nisshinbo,Nisshinbo,MFR-02092,candidate,B,new
NI,NI,MFR-02032,review,A,new
NICHIA(日亚),NICHIA(日亚),MFR-02034,candidate,B,new
NorComp,NorComp,MFR-02094,candidate,B,new
NSF,NSF,MFR-02051,review,A,new
NIC Components,NIC Components,MFR-02033,candidate,B,new
中旭,中旭,MFR-03581,review,A,new
NAISIDA(奈斯达),NAISIDA(奈斯达),MFR-02006,candidate,B,new
NTE Electronics,NTE Electronics,MFR-02055,candidate,B,new
Naturehike(挪客),Naturehike(挪客),MFR-02066,candidate,B,new
南亚(NANYA PLASTICS),南亚(NANYA PLASTICS),MFR-03623,candidate,B,new
NKK Switches,NKK Switches,MFR-02041,candidate,B,new
North East Fasteners,North East Fasteners,MFR-02096,candidate,B,new
NexCOBOT,NexCOBOT,MFR-02084,candidate,B,new
Newava Technology Inc.,Newava Technology Inc.,MFR-02078,candidate,B,new
Nvidia(英伟达),Nvidia(英伟达),MFR-02099,candidate,B,new
NANFU(南孚),NANFU(南孚),MFR-02010,candidate,B,new
NORITAKE ITRON,NORITAKE ITRON,MFR-02045,candidate,B,new
NOVASOM INDUSTRIES S.R.L.,NOVASOM INDUSTRIES S.R.L.,MFR-02046,candidate,B,new
NAMAE(韩国南涯),NAMAE(韩国南涯),MFR-02007,candidate,B,new
NetPower,NetPower,MFR-02073,candidate,B,new
NetBurner,NetBurner,MFR-02072,candidate,B,new
NSK,NSK,MFR-02052,review,A,new
NIDEC(尼得科),NIDEC(尼得科),MFR-02035,candidate,B,new
Neyeson(新易晟),Neyeson(新易晟),MFR-02087,candidate,B,new
NANFENG SHENGBAO(南丰声宝),NANFENG SHENGBAO(南丰声宝),MFR-02009,candidate,B,new
NST(钜芯),NST(钜芯),MFR-02054,candidate,B,new
NYBOXING(尼博星),NYBOXING(尼博星),MFR-02062,candidate,B,new
Neorock(观岩科技),Neorock(观岩科技),MFR-02071,candidate,B,new
南京欧卓,南京欧卓,MFR-03625,candidate,B,new
NEXTCHIP,NEXTCHIP,MFR-02027,candidate,B,new
NANOPORT,NANOPORT,MFR-02012,candidate,B,new
Wisevision(新智景),Wisevision(新智景),MFR-03190,candidate,B,new
Nichicon(尼吉康),Nichicon(尼吉康),MFR-02088,candidate,B,new
NEOTEC(新德),NEOTEC(新德),MFR-02024,candidate,B,new
NANOCHAP(暖芯迦),NANOCHAP(暖芯迦),MFR-02011,candidate,B,new
NOYAFA(精明鼠),NOYAFA(精明鼠),MFR-02049,candidate,B,new
NQUNXIN(群芯微电子),NQUNXIN(群芯微电子),MFR-02050,candidate,B,new
Netac(朗科),Netac(朗科),MFR-02074,candidate,B,new
NEC(日电电子),NEC(日电电子),MFR-02022,candidate,B,new
NUVOTON(新唐),NUVOTON(新唐),MFR-02056,candidate,B,new
Newtologic(纽特捷),Newtologic(纽特捷),MFR-02083,candidate,B,new
NDP(芯潭微),NDP(芯潭微),MFR-02020,candidate,B,new
NCT(利昇达),NCT(利昇达),MFR-02017,candidate,B,new
NH(纽航),NH(纽航),MFR-02030,candidate,B,new
ORDRO(欧达),ORDRO(欧达),MFR-02121,candidate,B,new
OCIC(卓睿科),OCIC(卓睿科),MFR-02105,candidate,B,new
Oukali(欧卡丽),Oukali(欧卡丽),MFR-02167,candidate,B,new
OCX(欧创芯),OCX(欧创芯),MFR-02106,candidate,B,new
OSG(欧士机),OSG(欧士机),MFR-02128,candidate,B,new
OCEAN'S-KING(海洋王),OCEAN'S-KING(海洋王),MFR-02104,candidate,B,new
OPPLE(欧普),OPPLE(欧普),MFR-02119,candidate,B,new
Organomation(欧加马丁),Organomation(欧加马丁),MFR-02162,candidate,B,new
ORIENTAL SEMI(东微),ORIENTAL SEMI(东微),MFR-02123,candidate,B,new
Omnergy(力佳),Omnergy(力佳),MFR-02146,candidate,B,new
OTW(联芯),OTW(联芯),MFR-02137,candidate,B,new
OTTE,OTTE,MFR-02136,review,A,new
Option NV,Option NV,MFR-02158,candidate,B,new
OptConnect,OptConnect,MFR-02155,candidate,B,new
ODU,ODU,MFR-02107,review,A,new
Onion,Onion,MFR-02153,candidate,B,new
Ole Wolff,Ole Wolff,MFR-02144,candidate,B,new
Omnetics,Omnetics,MFR-02147,candidate,B,new
OmniVision(豪威科技),OmniVision(豪威科技),MFR-02150,candidate,B,new
OMLAI(欧美莱),OMLAI(欧美莱),MFR-02113,candidate,B,new
onsemi(安森美),onsemi(安森美),MFR-03520,candidate,B,new
OTP battery(OTP电池),OTP battery(OTP电池),MFR-02135,candidate,B,new
OmniOn Power,OmniOn Power,MFR-02148,candidate,B,new
OMRON(欧姆龙),OMRON(欧姆龙),MFR-02114,candidate,B,new
ORIGIN-TECH(粤原点),ORIGIN-TECH(粤原点),MFR-02124,candidate,B,new
orisilicon(矽源),orisilicon(矽源),MFR-03521,candidate,B,new
ORICO(奥睿科),ORICO(奥睿科),MFR-02122,candidate,B,new
ONN(欧恩),ONN(欧恩),MFR-02116,candidate,B,new
欧思科光电,欧思科光电,MFR-03727,candidate,B,new
OUBOSEN(欧博森),OUBOSEN(欧博森),MFR-02138,candidate,B,new
Original Tech(本原聚能),Original Tech(本原聚能),MFR-02165,candidate,B,new
OOU,OOU,MFR-02118,review,A,new
Outdoor Solutions Electronics,Outdoor Solutions Electronics,MFR-02168,candidate,B,new
OBENZ(奥宾仕),OBENZ(奥宾仕),MFR-02103,candidate,B,new
OB(昂宝),OB(昂宝),MFR-02102,candidate,B,new
OSEN(欧芯),OSEN(欧芯),MFR-02126,candidate,B,new
Orient(奥伦德),Orient(奥伦德),MFR-02164,candidate,B,new
OGAM,OGAM,MFR-02108,review,A,new
Only&Home,Only&Home,MFR-02154,candidate,B,new
OSI Optoelectronics,OSI Optoelectronics,MFR-02130,candidate,B,new
ONSOON(安胜智能),ONSOON(安胜智能),MFR-02117,candidate,B,new
Olimex,Olimex,MFR-02145,candidate,B,new
On-Shore Tech,On-Shore Tech,MFR-02152,candidate,B,new
Octavo Systems,Octavo Systems,MFR-02142,candidate,B,new
ORing,ORing,MFR-02125,candidate,B,new
OSHWHub(立创开源硬件平台),OSHWHub(立创开源硬件平台),MFR-02129,candidate,B,new
OptoSupply(光谷),OptoSupply(光谷),MFR-02160,candidate,B,new
Opto Diode Corporation,Opto Diode Corporation,MFR-02159,candidate,B,new
OUPIIN(弘振),OUPIIN(弘振),MFR-02139,candidate,B,new
OKDO,OKDO,MFR-02109,review,A,new
Orbel,Orbel,MFR-02161,candidate,B,new
OWON(欧万),OWON(欧万),MFR-02140,candidate,B,new
"OMEGA Engineering, Inc","OMEGA Engineering, Inc",MFR-02112,candidate,B,new
OPTO 22,OPTO 22,MFR-02120,candidate,B,new
OSLO SWITCH,OSLO SWITCH,MFR-02131,candidate,B,new
OptiFuse,OptiFuse,MFR-02156,candidate,B,new
"Otto Engineering, Inc.","Otto Engineering, Inc.",MFR-02166,candidate,B,new
OTAX(欧达可),OTAX(欧达可),MFR-02134,candidate,B,new
OSEPP,OSEPP,MFR-02127,candidate,B,new
OmniPreSense,OmniPreSense,MFR-02149,candidate,B,new
Orient Display,Orient Display,MFR-02163,candidate,B,new
OSRAM(欧司朗),OSRAM(欧司朗),MFR-02133,candidate,B,new
OASIS(李洲),OASIS(李洲),MFR-02101,candidate,B,new
TT Electronics/Optek Technology,TT Electronics/Optek Technology,MFR-02926,candidate,B,new
OLFA(爱利华),OLFA(爱利华),MFR-02111,candidate,B,new
Ohmite,Ohmite,MFR-02143,candidate,B,new
OZIO(奥舒尔),OZIO(奥舒尔),MFR-02141,candidate,B,new
OKI,OKI,MFR-02110,review,A,new
Optilab,Optilab,MFR-02157,candidate,B,new
PINREX(频锐科技),PINREX(频锐科技),MFR-02196,candidate,B,new
POWERBUS(强联通讯),POWERBUS(强联通讯),MFR-02212,candidate,B,new
鹏工,鹏工,MFR-03836,review,A,new
紫光同创,紫光同创,MFR-03781,candidate,B,new
Pletronics Inc,Pletronics Inc,MFR-02265,candidate,B,new
POWLICON(宝砾微),POWLICON(宝砾微),MFR-02214,candidate,B,new
PAKON(贝工),PAKON(贝工),MFR-02173,candidate,B,new
PROLIFIC(旺玖),PROLIFIC(旺玖),MFR-02220,candidate,B,new
PTC(普诚),PTC(普诚),MFR-02226,candidate,B,new
PPT(磁创),PPT(磁创),MFR-02215,candidate,B,new
PULSE(普思),PULSE(普思),MFR-02231,candidate,B,new
POMEAS(普密斯),POMEAS(普密斯),MFR-02210,candidate,B,new
PuFaYan(普法眼),PuFaYan(普法眼),MFR-02294,candidate,B,new
PIELENST(派量),PIELENST(派量),MFR-02193,candidate,B,new
PRINT-RITE(天威),PRINT-RITE(天威),MFR-02218,candidate,B,new
PSA(信昌电陶),PSA(信昌电陶),MFR-02223,candidate,B,new
Precision Technology,Precision Technology,MFR-02289,candidate,B,new
PTSolns,PTSolns,MFR-02228,candidate,B,new
Point Labs,Point Labs,MFR-02266,candidate,B,new
Pi Supply,Pi Supply,MFR-02260,candidate,B,new
Phyton,Phyton,MFR-02259,candidate,B,new
PN Junction,PN Junction,MFR-02204,candidate,B,new
pi-top,pi-top,MFR-03523,candidate,B,new
Plazmo,Plazmo,MFR-02264,candidate,B,new
Pokit Innovations,Pokit Innovations,MFR-02267,candidate,B,new
Precision Electronic,Precision Electronic,MFR-02288,candidate,B,new
Powerbox,Powerbox,MFR-02279,candidate,B,new
Powell Electronics,Powell Electronics,MFR-02271,candidate,B,new
PDA,PDA,MFR-02179,review,A,new
Patco,Patco,MFR-02247,candidate,B,new
PalmSens,PalmSens,MFR-02240,candidate,B,new
Parker Chomerics,Parker Chomerics,MFR-02244,candidate,B,new
Pacific Goal,Pacific Goal,MFR-02237,candidate,B,new
Phoenix America,Phoenix America,MFR-02257,candidate,B,new
Peak Electronic,Peak Electronic,MFR-02249,candidate,B,new
Peerless by Tymphany,Peerless by Tymphany,MFR-02251,candidate,B,new
PEI-Genesis,PEI-Genesis,MFR-02182,candidate,B,new
Powerbx Inc,Powerbx Inc,MFR-02280,candidate,B,new
Powerlet,Powerlet,MFR-02283,candidate,B,new
P1dB Inc,P1dB Inc,MFR-02170,candidate,B,new
PLT(錩钢),PLT(錩钢),MFR-02200,candidate,B,new
POLAR BEAR(北极熊),POLAR BEAR(北极熊),MFR-02208,candidate,B,new
Prisemi(芯导),Prisemi(芯导),MFR-02291,candidate,B,new
PADAUK(应广),PADAUK(应广),MFR-02171,candidate,B,new
PIANO(皮阿诺),PIANO(皮阿诺),MFR-02190,candidate,B,new
ProLabs,ProLabs,MFR-02292,candidate,B,new
Pervasive Displays(龙亭),Pervasive Displays(龙亭),MFR-02255,candidate,B,new
Power Integrations(帕沃英蒂格盛),Power Integrations(帕沃英蒂格盛),MFR-02275,candidate,B,new
Perle Systems,Perle Systems,MFR-02254,candidate,B,new
PowTech(华润矽威),PowTech(华润矽威),MFR-02270,candidate,B,new
PowerSync(包尔星克),PowerSync(包尔星克),MFR-02278,candidate,B,new
Premier Magnetics,Premier Magnetics,MFR-02290,candidate,B,new
浦钛,浦钛,MFR-03746,review,A,new
POPULA(九洲普惠),POPULA(九洲普惠),MFR-02211,candidate,B,new
Paktron,Paktron,MFR-02239,candidate,B,new
PDW(芯格诺科技),PDW(芯格诺科技),MFR-02181,candidate,B,new
PINGFANSHIGUANG(平凡时光),PINGFANSHIGUANG(平凡时光),MFR-02194,candidate,B,new
PLUM(普卢姆),PLUM(普卢姆),MFR-02203,candidate,B,new
PXX(朋祥兴),PXX(朋祥兴),MFR-02236,candidate,B,new
prosemi(普罗森美),prosemi(普罗森美),MFR-03524,candidate,B,new
PSI(宝力芯),PSI(宝力芯),MFR-02224,candidate,B,new
POHIR(博赫尔),POHIR(博赫尔),MFR-02207,candidate,B,new
Pairlink(佩林),Pairlink(佩林),MFR-02238,candidate,B,new
PreBlue(普瑞蓝),PreBlue(普瑞蓝),MFR-02286,candidate,B,new
PinTENG(品腾),PinTENG(品腾),MFR-02262,candidate,B,new
PANTUM(奔图),PANTUM(奔图),MFR-02176,candidate,B,new
PEOPLE(人民电器),PEOPLE(人民电器),MFR-02184,candidate,B,new
POLYTONER(宝利通),POLYTONER(宝利通),MFR-02209,candidate,B,new
parade(谱瑞科技),parade(谱瑞科技),MFR-03522,candidate,B,new
3.Peaks(三山),3.Peaks(三山),MFR-00002,candidate,B,new
PUYA(普冉),PUYA(普冉),MFR-02235,candidate,B,new
PLUKE(普禄克),PLUKE(普禄克),MFR-02202,candidate,B,new
生产辅料,生产辅料,MFR-03761,candidate,B,new
Partron(帕创),Partron(帕创),MFR-02246,candidate,B,new
Phihong USA,Phihong USA,MFR-02256,candidate,B,new
PowerFilm,PowerFilm,MFR-02277,candidate,B,new
Peacock(日本孔雀),Peacock(日本孔雀),MFR-02248,candidate,B,new
P-DUKE,P-DUKE,MFR-02169,candidate,B,new
PUIAUDIO,PUIAUDIO,MFR-02230,candidate,B,new
Pearl river wire(珠江电线),Pearl river wire(珠江电线),MFR-02250,candidate,B,new
PEM,PEM,MFR-02183,review,A,new
Parallax,Parallax,MFR-02243,candidate,B,new
Particle,Particle,MFR-02245,candidate,B,new
Pololu Corporation,Pololu Corporation,MFR-02268,candidate,B,new
Pimoroni,Pimoroni,MFR-02261,candidate,B,new
Panduit,Panduit,MFR-02242,candidate,B,new
Protektive Pak,Protektive Pak,MFR-02293,candidate,B,new
Powerex Inc.,Powerex Inc.,MFR-02282,candidate,B,new
Preci-Dip,Preci-Dip,MFR-02287,candidate,B,new
Power Connector,Power Connector,MFR-02272,candidate,B,new
Powercast,Powercast,MFR-02281,candidate,B,new
Pomona Electronics,Pomona Electronics,MFR-02269,candidate,B,new
PROTEK,PROTEK,MFR-02221,candidate,B,new
PANJIT(强茂),PANJIT(强茂),MFR-02175,candidate,B,new
Powertip Technology,Powertip Technology,MFR-02285,candidate,B,new
PTR Messtechnik,PTR Messtechnik,MFR-02227,candidate,B,new
PFC,PFC,MFR-02187,review,A,new
Penn Elcom,Penn Elcom,MFR-02252,candidate,B,new
PHYTEC America LLC,PHYTEC America LLC,MFR-02189,candidate,B,new
PIC,PIC,MFR-02191,review,A,new
PEPPERL+FUCHS(倍加福),PEPPERL+FUCHS(倍加福),MFR-02185,candidate,B,new
PAKER(派克微),PAKER(派克微),MFR-02172,candidate,B,new
PICKER,PICKER,MFR-02192,candidate,B,new
52PI,52PI,MFR-00009,candidate,B,new
PASTERNACK,PASTERNACK,MFR-02178,candidate,B,new
PJSEMI(平晶微),PJSEMI(平晶微),MFR-02199,candidate,B,new
PDOK,PDOK,MFR-02180,review,A,new
PUSU(普速),PUSU(普速),MFR-02233,candidate,B,new
Power Electronic Measurements,Power Electronic Measurements,MFR-02274,candidate,B,new
Powersi(信达兴),Powersi(信达兴),MFR-02284,candidate,B,new
PNI,PNI,MFR-02206,review,A,new
Power Systems,Power Systems,MFR-02276,candidate,B,new
PROD(谱罗德),PROD(谱罗德),MFR-02219,candidate,B,new
PROWAVE,PROWAVE,MFR-02222,candidate,B,new
PN SILICON(智晶),PN SILICON(智晶),MFR-02205,candidate,B,new
PUOLOP(迪浦),PUOLOP(迪浦),MFR-02232,candidate,B,new
PIP(丽隽),PIP(丽隽),MFR-02198,candidate,B,new
2Pai Semi(荣湃),2Pai Semi(荣湃),MFR-00001,candidate,B,new
PINTECH(品致),PINTECH(品致),MFR-02197,candidate,B,new
PINGWEI(平伟),PINGWEI(平伟),MFR-02195,candidate,B,new
3PEAK(思瑞浦),3PEAK(思瑞浦),MFR-00007,candidate,B,new
Phoenix Contact(菲尼克斯),Phoenix Contact(菲尼克斯),MFR-02258,candidate,B,new
PARALIGHT(光鼎),PARALIGHT(光鼎),MFR-02177,candidate,B,new
PLUGOOD(普乐固),PLUGOOD(普乐固),MFR-02201,candidate,B,new
PUTSCHE(普舍),PUTSCHE(普舍),MFR-02234,candidate,B,new
PTTC(聚鼎),PTTC(聚鼎),MFR-02229,candidate,B,new
PEREGRINE,PEREGRINE,MFR-02186,candidate,B,new
PANASONIC(松下),PANASONIC(松下),MFR-02174,candidate,B,new
PHILIPS(飞利浦),PHILIPS(飞利浦),MFR-02188,candidate,B,new
PRESI(普锐斯),PRESI(普锐斯),MFR-02217,candidate,B,new
Power Dynamics,Power Dynamics,MFR-02273,candidate,B,new
PREISSER(派尔沙),PREISSER(派尔沙),MFR-02216,candidate,B,new
POWERKING(力王),POWERKING(力王),MFR-02213,candidate,B,new
PixArt (原相科技),PixArt (原相科技),MFR-02263,candidate,B,new
PST(鹏申),PST(鹏申),MFR-02225,candidate,B,new
Quectel(移远),Quectel(移远),MFR-02326,candidate,B,new
QIACHIP(七艾),QIACHIP(七艾),MFR-02298,candidate,B,new
QIFAN(起帆),QIFAN(起帆),MFR-02300,candidate,B,new
QUICK(快克),QUICK(快克),MFR-02315,candidate,B,new
全磊,全磊,MFR-03604,review,A,new
QINGZHI(青智),QINGZHI(青智),MFR-02304,candidate,B,new
QuickLogic,QuickLogic,MFR-02330,candidate,B,new
QuWireless,QuWireless,MFR-02321,candidate,B,new
Quarton,Quarton,MFR-02324,candidate,B,new
Quelighting,Quelighting,MFR-02327,candidate,B,new
Qualtek(杰驰),Qualtek(杰驰),MFR-02323,candidate,B,new
QIQIANG(奇强),QIQIANG(奇强),MFR-02305,candidate,B,new
QVS,QVS,MFR-02317,review,A,new
QNHCHIP(乾能惠),QNHCHIP(乾能惠),MFR-02309,candidate,B,new
Qorvo,Qorvo,MFR-02320,active,A,seed_alias
Quell,Quell,MFR-02328,candidate,B,new
成丰仪表,成丰仪表,MFR-03684,candidate,B,new
QEEHUA(企华),QEEHUA(企华),MFR-02296,candidate,B,new
QNE(强能),QNE(强能),MFR-02308,candidate,B,new
QINGDAO HAISI(青岛海思),QINGDAO HAISI(青岛海思),MFR-02303,candidate,B,new
旗升,旗升,MFR-03697,review,A,new
钱柜,钱柜,MFR-03818,review,A,new
QIXING(七星),QIXING(七星),MFR-02306,candidate,B,new
QLRELAY,QLRELAY,MFR-02307,candidate,B,new
QST(上海矽睿),QST(上海矽睿),MFR-02313,candidate,B,new
QT,QT,MFR-02314,review,A,new
QianHai Joying(前海聚英),QianHai Joying(前海聚英),MFR-02319,candidate,B,new
QS(求尚),QS(求尚),MFR-02311,candidate,B,new
青浦电子,青浦电子,MFR-03825,candidate,B,new
QXSIGN(标识牌专家),QXSIGN(标识牌专家),MFR-02318,candidate,B,new
Quest Technology,Quest Technology,MFR-02329,candidate,B,new
QH MICRO-E(乾鸿微),QH MICRO-E(乾鸿微),MFR-02297,candidate,B,new
QNR(勤宏科技),QNR(勤宏科技),MFR-02310,candidate,B,new
权佳,权佳,MFR-03716,review,A,new
QIJEY,QIJEY,MFR-02301,candidate,B,new
Qualcomm,Qualcomm,MFR-02322,active,A,seed_alias
QAMcn(恭成科技),QAMcn(恭成科技),MFR-02295,candidate,B,new
青蓝科技,青蓝科技,MFR-03826,candidate,B,new
泉芯,泉芯,MFR-03739,review,A,new
QINDA(勤达),QINDA(勤达),MFR-02302,candidate,B,new
QIANTIAN(前田),QIANTIAN(前田),MFR-02299,candidate,B,new
QUINTIC(昆天),QUINTIC(昆天),MFR-02316,candidate,B,new
QST Products LLC.,QST Products LLC.,MFR-02312,candidate,B,new
日本白光,日本白光,MFR-03702,candidate,B,new
Rochester Electronics(罗彻斯特),Rochester Electronics(罗彻斯特),MFR-02431,candidate,B,new
RIGOL(普源),RIGOL(普源),MFR-02365,candidate,B,new
REK(美瑞克),REK(美瑞克),MFR-02349,candidate,B,new
RICHTEK(立锜),RICHTEK(立锜),MFR-02362,candidate,B,new
Remax(睿量),Remax(睿量),MFR-02421,candidate,B,new
RCH(瑞川),RCH(瑞川),MFR-02344,candidate,B,new
RYCHiP(蕊源),RYCHiP(蕊源),MFR-02396,candidate,B,new
RHM(荣和美),RHM(荣和美),MFR-02360,candidate,B,new
如般微,如般微,MFR-03659,review,A,new
Raxwell(瑞氪维尔),Raxwell(瑞氪维尔),MFR-02407,candidate,B,new
RUILON(瑞隆源),RUILON(瑞隆源),MFR-02390,candidate,B,new
RONG LAN(荣缆),RONG LAN(荣缆),MFR-02380,candidate,B,new
Rainsun(霖昱微),Rainsun(霖昱微),MFR-02403,candidate,B,new
RAMXEED/FUJITSU(富士通),RAMXEED/FUJITSU(富士通),MFR-02339,candidate,B,new
Radio Bridge,Radio Bridge,MFR-02400,candidate,B,new
Raztec Sensors,Raztec Sensors,MFR-02409,candidate,B,new
RAPOO(雷柏),RAPOO(雷柏),MFR-02340,candidate,B,new
RangeANT,RangeANT,MFR-02404,candidate,B,new
ReVibe Energy,ReVibe Energy,MFR-02411,candidate,B,new
Reed Switch Developments,Reed Switch Developments,MFR-02419,candidate,B,new
RF Crazy(智汉),RF Crazy(智汉),MFR-02354,candidate,B,new
REALTEK(瑞昱),REALTEK(瑞昱),MFR-02346,candidate,B,new
RICOH(理光),RICOH(理光),MFR-02364,candidate,B,new
radiolink(锐迪联),radiolink(锐迪联),MFR-03525,candidate,B,new
RALTRON(美国纬创电子),RALTRON(美国纬创电子),MFR-02338,candidate,B,new
Raspberry Pi(树莓派),Raspberry Pi(树莓派),MFR-02406,candidate,B,new
Rieker,Rieker,MFR-02428,candidate,B,new
RLE Technologies,RLE Technologies,MFR-02369,candidate,B,new
Rose Enclosures,Rose Enclosures,MFR-02437,candidate,B,new
Roscid,Roscid,MFR-02436,candidate,B,new
RFX Group,RFX Group,MFR-02359,candidate,B,new
Ruffy Controls,Ruffy Controls,MFR-02441,candidate,B,new
RushUp,RushUp,MFR-02444,candidate,B,new
RONGSHENG(戎生),RONGSHENG(戎生),MFR-02382,candidate,B,new
RECTRON(丽正),RECTRON(丽正),MFR-02347,candidate,B,new
RF-STAR(信驰达),RF-STAR(信驰达),MFR-02357,candidate,B,new
ruidakangDY(瑞达康),ruidakangDY(瑞达康),MFR-03527,candidate,B,new
ROCPU Switches(台普),ROCPU Switches(台普),MFR-02375,candidate,B,new
RAYTAC,RAYTAC,MFR-02342,candidate,B,new
Reomax(瑞迈),Reomax(瑞迈),MFR-02423,candidate,B,new
Realmagic(锐盟),Realmagic(锐盟),MFR-02414,candidate,B,new
Resta(锐斯达),Resta(锐斯达),MFR-02424,candidate,B,new
Refond(瑞丰),Refond(瑞丰),MFR-02420,candidate,B,new
Rayson(晶存),Rayson(晶存),MFR-02408,candidate,B,new
Ruishen(瑞申电子),Ruishen(瑞申电子),MFR-02442,candidate,B,new
ReSine PS(瑞鑫),ReSine PS(瑞鑫),MFR-02410,candidate,B,new
RZC(瑞之辰),RZC(瑞之辰),MFR-02398,candidate,B,new
R-K Electronics,R-K Electronics,MFR-02332,candidate,B,new
RealRun(惟赞),RealRun(惟赞),MFR-02413,candidate,B,new
RYEWARY,RYEWARY,MFR-02397,candidate,B,new
RUNIC(润石),RUNIC(润石),MFR-02393,candidate,B,new
Rockchip(瑞芯微),Rockchip(瑞芯微),MFR-02432,candidate,B,new
RUNESKEE,RUNESKEE,MFR-02392,candidate,B,new
RFBEAM(微波),RFBEAM(微波),MFR-02358,candidate,B,new
RAFI,RAFI,MFR-02334,review,A,new
Red Lion Controls(美国红狮),Red Lion Controls(美国红狮),MFR-02418,candidate,B,new
RUIBAO(锐豹),RUIBAO(锐豹),MFR-02389,candidate,B,new
RRC power solutions,RRC power solutions,MFR-02385,candidate,B,new
Rosenberger,Rosenberger,MFR-02438,candidate,B,new
Roman-Jones Inc.,Roman-Jones Inc.,MFR-02434,candidate,B,new
RAF Electronic Hardware,RAF Electronic Hardware,MFR-02333,candidate,B,new
RF Solutions,RF Solutions,MFR-02356,candidate,B,new
RICKY,RICKY,MFR-02363,candidate,B,new
RVR(鹏科),RVR(鹏科),MFR-02394,candidate,B,new
Radiall,Radiall,MFR-02399,candidate,B,new
"RCD Components, Inc.","RCD Components, Inc.",MFR-02343,candidate,B,new
Radio Design Labs,Radio Design Labs,MFR-02401,candidate,B,new
Radiocrafts,Radiocrafts,MFR-02402,candidate,B,new
Riedon,Riedon,MFR-02427,candidate,B,new
ROG(玩家国度),ROG(玩家国度),MFR-02377,candidate,B,new
RENATA(瑞纳达),RENATA(瑞纳达),MFR-02351,candidate,B,new
Runjet(瑞纳捷),Runjet(瑞纳捷),MFR-02443,candidate,B,new
ROAMAN(罗曼),ROAMAN(罗曼),MFR-02371,candidate,B,new
RUBICON(罗宾汉),RUBICON(罗宾汉),MFR-02388,candidate,B,new
ROCKTEK(富力隆),ROCKTEK(富力隆),MFR-02374,candidate,B,new
ruida(瑞达),ruida(瑞达),MFR-03526,candidate,B,new
ROQANG(容强),ROQANG(容强),MFR-02383,candidate,B,new
Recom Power,Recom Power,MFR-02417,candidate,B,new
RAIO(瑞佑),RAIO(瑞佑),MFR-02335,candidate,B,new
RONGHE(融和),RONGHE(融和),MFR-02381,candidate,B,new
RESI(开步睿思),RESI(开步睿思),MFR-02353,candidate,B,new
ROBOTIS,ROBOTIS,MFR-02372,candidate,B,new
Royalohm,Royalohm,MFR-02439,candidate,B,new
RJ(荣将),RJ(荣将),MFR-02368,candidate,B,new
RichWave(立积),RichWave(立积),MFR-02425,candidate,B,new
RDI,RDI,MFR-02345,review,A,new
REGAL ELECTRONICS,REGAL ELECTRONICS,MFR-02348,candidate,B,new
RS PRO,RS PRO,MFR-02386,candidate,B,new
RF Industries,RF Industries,MFR-02355,candidate,B,new
RHOMBUS IND.,RHOMBUS IND.,MFR-02361,candidate,B,new
Riverdi,Riverdi,MFR-02430,candidate,B,new
RELIFE,RELIFE,MFR-02350,candidate,B,new
荣和,荣和,MFR-03797,review,A,new
锐能微,锐能微,MFR-03820,review,A,new
ROCK(洛克),ROCK(洛克),MFR-02373,candidate,B,new
Recci(锐思),Recci(锐思),MFR-02416,candidate,B,new
Rubycon(红宝石),Rubycon(红宝石),MFR-02440,candidate,B,new
ROTAI(荣泰),ROTAI(荣泰),MFR-02384,candidate,B,new
ROFS(诺思),ROFS(诺思),MFR-02376,candidate,B,new
Rismat(丽施美),Rismat(丽施美),MFR-02429,candidate,B,new
RUIYAN,RUIYAN,MFR-02391,candidate,B,new
RAYSTAR(锐星微),RAYSTAR(锐星微),MFR-02341,candidate,B,new
RALEC(旺诠),RALEC(旺诠),MFR-02337,candidate,B,new
RISHENG(日昇),RISHENG(日昇),MFR-02366,candidate,B,new
RENESAS(瑞萨)/IDT,RENESAS(瑞萨)/IDT,MFR-02352,candidate,B,new
Reactor-Micro(亚成微),Reactor-Micro(亚成微),MFR-02412,candidate,B,new
ROHM(罗姆),ROHM(罗姆),MFR-02379,candidate,B,new
Romance(罗曼斯),Romance(罗曼斯),MFR-02435,candidate,B,new
RLT(瑞率特),RLT(瑞率特),MFR-02370,candidate,B,new
RIVER(大河),RIVER(大河),MFR-02367,candidate,B,new
RX(日星),RX(日星),MFR-02395,candidate,B,new
RS(容硕),RS(容硕),MFR-02387,candidate,B,new
Rocol(罗哥),Rocol(罗哥),MFR-02433,candidate,B,new
RAK(瑞科慧联),RAK(瑞科慧联),MFR-02336,candidate,B,new
R+O(宏嘉诚),R+O(宏嘉诚),MFR-02331,candidate,B,new
Seiko(精工),Seiko(精工),MFR-02685,candidate,B,new
Semiwell(矽门微),Semiwell(矽门微),MFR-02691,candidate,B,new
SI(深爱),SI(深爱),MFR-02548,candidate,B,new
XMXW(芯网),XMXW(芯网),MFR-03233,candidate,B,new
SATA(世达),SATA(世达),MFR-02476,candidate,B,new
SLOVJO(赛瑞捷),SLOVJO(赛瑞捷),MFR-02580,candidate,B,new
BEKEN(博通集成),BEKEN(博通集成),MFR-00284,candidate,B,new
SUPU(速普),SUPU(速普),MFR-02651,candidate,B,new
无锡众享,无锡众享,MFR-03698,candidate,B,new
SHOU HAN(首韩),SHOU HAN(首韩),MFR-02546,candidate,B,new
SUMIKO TEC(住矿),SUMIKO TEC(住矿),MFR-02631,candidate,B,new
SANYEAR(叁叶源),SANYEAR(叁叶源),MFR-02471,candidate,B,new
Samwin(芯派),Samwin(芯派),MFR-02672,candidate,B,new
三联热缩,三联热缩,MFR-03574,candidate,B,new
SUNSHINE,SUNSHINE,MFR-02644,candidate,B,new
SUN JU(三巨),SUN JU(三巨),MFR-02633,candidate,B,new
SRD(圣融达),SRD(圣融达),MFR-02610,candidate,B,new
SIBA,SIBA,MFR-02550,review,A,new
SANDISK(闪迪),SANDISK(闪迪),MFR-02459,candidate,B,new
SXJG(三雄极光),SXJG(三雄极光),MFR-02661,candidate,B,new
SIGLENT(鼎阳),SIGLENT(鼎阳),MFR-02556,candidate,B,new
SUNON(建准),SUNON(建准),MFR-02641,candidate,B,new
SEMBO(深波),SEMBO(深波),MFR-02501,candidate,B,new
SIPEX,SIPEX,MFR-02568,candidate,B,new
Silicon Billion(硅兆),Silicon Billion(硅兆),MFR-02723,candidate,B,new
SAMSUNG(三星),SAMSUNG(三星),MFR-02453,candidate,B,new
SHI AO FENG(世奥风),SHI AO FENG(世奥风),MFR-02536,candidate,B,new
SHENG FENG(胜丰宏),SHENG FENG(胜丰宏),MFR-02526,candidate,B,new
STEIPU(斯泰普),STEIPU(斯泰普),MFR-02625,candidate,B,new
Sunlord(顺络),Sunlord(顺络),MFR-02786,candidate,B,new
SGMICRO(圣邦微),SGMICRO(圣邦微),MFR-02515,candidate,B,new
SILAN(士兰微),SILAN(士兰微),MFR-02557,candidate,B,new
利信辉,利信辉,MFR-03612,review,A,new
SITIME,SITIME,MFR-02571,candidate,B,new
SELS,SELS,MFR-02500,review,A,new
SMC,SMC,MFR-02582,review,A,new
SUOREC(硕源),SUOREC(硕源),MFR-02646,candidate,B,new
SERNICNE(国际电工),SERNICNE(国际电工),MFR-02509,candidate,B,new
shengwei(胜为),shengwei(胜为),MFR-03532,candidate,B,new
Solid State System,Solid State System,MFR-02756,candidate,B,new
Seltech,Seltech,MFR-02686,candidate,B,new
SINDR(上海倍港),SINDR(上海倍港),MFR-02563,candidate,B,new
Souriau-Sunbank by Eaton,Souriau-Sunbank by Eaton,MFR-02762,candidate,B,new
SOCAY(硕凯),SOCAY(硕凯),MFR-02591,candidate,B,new
SHINDENGEN(新电元),SHINDENGEN(新电元),MFR-02542,candidate,B,new
Sensor Element(星硕传感),Sensor Element(星硕传感),MFR-02700,candidate,B,new
SKCIRE(苏坷),SKCIRE(苏坷),MFR-02576,candidate,B,new
SHIKUES(时科),SHIKUES(时科),MFR-02538,candidate,B,new
SHIMADZU(岛津),SHIMADZU(岛津),MFR-02539,candidate,B,new
SANJIAOZHOU(三角洲),SANJIAOZHOU(三角洲),MFR-02460,candidate,B,new
施耐德,施耐德,MFR-03696,review,A,new
SUPVAN(硕方),SUPVAN(硕方),MFR-02652,candidate,B,new
Sirectifier(矽莱克),Sirectifier(矽莱克),MFR-02742,candidate,B,new
SINEDEVICE(宇宏微),SINEDEVICE(宇宏微),MFR-02564,candidate,B,new
SIMAA(西玛),SIMAA(西玛),MFR-02559,candidate,B,new
Simplex(新普利斯),Simplex(新普利斯),MFR-02736,candidate,B,new
SHIMGE(新界泵业),SHIMGE(新界泵业),MFR-02541,candidate,B,new
SUNMATE(森美特),SUNMATE(森美特),MFR-02639,candidate,B,new
SUSUMU,SUSUMU,MFR-02656,candidate,B,new
STANSON(司坦森),STANSON(司坦森),MFR-02621,candidate,B,new
suntek(洺太电子),suntek(洺太电子),MFR-03544,candidate,B,new
SANLUX(三洋),SANLUX(三洋),MFR-02464,candidate,B,new
神龙消防,神龙消防,MFR-03770,candidate,B,new
SX(芯麦),SX(芯麦),MFR-02660,candidate,B,new
SEMTECH,Semtech,MFR-02692,active,A,seed_alias
SHENGBO(胜博),SHENGBO(胜博),MFR-02528,candidate,B,new
SINBON,SINBON,MFR-02562,candidate,B,new
somida(索梦得),somida(索梦得),MFR-03539,candidate,B,new
SIMCOM(芯讯通无线科技),SIMCOM(芯讯通无线科技),MFR-02560,candidate,B,new
SPSEMI(瞬雷电子),SPSEMI(瞬雷电子),MFR-02607,candidate,B,new
SALLTECH(萨瑞),SALLTECH(萨瑞),MFR-02452,candidate,B,new
SENSORTEK(昇佳),SENSORTEK(昇佳),MFR-02505,candidate,B,new
Sciosense,Sciosense,MFR-02680,candidate,B,new
Swift Bridge Technologies,Swift Bridge Technologies,MFR-02792,candidate,B,new
SIRNICE(施奈仕),SIRNICE(施奈仕),MFR-02569,candidate,B,new
Starwave(思大),Starwave(思大),MFR-02773,candidate,B,new
Solar Marine(速澜),Solar Marine(速澜),MFR-02755,candidate,B,new
Sound Semiconductor,Sound Semiconductor,MFR-02761,candidate,B,new
SDTRUVAL(信德),SDTRUVAL(信德),MFR-02489,candidate,B,new
SVAVO(瑞沃),SVAVO(瑞沃),MFR-02658,candidate,B,new
SUNRISE(山耐斯),SUNRISE(山耐斯),MFR-02643,candidate,B,new
SMS(圣耐尔),SMS(圣耐尔),MFR-02585,candidate,B,new
Siargo,Siargo,MFR-02716,candidate,B,new
Shiu Li,Shiu Li,MFR-02713,candidate,B,new
Sierra Wireless,Sierra Wireless,MFR-02717,candidate,B,new
Sigfox,Sigfox,MFR-02720,candidate,B,new
Sequans,Sequans,MFR-02703,candidate,B,new
Sevskiy,Sevskiy,MFR-02704,candidate,B,new
Septentrio,Septentrio,MFR-02702,candidate,B,new
SOFNG(硕方),SOFNG(硕方),MFR-02592,candidate,B,new
Smart Sensor Devices,Smart Sensor Devices,MFR-02749,candidate,B,new
双羽,双羽,MFR-03632,review,A,new
Skeleton,Skeleton,MFR-02744,candidate,B,new
Solar MEMS,Solar MEMS,MFR-02754,candidate,B,new
SolidRun,SolidRun,MFR-02757,candidate,B,new
Schmartboard,Schmartboard,MFR-02677,candidate,B,new
Silicon Witchery,Silicon Witchery,MFR-02728,candidate,B,new
Silicon Craft,Silicon Craft,MFR-02724,candidate,B,new
Silicon Motion,Silicon Motion,MFR-02727,candidate,B,new
Seek Thermal,Seek Thermal,MFR-02683,candidate,B,new
SemiQ,SemiQ,MFR-02688,candidate,B,new
Sagrad,Sagrad,MFR-02667,candidate,B,new
Saiko Systems,Saiko Systems,MFR-02668,candidate,B,new
SMC(桑德斯),SMC(桑德斯),MFR-02583,candidate,B,new
Senseair,Senseair,MFR-02696,candidate,B,new
SAG,SAG,MFR-02448,review,A,new
SZydcn,SZydcn,MFR-02666,candidate,B,new
SCHURTER(硕特),SCHURTER(硕特),MFR-02482,candidate,B,new
SEAWARD(思旺),SEAWARD(思旺),MFR-02493,candidate,B,new
SAMTEC,SAMTEC,MFR-02454,candidate,B,new
SHENGTOP(圣托),SHENGTOP(圣托),MFR-02530,candidate,B,new
SOREDE(索瑞达),SOREDE(索瑞达),MFR-02599,candidate,B,new
SXN(顺翔诺),SXN(顺翔诺),MFR-02662,candidate,B,new
Silicontra(硅传科技),Silicontra(硅传科技),MFR-02731,candidate,B,new
Sony(索尼),Sony(索尼),MFR-02760,candidate,B,new
Sullins,Sullins,MFR-02781,candidate,B,new
Synoxo,Synoxo,MFR-02800,candidate,B,new
SunLED,SunLED,MFR-02783,candidate,B,new
SOLOMON(晶门科技),SOLOMON(晶门科技),MFR-02595,candidate,B,new
松乐,松乐,MFR-03720,review,A,new
SENSYLINK(申矽凌),SENSYLINK(申矽凌),MFR-02507,candidate,B,new
Superior Sensor,Superior Sensor,MFR-02789,candidate,B,new
Sure Electronics,Sure Electronics,MFR-02790,candidate,B,new
STI,STI,MFR-02626,review,A,new
STI-CO,STI-CO,MFR-02627,candidate,B,new
Switch Components,Switch Components,MFR-02794,candidate,B,new
SPARK Microsystems,SPARK Microsystems,MFR-02603,candidate,B,new
SSI Technologies,SSI Technologies,MFR-02613,candidate,B,new
Spec Sensors,Spec Sensors,MFR-02764,candidate,B,new
Spectra Symbol,Spectra Symbol,MFR-02765,candidate,B,new
System-On-Chip,System-On-Chip,MFR-02803,candidate,B,new
Synapse,Synapse,MFR-02797,candidate,B,new
Syndesy,Syndesy,MFR-02798,candidate,B,new
Synzen,Synzen,MFR-02801,candidate,B,new
苏珂,苏珂,MFR-03795,review,A,new
SICHUANG(思创),SICHUANG(思创),MFR-02552,candidate,B,new
SAISI(赛狮),SAISI(赛狮),MFR-02451,candidate,B,new
SANYO DENKI(山洋),SANYO DENKI(山洋),MFR-02472,candidate,B,new
SM Switch,SM Switch,MFR-02581,candidate,B,new
Signal Micro(信格勒),Signal Micro(信格勒),MFR-02721,candidate,B,new
SRT(斯瑞特),SRT(斯瑞特),MFR-02612,candidate,B,new
SteadiChips(思泰微),SteadiChips(思泰微),MFR-02774,candidate,B,new
SAFETY-INXS(赛立特安全),SAFETY-INXS(赛立特安全),MFR-02447,candidate,B,new
SHENGGANG(盛港),SHENGGANG(盛港),MFR-02529,candidate,B,new
SUSHI(苏识),SUSHI(苏识),MFR-02655,candidate,B,new
SHOKZ(韶音),SHOKZ(韶音),MFR-02545,candidate,B,new
深海电子,深海电子,MFR-03749,candidate,B,new
SHENMO(申魔),SHENMO(申魔),MFR-02533,candidate,B,new
SHENGYANG(升阳),SHENGYANG(升阳),MFR-02531,candidate,B,new
SPG,SPG,MFR-02605,review,A,new
Saky(舒客),Saky(舒客),MFR-02670,candidate,B,new
SEHWA(韩国世华),SEHWA(韩国世华),MFR-02495,candidate,B,new
SHENG GE(升哥),SHENG GE(升哥),MFR-02527,candidate,B,new
SGR(矽杰微),SGR(矽杰微),MFR-02516,candidate,B,new
SHENCHANGHONG(深昌鸿),SHENCHANGHONG(深昌鸿),MFR-02525,candidate,B,new
SSTIZ(盛世台圳),SSTIZ(盛世台圳),MFR-02615,candidate,B,new
SHANGZHIKERUI(上知科锐),SHANGZHIKERUI(上知科锐),MFR-02519,candidate,B,new
surertech(抒微智能),surertech(抒微智能),MFR-03545,candidate,B,new
Schmalz,Schmalz,MFR-02676,candidate,B,new
StrongestLaser(思创激光),StrongestLaser(思创激光),MFR-02779,candidate,B,new
SMYTIK(斯麦提克),SMYTIK(斯麦提克),MFR-02586,candidate,B,new
Silverlight(银月光),Silverlight(银月光),MFR-02734,candidate,B,new
Synology(群晖),Synology(群晖),MFR-02799,candidate,B,new
SGKS(森国科),SGKS(森国科),MFR-02513,candidate,B,new
shell(壳牌),shell(壳牌),MFR-03531,candidate,B,new
SMtech(赛美特),SMtech(赛美特),MFR-02587,candidate,B,new
SANKEN(三垦),SANKEN(三垦),MFR-02461,candidate,B,new
Sensirion(瑞士盛思锐),Sensirion(瑞士盛思锐),MFR-02697,candidate,B,new
SUP(美隆),SUP(美隆),MFR-02647,candidate,B,new
SART(萨特),SART(萨特),MFR-02475,candidate,B,new
SUNCON(太阳电子),SUNCON(太阳电子),MFR-02634,candidate,B,new
Sunltech(顺磁),Sunltech(顺磁),MFR-02787,candidate,B,new
si-power(无锡硅动力),si-power(无锡硅动力),MFR-03533,candidate,B,new
Silicon(矽睿),Silicon(矽睿),MFR-02729,candidate,B,new
sinowealth(中颖电子),sinowealth(中颖电子),MFR-03535,candidate,B,new
Simware(信位),Simware(信位),MFR-02738,candidate,B,new
SAMYOUNG(韩国三莹),SAMYOUNG(韩国三莹),MFR-02456,candidate,B,new
SDW(圣迪威),SDW(圣迪威),MFR-02490,candidate,B,new
STA(思大),STA(思大),MFR-02617,candidate,B,new
Sinhoo(雄和远景),Sinhoo(雄和远景),MFR-02739,candidate,B,new
SK-LINK,SK-LINK,MFR-02575,candidate,B,new
Socle Technology Corporation,Socle Technology Corporation,MFR-02753,candidate,B,new
SOLAHD,SOLAHD,MFR-02594,candidate,B,new
SICHAIN(清纯),SICHAIN(清纯),MFR-02551,candidate,B,new
SNBC(新北洋),SNBC(新北洋),MFR-02588,candidate,B,new
SANTAK(山特),SANTAK(山特),MFR-02466,candidate,B,new
SAMWHA(三和),SAMWHA(三和),MFR-02455,candidate,B,new
中神盾,中神盾,MFR-03583,review,A,new
SUNDOO(山度),SUNDOO(山度),MFR-02635,candidate,B,new
SHETIME(高钺达),SHETIME(高钺达),MFR-02535,candidate,B,new
SOSET(索斯特),SOSET(索斯特),MFR-02600,candidate,B,new
SAGAMI(相模),SAGAMI(相模),MFR-02449,candidate,B,new
SiChange(芯昌科技),SiChange(芯昌科技),MFR-02715,candidate,B,new
SHANGSHANG CABLE(上上电缆),SHANGSHANG CABLE(上上电缆),MFR-02518,candidate,B,new
SAMZO(三佐),SAMZO(三佐),MFR-02458,candidate,B,new
SEI(Stackpole Electronics Inc.),SEI(Stackpole Electronics Inc.),MFR-02496,candidate,B,new
Sensata(森萨塔),Sensata(森萨塔),MFR-02695,candidate,B,new
Siliup(矽普),Siliup(矽普),MFR-02733,candidate,B,new
STE(松田),STE(松田),MFR-02624,candidate,B,new
SUPERFIRE(神火),SUPERFIRE(神火),MFR-02649,candidate,B,new
SEGGER,SEGGER,MFR-02494,candidate,B,new
SINO-IC(光宇睿芯),SINO-IC(光宇睿芯),MFR-02566,candidate,B,new
矽塔,矽塔,MFR-03767,review,A,new
SUNLIGHT(光华),SUNLIGHT(光华),MFR-02638,candidate,B,new
SHEPT(谢普安全),SHEPT(谢普安全),MFR-02534,candidate,B,new
SIWARD(希华),SIWARD(希华),MFR-02572,candidate,B,new
SANKOSHA(圣科萨),SANKOSHA(圣科萨),MFR-02462,candidate,B,new
时创意,时创意,MFR-03703,review,A,new
SUNTSU,SUNTSU,MFR-02645,candidate,B,new
Soberton(索伯顿),Soberton(索伯顿),MFR-02752,candidate,B,new
SHITENG(世腾),SHITENG(世腾),MFR-02543,candidate,B,new
SNDWAY(深达威),SNDWAY(深达威),MFR-02589,candidate,B,new
双安,双安,MFR-03631,review,A,new
SANLUX(三力士),SANLUX(三力士),MFR-02463,candidate,B,new
SIE(永星科技),SIE(永星科技),MFR-02554,candidate,B,new
SUGON(速工),SUGON(速工),MFR-02630,candidate,B,new
Stevison(史蒂芬),Stevison(史蒂芬),MFR-02777,candidate,B,new
saiya(赛亚),saiya(赛亚),MFR-03528,candidate,B,new
STANLEY(史丹利),STANLEY(史丹利),MFR-02620,candidate,B,new
seaways(水卫士),seaways(水卫士),MFR-03530,candidate,B,new
TE/Schaffner(夏弗纳),TE/Schaffner(夏弗纳),MFR-02836,candidate,B,new
Sanower(三华),Sanower(三华),MFR-02674,candidate,B,new
SUTTNE,SUTTNE,MFR-02657,candidate,B,new
Simpson Electric Company,Simpson Electric Company,MFR-02737,candidate,B,new
Sensitron Semiconductor,Sensitron Semiconductor,MFR-02699,candidate,B,new
SCTF(星通时频),SCTF(星通时频),MFR-02485,candidate,B,new
SJK(晶科鑫),SJK(晶科鑫),MFR-02573,candidate,B,new
Slkor(萨科微),Slkor(萨科微),MFR-02748,candidate,B,new
SHARP NESS(犀利),SHARP NESS(犀利),MFR-02520,candidate,B,new
stedi(司特力),stedi(司特力),MFR-03542,candidate,B,new
Suncojia(尚烤佳),Suncojia(尚烤佳),MFR-02784,candidate,B,new
Starrett(施泰力),Starrett(施泰力),MFR-02772,candidate,B,new
Shenler(申乐),Shenler(申乐),MFR-02708,candidate,B,new
斯赛孚,斯赛孚,MFR-03693,review,A,new
SX(硕芯科技),SX(硕芯科技),MFR-02659,candidate,B,new
Seoul Semiconductor Inc.,Seoul Semiconductor Inc.,MFR-02701,candidate,B,new
SEAGEBEL(希洁贝尔),SEAGEBEL(希洁贝尔),MFR-02492,candidate,B,new
Siproin(上海矽朋),Siproin(上海矽朋),MFR-02741,candidate,B,new
思澈科技,思澈科技,MFR-03682,candidate,B,new
SI-EN(矽恩),SI-EN(矽恩),MFR-02549,candidate,B,new
顺源,顺源,MFR-03828,review,A,new
Sifirst(赛威科技),Sifirst(赛威科技),MFR-02719,candidate,B,new
SANYOU(三友),SANYOU(三友),MFR-02473,candidate,B,new
Steute,Steute,MFR-02776,candidate,B,new
Silvertel,Silvertel,MFR-02735,candidate,B,new
Smiths Interconnect,Smiths Interconnect,MFR-02750,candidate,B,new
Staco,Staco,MFR-02769,candidate,B,new
SST Sensing,SST Sensing,MFR-02614,candidate,B,new
Swissbit,Swissbit,MFR-02793,candidate,B,new
Switchcraft,Switchcraft,MFR-02796,candidate,B,new
SURGE,SURGE,MFR-02653,candidate,B,new
SensComp,SensComp,MFR-02694,candidate,B,new
SDIC(晶华微),SDIC(晶华微),MFR-02488,candidate,B,new
suarcom(苏尔克姆),suarcom(苏尔克姆),MFR-03543,candidate,B,new
SUNGMUN(韩国星炆电子),SUNGMUN(韩国星炆电子),MFR-02636,candidate,B,new
Siretta Ltd,Siretta Ltd,MFR-02743,candidate,B,new
sinocontec(宁波重强),sinocontec(宁波重强),MFR-03534,candidate,B,new
SOR(松润),SOR(松润),MFR-02598,candidate,B,new
神龙,神龙,MFR-03769,review,A,new
SAIBANG(赛邦),SAIBANG(赛邦),MFR-02450,candidate,B,new
Seeed(矽递科技),Seeed(矽递科技),MFR-02682,candidate,B,new
Storm Interface,Storm Interface,MFR-02778,candidate,B,new
SET(赛尔特),SET(赛尔特),MFR-02510,candidate,B,new
SANVO(三和),SANVO(三和),MFR-02468,candidate,B,new
盛雷城,盛雷城,MFR-03766,review,A,new
SPEIPM(吉林华微斯帕克),SPEIPM(吉林华微斯帕克),MFR-02604,candidate,B,new
SpotSee,SpotSee,MFR-02767,candidate,B,new
Starpower(嘉兴斯达),Starpower(嘉兴斯达),MFR-02771,candidate,B,new
Shinju(芯聚),Shinju(芯聚),MFR-02711,candidate,B,new
Silicore(芯谷),Silicore(芯谷),MFR-02732,candidate,B,new
SkyHigh Memory,SkyHigh Memory,MFR-02745,candidate,B,new
SY(顺烨),SY(顺烨),MFR-02664,candidate,B,new
SINOFUSE(西安中熔),SINOFUSE(西安中熔),MFR-02567,candidate,B,new
SemiHow,SemiHow,MFR-02687,candidate,B,new
SRA Soldering Products,SRA Soldering Products,MFR-02609,candidate,B,new
SCANS(朝能),SCANS(朝能),MFR-02480,candidate,B,new
Su'scon(冠坤),Su'scon(冠坤),MFR-02780,candidate,B,new
SHM(南方宏明),SHM(南方宏明),MFR-02544,candidate,B,new
SONGJIANG(松江),SONGJIANG(松江),MFR-02596,candidate,B,new
SparkFun Electronics,SparkFun Electronics,MFR-02763,candidate,B,new
SENSOR(森社),SENSOR(森社),MFR-02504,candidate,B,new
Shinmei(日本神明),Shinmei(日本神明),MFR-02712,candidate,B,new
SHDA(时代中仪),SHDA(时代中仪),MFR-02522,candidate,B,new
SIT(芯力特),SIT(芯力特),MFR-02570,candidate,B,new
SEMIWARE(赛米微尔),SEMIWARE(赛米微尔),MFR-02502,candidate,B,new
时恒,时恒,MFR-03704,review,A,new
Silicon Microstructures(SMI),Silicon Microstructures(SMI),MFR-02726,candidate,B,new
SYSBEL(西斯贝尔),SYSBEL(西斯贝尔),MFR-02665,candidate,B,new
Stanley Electric,Stanley Electric,MFR-02770,candidate,B,new
SC(舜彩),SC(舜彩),MFR-02479,candidate,B,new
Suzhou Maswell Communication Technology,Suzhou Maswell Communication Technology,MFR-02791,candidate,B,new
SUPERIOR ELECTRIC,SUPERIOR ELECTRIC,MFR-02650,candidate,B,new
SY(韶悦),SY(韶悦),MFR-02663,candidate,B,new
SCT(芯洲科技),SCT(芯洲科技),MFR-02484,candidate,B,new
System Level Solutions,System Level Solutions,MFR-02802,candidate,B,new
SONIX(松翰),SONIX(松翰),MFR-02597,candidate,B,new
STWXE(深台帏翔),STWXE(深台帏翔),MFR-02629,candidate,B,new
森霸,森霸,MFR-03725,review,A,new
Silergy(矽力杰),Silergy(矽力杰),MFR-02722,candidate,B,new
Spectrum Control,Spectrum Control,MFR-02766,candidate,B,new
STATUS,STATUS,MFR-02622,candidate,B,new
STANDEX,STANDEX,MFR-02618,candidate,B,new
SHEN YU(神鱼),SHEN YU(神鱼),MFR-02524,candidate,B,new
Sifam Tinsley,Sifam Tinsley,MFR-02718,candidate,B,new
SKF,SKF,MFR-02577,review,A,new
SICK,SICK,MFR-02553,review,A,new
SHURE BROTHERS,SHURE BROTHERS,MFR-02547,candidate,B,new
SMILING SHARK(微笑鲨),SMILING SHARK(微笑鲨),MFR-02584,candidate,B,new
SANXIN(三信),SANXIN(三信),MFR-02470,candidate,B,new
Sonitron,Sonitron,MFR-02759,candidate,B,new
SHENMAO(昇贸),SHENMAO(昇贸),MFR-02532,candidate,B,new
SANWA SUPPLY(山业),SANWA SUPPLY(山业),MFR-02469,candidate,B,new
Sail(风帆),Sail(风帆),MFR-02669,candidate,B,new
SUNNY(舜宇红外光学),SUNNY(舜宇红外光学),MFR-02640,candidate,B,new
SENSORVIEW,SENSORVIEW,MFR-02506,candidate,B,new
Semikron,Semikron,MFR-02689,candidate,B,new
SELECTA SWITCH,SELECTA SWITCH,MFR-02499,candidate,B,new
SELCO PRODUCTS,SELCO PRODUCTS,MFR-02498,candidate,B,new
Snaptron,Snaptron,MFR-02751,candidate,B,new
SPI Connects,SPI Connects,MFR-02606,candidate,B,new
Schroff,Schroff,MFR-02678,candidate,B,new
SEAGATE(希捷),SEAGATE(希捷),MFR-02491,candidate,B,new
Sealcon,Sealcon,MFR-02681,candidate,B,new
SPTECH(深圳质超),SPTECH(深圳质超),MFR-02608,candidate,B,new
Seiko NPC,Seiko NPC,MFR-02684,candidate,B,new
Sf(华远微电),Sf(华远微电),MFR-02705,candidate,B,new
Sunway(信维通信),Sunway(信维通信),MFR-02788,candidate,B,new
SAPPLAND(左蓝微电子),SAPPLAND(左蓝微电子),MFR-02474,candidate,B,new
SL(盛浪),SL(盛浪),MFR-02579,candidate,B,new
SanRex Corporation,SanRex Corporation,MFR-02673,candidate,B,new
SANTE(惠州三特),SANTE(惠州三特),MFR-02467,candidate,B,new
SATO PARTS,SATO PARTS,MFR-02477,candidate,B,new
santo(赛拓),santo(赛拓),MFR-03529,candidate,B,new
Sencoch(芯感智),Sencoch(芯感智),MFR-02693,candidate,B,new
SHEFFIELD(钢盾),SHEFFIELD(钢盾),MFR-02523,candidate,B,new
大能创智,大能创智,MFR-03653,candidate,B,new
SCME(晟驰微),SCME(晟驰微),MFR-02483,candidate,B,new
Sungine(双竞集成),Sungine(双竞集成),MFR-02785,candidate,B,new
SAMZHE(山泽),SAMZHE(山泽),MFR-02457,candidate,B,new
Semiment(赛卓),Semiment(赛卓),MFR-02690,candidate,B,new
SOUDELOR(苏迪罗),SOUDELOR(苏迪罗),MFR-02601,candidate,B,new
siron(胜蓝),siron(胜蓝),MFR-03536,candidate,B,new
SAE(世盟/世爱),SAE(世盟/世爱),MFR-02446,candidate,B,new
SCHLEGEL,SCHLEGEL,MFR-02481,candidate,B,new
Sharvin Power(经钛电子),Sharvin Power(经钛电子),MFR-02707,candidate,B,new
赛力康电气,赛力康电气,MFR-03806,candidate,B,new
Shuntian(顺天五金),Shuntian(顺天五金),MFR-02714,candidate,B,new
Sinopower(大中),Sinopower(大中),MFR-02740,candidate,B,new
SINGSUN-LOGO(东诚信),SINGSUN-LOGO(东诚信),MFR-02565,candidate,B,new
社为表计,社为表计,MFR-03768,candidate,B,new
SENDIG(森德格),SENDIG(森德格),MFR-02503,candidate,B,new
SEKO,SEKO,MFR-02497,review,A,new
SPALDING(斯伯丁),SPALDING(斯伯丁),MFR-02602,candidate,B,new
SUPER(杰耐特),SUPER(杰耐特),MFR-02648,candidate,B,new
Siliconmitus(矽致微),Siliconmitus(矽致微),MFR-02730,candidate,B,new
Sumida(胜美达),Sumida(胜美达),MFR-02782,candidate,B,new
Shinco(新科),Shinco(新科),MFR-02709,candidate,B,new
star(世达),star(世达),MFR-03541,candidate,B,new
Sayrelances(塞尔兰斯),Sayrelances(塞尔兰斯),MFR-02675,candidate,B,new
Song Chuan(松川),Song Chuan(松川),MFR-02758,candidate,B,new
SAYOON(三佑),SAYOON(三佑),MFR-02478,candidate,B,new
Sensitec,Sensitec,MFR-02698,candidate,B,new
Sprague-Goodman,Sprague-Goodman,MFR-02768,candidate,B,new
深宏电子,深宏电子,MFR-03748,candidate,B,new
上海超致,上海超致,MFR-03575,candidate,B,new
S&S(海旭),S&S(海旭),MFR-02445,candidate,B,new
SUMITOMO(住友),SUMITOMO(住友),MFR-02632,candidate,B,new
SOC(赛元),SOC(赛元),MFR-02590,candidate,B,new
SDAPO(达普),SDAPO(达普),MFR-02487,candidate,B,new
SG(上工),SG(上工),MFR-02512,candidate,B,new
SHARP(夏普),SHARP(夏普),MFR-02521,candidate,B,new
SHANGBO(商博),SHANGBO(商博),MFR-02517,candidate,B,new
SFI(立昌),SFI(立昌),MFR-02511,candidate,B,new
SIEMENS(德国西门子),SIEMENS(德国西门子),MFR-02555,candidate,B,new
SwitchBot,SwitchBot,MFR-02795,candidate,B,new
SRITRANG(诗悦),SRITRANG(诗悦),MFR-02611,candidate,B,new
SCZT(三创正腾),SCZT(三创正腾),MFR-02486,candidate,B,new
STC,STC,MFR-02623,review,A,new
ST(先科),ST(先科),MFR-02616,candidate,B,new
SHIMAN(湿曼),SHIMAN(湿曼),MFR-02540,candidate,B,new
SURGING(绍鑫),SURGING(绍鑫),MFR-02654,candidate,B,new
SANSUI(山水),SANSUI(山水),MFR-02465,candidate,B,new
SKYWORKS,Skyworks Solutions,MFR-02747,active,A,seed_alias
SKYWORKS/SILICON LABS(芯科),SKYWORKS/SILICON LABS(芯科),MFR-02578,candidate,B,new
SUNHUY(尚晖磁电),SUNHUY(尚晖磁电),MFR-02637,candidate,B,new
Steinmeyer(施坦梅尔),Steinmeyer(施坦梅尔),MFR-02775,candidate,B,new
stakpure(斯塔克普尔),stakpure(斯塔克普尔),MFR-03540,candidate,B,new
slamed(萨拉梅德),slamed(萨拉梅德),MFR-03537,candidate,B,new
Schwenk(施沃克),Schwenk(施沃克),MFR-02679,candidate,B,new
SOI(晶相光电),SOI(晶相光电),MFR-02593,candidate,B,new
SHIHAN(诗涵),SHIHAN(诗涵),MFR-02537,candidate,B,new
SILION(芯联创展),SILION(芯联创展),MFR-02558,candidate,B,new
SEP(威旺),SEP(威旺),MFR-02508,candidate,B,new
Skygate(天宇匹克),Skygate(天宇匹克),MFR-02746,candidate,B,new
STANDEXMEDER(斯丹麦德),STANDEXMEDER(斯丹麦德),MFR-02619,candidate,B,new
Shining(协源光电),Shining(协源光电),MFR-02710,candidate,B,new
smartsensor(希玛),smartsensor(希玛),MFR-03538,candidate,B,new
SUNPU(升谱),SUNPU(升谱),MFR-02642,candidate,B,new
TONYU(东裕),TONYU(东裕),MFR-02898,candidate,B,new
Taisko(台思科),Taisko(台思科),MFR-02941,candidate,B,new
TPOWER(天源),TPOWER(天源),MFR-02912,candidate,B,new
ADI(亚德诺)/TRINAMIC,ADI(亚德诺)/TRINAMIC,MFR-00028,candidate,B,new
TGK(德至高),TGK(德至高),MFR-02858,candidate,B,new
Truesemi(信安),Truesemi(信安),MFR-02993,candidate,B,new
TONGRUIJong(阿迈通瑞),TONGRUIJong(阿迈通瑞),MFR-02894,candidate,B,new
THALES,THALES,MFR-02860,candidate,B,new
TWBOR(伯鸿),TWBOR(伯鸿),MFR-02934,candidate,B,new
TESL*A(清远特斯拉),TESL*A(清远特斯拉),MFR-02851,candidate,B,new
TF(拓锋),TF(拓锋),MFR-02855,candidate,B,new
TCWIN(天成),TCWIN(天成),MFR-02824,candidate,B,new
TDK-LAMBDA,TDK-LAMBDA,MFR-02829,candidate,B,new
Trefflab(特瑞夫),Trefflab(特瑞夫),MFR-02982,candidate,B,new
THEBRANDFROMGER(莱兹德),THEBRANDFROMGER(莱兹德),MFR-02863,candidate,B,new
TESTBOY(特博特),TESTBOY(特博特),MFR-02852,candidate,B,new
talboys(塔尔博伊斯),talboys(塔尔博伊斯),MFR-03546,candidate,B,new
TWGMC(迪嘉),TWGMC(迪嘉),MFR-02935,candidate,B,new
TUDOR(帝都),TUDOR(帝都),MFR-02929,candidate,B,new
TLrelay(通灵),TLrelay(通灵),MFR-02882,candidate,B,new
TENTA(天泰),TENTA(天泰),MFR-02847,candidate,B,new
TERMINUS(汤铭科技),TERMINUS(汤铭科技),MFR-02848,candidate,B,new
ToupTek(图谱),ToupTek(图谱),MFR-02978,candidate,B,new
Turtle Wax(龟牌),Turtle Wax(龟牌),MFR-02997,candidate,B,new
Tonghui(同惠),Tonghui(同惠),MFR-02975,candidate,B,new
TCS(汤诚),TCS(汤诚),MFR-02823,candidate,B,new
techpoint,techpoint,MFR-03548,candidate,B,new
TOHNICHI(东日),TOHNICHI(东日),MFR-02891,candidate,B,new
Triangle(三角牌),Triangle(三角牌),MFR-02989,candidate,B,new
TRELIN(创联),TRELIN(创联),MFR-02916,candidate,B,new
TEMEIJU(特美居),TEMEIJU(特美居),MFR-02845,candidate,B,new
TROQ(创捷),TROQ(创捷),MFR-02918,candidate,B,new
TOPPOWER(南京拓微),TOPPOWER(南京拓微),MFR-02902,candidate,B,new
TFSS(德律风根),TFSS(德律风根),MFR-02856,candidate,B,new
TRX(特锐祥),TRX(特锐祥),MFR-02921,candidate,B,new
天球,天球,MFR-03655,review,A,new
TIQRI(天琪锐),TIQRI(天琪锐),MFR-02875,candidate,B,new
天色,天色,MFR-03656,review,A,new
TDK,TDK Corporation,MFR-02827,active,A,seed_alias
TR(湖北天瑞),TR(湖北天瑞),MFR-02914,candidate,B,new
TM(天微),TM(天微),MFR-02883,candidate,B,new
TASTEK(塔石),TASTEK(塔石),MFR-02817,candidate,B,new
TIANCAI(添彩),TIANCAI(添彩),MFR-02870,candidate,B,new
TAIYO YUDEN(太诱),TAIYO YUDEN(太诱),MFR-02807,candidate,B,new
Tokmas(托克马斯),Tokmas(托克马斯),MFR-02973,candidate,B,new
TOSHIBA(东芝),TOSHIBA(东芝),MFR-02906,candidate,B,new
TXC(晶技),TXC(晶技),MFR-02937,candidate,B,new
TIANYUANJIECHENG(天缘捷成),TIANYUANJIECHENG(天缘捷成),MFR-02873,candidate,B,new
techphant(技象科技),techphant(技象科技),MFR-03547,candidate,B,new
TOTEN(图腾),TOTEN(图腾),MFR-02907,candidate,B,new
TOWE(同为),TOWE(同为),MFR-02908,candidate,B,new
TITAN Haptics(泰坦触觉),TITAN Haptics(泰坦触觉),MFR-02876,candidate,B,new
TTC(全耀),TTC(全耀),MFR-02927,candidate,B,new
TEFOO(圭石),TEFOO(圭石),MFR-02839,candidate,B,new
TKS(兴勤),TKS(兴勤),MFR-02879,candidate,B,new
TT Electronics,TT Electronics,MFR-02925,candidate,B,new
TC(德昌),TC(德昌),MFR-02821,candidate,B,new
TAITIEN(泰艺电子),TAITIEN(泰艺电子),MFR-02806,candidate,B,new
Transko,Transko,MFR-02980,candidate,B,new
Truphone,Truphone,MFR-02994,candidate,B,new
Tyco Electronics,TE Connectivity,MFR-02832,active,A,seed_alias
Trenz Electronic,Trenz Electronic,MFR-02983,candidate,B,new
Tri-Mag,Tri-Mag,MFR-02984,candidate,B,new
Tycon Systems,Tycon Systems,MFR-03000,candidate,B,new
TAI-TECH(台庆),TAI-TECH(台庆),MFR-02805,candidate,B,new
Terabee,Terabee,MFR-02964,candidate,B,new
Tell-i,Tell-i,MFR-02958,candidate,B,new
TOCOS(东高志),TOCOS(东高志),MFR-02889,candidate,B,new
Tenda(腾达),Tenda(腾达),MFR-02961,candidate,B,new
Tronics,Tronics,MFR-02991,candidate,B,new
TDK InvenSense(应美盛),TDK InvenSense(应美盛),MFR-02828,candidate,B,new
TANE ALARM PRODUCTS,TANE ALARM PRODUCTS,MFR-02811,candidate,B,new
Tekscan,Tekscan,MFR-02953,candidate,B,new
TEKTELIC Communications,TEKTELIC Communications,MFR-02840,candidate,B,new
Tecate Group,Tecate Group,MFR-02947,candidate,B,new
TechTools,TechTools,MFR-02949,candidate,B,new
TPK America LLC,TPK America LLC,MFR-02911,candidate,B,new
TextSpeak,TextSpeak,MFR-02967,candidate,B,new
T-Global Technology,T-Global Technology,MFR-02804,candidate,B,new
TEWA Sensors,TEWA Sensors,MFR-02854,candidate,B,new
TinyCircuits,TinyCircuits,MFR-02972,candidate,B,new
ThingMagic,ThingMagic,MFR-02968,candidate,B,new
Thinxtra,Thinxtra,MFR-02969,candidate,B,new
Techcode(泰德),Techcode(泰德),MFR-02950,candidate,B,new
台湾陆海,台湾陆海,MFR-03634,candidate,B,new
Tallysman,Tallysman,MFR-02944,candidate,B,new
Taiwan Chinsan,Taiwan Chinsan,MFR-02942,candidate,B,new
TGS,TGS,MFR-02859,review,A,new
Twin Industries,Twin Industries,MFR-02999,candidate,B,new
TubeDepot,TubeDepot,MFR-02996,candidate,B,new
Tusonix,Tusonix,MFR-02998,candidate,B,new
TORCH(火炬),TORCH(火炬),MFR-02904,candidate,B,new
TANNCOT(纤科特),TANNCOT(纤科特),MFR-02815,candidate,B,new
TELEGARTNER,TELEGARTNER,MFR-02844,candidate,B,new
TCL,TCL,MFR-02822,review,A,new
TOPSKYS,TOPSKYS,MFR-02903,candidate,B,new
TAPING QUEEN(编带女王),TAPING QUEEN(编带女王),MFR-02816,candidate,B,new
TAYOR(通用),TAYOR(通用),MFR-02818,candidate,B,new
TANKSTORM,TANKSTORM,MFR-02814,candidate,B,new
同晶,同晶,MFR-03638,review,A,new
TriBrer(信测),TriBrer(信测),MFR-02986,candidate,B,new
TEAPO(智宝),TEAPO(智宝),MFR-02837,candidate,B,new
TOPAZCON(黄宝石),TOPAZCON(黄宝石),MFR-02900,candidate,B,new
TengHu(腾户),TengHu(腾户),MFR-02962,candidate,B,new
TES(泰仕),TES(泰仕),MFR-02849,candidate,B,new
Triad Semiconductor,Triad Semiconductor,MFR-02988,candidate,B,new
TRQ(拓尔奇),TRQ(拓尔奇),MFR-02919,candidate,B,new
TUYA(涂鸦),TUYA(涂鸦),MFR-02932,candidate,B,new
Toponelec(拓宜),Toponelec(拓宜),MFR-02976,candidate,B,new
THAT,THAT,MFR-02861,review,A,new
TBK(深旺达),TBK(深旺达),MFR-02820,candidate,B,new
TOPLIA(拓利亚),TOPLIA(拓利亚),MFR-02901,candidate,B,new
Leader(统帅),Leader(统帅),MFR-01749,candidate,B,new
TDD(台冠电子),TDD(台冠电子),MFR-02825,candidate,B,new
TRACO POWER,TRACO POWER,MFR-02915,candidate,B,new
TONG(东明),TONG(东明),MFR-02893,candidate,B,new
THine(赛恩),THine(赛恩),MFR-02867,candidate,B,new
TANCAP(容电),TANCAP(容电),MFR-02810,candidate,B,new
TDO(冠显光电),TDO(冠显光电),MFR-02830,candidate,B,new
TAKENOW(铁朗),TAKENOW(铁朗),MFR-02809,candidate,B,new
TINBOB(更豪),TINBOB(更豪),MFR-02874,candidate,B,new
TOGIALED(统佳),TOGIALED(统佳),MFR-02890,candidate,B,new
TNK(讯康),TNK(讯康),MFR-02888,candidate,B,new
TPtamil(耐普星域),TPtamil(耐普星域),MFR-02913,candidate,B,new
Tamura,Tamura,MFR-02945,candidate,B,new
Tagore,Tagore,MFR-02939,candidate,B,new
TIANDUN(添盾),TIANDUN(添盾),MFR-02871,candidate,B,new
TRULIVA(沁园),TRULIVA(沁园),MFR-02920,candidate,B,new
Telit(泰利特),Telit(泰利特),MFR-02957,candidate,B,new
Tai-Action(泰为),Tai-Action(泰为),MFR-02940,candidate,B,new
TAJIMA(田岛),TAJIMA(田岛),MFR-02808,candidate,B,new
Tronovo(埃用),Tronovo(埃用),MFR-02992,candidate,B,new
Tyohm(幸亚电阻),Tyohm(幸亚电阻),MFR-03001,candidate,B,new
TKD(泰晶),TKD(泰晶),MFR-02878,candidate,B,new
Tongfeng(铜峰电子),Tongfeng(铜峰电子),MFR-02974,candidate,B,new
Tensility International,Tensility International,MFR-02963,candidate,B,new
Tri-Star Electronics,Tri-Star Electronics,MFR-02985,candidate,B,new
Terasic Inc,Terasic Inc,MFR-02965,candidate,B,new
Triplett,Triplett,MFR-02990,candidate,B,new
TPI (Test Products Int),TPI (Test Products Int),MFR-02910,candidate,B,new
Triad Magnetics,Triad Magnetics,MFR-02987,candidate,B,new
Thunder Component(帝谷),Thunder Component(帝谷),MFR-02970,candidate,B,new
TLC(竞沃),TLC(竞沃),MFR-02880,candidate,B,new
Telemecanique(特勒美科),Telemecanique(特勒美科),MFR-02956,candidate,B,new
Tempo Communications,Tempo Communications,MFR-02960,candidate,B,new
Techspray,Techspray,MFR-02952,candidate,B,new
Teledyne LeCroy,Teledyne LeCroy,MFR-02955,candidate,B,new
Taoglas,Taoglas,MFR-02946,candidate,B,new
TechNexion,TechNexion,MFR-02948,candidate,B,new
TMYTEK,TMYTEK,MFR-02887,candidate,B,new
TDG(天通),TDG(天通),MFR-02826,candidate,B,new
Talema,Talema,MFR-02943,candidate,B,new
TSE,TSE,MFR-02923,review,A,new
TWSC(德明利),TWSC(德明利),MFR-02936,candidate,B,new
Transphorm,Transphorm,MFR-02981,candidate,B,new
TELE Controls Inc,TELE Controls Inc,MFR-02841,candidate,B,new
Techflex,Techflex,MFR-02951,candidate,B,new
TW-EHC(恩鸿电子),TW-EHC(恩鸿电子),MFR-02933,candidate,B,new
TLSN(天利),TLSN(天利),MFR-02881,candidate,B,new
TXGA(特思嘉),TXGA(特思嘉),MFR-02938,candidate,B,new
"TTM Technologies, Inc.","TTM Technologies, Inc.",MFR-02928,candidate,B,new
THD(台华达),THD(台华达),MFR-02862,candidate,B,new
TRIUMPH CABLE(胜牌),TRIUMPH CABLE(胜牌),MFR-02917,candidate,B,new
Tektronix(泰克),Tektronix(泰克),MFR-02954,candidate,B,new
TENGEN(天正电气),TENGEN(天正电气),MFR-02846,candidate,B,new
TS(拓信),TS(拓信),MFR-02922,candidate,B,new
腾驰,腾驰,MFR-03790,review,A,new
TMI(拓尔微),TMI(拓尔微),MFR-02885,candidate,B,new
TP-LINK(普联),TP-LINK(普联),MFR-02909,candidate,B,new
TML(特米勒),TML(特米勒),MFR-02886,candidate,B,new
TONTEK(通泰),TONTEK(通泰),MFR-02896,candidate,B,new
TURCK,TURCK,MFR-02931,candidate,B,new
thinkplus,thinkplus,MFR-03550,candidate,B,new
TOP-EMC(韬略),TOP-EMC(韬略),MFR-02899,candidate,B,new
tesa(德莎),tesa(德莎),MFR-03549,candidate,B,new
TOJOIN(中冀联合),TOJOIN(中冀联合),MFR-02892,candidate,B,new
TST(嘉硕),TST(嘉硕),MFR-02924,candidate,B,new
Teltonika,Teltonika,MFR-02959,candidate,B,new
TIANSHUI(天水二一三),TIANSHUI(天水二一三),MFR-02872,candidate,B,new
天马微,天马微,MFR-03657,review,A,new
THERMOS(膳魔师),THERMOS(膳魔师),MFR-02864,candidate,B,new
泰洁雷拓,泰洁雷拓,MFR-03741,candidate,B,new
THREEV PRO(三维),THREEV PRO(三维),MFR-02866,candidate,B,new
TONSAN(可赛新),TONSAN(可赛新),MFR-02895,candidate,B,new
TI(德州仪器),TI(德州仪器),MFR-02868,candidate,B,new
TE Connectivity(泰科电子),TE Connectivity(泰科电子),MFR-02833,candidate,B,new
TDPOWER(腾达电源),TDPOWER(腾达电源),MFR-02831,candidate,B,new
TONVER(东威),TONVER(东威),MFR-02897,candidate,B,new
TG(南方泰科),TG(南方泰科),MFR-02857,candidate,B,new
TANGO Wind(天章风),TANGO Wind(天章风),MFR-02812,candidate,B,new
TANGO(天章),TANGO(天章),MFR-02813,candidate,B,new
TK(东信),TK(东信),MFR-02877,candidate,B,new
Diptronics(圜达),Diptronics(圜达),MFR-00736,candidate,B,new
Trafag AG,Trafag AG,MFR-02979,candidate,B,new
TECH PUBLIC(台舟),TECH PUBLIC(台舟),MFR-02838,candidate,B,new
TOREX(特瑞仕),TOREX(特瑞仕),MFR-02905,candidate,B,new
TELEDYNE COAX,TELEDYNE COAX,MFR-02842,candidate,B,new
TELEDYNE MIL SSR,TELEDYNE MIL SSR,MFR-02843,candidate,B,new
TESA TECHNOLOGY(特撒),TESA TECHNOLOGY(特撒),MFR-02850,candidate,B,new
TESTO(德图),TESTO(德图),MFR-02853,candidate,B,new
THOMAS & BETTS,THOMAS & BETTS,MFR-02865,candidate,B,new
TBF(天宝),TBF(天宝),MFR-02819,candidate,B,new
天堂,天堂,MFR-03654,review,A,new
TIAN CHEN(天辰仪表),TIAN CHEN(天辰仪表),MFR-02869,candidate,B,new
Tsddtester(特斯达),Tsddtester(特斯达),MFR-02995,candidate,B,new
TMC(台懋),TMC(台懋),MFR-02884,candidate,B,new
TUOZHAN(拓展光电),TUOZHAN(拓展光电),MFR-02930,candidate,B,new
TimeVision(传周科技),TimeVision(传周科技),MFR-02971,candidate,B,new
泰华电子,泰华电子,MFR-03740,candidate,B,new
U-BLOX(优北罗),U-BLOX(优北罗),MFR-03002,candidate,B,new
Ultrasilicon(极景微),Ultrasilicon(极景微),MFR-03030,candidate,B,new
Ubibot(轻松连),Ubibot(轻松连),MFR-03029,candidate,B,new
UTC(友顺),UTC(友顺),MFR-03027,candidate,B,new
UTICA(优迪佧),UTICA(优迪佧),MFR-03028,candidate,B,new
United Imaging(联影微),United Imaging(联影微),MFR-03036,candidate,B,new
UNIFIVE,UNIFIVE,MFR-03015,candidate,B,new
UNITED(怡德),UNITED(怡德),MFR-03016,candidate,B,new
USEFUL(宇生富),USEFUL(宇生富),MFR-03024,candidate,B,new
UNI-ROYAL(厚声),UNI-ROYAL(厚声),MFR-03013,candidate,B,new
UROVO(优博讯),UROVO(优博讯),MFR-03020,candidate,B,new
Unictron(咏业),Unictron(咏业),MFR-03031,candidate,B,new
US Electronics,US Electronics,MFR-03021,candidate,B,new
US-Lasers,US-Lasers,MFR-03022,candidate,B,new
Unirise USA,Unirise USA,MFR-03034,candidate,B,new
UOWO(优沃),UOWO(优沃),MFR-03018,candidate,B,new
紫光展锐,紫光展锐,MFR-03782,candidate,B,new
UNICON,UNICON,MFR-03014,candidate,B,new
USound GmbH,USound GmbH,MFR-03026,candidate,B,new
UDOO,UDOO,MFR-03005,review,A,new
U-WORK(优工),U-WORK(优工),MFR-03003,candidate,B,new
UHV-POWER(冠优电源),UHV-POWER(冠优电源),MFR-03008,candidate,B,new
UPsemi(芯熠微),UPsemi(芯熠微),MFR-03019,candidate,B,new
UE(华富电子),UE(华富电子),MFR-03006,candidate,B,new
UMaxconn(友贸),UMaxconn(友贸),MFR-03009,candidate,B,new
UNEO,UNEO,MFR-03011,review,A,new
UGREEN(绿联),UGREEN(绿联),MFR-03007,candidate,B,new
USR(有人物联网),USR(有人物联网),MFR-03025,candidate,B,new
Union(英联),Union(英联),MFR-03033,candidate,B,new
uni-silent(连和),uni-silent(连和),MFR-03552,candidate,B,new
USAKRO(美韩),USAKRO(美韩),MFR-03023,candidate,B,new
UNI(三菱文具),UNI(三菱文具),MFR-03012,candidate,B,new
Universal Microelectronics,Universal Microelectronics,MFR-03037,candidate,B,new
UDE(涌德电子),UDE(涌德电子),MFR-03004,candidate,B,new
Unilc(紫光国芯),Unilc(紫光国芯),MFR-03032,candidate,B,new
UNITEK(优越者),UNITEK(优越者),MFR-03017,candidate,B,new
VO(翔胜),VO(翔胜),MFR-03057,candidate,B,new
VISOM,VISOM,MFR-03054,candidate,B,new
VIVA(昱盛),VIVA(昱盛),MFR-03055,candidate,B,new
Vollgo(沃进),Vollgo(沃进),MFR-03091,candidate,B,new
VLSI,VLSI,MFR-03056,review,A,new
VRERA(苏瑞),VRERA(苏瑞),MFR-03064,candidate,B,new
Viking(光颉),Viking(光颉),MFR-03082,candidate,B,new
VISHAY(威世),VISHAY(威世),MFR-03053,candidate,B,new
Verbatim(威宝),Verbatim(威宝),MFR-03076,candidate,B,new
VOT,VOT,MFR-03060,review,A,new
VersaLogic,VersaLogic,MFR-03079,candidate,B,new
VaOpto,VaOpto,MFR-03068,candidate,B,new
Varitronix,Varitronix,MFR-03073,candidate,B,new
Vitrohm,Vitrohm,MFR-03088,candidate,B,new
VIA Labs(威锋电子),VIA Labs(威锋电子),MFR-03044,candidate,B,new
Virtins Technology,Virtins Technology,MFR-03084,candidate,B,new
VINATech,VINATech,MFR-03050,candidate,B,new
VICTOR(胜利),VICTOR(胜利),MFR-03047,candidate,B,new
VCC,VCC,MFR-03040,review,A,new
Vector,Vector,MFR-03074,candidate,B,new
Visaton,Visaton,MFR-03085,candidate,B,new
Vanward(万和),Vanward(万和),MFR-03071,candidate,B,new
VENTION(威迅),VENTION(威迅),MFR-03042,candidate,B,new
Venkel,Venkel,MFR-03075,candidate,B,new
VANGO(万高),VANGO(万高),MFR-03039,candidate,B,new
VPSC(源特科技),VPSC(源特科技),MFR-03063,candidate,B,new
Vilsion,Vilsion,MFR-03083,candidate,B,new
VIIP(维爱普),VIIP(维爱普),MFR-03048,candidate,B,new
vaisala(维萨拉),vaisala(维萨拉),MFR-03553,candidate,B,new
VRK(威尔克),VRK(威尔克),MFR-03065,candidate,B,new
VINTEK(元泰),VINTEK(元泰),MFR-03052,candidate,B,new
VINDA(维达),VINDA(维达),MFR-03051,candidate,B,new
Vesper,Vesper,MFR-03081,candidate,B,new
vanxoak(万象奥科),vanxoak(万象奥科),MFR-03554,candidate,B,new
Vandess,Vandess,MFR-03069,candidate,B,new
Vogel(沃戈耳),Vogel(沃戈耳),MFR-03090,candidate,B,new
Vmade(威玛德),Vmade(威玛德),MFR-03089,candidate,B,new
Vergiga(威兆),Vergiga(威兆),MFR-03077,candidate,B,new
Vishay Micro-Measurements(威势应变片),Vishay Micro-Measurements(威势应变片),MFR-03087,candidate,B,new
VersaSense,VersaSense,MFR-03080,candidate,B,new
VT(首科),VT(首科),MFR-03067,candidate,B,new
VDR(嵩隆),VDR(嵩隆),MFR-03041,candidate,B,new
Vanjee(万集),Vanjee(万集),MFR-03070,candidate,B,new
VIIYONG(微容),VIIYONG(微容),MFR-03049,candidate,B,new
VICOR,VICOR,MFR-03046,candidate,B,new
VAC,VAC,MFR-03038,review,A,new
VOLTAIC(无锡沃达科),VOLTAIC(无锡沃达科),MFR-03058,candidate,B,new
VIBRATION(振浩微),VIBRATION(振浩微),MFR-03045,candidate,B,new
VESTUN(威仕盾),VESTUN(威仕盾),MFR-03043,candidate,B,new
VP(中芯集成),VP(中芯集成),MFR-03062,candidate,B,new
VONTRON(时代沃顿),VONTRON(时代沃顿),MFR-03059,candidate,B,new
VSS(威萨),VSS(威萨),MFR-03066,candidate,B,new
Voltcraft(沃卡福),Voltcraft(沃卡福),MFR-03092,candidate,B,new
VOX Power,VOX Power,MFR-03061,candidate,B,new
Vero Technologies,Vero Technologies,MFR-03078,candidate,B,new
VariMark(威码),VariMark(威码),MFR-03072,candidate,B,new
WTSCAP(闻亭),WTSCAP(闻亭),MFR-03154,candidate,B,new
weidmuller(魏德米勒),weidmuller(魏德米勒),MFR-03557,candidate,B,new
WOPOW(沃品),WOPOW(沃品),MFR-03146,candidate,B,new
Winsemi(稳先微),Winsemi(稳先微),MFR-03184,candidate,B,new
沃尔,沃尔,MFR-03735,review,A,new
WTL(维拓),WTL(维拓),MFR-03153,candidate,B,new
沃特概尔,沃特概尔,MFR-03736,candidate,B,new
WIMA,WIMA,MFR-03130,review,A,new
WZ(伟正),WZ(伟正),MFR-03156,candidate,B,new
WDGAGE(韦度电子),WDGAGE(韦度电子),MFR-03106,candidate,B,new
WEKEM(威克姆),WEKEM(威克姆),MFR-03118,candidate,B,new
WCH(南京沁恒),WCH(南京沁恒),MFR-03105,candidate,B,new
WDWL(万德),WDWL(万德),MFR-03107,candidate,B,new
WIER(微尔),WIER(微尔),MFR-03127,candidate,B,new
Wcon(维峰电子),Wcon(维峰电子),MFR-03167,candidate,B,new
WIRELESS(维尔乐思),WIRELESS(维尔乐思),MFR-03135,candidate,B,new
Wild Goose(威谷),Wild Goose(威谷),MFR-03177,candidate,B,new
Waferbest(匠芯微),Waferbest(匠芯微),MFR-03157,candidate,B,new
WEINVIEW(威纶通),WEINVIEW(威纶通),MFR-03116,candidate,B,new
Wonpro(稳不落),Wonpro(稳不落),MFR-03194,candidate,B,new
Winsen(炜盛),Winsen(炜盛),MFR-03185,candidate,B,new
WNK(合肥皖科),WNK(合肥皖科),MFR-03142,candidate,B,new
WAGO(万可),WAGO(万可),MFR-03094,candidate,B,new
wisesun(维晟),wisesun(维晟),MFR-03558,candidate,B,new
Winbond(华邦),Winbond(华邦),MFR-03179,candidate,B,new
Warmoka,Warmoka,MFR-03163,candidate,B,new
WAVE(兴威帆电子),WAVE(兴威帆电子),MFR-03102,candidate,B,new
WELDAS(威特仕),WELDAS(威特仕),MFR-03119,candidate,B,new
worldsemi,worldsemi,MFR-03560,candidate,B,new
wnre(维诺尔),wnre(维诺尔),MFR-03559,candidate,B,new
WIZNET,WIZNET,MFR-03138,candidate,B,new
WILLSEMI(韦尔),WILLSEMI(韦尔),MFR-03129,candidate,B,new
WONDHOPE ELECTRIC(万瑞和电子),WONDHOPE ELECTRIC(万瑞和电子),MFR-03144,candidate,B,new
稳态,稳态,MFR-03774,review,A,new
Walsin(华新科),Walsin(华新科),MFR-03161,candidate,B,new
Weller,Weller,MFR-03170,candidate,B,new
Wakefield-Vette,Wakefield-Vette,MFR-03158,candidate,B,new
WIKA(威卡),WIKA(威卡),MFR-03128,candidate,B,new
Winchester Interconnect,Winchester Interconnect,MFR-03182,candidate,B,new
woshine(华信),woshine(华信),MFR-03561,candidate,B,new
WINKEE(云茂智能),WINKEE(云茂智能),MFR-03132,candidate,B,new
WIDETECH(为道),WIDETECH(为道),MFR-03125,candidate,B,new
Winstable(稳斯坦),Winstable(稳斯坦),MFR-03187,candidate,B,new
WEIDA(韦达),WEIDA(韦达),MFR-03111,candidate,B,new
WINSTAR(华凌光电),WINSTAR(华凌光电),MFR-03134,candidate,B,new
WPMtek(维攀),WPMtek(维攀),MFR-03149,candidate,B,new
WF(伟烽),WF(伟烽),MFR-03123,candidate,B,new
WG(威工),WG(威工),MFR-03124,candidate,B,new
WEIGEWA(威格瓦),WEIGEWA(威格瓦),MFR-03113,candidate,B,new
WOLFSPEED,Wolfspeed,MFR-03192,active,A,seed_alias
WALTER(华德),WALTER(华德),MFR-03099,candidate,B,new
WINDAY(威迪),WINDAY(威迪),MFR-03131,candidate,B,new
Weedspread(萍生微),Weedspread(萍生微),MFR-03169,candidate,B,new
WRG(旺荣集团),WRG(旺荣集团),MFR-03151,candidate,B,new
Wincap(星凯),Wincap(星凯),MFR-03180,candidate,B,new
WELL SOURCE(海濎),WELL SOURCE(海濎),MFR-03120,candidate,B,new
无锡友达,无锡友达,MFR-03699,candidate,B,new
WQC(威庆),WQC(威庆),MFR-03150,candidate,B,new
WEC,WEC,MFR-03108,review,A,new
WORLD KITCHEN(康宁),WORLD KITCHEN(康宁),MFR-03147,candidate,B,new
WECO(威克德诺),WECO(威克德诺),MFR-03109,candidate,B,new
WERMA USA Inc.,WERMA USA Inc.,MFR-03122,candidate,B,new
WIZTANK(威力泰克),WIZTANK(威力泰克),MFR-03139,candidate,B,new
WingTAT(格林柏),WingTAT(格林柏),MFR-03183,candidate,B,new
维修佬,维修佬,MFR-03783,review,A,new
Wonder Grip(多给力),Wonder Grip(多给力),MFR-03193,candidate,B,new
Wurth(伍尔特),Wurth(伍尔特),MFR-03196,candidate,B,new
warrior(回力),warrior(回力),MFR-03556,candidate,B,new
WELLDAY(维德医疗),WELLDAY(维德医疗),MFR-03121,candidate,B,new
wanptek(固测),wanptek(固测),MFR-03555,candidate,B,new
WEIPU(威浦),WEIPU(威浦),MFR-03117,candidate,B,new
Westinghouse(西屋),Westinghouse(西屋),MFR-03175,candidate,B,new
WEIHONG INDUCTION(维宏感应),WEIHONG INDUCTION(维宏感应),MFR-03114,candidate,B,new
Wenshan(文善),Wenshan(文善),MFR-03171,candidate,B,new
拓朴微,拓朴微,MFR-03689,review,A,new
Wisol(威盛),Wisol(威盛),MFR-03191,candidate,B,new
WeEn(瑞能),WeEn(瑞能),MFR-03168,candidate,B,new
WEILIN(伟林-中昊),WEILIN(伟林-中昊),MFR-03115,candidate,B,new
网讯,网讯,MFR-03787,review,A,new
无锡紫光微,无锡紫光微,MFR-03701,candidate,B,new
Wireless-tag(启明云端),Wireless-tag(启明云端),MFR-03189,candidate,B,new
WIELAND(威琅电气),WIELAND(威琅电气),MFR-03126,candidate,B,new
WORX(威克士),WORX(威克士),MFR-03148,candidate,B,new
Wuxi Maxinmicro(无锡明芯微),Wuxi Maxinmicro(无锡明芯微),MFR-03197,candidate,B,new
WALSON(万盛),WALSON(万盛),MFR-03098,candidate,B,new
文豪永顺,文豪永顺,MFR-03692,candidate,B,new
WAIN(唯恩电气),WAIN(唯恩电气),MFR-03095,candidate,B,new
WOODPECKER(啄木鸟),WOODPECKER(啄木鸟),MFR-03145,candidate,B,new
五星盾,五星盾,MFR-03589,review,A,new
万普盾,万普盾,MFR-03573,review,A,new
WINSOK(微硕),WINSOK(微硕),MFR-03133,candidate,B,new
Wesser(威逊),Wesser(威逊),MFR-03173,candidate,B,new
无锡松朗微,无锡松朗微,MFR-03700,candidate,B,new
Walch(威露士),Walch(威露士),MFR-03159,candidate,B,new
WT(唯创知音),WT(唯创知音),MFR-03152,candidate,B,new
WANJIE(万捷),WANJIE(万捷),MFR-03100,candidate,B,new
WOLFCRAFT,WOLFCRAFT,MFR-03143,candidate,B,new
Winslow ADAPTICs,Winslow ADAPTICs,MFR-03186,candidate,B,new
Wayon(上海维安),Wayon(上海维安),MFR-03166,candidate,B,new
WAKEFIELD,WAKEFIELD,MFR-03096,candidate,B,new
WALDOM ELECTRONICS,WALDOM ELECTRONICS,MFR-03097,candidate,B,new
Wera (维拉),Wera (维拉),MFR-03172,candidate,B,new
"Wamco, Inc.","Wamco, Inc.",MFR-03162,candidate,B,new
Waveshare(微雪电子),Waveshare(微雪电子),MFR-03165,candidate,B,new
Wipestar(卫普士),Wipestar(卫普士),MFR-03188,candidate,B,new
Western Digital(西部数据),Western Digital(西部数据),MFR-03174,candidate,B,new
WEIDY(纬迪),WEIDY(纬迪),MFR-03112,candidate,B,new
Winchen(威勤),Winchen(威勤),MFR-03181,candidate,B,new
WMEC(万明),WMEC(万明),MFR-03141,candidate,B,new
WASITES(华知科),WASITES(华知科),MFR-03101,candidate,B,new
WEDO(维度),WEDO(维度),MFR-03110,candidate,B,new
WXNSIC(国硅集成),WXNSIC(国硅集成),MFR-03155,candidate,B,new
WK(鑫唯科),WK(鑫唯科),MFR-03140,candidate,B,new
Watterott,Watterott,MFR-03164,candidate,B,new
WAVEPIA,WAVEPIA,MFR-03103,candidate,B,new
WISILICA,WISILICA,MFR-03136,candidate,B,new
Whitman Controls,Whitman Controls,MFR-03176,candidate,B,new
WITHWAVE,WITHWAVE,MFR-03137,candidate,B,new
Xunda(讯达),Xunda(讯达),MFR-03261,candidate,B,new
Xicon,Xicon,MFR-03255,candidate,B,new
XTY(新天源),XTY(新天源),MFR-03243,candidate,B,new
XINGHANGFA(兴航发),XINGHANGFA(兴航发),MFR-03217,candidate,B,new
鑫雁,鑫雁,MFR-03814,review,A,new
XUMAO(旭茂微),XUMAO(旭茂微),MFR-03245,candidate,B,new
XYN(新业诺),XYN(新业诺),MFR-03251,candidate,B,new
XINJIAO(新骄),XINJIAO(新骄),MFR-03219,candidate,B,new
芯粤气囊,芯粤气囊,MFR-03794,candidate,B,new
AMD/XILINX(赛灵思),AMD/XILINX(赛灵思),MFR-00070,candidate,B,new
欣富业,欣富业,MFR-03726,review,A,new
XINGAN FIRE(兴安消防),XINGAN FIRE(兴安消防),MFR-03215,candidate,B,new
XINGLIGHT(成兴光),XINGLIGHT(成兴光),MFR-03218,candidate,B,new
XDEC(轩达),XDEC(轩达),MFR-03202,candidate,B,new
XINYUECHANGHUI(新越昌晖),XINYUECHANGHUI(新越昌晖),MFR-03224,candidate,B,new
XBLW(芯伯乐),XBLW(芯伯乐),MFR-03199,candidate,B,new
XYECONN(辛译),XYECONN(辛译),MFR-03250,candidate,B,new
湘怡中元/湘江,湘怡中元/湘江,MFR-03750,candidate,B,new
XDM(芯达茂),XDM(芯达茂),MFR-03203,candidate,B,new
XLSEMI(芯龙),XLSEMI(芯龙),MFR-03228,candidate,B,new
星海,星海,MFR-03710,review,A,new
XLX(欣联芯),XLX(欣联芯),MFR-03229,candidate,B,new
XIUILAB(析牛科技),XIUILAB(析牛科技),MFR-03226,candidate,B,new
XIANFENG(先锋),XIANFENG(先锋),MFR-03211,candidate,B,new
XHXDZ(兴华鑫),XHXDZ(兴华鑫),MFR-03210,candidate,B,new
XMKC(厦门科川),XMKC(厦门科川),MFR-03231,candidate,B,new
XIERDI(西尔第),XIERDI(西尔第),MFR-03214,candidate,B,new
XNRUSEMI(新锐),XNRUSEMI(新锐),MFR-03234,candidate,B,new
XP Power,XP Power,MFR-03236,candidate,B,new
XISHG(兴顺高科),XISHG(兴顺高科),MFR-03225,candidate,B,new
鑫飞宏,鑫飞宏,MFR-03815,review,A,new
XINPU TECHNOLOGY(芯浦科技),XINPU TECHNOLOGY(芯浦科技),MFR-03222,candidate,B,new
X-Semi(矽润),X-Semi(矽润),MFR-03198,candidate,B,new
xinyijing technology(鑫亿晶科技),xinyijing technology(鑫亿晶科技),MFR-03564,candidate,B,new
新腾,新腾,MFR-03694,review,A,new
XHSC(小华),XHSC(小华),MFR-03208,candidate,B,new
西恩科技,西恩科技,MFR-03804,candidate,B,new
XIAODU(小度),XIAODU(小度),MFR-03212,candidate,B,new
Xidas,Xidas,MFR-03256,candidate,B,new
XCH(旭昌辉),XCH(旭昌辉),MFR-03201,candidate,B,new
XYD(芯一代),XYD(芯一代),MFR-03249,candidate,B,new
XINYAKE(信亚科),XINYAKE(信亚科),MFR-03223,candidate,B,new
小眼睛科技,小眼睛科技,MFR-03668,candidate,B,new
XUNPU(讯普),XUNPU(讯普),MFR-03247,candidate,B,new
鑫慕源,鑫慕源,MFR-03813,review,A,new
XTALTQ(恒晶科技),XTALTQ(恒晶科技),MFR-03241,candidate,B,new
XFMRS,XFMRS,MFR-03206,candidate,B,new
Xinyangze(鑫扬泽),Xinyangze(鑫扬泽),MFR-03259,candidate,B,new
XHHD(新宏辉达),XHHD(新宏辉达),MFR-03207,candidate,B,new
XPB(鑫鹏博),XPB(鑫鹏博),MFR-03237,candidate,B,new
XDS(芯鼎盛),XDS(芯鼎盛),MFR-03204,candidate,B,new
XKB Connection(中国星坤),XKB Connection(中国星坤),MFR-03227,candidate,B,new
XSD(鑫顺达),XSD(鑫顺达),MFR-03239,candidate,B,new
XINGGONG (星工),XINGGONG (星工),MFR-03216,candidate,B,new
XMOS,XMOS,MFR-03232,review,A,new
XMC(武汉新芯),XMC(武汉新芯),MFR-03230,candidate,B,new
XFCN(兴飞),XFCN(兴飞),MFR-03205,candidate,B,new
Xintaochip/芯陶微,Xintaochip/芯陶微,MFR-03258,candidate,B,new
CNTECH(芯北科技),CNTECH(芯北科技),MFR-00471,candidate,B,new
XR(祥如),XR(祥如),MFR-03238,candidate,B,new
XHT(兴鸿泰),XHT(兴鸿泰),MFR-03209,candidate,B,new
XINLAIYA(新莱亚),XINLAIYA(新莱亚),MFR-03220,candidate,B,new
xysemi(赛芯微),xysemi(赛芯微),MFR-03565,candidate,B,new
XIBEI(西北),XIBEI(西北),MFR-03213,candidate,B,new
x-powers(芯智汇),x-powers(芯智汇),MFR-03562,candidate,B,new
西安航天民芯,西安航天民芯,MFR-03803,candidate,B,new
XiaoTianCai(小天才),XiaoTianCai(小天才),MFR-03254,candidate,B,new
星宇,星宇,MFR-03709,review,A,new
XO,XO,MFR-03235,review,A,new
Xinlv TANGO(新绿天章),Xinlv TANGO(新绿天章),MFR-03257,candidate,B,new
xcfuse(旭程),xcfuse(旭程),MFR-03563,candidate,B,new
XTX(芯天下),XTX(芯天下),MFR-03242,candidate,B,new
迅翎,迅翎,MFR-03809,review,A,new
XINLUDA(信路达),XINLUDA(信路达),MFR-03221,candidate,B,new
XUELIAN(雪莲),XUELIAN(雪莲),MFR-03244,candidate,B,new
XC(新成),XC(新成),MFR-03200,candidate,B,new
信霆,信霆,MFR-03598,review,A,new
XSSY(旭晟),XSSY(旭晟),MFR-03240,candidate,B,new
Xeltek,Xeltek,MFR-03253,candidate,B,new
Xsens,Xsens,MFR-03260,candidate,B,new
XZT(信展通),XZT(信展通),MFR-03252,candidate,B,new
YIDASHANG(逸达尚),YIDASHANG(逸达尚),MFR-03291,candidate,B,new
YWEEL(一卫),YWEEL(一卫),MFR-03335,candidate,B,new
YUNLING(云灵),YUNLING(云灵),MFR-03331,candidate,B,new
友邦,友邦,MFR-03630,review,A,new
远东电池,远东电池,MFR-03811,candidate,B,new
YS(汇春),YS(汇春),MFR-03317,candidate,B,new
YUEXIN(悦馨),YUEXIN(悦馨),MFR-03328,candidate,B,new
YAMAHA,YAMAHA,MFR-03265,candidate,B,new
YXC(扬兴晶振),YXC(扬兴晶振),MFR-03339,candidate,B,new
YHXY(玉衡星曜),YHXY(玉衡星曜),MFR-03288,candidate,B,new
YEONHO,YEONHO,MFR-03281,candidate,B,new
YTL(亚特联),YTL(亚特联),MFR-03320,candidate,B,new
Yxcon(宇熙精密),Yxcon(宇熙精密),MFR-03352,candidate,B,new
YG(一个烯材),YG(一个烯材),MFR-03286,candidate,B,new
yiyuanxny(广东怡远),yiyuanxny(广东怡远),MFR-03567,candidate,B,new
伊万视波,伊万视波,MFR-03592,candidate,B,new
YDS(元册科技),YDS(元册科技),MFR-03277,candidate,B,new
YEREN(也仁),YEREN(也仁),MFR-03282,candidate,B,new
Yspring(麦肯),Yspring(麦肯),MFR-03349,candidate,B,new
YOUCHI(佑驰),YOUCHI(佑驰),MFR-03314,candidate,B,new
裕芯,裕芯,MFR-03802,review,A,new
YKHEALTH(宇坤康),YKHEALTH(宇坤康),MFR-03304,candidate,B,new
YJX(雅晶鑫),YJX(雅晶鑫),MFR-03302,candidate,B,new
UN(友恩),UN(友恩),MFR-03010,candidate,B,new
YFW(佑风微),YFW(佑风微),MFR-03285,candidate,B,new
YIHERO(谊和),YIHERO(谊和),MFR-03293,candidate,B,new
youan(友安),youan(友安),MFR-03569,candidate,B,new
YAGEO(国巨),YAGEO(国巨),MFR-03264,candidate,B,new
yuwell(鱼跃),yuwell(鱼跃),MFR-03570,candidate,B,new
YIZHI(逸致),YIZHI(逸致),MFR-03300,candidate,B,new
YSKdee,YSKdee,MFR-03318,candidate,B,new
YUCAI POWER(玉柴动力),YUCAI POWER(玉柴动力),MFR-03324,candidate,B,new
YUSHUN(禹顺),YUSHUN(禹顺),MFR-03332,candidate,B,new
YCN(雅柯莱),YCN(雅柯莱),MFR-03275,candidate,B,new
宇音天下,宇音天下,MFR-03662,candidate,B,new
元基,元基,MFR-03601,review,A,new
YXT(益鑫通),YXT(益鑫通),MFR-03340,candidate,B,new
YT(云锡),YT(云锡),MFR-03319,candidate,B,new
勇夺,勇夺,MFR-03616,review,A,new
YARUN(亚润),YARUN(亚润),MFR-03270,candidate,B,new
YIHU(一护),YIHU(一护),MFR-03294,candidate,B,new
YANTEL(研通),YANTEL(研通),MFR-03269,candidate,B,new
萤石,萤石,MFR-03798,review,A,new
YONGNENG(永能),YONGNENG(永能),MFR-03312,candidate,B,new
YFT(宇飞特),YFT(宇飞特),MFR-03284,candidate,B,new
YPOO(易跑),YPOO(易跑),MFR-03316,candidate,B,new
YUWO(雨沃),YUWO(雨沃),MFR-03333,candidate,B,new
YKU(优固),YKU(优固),MFR-03305,candidate,B,new
YIYUAN(怡远),YIYUAN(怡远),MFR-03299,candidate,B,new
Yohey(元晖),Yohey(元晖),MFR-03348,candidate,B,new
YONGYUTAI(永裕泰),YONGYUTAI(永裕泰),MFR-03313,candidate,B,new
YUANCHENG(远程),YUANCHENG(远程),MFR-03322,candidate,B,new
YX(越翔安防),YX(越翔安防),MFR-03338,candidate,B,new
Yunxing(云星),Yunxing(云星),MFR-03351,candidate,B,new
YAZAKI(矢崎),YAZAKI(矢崎),MFR-03273,candidate,B,new
YATO(易尔拓),YATO(易尔拓),MFR-03272,candidate,B,new
YFSEMI(江苏佑风微),YFSEMI(江苏佑风微),MFR-03283,candidate,B,new
Yenyo Technology,Yenyo Technology,MFR-03345,candidate,B,new
YICHIP(易兆微),YICHIP(易兆微),MFR-03290,candidate,B,new
YASH(雅新),YASH(雅新),MFR-03271,candidate,B,new
YJR(永佳润),YJR(永佳润),MFR-03301,candidate,B,new
YACAIJIE(雅彩洁),YACAIJIE(雅彩洁),MFR-03262,candidate,B,new
YANGJIE(扬杰),YANGJIE(扬杰),MFR-03267,candidate,B,new
宇鑫科技,宇鑫科技,MFR-03661,candidate,B,new
YELANG(野狼),YELANG(野狼),MFR-03280,candidate,B,new
YM(亚明),YM(亚明),MFR-03308,candidate,B,new
YUEDU(越都),YUEDU(越都),MFR-03326,candidate,B,new
Yageo Nexensos,Yageo Nexensos,MFR-03342,candidate,B,new
鹰斧,鹰斧,MFR-03838,review,A,new
亚洲勇士,亚洲勇士,MFR-03590,candidate,B,new
鹰半球,鹰半球,MFR-03837,review,A,new
YAMAICHI,YAMAICHI,MFR-03266,candidate,B,new
YUGE(域格),YUGE(域格),MFR-03330,candidate,B,new
YINGLAN(迎兰),YINGLAN(迎兰),MFR-03297,candidate,B,new
YD(雅达),YD(雅达),MFR-03276,candidate,B,new
云途,云途,MFR-03588,review,A,new
YITENUO(亿特诺光电),YITENUO(亿特诺光电),MFR-03298,candidate,B,new
YE,YE,MFR-03278,review,A,new
Ymin(永铭),Ymin(永铭),MFR-03347,candidate,B,new
YIHUA(谊华),YIHUA(谊华),MFR-03295,candidate,B,new
YL(惠伦晶体),YL(惠伦晶体),MFR-03306,candidate,B,new
YUANBANG(援邦),YUANBANG(援邦),MFR-03321,candidate,B,new
YOKEtant(友桂电子),YOKEtant(友桂电子),MFR-03310,candidate,B,new
YLPTEC(易川),YLPTEC(易川),MFR-03307,candidate,B,new
yongyu(永裕光电),yongyu(永裕光电),MFR-03568,candidate,B,new
YUFENG(裕峰),YUFENG(裕峰),MFR-03329,candidate,B,new
YUEN FUNG(源丰),YUEN FUNG(源丰),MFR-03327,candidate,B,new
YUDA(宇达),YUDA(宇达),MFR-03325,candidate,B,new
英衡,英衡,MFR-03796,review,A,new
Yuandi(元迪),Yuandi(元迪),MFR-03350,candidate,B,new
Yanchuang(研创),Yanchuang(研创),MFR-03343,candidate,B,new
YW(友旺),YW(友旺),MFR-03334,candidate,B,new
Yint(音特电子),Yint(音特电子),MFR-03346,candidate,B,new
yezhan(业展),yezhan(业展),MFR-03566,candidate,B,new
扬子工业,扬子工业,MFR-03687,candidate,B,new
YIFEIAIR(伊斐净宝),YIFEIAIR(伊斐净宝),MFR-03292,candidate,B,new
YANSEN(元存),YANSEN(元存),MFR-03268,candidate,B,new
优利德,优利德,MFR-03594,review,A,new
YOURIJIU(友日久),YOURIJIU(友日久),MFR-03315,candidate,B,new
YJYCOIN(益嘉源),YJYCOIN(益嘉源),MFR-03303,candidate,B,new
YUANZERELAY(元则继电器),YUANZERELAY(元则继电器),MFR-03323,candidate,B,new
优北罗,优北罗,MFR-03595,review,A,new
YADU(亚都),YADU(亚都),MFR-03263,candidate,B,new
"YOKOWO CO.,LTD","YOKOWO CO.,LTD",MFR-03311,candidate,B,new
YMTC/长江存储,YMTC/长江存储,MFR-03309,candidate,B,new
玉固,玉固,MFR-03756,review,A,new
云中,云中,MFR-03587,review,A,new
扬子,扬子,MFR-03686,review,A,new
YILI(亿力),YILI(亿力),MFR-03296,candidate,B,new
YWF(宇文发),YWF(宇文发),MFR-03336,candidate,B,new
YX(永鑫),YX(永鑫),MFR-03337,candidate,B,new
YEFYM,YEFYM,MFR-03279,candidate,B,new
YB(友帮),YB(友帮),MFR-03274,candidate,B,new
YIC,YIC,MFR-03289,review,A,new
YGTAPE(永冠),YGTAPE(永冠),MFR-03287,candidate,B,new
ZIMC(芯智普),ZIMC(芯智普),MFR-03378,candidate,B,new
Zhengshan(正山),Zhengshan(正山),MFR-03406,candidate,B,new
Zilog,Zilog,MFR-03413,candidate,B,new
ZKH(震坤行),ZKH(震坤行),MFR-03382,candidate,B,new
ZRE(治润),ZRE(治润),MFR-03388,candidate,B,new
瑞隆,瑞隆,MFR-03759,review,A,new
Zynalog(徴格),Zynalog(徴格),MFR-03416,candidate,B,new
ZHENYUAN(臻远),ZHENYUAN(臻远),MFR-03366,candidate,B,new
Z-TEK(力特),Z-TEK(力特),MFR-03353,candidate,B,new
ZHAOLONG(兆龙),ZHAOLONG(兆龙),MFR-03363,candidate,B,new
ZHENGFENG(正丰),ZHENGFENG(正丰),MFR-03365,candidate,B,new
Zhongze(中泽智控),Zhongze(中泽智控),MFR-03411,candidate,B,new
子瑞科教,子瑞科教,MFR-03660,candidate,B,new
ZHEAN(浙安),ZHEAN(浙安),MFR-03364,candidate,B,new
ZHIDE(志得),ZHIDE(志得),MFR-03369,candidate,B,new
中北昊宸,中北昊宸,MFR-03579,candidate,B,new
ZCables,ZCables,MFR-03354,candidate,B,new
ZE(增益),ZE(增益),MFR-03357,candidate,B,new
Zarlink,Zarlink,MFR-03400,candidate,B,new
众驰电子,众驰电子,MFR-03593,candidate,B,new
Zetta(澜智),Zetta(澜智),MFR-03404,candidate,B,new
Zmjsemi(真茂佳),Zmjsemi(真茂佳),MFR-03414,candidate,B,new
ZOLL(卓尔),ZOLL(卓尔),MFR-03387,candidate,B,new
Zhongyuxinze(中豫鑫泽),Zhongyuxinze(中豫鑫泽),MFR-03410,candidate,B,new
ZHIZHEN(志臻),ZHIZHEN(志臻),MFR-03371,candidate,B,new
ZHF(卓峰电气),ZHF(卓峰电气),MFR-03367,candidate,B,new
ZLG(致远电子),ZLG(致远电子),MFR-03384,candidate,B,new
志浩,志浩,MFR-03681,review,A,new
zhengxingan(郑兴安),zhengxingan(郑兴安),MFR-03572,candidate,B,new
智会兴,智会兴,MFR-03715,review,A,new
臻南亚,臻南亚,MFR-03792,review,A,new
ZF Friedrichshafen AG,ZF Friedrichshafen AG,MFR-03360,candidate,B,new
治精微,治精微,MFR-03738,review,A,new
ZS(中盛科技),ZS(中盛科技),MFR-03390,candidate,B,new
ZLM(周励),ZLM(周励),MFR-03385,candidate,B,new
ZHXN(智芯科技),ZHXN(智芯科技),MFR-03376,candidate,B,new
ZHONLEA(中垒),ZHONLEA(中垒),MFR-03373,candidate,B,new
ZHOURI(洲日),ZHOURI(洲日),MFR-03374,candidate,B,new
ZYMICRO(智毅),ZYMICRO(智毅),MFR-03398,candidate,B,new
ZHT(圳恒通),ZHT(圳恒通),MFR-03375,candidate,B,new
ZYCON(正耀),ZYCON(正耀),MFR-03397,candidate,B,new
ZDAUTO(智达),ZDAUTO(智达),MFR-03355,candidate,B,new
振芯,振芯,MFR-03691,review,A,new
ZLFY(中立),ZLFY(中立),MFR-03383,candidate,B,new
zhangxiaoquan(张小泉),zhangxiaoquan(张小泉),MFR-03571,candidate,B,new
ZX(正锡金属),ZX(正锡金属),MFR-03395,candidate,B,new
ZWILLING(双立人),ZWILLING(双立人),MFR-03394,candidate,B,new
ZT(泽腾电力),ZT(泽腾电力),MFR-03391,candidate,B,new
ZTBA(中特邦安),ZTBA(中特邦安),MFR-03392,candidate,B,new
ZJXM(浙江新曼),ZJXM(浙江新曼),MFR-03379,candidate,B,new
浙安广消,浙安广消,MFR-03745,candidate,B,new
Zhongke Wireless(中科无线),Zhongke Wireless(中科无线),MFR-03409,candidate,B,new
ZDT(中科兴达),ZDT(中科兴达),MFR-03356,candidate,B,new
ZKFL(中科飞龙),ZKFL(中科飞龙),MFR-03381,candidate,B,new
中天恒科,中天恒科,MFR-03580,candidate,B,new
Zhongdi(众迪),Zhongdi(众迪),MFR-03408,candidate,B,new
Ziisor(致哲),Ziisor(致哲),MFR-03412,candidate,B,new
Zeasset(智胜新),Zeasset(智胜新),MFR-03401,candidate,B,new
ZTQ(正天齐),ZTQ(正天齐),MFR-03393,candidate,B,new
Zoomdo(震东电子),Zoomdo(震东电子),MFR-03415,candidate,B,new
中交建仪,中交建仪,MFR-03578,candidate,B,new
ZHHXDZ(海芯电子),ZHHXDZ(海芯电子),MFR-03368,candidate,B,new
ZK(珍科),ZK(珍科),MFR-03380,candidate,B,new
者也,者也,MFR-03788,review,A,new
Zentel(力积电子),Zentel(力积电子),MFR-03402,candidate,B,new
Zhengxin(正芯),Zhengxin(正芯),MFR-03407,candidate,B,new
Zettasensing(泽声),Zettasensing(泽声),MFR-03405,candidate,B,new
ZETTLER(赛特勒),ZETTLER(赛特勒),MFR-03358,candidate,B,new
ZG(中鑫),ZG(中鑫),MFR-03361,candidate,B,new
ZeroErr inside(零差云控),ZeroErr inside(零差云控),MFR-03403,candidate,B,new
中益,中益,MFR-03582,review,A,new
ZF,ZF,MFR-03359,review,A,new
ZOEYGO(中逸光),ZOEYGO(中逸光),MFR-03386,candidate,B,new
ZILLTEK(钰太),ZILLTEK(钰太),MFR-03377,candidate,B,new
择明朗熙,择明朗熙,MFR-03690,candidate,B,new
庄太太,庄太太,MFR-03675,review,A,new
ZHONGYI(众仪),ZHONGYI(众仪),MFR-03372,candidate,B,new
ZGWD(温达电子),ZGWD(温达电子),MFR-03362,candidate,B,new
ZHIDE(质德),ZHIDE(质德),MFR-03370,candidate,B,new
ZRITECH(拙智科技),ZRITECH(拙智科技),MFR-03389,candidate,B,new
ZZEC(中正电子),ZZEC(中正电子),MFR-03399,candidate,B,new
ZY(中域),ZY(中域),MFR-03396,candidate,B,new
中云智创,中云智创,MFR-03577,candidate,B,new
TI,Texas Instruments,MFR-02966,active,A,mfr_canonical
Texas Instruments,Texas Instruments,MFR-02966,active,A,mfr_canonical
Texas Instr.,Texas Instruments,MFR-02966,active,A,mfr_canonical
Texas Instr,Texas Instruments,MFR-02966,active,A,mfr_canonical
TEXAS INSTRUMENTS,Texas Instruments,MFR-02966,active,A,mfr_canonical
TI Semiconductor,Texas Instruments,MFR-02966,active,A,mfr_canonical
ST,STMicroelectronics,MFR-02628,active,A,mfr_canonical
STMicroelectronics,STMicroelectronics,MFR-02628,active,A,mfr_canonical
ST Micro,STMicroelectronics,MFR-02628,active,A,mfr_canonical
STMicro,STMicroelectronics,MFR-02628,active,A,mfr_canonical
SGS-THOMSON,STMicroelectronics,MFR-02628,active,A,mfr_canonical
SGS Thomson,STMicroelectronics,MFR-02628,active,A,mfr_canonical
ADI,Analog Devices,MFR-00202,active,A,mfr_canonical
Analog Devices,Analog Devices,MFR-00202,active,A,mfr_canonical
Analog Dev.,Analog Devices,MFR-00202,active,A,mfr_canonical
Analog Devices Inc.,Analog Devices,MFR-00202,active,A,mfr_canonical
AD,Analog Devices,MFR-00202,active,A,mfr_canonical
Linear Technology,Analog Devices,MFR-00202,active,A,mfr_canonical
LTC,Analog Devices,MFR-00202,active,A,mfr_canonical
Infineon,Infineon Technologies,MFR-01404,active,A,mfr_canonical
Infineon Technologies,Infineon Technologies,MFR-01404,active,A,mfr_canonical
IFX,Infineon Technologies,MFR-01404,active,A,mfr_canonical
Infineon Tech,Infineon Technologies,MFR-01404,active,A,mfr_canonical
International Rectifier,Infineon Technologies,MFR-01404,active,A,mfr_canonical
IR,Infineon Technologies,MFR-01404,active,A,mfr_canonical
NXP,NXP Semiconductors,MFR-02060,active,A,mfr_canonical
NXP Semiconductors,NXP Semiconductors,MFR-02060,active,A,mfr_canonical
NXP Semi,NXP Semiconductors,MFR-02060,active,A,mfr_canonical
Philips,NXP Semiconductors,MFR-02060,active,A,mfr_canonical
Philips Semiconductors,NXP Semiconductors,MFR-02060,active,A,mfr_canonical
Freescale,NXP Semiconductors,MFR-02060,active,A,mfr_canonical
Freescale Semiconductor,NXP Semiconductors,MFR-02060,active,A,mfr_canonical
Microchip,Microchip Technology,MFR-01962,active,A,mfr_canonical
Microchip Technology,Microchip Technology,MFR-01962,active,A,mfr_canonical
MCP,Microchip Technology,MFR-01962,active,A,mfr_canonical
Microchip Tech,Microchip Technology,MFR-01962,active,A,mfr_canonical
Renesas,Renesas Electronics,MFR-02422,active,A,mfr_canonical
Renesas Electronics,Renesas Electronics,MFR-02422,active,A,mfr_canonical
Renesas Elec.,Renesas Electronics,MFR-02422,active,A,mfr_canonical
NEC Electronics,Renesas Electronics,MFR-02422,active,A,mfr_canonical
NEC,Renesas Electronics,MFR-02422,active,A,mfr_canonical
ON,ON Semiconductor,MFR-02115,active,A,mfr_canonical
ON Semiconductor,ON Semiconductor,MFR-02115,active,A,mfr_canonical
Onsemi,ON Semiconductor,MFR-02115,active,A,mfr_canonical
ONSemi,ON Semiconductor,MFR-02115,active,A,mfr_canonical
ON Semi,ON Semiconductor,MFR-02115,active,A,mfr_canonical
Fairchild,ON Semiconductor,MFR-02115,active,A,mfr_canonical
Fairchild Semiconductor,ON Semiconductor,MFR-02115,active,A,mfr_canonical
Catalyst,ON Semiconductor,MFR-02115,active,A,mfr_canonical
Vishay,Vishay Intertechnology,MFR-03086,active,A,mfr_canonical
Vishay Intertechnology,Vishay Intertechnology,MFR-03086,active,A,mfr_canonical
Vishay Siliconix,Vishay Intertechnology,MFR-03086,active,A,mfr_canonical
Siliconix,Vishay Intertechnology,MFR-03086,active,A,mfr_canonical
Vishay Dale,Vishay Intertechnology,MFR-03086,active,A,mfr_canonical
Dale,Vishay Intertechnology,MFR-03086,active,A,mfr_canonical
Vishay Sprague,Vishay Intertechnology,MFR-03086,active,A,mfr_canonical
Sprague,Vishay Intertechnology,MFR-03086,active,A,mfr_canonical
BC Components,Vishay Intertechnology,MFR-03086,active,A,mfr_canonical
Vishay BC,Vishay Intertechnology,MFR-03086,active,A,mfr_canonical
Draloric,Vishay Intertechnology,MFR-03086,active,A,mfr_canonical
Vitramon,Vishay Intertechnology,MFR-03086,active,A,mfr_canonical
Vishay Vitramon,Vishay Intertechnology,MFR-03086,active,A,mfr_canonical
Murata,Murata Manufacturing,MFR-01998,active,A,mfr_canonical
Murata Manufacturing,Murata Manufacturing,MFR-01998,active,A,mfr_canonical
Murata Elec.,Murata Manufacturing,MFR-01998,active,A,mfr_canonical
Murata Electronics,Murata Manufacturing,MFR-01998,active,A,mfr_canonical
TDK Corporation,TDK Corporation,MFR-02827,active,A,mfr_canonical
TDK Corp.,TDK Corporation,MFR-02827,active,A,mfr_canonical
EPCOS,TDK Corporation,MFR-02827,active,A,mfr_canonical
Nordic,Nordic Semiconductor,MFR-02095,active,A,mfr_canonical
Nordic Semiconductor,Nordic Semiconductor,MFR-02095,active,A,mfr_canonical
Nordic Semi,Nordic Semiconductor,MFR-02095,active,A,mfr_canonical
Espressif,Espressif Systems,MFR-00855,active,A,mfr_canonical
Espressif Systems,Espressif Systems,MFR-00855,active,A,mfr_canonical
Espressif Tech,Espressif Systems,MFR-00855,active,A,mfr_canonical
ESP,Espressif Systems,MFR-00855,active,A,mfr_canonical
Samsung,Samsung Electronics,MFR-02671,active,A,mfr_canonical
Samsung Electronics,Samsung Electronics,MFR-02671,active,A,mfr_canonical
Samsung Electro-Mechanics,Samsung Electronics,MFR-02671,active,A,mfr_canonical
Samsung Semi,Samsung Electronics,MFR-02671,active,A,mfr_canonical
Winbond,Winbond Electronics,MFR-03178,active,A,mfr_canonical
Winbond Electronics,Winbond Electronics,MFR-03178,active,A,mfr_canonical
Winbond Elec.,Winbond Electronics,MFR-03178,active,A,mfr_canonical
Macronix,Macronix International,MFR-01910,active,A,mfr_canonical
Macronix International,Macronix International,MFR-01910,active,A,mfr_canonical
MXIC,Macronix International,MFR-01910,active,A,mfr_canonical
MX,Macronix International,MFR-01910,active,A,mfr_canonical
Yageo,Yageo,MFR-03341,active,A,mfr_canonical
Yageo Corp.,Yageo,MFR-03341,active,A,mfr_canonical
Phycomp,Yageo,MFR-03341,active,A,mfr_canonical
KEMET,KEMET Electronics,MFR-01572,active,A,mfr_canonical
Kemet Electronics,KEMET Electronics,MFR-01572,active,A,mfr_canonical
Kemet,KEMET Electronics,MFR-01572,active,A,mfr_canonical
Arcotronics,KEMET Electronics,MFR-01572,active,A,mfr_canonical
Bourns,Bourns,MFR-00374,active,A,mfr_canonical
Bourns Inc.,Bourns,MFR-00374,active,A,mfr_canonical
Bourns Incorporated,Bourns,MFR-00374,active,A,mfr_canonical
Littelfuse,Littelfuse,MFR-01787,active,A,mfr_canonical
Littel,Littelfuse,MFR-01787,active,A,mfr_canonical
Teccor,Littelfuse,MFR-01787,active,A,mfr_canonical
Wickmann,Littelfuse,MFR-01787,active,A,mfr_canonical
TE,TE Connectivity,MFR-02832,active,A,mfr_canonical
TE Connectivity,TE Connectivity,MFR-02832,active,A,mfr_canonical
AMP,TE Connectivity,MFR-02832,active,A,mfr_canonical
Raychem,TE Connectivity,MFR-02832,active,A,mfr_canonical
Molex,Molex,MFR-01984,active,A,mfr_canonical
Molex Incorporated,Molex,MFR-01984,active,A,mfr_canonical
Molex LLC,Molex,MFR-01984,active,A,mfr_canonical
Amphenol Corporation,Amphenol,MFR-00193,active,A,mfr_canonical
Amphenol Corp.,Amphenol,MFR-00193,active,A,mfr_canonical
Omron,Omron,MFR-02151,active,A,mfr_canonical
Omron Electronics,Omron,MFR-02151,active,A,mfr_canonical
Omron Corp.,Omron,MFR-02151,active,A,mfr_canonical
Panasonic,Panasonic,MFR-02241,active,A,mfr_canonical
Panasonic Industrial,Panasonic,MFR-02241,active,A,mfr_canonical
Matsushita,Panasonic,MFR-02241,active,A,mfr_canonical
Panasonic Corp.,Panasonic,MFR-02241,active,A,mfr_canonical
Toshiba,Toshiba,MFR-02977,active,A,mfr_canonical
Toshiba Semiconductor,Toshiba,MFR-02977,active,A,mfr_canonical
Toshiba Elec.,Toshiba,MFR-02977,active,A,mfr_canonical
ROHM,ROHM Semiconductor,MFR-02378,active,A,mfr_canonical
Rohm Semiconductor,ROHM Semiconductor,MFR-02378,active,A,mfr_canonical
Rohm Co.,ROHM Semiconductor,MFR-02378,active,A,mfr_canonical
Rohm,ROHM Semiconductor,MFR-02378,active,A,mfr_canonical
Diodes,Diodes Incorporated,MFR-00735,active,A,mfr_canonical
Diodes Inc.,Diodes Incorporated,MFR-00735,active,A,mfr_canonical
Diodes Incorporated,Diodes Incorporated,MFR-00735,active,A,mfr_canonical
Zetex,Diodes Incorporated,MFR-00735,active,A,mfr_canonical
Lite-On,Lite-On Technology,MFR-01786,active,A,mfr_canonical
LiteOn,Lite-On Technology,MFR-01786,active,A,mfr_canonical
LITEON,Lite-On Technology,MFR-01786,active,A,mfr_canonical
Everlight,Everlight Electronics,MFR-00860,active,A,mfr_canonical
Everlight Electronics,Everlight Electronics,MFR-00860,active,A,mfr_canonical
Everlight Elec.,Everlight Electronics,MFR-00860,active,A,mfr_canonical
Kingbright,Kingbright,MFR-01628,active,A,mfr_canonical
Kingbright Corp.,Kingbright,MFR-01628,active,A,mfr_canonical
Broadcom,Broadcom,MFR-00384,active,A,mfr_canonical
Avago,Broadcom,MFR-00384,active,A,mfr_canonical
Broadcom Inc.,Broadcom,MFR-00384,active,A,mfr_canonical
Qualcomm Inc.,Qualcomm,MFR-02322,active,A,mfr_canonical
Maxim,Maxim Integrated,MFR-01935,active,A,mfr_canonical
Maxim Integrated,Maxim Integrated,MFR-01935,active,A,mfr_canonical
MAXIM,Maxim Integrated,MFR-01935,active,A,mfr_canonical
Cirrus,Cirrus Logic,MFR-00579,active,A,mfr_canonical
Cirrus Logic,Cirrus Logic,MFR-00579,active,A,mfr_canonical
Silicon Labs,Silicon Labs,MFR-02725,active,A,mfr_canonical
SiLabs,Silicon Labs,MFR-02725,active,A,mfr_canonical
Silicon Laboratories,Silicon Labs,MFR-02725,active,A,mfr_canonical
MPS,Monolithic Power Systems,MFR-01987,active,A,mfr_canonical
Monolithic Power,Monolithic Power Systems,MFR-01987,active,A,mfr_canonical
Monolithic Power Systems,Monolithic Power Systems,MFR-01987,active,A,mfr_canonical
Skyworks,Skyworks Solutions,MFR-02747,active,A,mfr_canonical
Skyworks Solutions,Skyworks Solutions,MFR-02747,active,A,mfr_canonical
RFMD,Qorvo,MFR-02320,active,A,mfr_canonical
TriQuint,Qorvo,MFR-02320,active,A,mfr_canonical
Holtek,Holtek Semiconductor,MFR-01325,active,A,mfr_canonical
Holtek Semiconductor,Holtek Semiconductor,MFR-01325,active,A,mfr_canonical
Nuvoton,Nuvoton Technology,MFR-02098,active,A,mfr_canonical
Nuvoton Technology,Nuvoton Technology,MFR-02098,active,A,mfr_canonical
Wurth,Wurth Elektronik,MFR-03195,active,A,mfr_canonical
Wurth Elektronik,Wurth Elektronik,MFR-03195,active,A,mfr_canonical
WE,Wurth Elektronik,MFR-03195,active,A,mfr_canonical
JST Corp.,JST,MFR-01512,active,A,mfr_canonical
JST Manufacturing,JST,MFR-01512,active,A,mfr_canonical
Hirose,Hirose Electric,MFR-01318,active,A,mfr_canonical
Hirose Electric,Hirose Electric,MFR-01318,active,A,mfr_canonical
JAE,JAE,MFR-01432,active,A,mfr_canonical
Japan Aviation Electronics,JAE,MFR-01432,active,A,mfr_canonical
Micron,Micron Technology,MFR-01963,active,A,mfr_canonical
Micron Technology,Micron Technology,MFR-01963,active,A,mfr_canonical
MT,Micron Technology,MFR-01963,active,A,mfr_canonical
SK Hynix,SK Hynix,MFR-02574,active,A,mfr_canonical
Hynix,SK Hynix,MFR-02574,active,A,mfr_canonical
Hyundai Electronics,SK Hynix,MFR-02574,active,A,mfr_canonical
GigaDevice,GigaDevice Semiconductor,MFR-01094,active,A,mfr_canonical
GigaDevice Semiconductor,GigaDevice Semiconductor,MFR-01094,active,A,mfr_canonical
GD,GigaDevice Semiconductor,MFR-01094,active,A,mfr_canonical
ISSI,ISSI,MFR-01389,active,A,mfr_canonical
Integrated Silicon Solution,ISSI,MFR-01389,active,A,mfr_canonical
Cypress,Cypress Semiconductor,MFR-00629,active,A,mfr_canonical
Cypress Semiconductor,Cypress Semiconductor,MFR-00629,active,A,mfr_canonical
Spansion,Cypress Semiconductor,MFR-00629,active,A,mfr_canonical
Cree,Wolfspeed,MFR-03192,active,A,mfr_canonical
Wolfspeed,Wolfspeed,MFR-03192,active,A,mfr_canonical
Osram,OSRAM,MFR-02132,active,A,mfr_canonical
OSRAM,OSRAM,MFR-02132,active,A,mfr_canonical
Sharp,Sharp,MFR-02706,active,A,mfr_canonical
Sharp Microelectronics,Sharp,MFR-02706,active,A,mfr_canonical
Realtek,Realtek,MFR-02415,active,A,mfr_canonical
Realtek Semiconductor,Realtek,MFR-02415,active,A,mfr_canonical
Richtek,Richtek Technology,MFR-02426,active,A,mfr_canonical
Richtek Technology,Richtek Technology,MFR-02426,active,A,mfr_canonical
RT,Richtek Technology,MFR-02426,active,A,mfr_canonical
Alpha & Omega,Alpha & Omega Semiconductor,MFR-00179,active,A,mfr_canonical
Alpha and Omega,Alpha & Omega Semiconductor,MFR-00179,active,A,mfr_canonical
AOSMD,Alpha & Omega Semiconductor,MFR-00179,active,A,mfr_canonical
Yangjie,Yangjie,MFR-03344,active,A,mfr_canonical
YJ,Yangjie,MFR-03344,active,A,mfr_canonical
Jiangsu JieJie,Yangjie,MFR-03344,active,A,mfr_canonical
Hua Hong,Hua Hong Semiconductor,MFR-01329,active,A,mfr_canonical
Huahong,Hua Hong Semiconductor,MFR-01329,active,A,mfr_canonical
SGMICRO,SGMICRO,MFR-02514,active,A,mfr_canonical
SG Micro,SGMICRO,MFR-02514,active,A,mfr_canonical
3PEAK,3PEAK,MFR-00006,active,A,mfr_canonical
Sanpei,3PEAK,MFR-00006,active,A,mfr_canonical
UTC,Unisonic,MFR-03035,active,A,mfr_canonical
Unisonic,Unisonic,MFR-03035,active,A,mfr_canonical
Unisonic Technologies,Unisonic,MFR-03035,active,A,mfr_canonical
Walsin,Walsin Technology,MFR-03160,active,A,mfr_canonical
Walsin Technology,Walsin Technology,MFR-03160,active,A,mfr_canonical
WL,Walsin Technology,MFR-03160,active,A,mfr_canonical
Fenghua,Fenghua,MFR-00957,active,A,mfr_canonical
Fenghua Advanced Tech,Fenghua,MFR-00957,active,A,mfr_canonical
Holy Stone,Holy Stone,MFR-01326,active,A,mfr_canonical
Holy Stone Enterprise,Holy Stone,MFR-01326,active,A,mfr_canonical
Alpha & Omega Semiconductor,Alpha & Omega Semiconductor,MFR-00179,active,A,mfr_canonical
Hua Hong Semiconductor,Hua Hong Semiconductor,MFR-01329,active,A,mfr_canonical
KEMET Electronics,KEMET Electronics,MFR-01572,active,A,mfr_canonical
Lite-On Technology,Lite-On Technology,MFR-01786,active,A,mfr_canonical
ROHM Semiconductor,ROHM Semiconductor,MFR-02378,active,A,mfr_canonical
AMS,Advanced Monolithic Systems,MFR-00162,active,A,mfr_canonical
AMS1117,Advanced Monolithic Systems,MFR-00162,active,A,mfr_canonical
Hanxin,Hanxin,MFR-01298,active,A,canonical
Huaqiang,Huaqiang,MFR-01331,active,A,canonical
Quectel,Quectel,MFR-02325,active,A,canonical
Raspberry Pi,Raspberry Pi,MFR-02405,active,A,canonical
SIMCom,SIMCom,MFR-02561,active,A,canonical
Semtech,Semtech,MFR-02692,active,A,canonical
WCH,WCH,MFR-03104,active,A,canonical
u-blox,u-blox,MFR-03551,active,A,canonical
