mpn,clean_mpn,manufacturer,brand,url_slug,category,subcategory,description,applications,keywords,attributes_json,availability,alternative_parts,datasheet_url,faq,image,source
STM32F103C8T6,,ST,ST,,Microcontroller,32-bit ARM Cortex-M MCU,"STMicroelectronics STM32F103C8T6 - ARM Cortex-M3 microcontroller, 72 MHz, 64 KB Flash, 20 KB SRAM, 37 I/O, LQFP-48, operating voltage 2.0-3.6 V.",Embedded control; IoT nodes; Motor control; Consumer electronics,STM32F103C8T6; ARM Cortex-M3; 32-bit MCU; LQFP-48; microcontroller,"{""core"": ""ARM Cortex-M3"", ""frequency_hz"": 72000000, ""flash_bytes"": 65536, ""ram_bytes"": 20480, ""io_count"": 37, ""voltage_v"": 3.3, ""package"": ""LQFP-48""}",active,,,Q: What package does STM32F103C8T6 use?A: STM32F103C8T6 is supplied in a 48-pin LQFP-48 (Low-profile Quad Flat Package) surface-mount package.,,https://www.lcsc.com/product-detail/C8734.html
STM32F401CCU6,,ST,ST,,Microcontroller,32-bit ARM Cortex-M MCU,"STMicroelectronics STM32F401CCU6 - ARM Cortex-M4 microcontroller, 84 MHz, 256 KB Flash, 64 KB SRAM, 36 I/O, UFQFPN-48, 1.7-3.6 V.",IoT; Wearables; Motor control; USB devices,STM32F401CCU6; ARM Cortex-M4; 32-bit MCU; UFQFPN-48,"{""core"": ""ARM Cortex-M4"", ""frequency_hz"": 84000000, ""flash_bytes"": 262144, ""ram_bytes"": 65536, ""io_count"": 36, ""voltage_v"": 3.3, ""package"": ""UFQFPN-48""}",active,,,Q: How much flash does STM32F401CCU6 have?A: STM32F401CCU6 integrates 256 KB of Flash and 64 KB of SRAM in a 48-pin UFQFPN package.,,https://www.lcsc.com/product-detail/C79861.html
CH32V103C8T6,,WCH,WCH,,Microcontroller,32-bit RISC-V MCU,"WCH CH32V103C8T6 - 32-bit RISC-V (QingKe V4) microcontroller, 80 MHz, 64 KB Flash, 20 KB SRAM, 37 I/O, LQFP-48, 2.7-5.5 V.",IoT; Industrial control; Low-cost MCU; Motor control,CH32V103C8T6; RISC-V; 32-bit MCU; WCH,"{""core"": ""RISC-V (QingKe V4)"", ""frequency_hz"": 80000000, ""flash_bytes"": 65536, ""ram_bytes"": 20480, ""io_count"": 37, ""voltage_v"": 3.3, ""package"": ""LQFP-48""}",active,,,Q: What core does CH32V103C8T6 use?A: CH32V103C8T6 is built on a 32-bit RISC-V (QingKe V4) core running at 80 MHz with 64 KB Flash.,,https://www.lcsc.com/product-detail/C2764428.html
ATmega328P-AU,,Microchip,Microchip,,Microcontroller,8-bit AVR MCU,"Microchip ATmega328P-AU - 8-bit AVR microcontroller, 20 MHz, 32 KB Flash, 2 KB SRAM, 23 I/O, TQFP-32, 1.8-5.5 V.",Arduino; Hobbyist; Embedded control; Sensors,ATmega328P-AU; AVR; 8-bit MCU; TQFP-32; Arduino,"{""core"": ""AVR 8-bit"", ""frequency_hz"": 20000000, ""flash_bytes"": 32768, ""ram_bytes"": 2048, ""io_count"": 23, ""voltage_v"": 5.0, ""package"": ""TQFP-32""}",active,,,Q: What package is ATmega328 included in?A: ATmega328P-AU comes in a 32-pin TQFP surface-mount package; it is the same MCU family used on many Arduino boards.,,https://www.lcsc.com/product-detail/C14877.html
RP2040,,Raspberry Pi,Raspberry Pi,,Microcontroller,Dual-core ARM Cortex-M0+ MCU,"Raspberry Pi RP2040 - dual ARM Cortex-M0+ microcontroller, 133 MHz, 264 KB SRAM (no internal Flash), 30 I/O, QFN-56, 1.8-3.3 V.",IoT; Raspberry Pi Pico; Wearables; Custom hardware,RP2040; Cortex-M0+; Raspberry Pi; dual-core MCU,"{""core"": ""ARM Cortex-M0+ (dual)"", ""frequency_hz"": 133000000, ""ram_bytes"": 264192, ""io_count"": 30, ""voltage_v"": 3.3, ""package"": ""QFN-56""}",active,,,Q: Does RP2040 have internal flash?A: RP2040 has no internal Flash; it boots from external QSPI memory and provides 264 KB of on-chip SRAM.,,https://www.lcsc.com/product-detail/C2040.html
ESP32-WROOM-32E,,Espressif,Espressif,,WiFi Modules,Wi-Fi + Bluetooth Module,"Espressif ESP32-WROOM-32E - Wi-Fi + Bluetooth module with dual Xtensa LX6 cores, 240 MHz, 4 MB Flash, 26 GPIO, SMD-38, 3.0-3.6 V.",Wi-Fi IoT; Bluetooth LE; Smart home; Wearables,ESP32-WROOM-32E; ESP32; Wi-Fi module; Bluetooth; IoT,"{""core"": ""Xtensa LX6 (dual)"", ""frequency_hz"": 240000000, ""flash_bytes"": 4194304, ""io_count"": 26, ""voltage_v"": 3.3, ""package"": ""SMD-38""}",active,,,Q: What wireless interfaces does ESP32-WROOM-32E support?A: ESP32-WROOM-32E integrates Wi-Fi 802.11 b/g/n and Bluetooth 4.2 (BR/EDR + BLE) with 4 MB external Flash.,,https://www.lcsc.com/product-detail/C6191510.html
W25Q128JVSIQ,,Winbond,Winbond,,Memory,SPI NOR Flash,"Winbond W25Q128JVSIQ - 128 Mbit (16 MB) SPI NOR Flash, Quad-SPI, 133 MHz, SOIC-8, 2.7-3.6 V.",Firmware storage; Data logging; Code storage; SPI Flash,W25Q128JVSIQ; SPI NOR Flash; 128Mbit; Quad-SPI; Winbond,"{""memory_bytes"": 16777216, ""interface"": ""SPI (Quad)"", ""speed_hz"": 133000000, ""organization"": ""x4"", ""package"": ""SOIC-8""}",active,,,Q: What is the capacity of W25Q128JVSIQ?A: W25Q128JVSIQ is a 128 Mbit (16 MB) SPI NOR Flash with Quad-SPI interface rated up to 133 MHz.,,https://www.lcsc.com/product-detail/C97521.html
AT24C02C-SSHM-T,,Microchip,Microchip,,Memory,I2C EEPROM,"Microchip AT24C02C-SSHM-T - 2 Kbit I2C EEPROM (256 bytes), 1 MHz, SOIC-8, 1.7-5.5 V.",Parameter storage; EEPROM; Config storage; I2C,AT24C02C; I2C EEPROM; 2Kbit; Microchip,"{""memory_bytes"": 256, ""interface"": ""I2C"", ""speed_hz"": 1000000, ""organization"": ""x8"", ""package"": ""SOIC-8""}",active,,,Q: What interface does AT24C02C-SSHM-T use?A: AT24C02C-SSHM-T is a 2 Kbit I2C EEPROM (256 bytes) in an SOIC-8 package supporting up to 1 MHz clock.,,https://www.lcsc.com/product-detail/C6203.html
AO3400A,,AOS,AOS,,MOSFET,N-Channel MOSFET,"Alpha & Omega Semiconductor AO3400A - N-channel MOSFET, 30 V, 5.7 A, 48 mΩ RDS(on), SOT-23.",Load switching; DC-DC; Power management; Battery,AO3400A; N-channel MOSFET; SOT-23; 30V,"{""vds_v"": 30, ""id_a"": 5.7, ""rds_on_mohm"": 48, ""vgs_th_v"": 1.45, ""qg_nc"": 7, ""package"": ""SOT-23""}",active,,,"Q: What is AO3400A used for?A: AO3400A is an N-channel MOSFET (30 V, 5.7 A, 48 mΩ RDS(on)) in SOT-23, commonly used for load switching and DC-DC conversion.",,https://www.lcsc.com/product-detail/C20917.html
AO3401A,,AOS,AOS,,MOSFET,P-Channel MOSFET,"Alpha & Omega Semiconductor AO3401A - P-channel MOSFET, 30 V, 4 A, 60 mΩ RDS(on), SOT-23.",High-side switch; Load switching; Power management,AO3401A; P-channel MOSFET; SOT-23; 30V,"{""vds_v"": 30, ""id_a"": 4, ""rds_on_mohm"": 60, ""vgs_th_v"": 0.9, ""qg_nc"": 14, ""package"": ""SOT-23""}",active,,,"Q: What is AO3401A?A: AO3401A is a P-channel MOSFET (30 V, 4 A, 60 mΩ RDS(on)) in SOT-23, often used as a high-side switch.",,https://www.lcsc.com/product-detail/C15127.html
2N7002,,onsemi,onsemi,,MOSFET,Small-Signal N-Channel MOSFET,"onsemi 2N7002 - small-signal N-channel MOSFET, 60 V, 115 mA, SOT-23.",Logic-level switching; Signal switching; Small-signal,2N7002; N-channel MOSFET; SOT-23; 60V,"{""vds_v"": 60, ""id_a"": 0.115, ""rds_on_mohm"": 7000, ""vgs_th_v"": 2.5, ""package"": ""SOT-23""}",active,,,"Q: What is 2N7002?A: 2N7002 is a small-signal N-channel MOSFET rated 60 V, 115 mA, in a SOT-23 package for logic-level switching.",,https://www.lcsc.com/product-detail/C124475.html
1N4148WS,,Diodes,Diodes,,Diode,Switching Diode,"Diodes Incorporated 1N4148WS - fast-switching diode, 75 V VRRM, 150 mA, SOD-323.",Fast switching; Signal clipping; General purpose,1N4148WS; switching diode; SOD-323; 75V,"{""vrrm_v"": 75, ""if_a"": 0.15, ""vf_v"": 1.0, ""package"": ""SOD-323""}",active,,,Q: What is 1N4148WS?A: 1N4148WS is a fast-switching SOD-323 diode rated 75 V repetitive reverse voltage and 150 mA average forward current.,,https://www.diodes.com/part/view/1N4148WS
SS34,,Diodes,Diodes,,Diode,Schottky Rectifier,"Diodes Incorporated SS34 - Schottky barrier rectifier, 40 V, 3 A, SMA (DO-214AC).",DC-DC rectification; Polarity protection; Freewheeling diode,SS34; Schottky diode; SMA; 40V 3A,"{""vrrm_v"": 40, ""if_a"": 3, ""vf_v"": 0.55, ""package"": ""SMA (DO-214AC)""}",active,,,"Q: What is SS34?A: SS34 is a Schottky barrier rectifier in SMA (DO-214AC) rated 40 V and 3 A, with low forward voltage drop.",,https://www.diodes.com/part/view/SS34
RC0402FR-0710KL,,YAGEO,YAGEO,,Resistor,Thick-Film Chip Resistor,"YAGEO RC0402FR-0710KL - thick-film chip resistor, 10 kΩ ±1%, 62.5 mW, 50 V, 0402.",Pull-up; Signal conditioning; General purpose,RC0402FR-0710KL; 10k resistor; 0402; YAGEO,"{""resistance_ohm"": 10000, ""tolerance"": ""±1%"", ""power_rating_w"": 0.0625, ""voltage_rating_v"": 50, ""temperature_coeff"": ""±100ppm/℃"", ""package"": ""0402""}",active,,,"Q: What are the specifications of RC0402FR-0710KL?A: RC0402FR-0710KL is a 10 kΩ ±1% thick-film chip resistor in a 0402 package, 62.5 mW rated, 50 V.",,https://www.lcsc.com/product-detail/C60490.html
CL10B104KB8NNNC,,Samsung,Samsung,,Capacitor,Multilayer Ceramic Capacitor,"Samsung CL10B104KB8NNNC - multilayer ceramic capacitor, 100 nF ±10% X7R, 50 V, 0603.",Decoupling; Filtering; Bypass; Coupling,CL10B104KB8NNNC; 100nF capacitor; 0603; X7R; Samsung,"{""capacitance_pf"": 100000, ""tolerance"": ""±10%"", ""voltage_rating_v"": 50, ""temperature_coeff"": ""X7R"", ""package"": ""0603""}",active,,,"Q: What is CL10B104KB8NNNC?A: CL10B104KB8NNNC is a 100 nF (0.1 µF) ±10% X7R multilayer ceramic capacitor in a 0603 package, 50 V.",,https://www.lcsc.com/product-detail/C1591.html
SWPA4030S100MT,,Sunlord,Sunlord,,Inductor,Wire-Wound Power Inductor,"Sunlord SWPA4030S100MT - shielded wire-wound power inductor, 10 µH ±20%, 1.5 A, SMD 4.0x4.0 mm.",DC-DC; Power supplies; EMI filter; Buck converter,SWPA4030S100MT; 10uH inductor; power inductor; Sunlord,"{""inductance_uh"": 10, ""current_rating_a"": 1.5, ""package"": ""SMD 4030""}",active,,,"Q: What is SWPA4030S100MT?A: SWPA4030S100MT is a 10 µH shielded wire-wound power inductor in a 4.0 x 4.0 mm SMD footprint, 1.5 A RMS current.",,https://www.lcsc.com/product-detail/C38117.html
2.54-1*40L=15MM,,ZHOURI,ZHOURI,,Pin Header,Male Pin Header,"ZHOURI 2.54-1*40L=15MM - 1x40 position 2.54 mm pitch single-row male pin header, through-hole, 3 A per pin.",PCB prototyping; Board-to-board; Headers,2.54mm pin header; 1x40; through-hole; connector,"{""positions"": 40, ""pitch_mm"": 2.54, ""current_rating_a"": 3, ""mounting"": ""Through Hole"", ""package"": ""1x40P TH""}",active,,,"Q: What is this pin header?A: It is a 1x40 position 2.54 mm pitch single-row male pin header, through-hole, rated 3 A per pin.",,https://www.lcsc.com/product-detail/C5156621.html
X322516MRB4SI,,YXC,YXC,,Crystal Oscillator,SMD Crystal,"YXC X322516MRB4SI - 16 MHz SMD crystal oscillator, 3225-4P package, 18 pF load capacitance.",MCU clock; Timing reference; Oscillator,16MHz crystal; SMD3225; YXC; crystal oscillator,"{""frequency_hz"": 16000000, ""load_capacitance_pf"": 18, ""mounting"": ""SMD"", ""package"": ""SMD3225-4P""}",active,,,Q: What is X322516MRB4SI?A: X322516MRB4SI is a 16 MHz surface-mount crystal in a 3225-4P package with 18 pF load capacitance.,,https://www.lcsc.com/product-detail/C70562.html
TYPE-C-31-M-12,,Korean Hroparts Elec,Korean Hroparts Elec,,USB Connectors,USB Type-C Receptacle,"Korean Hroparts TYPE-C-31-M-12 - USB Type-C receptacle, 16-pin, female, right-angle SMD, 5 A / 20 V.",USB-C devices; Connectors; Power delivery,USB Type-C; 16-pin; receptacle; connector; Korean Hroparts,"{""positions"": 16, ""current_rating_a"": 5, ""voltage_rating_v"": 20, ""mounting"": ""SMD"", ""package"": ""SMD Type-C 16P""}",active,,,"Q: What is TYPE-C-31-M-12?A: TYPE-C-31-M-12 is a 16-pin USB Type-C receptacle (female), right-angle SMD, rated 5 A / 20 V.",,https://www.lcsc.com/product-detail/C165948.html
AD623ARZ-R7,AD623ARZR7,Analog Devices,Analog Devices,ad623arzr7,Operational Amplifier,Operational Amplifier,"Single and Dual-Supply, Rail-to-Rail, Low Cost Instrumentation Amplifier",,,"{""放大器数"": ""单路"", ""共模抑制比(CMRR)"": ""80dB"", ""输入偏置电流(Ib)"": ""25nA"", ""轨到轨"": ""轨到轨输出""}",active,,https://www.lcsc.com/datasheet/C9676.pdf,,https://assets.lcsc.com/images/lcsc/900x900/20250824_ADI-AD623ARZ-R7_C9676_front.jpg,LCSC
STM32F103CBT6,STM32F103CBT6,STMicroelectronics,STMicroelectronics,stm32f103cbt6,Microcontroller,Microcontroller,"Medium-density performance line ARM-based 32-bit MCU with 64 or 128 KB Flash, USB, CAN, 7 timers, 2 ADCs, 9 com. interfaces",,,"{""CPU内核"": ""ARM Cortex-M3"", ""CPU位数"": ""32 Bit"", ""CPU最大主频"": ""72MHz""}",active,,https://www.lcsc.com/datasheet/C8304.pdf,,https://assets.lcsc.com/images/lcsc/900x900/20221228_STMicroelectronics-STM32F103CBT6_C8304_front.jpg,LCSC
STM32F407VET6,STM32F407VET6,STMicroelectronics,STMicroelectronics,stm32f407vet6,Microcontroller,Microcontroller,"ARM Cortex-M4 32b MCU+FPU, 210DMIPS, up to 1MB Flash/192+4KB RAM, USB OTG HS/FS, Ethernet, 17 TIMs, 3 ADCs, 15 comm. interfaces & camera",,,"{""CPU内核"": ""ARM Cortex-M4"", ""CPU位数"": ""32 Bit"", ""CPU最大主频"": ""168MHz""}",active,,https://www.lcsc.com/datasheet/C28730.pdf,,https://assets.lcsc.com/images/lcsc/900x900/20260310_ST-STM32F407VET6_C28730_front.jpg,LCSC
ADXL345BCCZ-RL7,ADXL345BCCZRL7,Analog Devices,Analog Devices,adxl345bcczrl7,Sensors,Sensors,3-Axis Digital Accelerometer,,,{},active,,https://www.lcsc.com/datasheet/C9667.pdf,,https://assets.lcsc.com/images/lcsc/900x900/20221228_Analog-Devices-ADXL345BCCZ-RL7_C9667_front.jpg,LCSC
LSM6DS3TR-C,LSM6DS3TRC,STMicroelectronics,STMicroelectronics,lsm6ds3trc,Sensors,Sensors,3D accelerometer and 3D gyroscope,,,{},active,,https://www.lcsc.com/datasheet/C967633.pdf,,https://assets.lcsc.com/images/lcsc/900x900/20230131_STMicroelectronics-LSM6DS3TR-C_C967633_front.jpg,LCSC
TPS54331DR,TPS54331DR,Texas Instruments,Texas Instruments,tps54331dr,Voltage Regulator,Voltage Regulator,"3A, 28V Input Non-Synchronous Buck Converter",,,"{""功能类型"": ""降压型"", ""输出类型"": ""可调"", ""输出电压"": ""800mV~25V"", ""输出电流"": ""3A""}",active,,https://www.lcsc.com/datasheet/C9865.pdf,,https://assets.lcsc.com/images/lcsc/900x900/20221228_Texas-Instruments-TPS54331DR_C9865_front.jpg,LCSC
STM32F103RCT6,STM32F103RCT6,STMicroelectronics,STMicroelectronics,stm32f103rct6,Microcontroller,Microcontroller,"Flash, USB, CAN, 11 timers, 3 ADCs, 13 communication interfaces",,,"{""CPU内核"": ""ARM Cortex-M3"", ""CPU位数"": ""32 Bit"", ""CPU最大主频"": ""72MHz""}",active,,https://www.lcsc.com/datasheet/C8323.pdf,,,LCSC
LSM6DSLTR,LSM6DSLTR,STMicroelectronics,STMicroelectronics,lsm6dsltr,Sensors,Sensors,3D digital accelerometer and 3D digital gyroscope,,,{},active,,https://www.lcsc.com/datasheet/C126672.pdf,,https://assets.lcsc.com/images/lcsc/900x900/20230102_STMicroelectronics-LSM6DSLTR_C126672_front.jpg,LCSC
ADUM1201ARZ-RL7,ADUM1201ARZRL7,Analog Devices,Analog Devices,adum1201arzrl7,Interface IC,Interface IC,Dual-Channel Digital Isolators,,,"{""CMTI(kV/us)"": ""25kV/us""}",active,,https://www.lcsc.com/datasheet/C9669.pdf,,https://assets.lcsc.com/images/lcsc/900x900/20260105_ADI-ADUM1201ARZ-RL7_C9669_front.jpg,LCSC
GRM21BR61H106KE43L,GRM21BR61H106KE43L,Murata Manufacturing,Murata Manufacturing,grm21br61h106ke43l,Capacitor,Capacitor,CAP CER 10uF 50V X5R 0805,,,"{""容值"": ""10uF"", ""精度"": ""±10%"", ""额定电压"": ""50V"", ""温度系数"": ""X5R""}",active,,https://www.lcsc.com/datasheet/C440198.pdf,,https://assets.lcsc.com/images/lcsc/900x900/20230108_Murata-Electronics-GRM21BR61H106KE43L_C440198_front.jpg,LCSC
ADM2587EBRWZ-REEL7,ADM2587EBRWZREEL7,Analog Devices,Analog Devices,adm2587ebrwzreel7,Interface IC,Interface IC,Signal and Power Isolated RS-485 Devices,,,"{""CMTI(kV/us)"": ""25kV/us""}",active,,https://www.lcsc.com/datasheet/C12081.pdf,,https://assets.lcsc.com/images/lcsc/900x900/20240315_Analog-Devices-ADM2587EBRWZ-REEL7_C12081_front.jpg,LCSC
SN65HVD230DR,SN65HVD230DR,Texas Instruments,Texas Instruments,sn65hvd230dr,Interface IC,Interface IC,3.3-V CAN TRANSCEIVERS,,,"{""类型"": ""CAN收发器"", ""工作电压"": ""3V~3.6V"", ""数据速率"": ""1Mbps""}",active,,https://www.lcsc.com/datasheet/C12084.pdf,,https://assets.lcsc.com/images/lcsc/900x900/20221228_Texas-Instruments-SN65HVD230DR_C12084_front.jpg,LCSC
LM5116MHX/NOPB,LM5116MHXNOPB,Texas Instruments,Texas Instruments,lm5116mhxnopb,Voltage Regulator,Voltage Regulator,LM5116 Wide Range Synchronous Buck Controller,,,"{""输出电压"": ""1.215V~80V"", ""功能类型"": ""降压型"", ""输出类型"": ""可调"", ""通道数"": ""1""}",active,,https://www.lcsc.com/datasheet/C13755.pdf,,https://assets.lcsc.com/images/lcsc/900x900/20221228_Texas-Instruments-LM5116MHX-NOPB_C13755_front.jpg,LCSC
GRM31CR71E106KA12L,GRM31CR71E106KA12L,Murata Manufacturing,Murata Manufacturing,grm31cr71e106ka12l,Capacitor,Capacitor,CAP CER 10uF 25V X7R 1206,,,"{""容值"": ""10uF"", ""精度"": ""±10%"", ""额定电压"": ""25V"", ""温度系数"": ""X7R""}",active,,https://www.lcsc.com/datasheet/C77093.pdf,,https://assets.lcsc.com/images/lcsc/900x900/20260522_muRata-GRM31CR71E106KA12L_C77093_front.jpg,LCSC
ULN2003ADR,ULN2003ADR,Texas Instruments,Texas Instruments,uln2003adr,Transistor,Transistor,,,,"{""通道数"": ""七路"", ""晶体管类型"": ""BJT"", ""集射极击穿电压(Vceo)"": ""50V"", ""集电极电流(Ic)"": ""500mA""}",active,,https://www.lcsc.com/datasheet/C7512.pdf,,https://assets.lcsc.com/images/lcsc/900x900/20221228_Texas-Instruments-ULN2003ADR_C7512_front.jpg,LCSC
TPS5430DDAR,TPS5430DDAR,Texas Instruments,Texas Instruments,tps5430ddar,Voltage Regulator,Voltage Regulator,"3-A, Wide Input Range, Step-Down Converter",,,"{""功能类型"": ""降压型"", ""输出类型"": ""可调"", ""输出电压"": ""1.221V~32.04V"", ""输出电流"": ""3A""}",active,,https://www.lcsc.com/datasheet/C9864.pdf,,https://assets.lcsc.com/images/lcsc/900x900/20221228_Texas-Instruments-TPS5430DDAR_C9864_front.jpg,LCSC
ADS1115IDGSR,ADS1115IDGSR,Texas Instruments,Texas Instruments,ads1115idgsr,Analog IC,Analog IC,"Ultra-Small, Low-Power, 16-Bit Analog-to-Digital Converter with Internal Reference",,,"{""接口类型"": ""I2C"", ""工作电压"": ""2V~5.5V""}",active,,https://www.lcsc.com/datasheet/C37593.pdf,,https://assets.lcsc.com/images/lcsc/900x900/20190612_Texas-Instruments-ADS1115IDGSR_C37593_front.jpg,LCSC
VL53L0CXV0DH/1,VL53L0CXV0DH1,STMicroelectronics,STMicroelectronics,vl53l0cxv0dh1,Sensors,Sensors,Time-of-Flight ranging and gesture detection sensor,,,"{""接口类型"": ""I2C"", ""线性范围"": ""200cm""}",active,,https://www.lcsc.com/datasheet/C91199.pdf,,https://assets.lcsc.com/images/lcsc/900x900/20221231_STMicroelectronics-VL53L0CXV0DH-1_C91199_front.jpg,LCSC
VL53L1CXV0FY/1,VL53L1CXV0FY1,STMicroelectronics,STMicroelectronics,vl53l1cxv0fy1,Sensors,Sensors,Long-range Time-of-Flight (ToF) sensor,,,"{""接口类型"": ""I2C"", ""线性范围"": ""4m""}",active,,https://www.lcsc.com/datasheet/C190004.pdf,,https://assets.lcsc.com/images/lcsc/900x900/20180914_STMicroelectronics-VL53L1CXV0FY-1_C190004_front.jpg,LCSC
LSM303AGRTR,LSM303AGRTR,STMicroelectronics,STMicroelectronics,lsm303agrtr,Sensors,Sensors,Ultra-compact high-performance eCompass module: ultra-low-power 3D accelerometer and 3D magnetometer,,,{},active,,https://www.lcsc.com/datasheet/C126671.pdf,,https://assets.lcsc.com/images/lcsc/900x900/20230102_STMicroelectronics-LSM303AGRTR_C126671_front.jpg,LCSC
ADS1220IPWR,ADS1220IPWR,Texas Instruments,Texas Instruments,ads1220ipwr,Analog IC,Analog IC,24-bit Analog-to-Digital Converter,,,"{""接口类型"": ""SPI"", ""工作电压"": ""2.3V~5.5V""}",active,,https://www.lcsc.com/datasheet/C48263.pdf,,https://assets.lcsc.com/images/lcsc/900x900/20221230_Texas-Instruments-ADS1220IPWR_C48263_front.jpg,LCSC
LIS2DW12TR,LIS2DW12TR,STMicroelectronics,STMicroelectronics,lis2dw12tr,Sensors,Sensors,"MEMS digital output motion sensor: high-performance ultra-low-power 3-axis ""femto"" accelerometer",,,{},active,,https://www.lcsc.com/datasheet/C189624.pdf,,https://assets.lcsc.com/images/lcsc/900x900/20230110_STMicroelectronics-LIS2DW12TR_C189624_front.jpg,LCSC
VL53L4CDV0DH/1,VL53L4CDV0DH1,STMicroelectronics,STMicroelectronics,vl53l4cdv0dh1,Sensors,Sensors,Time-of-Flight high accuracy proximity sensor,,,"{""接口类型"": ""I2C"", ""线性范围"": ""0cm~130cm""}",active,,https://www.lcsc.com/datasheet/C3178291.pdf,,https://assets.lcsc.com/images/lcsc/900x900/20230313_STMicroelectronics-VL53L4CDV0DH-1_C3178291_front.jpg,LCSC
ISO1050DUBR,ISO1050DUBR,Texas Instruments,Texas Instruments,iso1050dubr,Interface IC,Interface IC,Independent Controller Area Network (CAN) transceiver,,,{},active,,https://www.lcsc.com/datasheet/C16428.pdf,,https://assets.lcsc.com/images/lcsc/900x900/20221228_Texas-Instruments-ISO1050DUBR_C16428_front.jpg,LCSC
GRM32EC72A106KE05L,GRM32EC72A106KE05L,Murata Manufacturing,Murata Manufacturing,grm32ec72a106ke05l,Capacitor,Capacitor,CAP CER 10uF 100V X7S 1210,,,"{""容值"": ""10uF"", ""精度"": ""±10%"", ""额定电压"": ""100V"", ""温度系数"": ""X7S""}",active,,https://www.lcsc.com/datasheet/C576517.pdf,,https://assets.lcsc.com/images/lcsc/900x900/20230120_Murata-Electronics-GRM32EC72A106KE05L_C576517_front.jpg,LCSC
ISO3082DWR,ISO3082DWR,Texas Instruments,Texas Instruments,iso3082dwr,Interface IC,Interface IC,Isolated 5-V Full and Half-Duplex RS-485 Transceivers,,,"{""节点数"": ""256""}",active,,https://www.lcsc.com/datasheet/C21710.pdf,,https://assets.lcsc.com/images/lcsc/900x900/20221229_Texas-Instruments-ISO3082DWR_C21710_front.jpg,LCSC
STM32H743VIH6,STM32H743VIH6,STMicroelectronics,STMicroelectronics,stm32h743vih6,Microcontroller,Microcontroller,"32-bit Arm Cortex-M7 480MHz MCUs, up to 2MB Flash, up to 1MB RAM, 46 com. and analog interfaces",,,"{""CPU内核"": ""ARM Cortex-M7"", ""CPU位数"": ""32 Bit"", ""CPU最大主频"": ""480MHz""}",active,,https://www.lcsc.com/datasheet/C964146.pdf,,https://assets.lcsc.com/images/lcsc/900x900/20230131_STMicroelectronics-STM32H743VIH6_C964146_front.jpg,LCSC
REF3033AIDBZR,REF3033AIDBZR,Texas Instruments,Texas Instruments,ref3033aidbzr,Voltage Regulator,Voltage Regulator,CMOS Voltage Reference,,,"{""输出类型"": ""固定"", ""工作电压"": ""3.35V~5.5V"", ""输出电压"": ""3.3V"", ""输出电流"": ""25mA""}",active,,https://www.lcsc.com/datasheet/C36658.pdf,,https://assets.lcsc.com/images/lcsc/900x900/20200912_Texas-Instruments-REF3033AIDBZR_C36658_front.jpg,LCSC
GRM21BZ71A226ME15L,GRM21BZ71A226ME15L,Murata Manufacturing,Murata Manufacturing,grm21bz71a226me15l,Capacitor,Capacitor,CAP CER 22uF 10V X7R 0805,,,"{""容值"": ""22uF"", ""精度"": ""±20%"", ""额定电压"": ""10V"", ""温度系数"": ""X7R""}",active,,https://www.lcsc.com/datasheet/C907991.pdf,,https://assets.lcsc.com/images/lcsc/900x900/20230131_Murata-Electronics-GRM21BZ71A226ME15L_C907991_front.jpg,LCSC
STM32F030C8T6,STM32F030C8T6,STMicroelectronics,STMicroelectronics,stm32f030c8t6,Microcontroller,Microcontroller,"Value-line ARM-based 32-bit MCU with 16 to 64-KB Flash, timers, ADC, communication interfaces, 2.4-3.6 V operation",,,"{""CPU内核"": ""ARM Cortex-M0"", ""CPU位数"": ""32 Bit"", ""CPU最大主频"": ""48MHz""}",active,,https://www.lcsc.com/datasheet/C23922.pdf,,https://assets.lcsc.com/images/lcsc/900x900/20221229_STMicroelectronics-STM32F030C8T6_C23922_front.jpg,LCSC
ADUM3160BRWZ-RL,ADUM3160BRWZRL,Analog Devices,Analog Devices,adum3160brwzrl,Interface IC,Interface IC,Full-speed/Low-speed 2.5kV USB Digital Isolator,,,{},active,,https://www.lcsc.com/datasheet/C284149.pdf,,https://assets.lcsc.com/images/lcsc/900x900/20180922_Analog-Devices-ADUM3160BRWZ-RL_C284149_front.jpg,LCSC
GRM31CC72A475KE11L,GRM31CC72A475KE11L,Murata Manufacturing,Murata Manufacturing,grm31cc72a475ke11l,Capacitor,Capacitor,CAP CER 4.7uF 100V X7S 1206,,,"{""容值"": ""4.7uF"", ""精度"": ""±10%"", ""额定电压"": ""100V"", ""温度系数"": ""X7S""}",active,,https://www.lcsc.com/datasheet/C237304.pdf,,https://assets.lcsc.com/images/lcsc/900x900/20200706_Murata-Electronics-GRM31CC72A475KE11L_C237304_front.jpg,LCSC
GRM32ER71E226KE15L,GRM32ER71E226KE15L,Murata Manufacturing,Murata Manufacturing,grm32er71e226ke15l,Capacitor,Capacitor,CAP CER 22uF 25V X7R 1210,,,"{""容值"": ""22uF"", ""精度"": ""±10%"", ""额定电压"": ""25V"", ""温度系数"": ""X7R""}",active,,https://www.lcsc.com/datasheet/C21397.pdf,,https://assets.lcsc.com/images/lcsc/900x900/20251022_muRata-GRM32ER71E226KE15L_C21397_front.jpg,LCSC
STM32F405RGT6,STM32F405RGT6,STMicroelectronics,STMicroelectronics,stm32f405rgt6,Microcontroller,Microcontroller,"ARM Cortex-M4 32b MCU+FPU, 210DMIPS, up to 1MB Flash/192+4KB RAM, USB OTG HS/FS, Ethernet, 17 TIMs, 3 ADCs, 15 comm. interfaces & camera",,,"{""CPU内核"": ""ARM Cortex-M4"", ""CPU位数"": ""32 Bit"", ""CPU最大主频"": ""168MHz""}",active,,https://www.lcsc.com/datasheet/C15742.pdf,,https://assets.lcsc.com/images/lcsc/900x900/20190613_STMicroelectronics-STM32F405RGT6_C15742_front.jpg,LCSC
TPS54560DDAR,TPS54560DDAR,Texas Instruments,Texas Instruments,tps54560ddar,Voltage Regulator,Voltage Regulator,"4.5V to 60V Input, 5A Step-Down DC-DC Converter",,,"{""功能类型"": ""降压型"", ""输出类型"": ""可调"", ""输出电压"": ""800mV~58.8V"", ""输出电流"": ""5A""}",active,,https://www.lcsc.com/datasheet/C31966.pdf,,https://assets.lcsc.com/images/lcsc/900x900/20221229_Texas-Instruments-TPS54560DDAR_C31966_front.jpg,LCSC
STM32F030F4P6TR,STM32F030F4P6TR,STMicroelectronics,STMicroelectronics,stm32f030f4p6tr,Microcontroller,Microcontroller,"Value-line ARM-based 32-bit MCU with up to 256 KB Flash, timers, ADC, communication interfaces, 2.4 - 3.6 V operation",,,"{""CPU内核"": ""ARM Cortex-M0"", ""CPU位数"": ""32 Bit"", ""CPU最大主频"": ""48MHz""}",active,,https://www.lcsc.com/datasheet/C89040.pdf,,https://assets.lcsc.com/images/lcsc/900x900/20221231_STMicroelectronics-STM32F030F4P6TR_C89040_front.jpg,LCSC
ADM2582EBRWZ-REEL7,ADM2582EBRWZREEL7,Analog Devices,Analog Devices,adm2582ebrwzreel7,Interface IC,Interface IC,Signal and Power Isolated RS-485 Devices Transceiver with ESD Protection,,,"{""CMTI(kV/us)"": ""25kV/us""}",active,,https://www.lcsc.com/datasheet/C39494.pdf,,https://assets.lcsc.com/images/lcsc/900x900/20221229_Analog-Devices-ADM2582EBRWZ-REEL7_C39494_front.jpg,LCSC
ADUM4160BRWZ-RL,ADUM4160BRWZRL,Analog Devices,Analog Devices,adum4160brwzrl,Interface IC,Interface IC,Full-speed/Low-speed 5kV USB Digital Isolator,,,{},active,,https://www.lcsc.com/datasheet/C57791.pdf,,https://assets.lcsc.com/images/lcsc/900x900/20221230_Analog-Devices-ADUM4160BRWZ-RL_C57791_front.jpg,LCSC
AD7192BRUZ-REEL,AD7192BRUZREEL,Analog Devices,Analog Devices,ad7192bruzreel,Analog IC,Analog IC,"24-bit ∑-∆ ADC with built-in PGA, 4.8 kHz, ultra-low noise",,,"{""接口类型"": ""SPI"", ""工作电压"": ""3V~5.25V""}",active,,https://www.lcsc.com/datasheet/C392902.pdf,,https://assets.lcsc.com/images/lcsc/900x900/20230115_Analog-Devices-AD7192BRUZ-REEL_C392902_front.jpg,LCSC
LIS3MDLTR,LIS3MDLTR,STMicroelectronics,STMicroelectronics,lis3mdltr,Sensors,Sensors,"Digital output magnetic sensor: ultra-low-power, high-performance 3-axis magnetometer",,,{},active,,https://www.lcsc.com/datasheet/C478483.pdf,,https://assets.lcsc.com/images/lcsc/900x900/20230703_STMicroelectronics-LIS3MDLTR_C478483_front.jpg,LCSC
STM32G431CBT6,STM32G431CBT6,STMicroelectronics,STMicroelectronics,stm32g431cbt6,Microcontroller,Microcontroller,"Arm Cortex-M4 32-bit MCU+FPU, 170 MHz / 213 DMIPS, up to 128 KB Flash, 32 KB SRAM, rich analog, math accelerator",,,"{""CPU内核"": ""ARM Cortex-M4F"", ""CPU位数"": ""32 Bit"", ""CPU最大主频"": ""170MHz""}",active,,https://www.lcsc.com/datasheet/C529355.pdf,,https://assets.lcsc.com/images/lcsc/900x900/20230104_STMicroelectronics-STM32G431CBT6_C529355_front.jpg,LCSC
ADUM1201BRZ-RL7,ADUM1201BRZRL7,Analog Devices,Analog Devices,adum1201brzrl7,Interface IC,Interface IC,Dual-Channel Digital Isolators,,,"{""CMTI(kV/us)"": ""25kV/us""}",active,,https://www.lcsc.com/datasheet/C87626.pdf,,https://assets.lcsc.com/images/lcsc/900x900/20240315_Analog-Devices-ADUM1201BRZ-RL7_C87626_front.jpg,LCSC
TPS54360DDAR,TPS54360DDAR,Texas Instruments,Texas Instruments,tps54360ddar,Voltage Regulator,Voltage Regulator,"60V Input, 3.5A Output Step-Down DC-DC Converter",,,"{""功能类型"": ""降压型"", ""输出类型"": ""可调"", ""输出电压"": ""800mV~58.8V"", ""输出电流"": ""3.5A""}",active,,https://www.lcsc.com/datasheet/C44377.pdf,,https://assets.lcsc.com/images/lcsc/900x900/20230324_Texas-Instruments-TPS54360DDAR_C44377_front.jpg,LCSC
GRM31CR61E476ME44L,GRM31CR61E476ME44L,Murata Manufacturing,Murata Manufacturing,grm31cr61e476me44l,Capacitor,Capacitor,CAP CER 47uF 25V X5R 1206,,,"{""容值"": ""47uF"", ""精度"": ""±20%"", ""额定电压"": ""25V"", ""温度系数"": ""X5R""}",active,,https://www.lcsc.com/datasheet/C403725.pdf,,https://assets.lcsc.com/images/lcsc/900x900/20230109_Murata-Electronics-GRM31CR61E476ME44L_C403725_front.jpg,LCSC
LP2985-33DBVR,LP298533DBVR,Texas Instruments,Texas Instruments,lp298533dbvr,Voltage Regulator,Voltage Regulator,"150mA, 16V, low-dropout regulator with enable function",,,"{""输出类型"": ""固定"", ""输出电压"": ""3.3V"", ""输出极性"": ""正极""}",active,,https://www.lcsc.com/datasheet/C95414.pdf,,https://assets.lcsc.com/images/lcsc/900x900/20221231_Texas-Instruments-LP2985-33DBVR_C95414_front.jpg,LCSC
AD8605ARTZ-REEL7,AD8605ARTZREEL7,Analog Devices,Analog Devices,ad8605artzreel7,Operational Amplifier,Operational Amplifier,Precision Low Noise CMOS Rail-to-Rail Input/Output Operational Amplifiers,,,"{""放大器数"": ""单路"", ""共模抑制比(CMRR)"": ""100dB"", ""增益带宽积(GBW)"": ""10MHz"", ""输入偏置电流(Ib)"": ""0.2pA""}",active,,https://www.lcsc.com/datasheet/C9641.pdf,,https://assets.lcsc.com/images/lcsc/900x900/20221228_Analog-Devices-AD8605ARTZ-REEL7_C9641_front.jpg,LCSC
GRM32ER61C476KE15L,GRM32ER61C476KE15L,Murata Manufacturing,Murata Manufacturing,grm32er61c476ke15l,Capacitor,Capacitor,CAP CER 47uF 16V X5R 1210,,,"{""容值"": ""47uF"", ""精度"": ""±10%"", ""额定电压"": ""16V"", ""温度系数"": ""X5R""}",active,,https://www.lcsc.com/datasheet/C77101.pdf,,https://assets.lcsc.com/images/lcsc/900x900/20250816_muRata-GRM32ER61C476KE15L_C77101_front.jpg,LCSC
INA226AIDGSR,INA226AIDGSR,Texas Instruments,Texas Instruments,ina226aidgsr,Operational Amplifier,Operational Amplifier,"High-or Low-Side Measurement, Bi-Directional CURRENT/POWER MONITOR with I2C Interface",,,"{""共模电压"": ""0V~36V"", ""输入失调电压(Vos)"": ""2.5uV"", ""输入偏置电流(Ib)"": ""100pA""}",active,,https://www.lcsc.com/datasheet/C49851.pdf,,https://assets.lcsc.com/images/lcsc/900x900/20221230_Texas-Instruments-INA226AIDGSR_C49851_front.jpg,LCSC
TPL5010DDCR,TPL5010DDCR,Texas Instruments,Texas Instruments,tpl5010ddcr,Logic IC,Logic IC,Nano-Power System Timer With Watchdog Function,,,"{""是否可编程"": ""否""}",active,,https://www.lcsc.com/datasheet/C473912.pdf,,https://assets.lcsc.com/images/lcsc/900x900/20230119_Texas-Instruments-TPL5010DDCR_C473912_front.jpg,LCSC
LT3045EDD#TRPBF,LT3045EDDTRPBF,Analog Devices,Analog Devices,lt3045eddtrpbf,Voltage Regulator,Voltage Regulator,"20V, 500mA, Ultralow Noise, Ultrahigh PSRR Linear Regulator",,,"{""输出类型"": ""可调"", ""输出电压"": ""0V~15V"", ""输出极性"": ""正极""}",active,,https://www.lcsc.com/datasheet/C514420.pdf,,https://assets.lcsc.com/images/lcsc/900x900/20230103_Analog-Devices-LT3045EDD-TRPBF_C514420_front.jpg,LCSC
SN75176BDR,SN75176BDR,Texas Instruments,Texas Instruments,sn75176bdr,Interface IC,Interface IC,Differential Bus Transceivers,,,"{""类型"": ""收发器"", ""工作电压"": ""4.75V~5.25V"", ""数据速率"": ""10Mbps""}",active,,https://www.lcsc.com/datasheet/C7063.pdf,,https://assets.lcsc.com/images/lcsc/900x900/20221228_Texas-Instruments-SN75176BDR_C7063_front.jpg,LCSC
ADM3251EARWZ-REEL,ADM3251EARWZREEL,Analog Devices,Analog Devices,adm3251earwzreel,Interface IC,Interface IC,"Isolated, Single-Channel RS-232 Line Driver/Receiver",,,"{""CMTI(kV/us)"": ""25kV/us""}",active,,https://www.lcsc.com/datasheet/C13749.pdf,,https://assets.lcsc.com/images/lcsc/900x900/20221228_Analog-Devices-ADM3251EARWZ-REEL_C13749_front.jpg,LCSC
LSM6DSRTR,LSM6DSRTR,STMicroelectronics,STMicroelectronics,lsm6dsrtr,Sensors,Sensors,iNEMO inertial module: always-on 3D accelerometer and 3D gyroscope,,,{},active,,https://www.lcsc.com/datasheet/C784817.pdf,,https://assets.lcsc.com/images/lcsc/900x900/20230202_STMicroelectronics-LSM6DSRTR_C784817_front.jpg,LCSC
DRV8874PWPR,DRV8874PWPR,Texas Instruments,Texas Instruments,drv8874pwpr,Power Management IC,Power Management IC,H-Bridge Motor Driver With Integrated Current Sense and Regulation,,,{},active,,https://www.lcsc.com/datasheet/C1855818.pdf,,https://assets.lcsc.com/images/lcsc/900x900/20230515_Texas-Instruments-DRV8874PWPR_C1855818_front.jpg,LCSC
L78M05CDT-TR,L78M05CDTTR,STMicroelectronics,STMicroelectronics,l78m05cdttr,Voltage Regulator,Voltage Regulator,Precision 500 mA Regulator,,,"{""输出电压"": ""5V"", ""输出极性"": ""正极""}",active,,https://www.lcsc.com/datasheet/C55509.pdf,,https://assets.lcsc.com/images/lcsc/900x900/20240427_STMicroelectronics-L78M05CDT-TR_C55509_front.jpg,LCSC
STM32H743VIT6,STM32H743VIT6,STMicroelectronics,STMicroelectronics,stm32h743vit6,Microcontroller,Microcontroller,"32-bit Arm Cortex-M7 480MHz MCUs, up to 2MB Flash, up to 1MB RAM, 46 com. and analog interfaces",,,"{""CPU内核"": ""ARM Cortex-M7"", ""CPU位数"": ""32 Bit"", ""CPU最大主频"": ""480MHz""}",active,,https://www.lcsc.com/datasheet/C114409.pdf,,https://assets.lcsc.com/images/lcsc/900x900/20230330_STMicroelectronics-STM32H743VIT6_C114409_front.jpg,LCSC
OPA1612AIDR,OPA1612AIDR,Texas Instruments,Texas Instruments,opa1612aidr,Operational Amplifier,Operational Amplifier,"High-Performance, Bipolar-Input Audio Operational Amplifiers",,,"{""扬声器通道数"": ""双声道"", ""工作电压"": ""-2.25V~18V"", ""静态电流(Iq)"": ""3.6mA""}",active,,https://www.lcsc.com/datasheet/C94590.pdf,,https://assets.lcsc.com/images/lcsc/900x900/20221231_Texas-Instruments-OPA1612AIDR_C94590_front.jpg,LCSC
GRM188R60J476ME15D,GRM188R60J476ME15D,Murata Manufacturing,Murata Manufacturing,grm188r60j476me15d,Capacitor,Capacitor,CAP CER 47uF 6.3V X5R 0603,,,"{""容值"": ""47uF"", ""精度"": ""±20%"", ""额定电压"": ""6.3V"", ""温度系数"": ""X5R""}",active,,https://www.lcsc.com/datasheet/C140782.pdf,,https://assets.lcsc.com/images/lcsc/900x900/20251028_muRata-GRM188R60J476ME15D_C140782_front.jpg,LCSC
GRM31CR71H475KA12L,GRM31CR71H475KA12L,Murata Manufacturing,Murata Manufacturing,grm31cr71h475ka12l,Capacitor,Capacitor,CAP CER 4.7uF 50V X7R 1206,,,"{""容值"": ""4.7uF"", ""精度"": ""±10%"", ""额定电压"": ""50V"", ""温度系数"": ""X7R""}",active,,https://www.lcsc.com/datasheet/C77096.pdf,,https://assets.lcsc.com/images/lcsc/900x900/20221231_Murata-Electronics-GRM31CR71H475KA12L_C77096_front.jpg,LCSC
ADUM1250ARZ-RL7,ADUM1250ARZRL7,Analog Devices,Analog Devices,adum1250arzrl7,Interface IC,Interface IC,"Hot Swappable, Dual I²C Isolators",,,"{""CMTI(kV/us)"": ""35kV/us""}",active,,https://www.lcsc.com/datasheet/C13839.pdf,,https://assets.lcsc.com/images/lcsc/900x900/20221228_Analog-Devices-ADUM1250ARZ-RL7_C13839_front.jpg,LCSC
TPS7A2033PDBVR,TPS7A2033PDBVR,Texas Instruments,Texas Instruments,tps7a2033pdbvr,Voltage Regulator,Voltage Regulator,"300mA, ultra-low noise, low IQ, low dropout (LDO) linear regulator with high PSRR",,,"{""输出类型"": ""固定"", ""输出电压"": ""3.3V"", ""输出极性"": ""正极""}",active,,https://www.lcsc.com/datasheet/C2862740.pdf,,https://assets.lcsc.com/images/lcsc/900x900/20230228_Texas-Instruments-TPS7A2033PDBVR_C2862740_front.jpg,LCSC
GRM035R60J475ME15D,GRM035R60J475ME15D,Murata Manufacturing,Murata Manufacturing,grm035r60j475me15d,Capacitor,Capacitor,CAP CER 4.7uF 6.3V X5R 0201,,,"{""容值"": ""4.7uF"", ""精度"": ""±20%"", ""额定电压"": ""6.3V"", ""温度系数"": ""X5R""}",active,,https://www.lcsc.com/datasheet/C335103.pdf,,https://assets.lcsc.com/images/lcsc/900x900/20230111_Murata-Electronics-GRM035R60J475ME15D_C335103_front.jpg,LCSC
GRM31CR61A107MEA8L,GRM31CR61A107MEA8L,Murata Manufacturing,Murata Manufacturing,grm31cr61a107mea8l,Capacitor,Capacitor,CAP CER 100uF 10V X5R 1206,,,"{""容值"": ""100uF"", ""精度"": ""±20%"", ""额定电压"": ""10V"", ""温度系数"": ""X5R""}",active,,https://www.lcsc.com/datasheet/C883598.pdf,,https://assets.lcsc.com/images/lcsc/900x900/20230131_Murata-Electronics-GRM31CR61A107MEA8L_C883598_front.jpg,LCSC
NE555DR,NE555DR,Texas Instruments,Texas Instruments,ne555dr,Logic IC,Logic IC,Precision Timers,,,{},active,,https://www.lcsc.com/datasheet/C7593.pdf,,https://assets.lcsc.com/images/lcsc/900x900/20221228_Texas-Instruments-NE555DR_C7593_front.jpg,LCSC
TPS54202DDCR,TPS54202DDCR,Texas Instruments,Texas Instruments,tps54202ddcr,Voltage Regulator,Voltage Regulator,"4.5V to 28V Input, 2A Output, EMI Friendly Synchronous Step Down Converter",,,"{""功能类型"": ""降压型"", ""输出类型"": ""可调"", ""输出电流"": ""2A"", ""开关频率"": ""500kHz""}",active,,https://www.lcsc.com/datasheet/C191884.pdf,,https://assets.lcsc.com/images/lcsc/900x900/20180921_Texas-Instruments-TPS54202DDCR_C191884_front.jpg,LCSC
LAN8720AI-CP-TR,LAN8720AICPTR,Microchip Technology,Microchip Technology,lan8720aicptr,Interface IC,Interface IC,Small Footprint RMII 10/100 Ethernet Transceiver with HP Auto-MDIX Support,,,"{""类型"": ""PHY收发器"", ""工作电压"": ""1.6V~3.6V"", ""接口类型"": ""RMII""}",active,,https://www.lcsc.com/datasheet/C17146.pdf,,https://assets.lcsc.com/images/lcsc/900x900/20221228_Microchip-Tech-LAN8720AI-CP-TR_C17146_front.jpg,LCSC
LM393DR,LM393DR,Texas Instruments,Texas Instruments,lm393dr,Operational Amplifier,Operational Amplifier,Dual Differential Comparators,,,"{""放大器数"": ""双路"", ""输入失调电压(Vos)"": ""2mV"", ""静态电流(Iq)"": ""400uA""}",active,,https://www.lcsc.com/datasheet/C67470.pdf,,https://assets.lcsc.com/images/lcsc/900x900/20221230_Texas-Instruments-LM393DR_C67470_front.jpg,LCSC
INA333AIDGKR,INA333AIDGKR,Texas Instruments,Texas Instruments,ina333aidgkr,Operational Amplifier,Operational Amplifier,"Micro-Power, Zero-Drift, Rail-to-Rail Out Instrumentation Amplifier",,,"{""放大器数"": ""单路"", ""共模抑制比(CMRR)"": ""100dB"", ""输入偏置电流(Ib)"": ""200pA"", ""轨到轨"": ""轨到轨输出""}",active,,https://www.lcsc.com/datasheet/C19450.pdf,,https://assets.lcsc.com/images/lcsc/900x900/20260522_TI-INA333AIDGKR_C19450_front.jpg,LCSC
STM32F722RET6,STM32F722RET6,STMicroelectronics,STMicroelectronics,stm32f722ret6,Microcontroller,Microcontroller,"256+16+4KB RAM,USB OTG HS/FS,18TIMs,3ADCs,21comIF",,,"{""CPU内核"": ""ARM Cortex-M7"", ""CPU位数"": ""32 Bit"", ""CPU最大主频"": ""216MHz""}",active,,https://www.lcsc.com/datasheet/C118207.pdf,,https://assets.lcsc.com/images/lcsc/900x900/20230101_STMicroelectronics-STM32F722RET6_C118207_front.jpg,LCSC
ISM330DHCXTR,ISM330DHCXTR,STMicroelectronics,STMicroelectronics,ism330dhcxtr,Sensors,Sensors,iNEMO inertial module with embedded Machine Learning Core,,,{},active,,https://www.lcsc.com/datasheet/C2655101.pdf,,https://assets.lcsc.com/images/lcsc/900x900/20230129_STMicroelectronics-ISM330DHCXTR_C2655101_front.jpg,LCSC
SN74HC14DR,SN74HC14DR,Texas Instruments,Texas Instruments,sn74hc14dr,Logic IC,Logic IC,Hex Schmitt-Trigger Inverters,,,"{""输入类型"": ""施密特触发器"", ""工作电压"": ""2V~6V"", ""静态电流(Iq)"": ""2uA"", ""通道数"": ""6""}",active,,https://www.lcsc.com/datasheet/C6820.pdf,,https://assets.lcsc.com/images/lcsc/900x900/20221228_Texas-Instruments-SN74HC14DR_C6820_front.jpg,LCSC
SN65HVD75DR,SN65HVD75DR,Texas Instruments,Texas Instruments,sn65hvd75dr,Interface IC,Interface IC,"SN65HVD72, SN65HVD75, SN65HVD78 3.3V Power Supply RS-485 with IEC ESD Protection",,,"{""类型"": ""收发器"", ""工作电压"": ""3V~3.6V"", ""数据速率"": ""20Mbps"", ""节点数"": ""213""}",active,,https://www.lcsc.com/datasheet/C57928.pdf,,https://assets.lcsc.com/images/lcsc/900x900/20221230_Texas-Instruments-SN65HVD75DR_C57928_front.jpg,LCSC
L78M05ABDT-TR,L78M05ABDTTR,STMicroelectronics,STMicroelectronics,l78m05abdttr,Voltage Regulator,Voltage Regulator,Precision 500 mA Regulator,,,"{""输出类型"": ""固定"", ""输出电压"": ""5V"", ""输出极性"": ""正极""}",active,,https://www.lcsc.com/datasheet/C58069.pdf,,https://assets.lcsc.com/images/lcsc/900x900/20230218_STMicroelectronics-L78M05ABDT-TR_C58069_front.jpg,LCSC
TPS2116DRLR,TPS2116DRLR,Texas Instruments,Texas Instruments,tps2116drlr,Power Management IC,Power Management IC,"1.6 V to 5.5 V, 2.5-A Low Power Mux with Manual and Priority Switchover",,,"{""输出电流"": ""2.5A"", ""输出电压"": ""0V~5.5V""}",active,,https://www.lcsc.com/datasheet/C3235557.pdf,,https://assets.lcsc.com/images/lcsc/900x900/20231214_Texas-Instruments-TPS2116DRLR_C3235557_front.jpg,LCSC
LM5164DDAR,LM5164DDAR,Texas Instruments,Texas Instruments,lm5164ddar,Voltage Regulator,Voltage Regulator,"100-V Input, 1-A Synchronous Buck DC/DC Converter",,,"{""功能类型"": ""降压型"", ""输出类型"": ""可调"", ""输出电流"": ""1A"", ""开关频率"": ""1MHz""}",active,,https://www.lcsc.com/datasheet/C477928.pdf,,https://assets.lcsc.com/images/lcsc/900x900/20230119_Texas-Instruments-LM5164DDAR_C477928_front.jpg,LCSC
SN74HC595DR,SN74HC595DR,Texas Instruments,Texas Instruments,sn74hc595dr,Logic IC,Logic IC,8-Bit Shift Registers With 3-State Output Registers,,,"{""功能"": ""串行至串行或并行"", ""工作电压"": ""2V~6V"", ""元件数"": ""1"", ""传播延迟(tpd)"": ""26ns@6V,50pF""}",active,,https://www.lcsc.com/datasheet/C10092.pdf,,https://assets.lcsc.com/images/lcsc/900x900/20260522_TI-SN74HC595DR_C10092_front.jpg,LCSC
TPS631000DRLR,TPS631000DRLR,Texas Instruments,Texas Instruments,tps631000drlr,Voltage Regulator,Voltage Regulator,High-power density step-down/step-up converter with 1.5A output current,,,"{""功能类型"": ""升降压型"", ""输出类型"": ""可调"", ""输出电压"": ""1.2V~5.3V"", ""输出电流"": ""2A""}",active,,https://www.lcsc.com/datasheet/C5219190.pdf,,https://assets.lcsc.com/images/lcsc/900x900/20240731_Texas-Instruments-TPS631000DRLR_C5219190_front.jpg,LCSC
TLV62569DBVR,TLV62569DBVR,Texas Instruments,Texas Instruments,tlv62569dbvr,Voltage Regulator,Voltage Regulator,High Efficiency Synchronous Buck Converter,,,"{""功能类型"": ""降压型"", ""输出类型"": ""可调"", ""输出电压"": ""600mV~5.5V"", ""输出电流"": ""2A""}",active,,https://www.lcsc.com/datasheet/C141836.pdf,,https://assets.lcsc.com/images/lcsc/900x900/20180914_Texas-Instruments-TLV62569DBVR_C141836_front.jpg,LCSC
MCP6001T-I/OT,MCP6001TIOT,Microchip Technology,Microchip Technology,mcp6001tiot,Operational Amplifier,Operational Amplifier,"1 MHz, Low-Power Op Amp",,,"{""放大器数"": ""1"", ""共模抑制比(CMRR)"": ""76dB"", ""增益带宽积(GBW)"": ""1MHz"", ""输入偏置电流(Ib)"": ""1pA""}",active,,https://www.lcsc.com/datasheet/C116490.pdf,,https://assets.lcsc.com/images/lcsc/900x900/20230101_Microchip-Tech-MCP6001T-I-OT_C116490_front.jpg,LCSC
TXB0108PWR,TXB0108PWR,Texas Instruments,Texas Instruments,txb0108pwr,Interface IC,Interface IC,8-Bit Bidirectional Voltage-Level Translator with Auto-Direction Sensing and ±15-kV ESD Protection,,,"{""数据速率"": ""100Mbps"", ""元件数"": ""1"", ""每个电路通道数"": ""8""}",active,,https://www.lcsc.com/datasheet/C53406.pdf,,https://assets.lcsc.com/images/lcsc/900x900/20221230_Texas-Instruments-TXB0108PWR_C53406_front.jpg,LCSC
GRM188C61E226ME01D,GRM188C61E226ME01D,Murata Manufacturing,Murata Manufacturing,grm188c61e226me01d,Capacitor,Capacitor,CAP CER 22uF 25V 0603,,,"{""容值"": ""22uF"", ""精度"": ""±20%"", ""额定电压"": ""25V""}",active,,https://www.lcsc.com/datasheet/C29519229.pdf,,https://assets.lcsc.com/images/lcsc/900x900/20241211_Murata-Electronics-GRM188C61E226ME01D_C29519229_front.jpg,LCSC
STM32G030F6P6TR,STM32G030F6P6TR,STMicroelectronics,STMicroelectronics,stm32g030f6p6tr,Microcontroller,Microcontroller,"Arm Cortex-M0+ 32-bit MCU, up to 64 KB Flash, 8 KB RAM, 2x USART, timerS, ADC, comm. I/Fs, 2.0-3.6V",,,"{""CPU内核"": ""ARM Cortex-M0+"", ""CPU位数"": ""32 Bit"", ""CPU最大主频"": ""64MHz""}",active,,https://www.lcsc.com/datasheet/C529330.pdf,,https://assets.lcsc.com/images/lcsc/900x900/20230104_STMicroelectronics-STM32G030F6P6TR_C529330_front.jpg,LCSC
TPD1E10B06DPYR,TPD1E10B06DPYR,Texas Instruments,Texas Instruments,tpd1e10b06dpyr,Diode,Diode,,,,"{""极性"": ""双向"", ""钳位电压"": ""14V"", ""峰值脉冲功率(Ppp)"": ""90W@8/20us"", ""反向截止电压(Vrwm)"": ""5.5V""}",active,,https://www.lcsc.com/datasheet/C48260.pdf,,https://assets.lcsc.com/images/lcsc/900x900/20221230_Texas-Instruments-TPD1E10B06DPYR_C48260_front.jpg,LCSC
TPS62840DLCR,TPS62840DLCR,Texas Instruments,Texas Instruments,tps62840dlcr,Voltage Regulator,Voltage Regulator,"1.8V to 6.5V, 750mA, 60nA IQ step-down converter",,,"{""功能类型"": ""降压型"", ""输出类型"": ""可调"", ""输出电压"": ""1.8V~3.3V"", ""输出电流"": ""750mA""}",active,,https://www.lcsc.com/datasheet/C2071859.pdf,,https://assets.lcsc.com/images/lcsc/900x900/20230221_Texas-Instruments-TPS62840DLCR_C2071859_front.jpg,LCSC
TXS0108EPWR,TXS0108EPWR,Texas Instruments,Texas Instruments,txs0108epwr,Interface IC,Interface IC,8-BIT BIDIRECTIONAL VOLTAGE-LEVEL TRANSLATOR,,,"{""数据速率"": ""60Mbps"", ""元件数"": ""1"", ""每个电路通道数"": ""8""}",active,,https://www.lcsc.com/datasheet/C17206.pdf,,https://assets.lcsc.com/images/lcsc/900x900/20260730_TI-TXS0108EPWR_C17206_front.jpg,LCSC
ISO1044BDR,ISO1044BDR,Texas Instruments,Texas Instruments,iso1044bdr,Interface IC,Interface IC,ISO1044 Isolated CAN FD Transceiver (in a small package),,,"{""类型"": ""CAN-FD收发器"", ""数据速率"": ""5Mbps""}",active,,https://www.lcsc.com/datasheet/C2878225.pdf,,https://assets.lcsc.com/images/lcsc/900x900/20241004_Texas-Instruments-ISO1044BDR_C2878225_front.jpg,LCSC
GRM21BZ71E106KE15L,GRM21BZ71E106KE15L,Murata Manufacturing,Murata Manufacturing,grm21bz71e106ke15l,Capacitor,Capacitor,CAP CER 10uF 25V X7R 0805,,,"{""容值"": ""10uF"", ""精度"": ""±10%"", ""额定电压"": ""25V"", ""温度系数"": ""X7R""}",active,,https://www.lcsc.com/datasheet/C237493.pdf,,https://assets.lcsc.com/images/lcsc/900x900/20230108_Murata-Electronics-GRM21BZ71E106KE15L_C237493_front.jpg,LCSC
NCP15XH103F03RC,NCP15XH103F03RC,Murata Manufacturing,Murata Manufacturing,ncp15xh103f03rc,Resistor,Resistor,THERMISTOR NTC 10kΩ 3380K 0402,,,"{""阻值"": ""10kΩ"", ""B值(25℃/50℃)"": ""3380K"", ""电阻精度"": ""±1%"", ""功率"": ""100mW""}",active,,https://www.lcsc.com/datasheet/C77131.pdf,,https://assets.lcsc.com/images/lcsc/900x900/20251020_muRata-NCP15XH103F03RC_C77131_front.jpg,LCSC
GRM188R71H104KA93D,GRM188R71H104KA93D,Murata Manufacturing,Murata Manufacturing,grm188r71h104ka93d,Capacitor,Capacitor,CAP CER 100nF 50V X7R 0603,,,"{""容值"": ""100nF"", ""精度"": ""±10%"", ""额定电压"": ""50V"", ""温度系数"": ""X7R""}",active,,https://www.lcsc.com/datasheet/C77055.pdf,,https://assets.lcsc.com/images/lcsc/900x900/20221231_Murata-Electronics-GRM188R71H104KA93D_C77055_front.jpg,LCSC
ULN2003D1013TR,ULN2003D1013TR,STMicroelectronics,STMicroelectronics,uln2003d1013tr,Transistor,Transistor,Seven Darlington array,,,"{""通道数"": ""七路"", ""晶体管类型"": ""BJT"", ""集射极击穿电压(Vceo)"": ""50V"", ""集电极电流(Ic)"": ""500mA""}",active,,https://www.lcsc.com/datasheet/C61273.pdf,,https://assets.lcsc.com/images/lcsc/900x900/20221230_STMicroelectronics-ULN2003D1013TR_C61273_front.jpg,LCSC
REF3030AIDBZR,REF3030AIDBZR,Texas Instruments,Texas Instruments,ref3030aidbzr,Voltage Regulator,Voltage Regulator,CMOS Voltage Reference,,,"{""输出类型"": ""固定"", ""工作电压"": ""3.05V~5.5V"", ""输出电压"": ""3V"", ""输出电流"": ""25mA""}",active,,https://www.lcsc.com/datasheet/C38423.pdf,,https://assets.lcsc.com/images/lcsc/900x900/20181219_Texas-Instruments-REF3030AIDBZR_C38423_front.jpg,LCSC
SN74LVC1T45DBVR,SN74LVC1T45DBVR,Texas Instruments,Texas Instruments,sn74lvc1t45dbvr,Interface IC,Interface IC,SINGLE-BIT DUAL-SUPPLY BUS TRANSCEIVER WITH CONFIGURABLE VOLTAGE TRANSLATION AND 3-STATE OUTPUTS,,,"{""数据速率"": ""420Mbps"", ""元件数"": ""1"", ""每个电路通道数"": ""1""}",active,,https://www.lcsc.com/datasheet/C7843.pdf,,https://assets.lcsc.com/images/lcsc/900x900/20221228_Texas-Instruments-SN74LVC1T45DBVR_C7843_front.jpg,LCSC
SN74LVC8T245PWR,SN74LVC8T245PWR,Texas Instruments,Texas Instruments,sn74lvc8t245pwr,Interface IC,Interface IC,8-BIT DUAL-SUPPLY BUS TRANSCEIVER WITH CONFIGURABLE VOLTAGE TRANSLATION AND 3-STATE OUTPUTS,,,"{""元件数"": ""1"", ""门电路数量"": ""8""}",active,,https://www.lcsc.com/datasheet/C27643.pdf,,https://assets.lcsc.com/images/lcsc/900x900/20180914_Texas-Instruments-SN74LVC8T245PWR_C27643_front.jpg,LCSC
TXS0104EPWR,TXS0104EPWR,Texas Instruments,Texas Instruments,txs0104epwr,Interface IC,Interface IC,4-Bit Bidirectional Voltage-Level Translator For Open-Drain and Push-Pull Applications,,,"{""数据速率"": ""24Mbps"", ""元件数"": ""1"", ""每个电路通道数"": ""4""}",active,,https://www.lcsc.com/datasheet/C44955.pdf,,https://assets.lcsc.com/images/lcsc/900x900/20230403_Texas-Instruments-TXS0104EPWR_C44955_front.jpg,LCSC
STM32G474RET6,STM32G474RET6,STMicroelectronics,STMicroelectronics,stm32g474ret6,Microcontroller,Microcontroller,"Arm Cortex-M4 32-bit MCU+FPU, 170 MHz / 213 DMIPS, 128 KB SRAM, rich analog, math acc, 184 ps 12 chan Hi-res timer",,,"{""CPU内核"": ""ARM Cortex-M4F"", ""CPU位数"": ""32 Bit"", ""CPU最大主频"": ""170MHz""}",active,,https://www.lcsc.com/datasheet/C521608.pdf,,https://assets.lcsc.com/images/lcsc/900x900/20230926_STMicroelectronics-STM32G474RET6_C521608_front.jpg,LCSC
TMP102AIDRLR,TMP102AIDRLR,Texas Instruments,Texas Instruments,tmp102aidrlr,Sensors,Sensors,Low-Power Digital Temperature Sensor With SMBus and Two-Wire Serial Interface,,,"{""检测温度"": ""-40℃~+125℃"", ""接口类型"": ""I2C"", ""精度"": ""±0.5℃""}",active,,https://www.lcsc.com/datasheet/C99269.pdf,,https://assets.lcsc.com/images/lcsc/900x900/20230102_Texas-Instruments-TMP102AIDRLR_C99269_front.jpg,LCSC
SN65HVD232DR,SN65HVD232DR,Texas Instruments,Texas Instruments,sn65hvd232dr,Interface IC,Interface IC,3.3-V CAN TRANSCEIVERS,,,"{""类型"": ""CAN收发器"", ""工作电压"": ""3.3V"", ""数据速率"": ""1Mbps""}",active,,https://www.lcsc.com/datasheet/C30530.pdf,,https://assets.lcsc.com/images/lcsc/900x900/20221229_Texas-Instruments-SN65HVD232DR_C30530_front.jpg,LCSC
TPS63802DLAR,TPS63802DLAR,Texas Instruments,Texas Instruments,tps63802dlar,Voltage Regulator,Voltage Regulator,"High-efficiency, low-IQ step-down/step-up converter in DFN package",,,"{""功能类型"": ""升降压型"", ""输出类型"": ""可调"", ""输出电压"": ""1.8V~5.2V"", ""输出电流"": ""2A""}",active,,https://www.lcsc.com/datasheet/C2845237.pdf,,https://assets.lcsc.com/images/lcsc/900x900/20230221_Texas-Instruments-TPS63802DLAR_C2845237_front.jpg,LCSC
TPS7A4700RGWR,TPS7A4700RGWR,Texas Instruments,Texas Instruments,tps7a4700rgwr,Voltage Regulator,Voltage Regulator,"1A, 36V, low noise, high PSRR, low dropout voltage regulator with enable function",,,"{""输出类型"": ""可调"", ""输出电压"": ""1.4V~20.5V"", ""输出极性"": ""正极""}",active,,https://www.lcsc.com/datasheet/C114839.pdf,,https://assets.lcsc.com/images/lcsc/900x900/20230102_Texas-Instruments-TPS7A4700RGWR_C114839_front.jpg,LCSC
TPS63070RNMR,TPS63070RNMR,Texas Instruments,Texas Instruments,tps63070rnmr,Voltage Regulator,Voltage Regulator,2V to 16V 3.6A Buck-Boost Converter,,,"{""功能类型"": ""升降压型"", ""输出类型"": ""可调"", ""输出电压"": ""2.5V~9V"", ""输出电流"": ""2A""}",active,,https://www.lcsc.com/datasheet/C109322.pdf,,https://assets.lcsc.com/images/lcsc/900x900/20230221_Texas-Instruments-TPS63070RNMR_C109322_front.jpg,LCSC
BQ24075RGTR,BQ24075RGTR,Texas Instruments,Texas Instruments,bq24075rgtr,Power Management IC,Power Management IC,1.5A USB-FRIENDLY Li-lon BATTERY CHARGER AND POWER-PATH MANAGEMENT IC,,,"{""工作电压"": ""4.35V~6.4V"", ""最大充电电流"": ""1.5A"", ""电池类型"": ""锂电池"", ""电池节数"": ""1""}",active,,https://www.lcsc.com/datasheet/C15464.pdf,,https://assets.lcsc.com/images/lcsc/900x900/20180914_Texas-Instruments-BQ24075RGTR_C15464_front.jpg,LCSC
TPS62933DRLR,TPS62933DRLR,Texas Instruments,Texas Instruments,tps62933drlr,Voltage Regulator,Voltage Regulator,"3.8V to 30V, 2A/3A synchronous buck converters",,,"{""功能类型"": ""降压型"", ""输出类型"": ""可调"", ""输出电压"": ""800mV~22V"", ""输出电流"": ""3A""}",active,,https://www.lcsc.com/datasheet/C3200405.pdf,,https://assets.lcsc.com/images/lcsc/900x900/20230222_Texas-Instruments-TPS62933DRLR_C3200405_front.jpg,LCSC
GRM188R61A226ME15D,GRM188R61A226ME15D,Murata Manufacturing,Murata Manufacturing,grm188r61a226me15d,Capacitor,Capacitor,CAP CER 22uF 10V X5R 0603,,,"{""容值"": ""22uF"", ""精度"": ""±20%"", ""额定电压"": ""10V"", ""温度系数"": ""X5R""}",active,,https://www.lcsc.com/datasheet/C84419.pdf,,https://assets.lcsc.com/images/lcsc/900x900/20251016_muRata-GRM188R61A226ME15D_C84419_front.jpg,LCSC
LM1117IMPX-3.3/NOPB,LM1117IMPX33NOPB,Texas Instruments,Texas Instruments,lm1117impx33nopb,Voltage Regulator,Voltage Regulator,800-mA Low-Dropout Linear Regulator,,,"{""输出类型"": ""固定"", ""输出电压"": ""3.3V"", ""输出极性"": ""正极""}",active,,https://www.lcsc.com/datasheet/C23984.pdf,,https://assets.lcsc.com/images/lcsc/900x900/20221229_Texas-Instruments-LM1117IMPX-3-3-NOPB_C23984_front.jpg,LCSC
ADS1015IDGSR,ADS1015IDGSR,Texas Instruments,Texas Instruments,ads1015idgsr,Analog IC,Analog IC,"Ultra-Small, Low-Power, I²C-Compatible, 3.3-kSPS, 12-Bit ADCs With Internal Reference, Oscillator, and Programmable Comparator",,,"{""接口类型"": ""I2C"", ""工作电压"": ""2V~5.5V""}",active,,https://www.lcsc.com/datasheet/C193969.pdf,,https://assets.lcsc.com/images/lcsc/900x900/20180914_Texas-Instruments-ADS1015IDGSR_C193969_front.jpg,LCSC
MAX3232EIPWR,MAX3232EIPWR,Texas Instruments,Texas Instruments,max3232eipwr,Interface IC,Interface IC,3V to 5.5V multi-channel RS-232 line drivers and receivers with +15kV IEC ESD protection,,,"{""类型"": ""收发器"", ""工作电压"": ""3V~5.5V"", ""数据速率"": ""250Kbps""}",active,,https://www.lcsc.com/datasheet/C406863.pdf,,https://assets.lcsc.com/images/lcsc/900x900/20230228_Texas-Instruments-MAX3232EIPWR_C406863_front.jpg,LCSC
LSM6DSOXTR,LSM6DSOXTR,STMicroelectronics,STMicroelectronics,lsm6dsoxtr,Sensors,Sensors,iNEMO inertial module: always-on 3D accelerometer and 3D gyroscope,,,{},active,,https://www.lcsc.com/datasheet/C481766.pdf,,https://assets.lcsc.com/images/lcsc/900x900/20240601_STMicroelectronics-LSM6DSOXTR_C481766_front.jpg,LCSC
L78L05ABUTR,L78L05ABUTR,STMicroelectronics,STMicroelectronics,l78l05abutr,Voltage Regulator,Voltage Regulator,0.1A Positive Voltage Regulator,,,"{""输出类型"": ""固定"", ""输出电压"": ""5V"", ""输出极性"": ""正极""}",active,,https://www.lcsc.com/datasheet/C42738.pdf,,https://assets.lcsc.com/images/lcsc/900x900/20221229_STMicroelectronics-L78L05ABUTR_C42738_front.jpg,LCSC
NCP18XH103F03RB,NCP18XH103F03RB,Murata Manufacturing,Murata Manufacturing,ncp18xh103f03rb,Resistor,Resistor,THERMISTOR NTC 10kΩ 3380K 0603,,,"{""阻值"": ""10kΩ"", ""B值(25℃/50℃)"": ""3380K"", ""电阻精度"": ""±1%"", ""功率"": ""100mW""}",active,,https://www.lcsc.com/datasheet/C13564.pdf,,https://assets.lcsc.com/images/lcsc/900x900/20250809_muRata-NCP18XH103F03RB_C13564_front.jpg,LCSC
GRM155R71H104KE14D,GRM155R71H104KE14D,Murata Manufacturing,Murata Manufacturing,grm155r71h104ke14d,Capacitor,Capacitor,CAP CER 100nF 50V X7R 0402,,,"{""容值"": ""100nF"", ""精度"": ""±10%"", ""额定电压"": ""50V"", ""温度系数"": ""X7R""}",active,,https://www.lcsc.com/datasheet/C77020.pdf,,https://assets.lcsc.com/images/lcsc/900x900/20221231_Murata-Electronics-GRM155R71H104KE14D_C77020_front.jpg,LCSC
GRM188R61A106KE69D,GRM188R61A106KE69D,Murata Manufacturing,Murata Manufacturing,grm188r61a106ke69d,Capacitor,Capacitor,CAP CER 10uF 10V X5R 0603,,,"{""容值"": ""10uF"", ""精度"": ""±10%"", ""额定电压"": ""10V"", ""温度系数"": ""X5R""}",active,,https://www.lcsc.com/datasheet/C77044.pdf,,https://assets.lcsc.com/images/lcsc/900x900/20250520_Murata-Electronics-GRM188R61A106KE69D_C77044_front.jpg,LCSC
TPS63020DSJR,TPS63020DSJR,Texas Instruments,Texas Instruments,tps63020dsjr,Voltage Regulator,Voltage Regulator,High Efficiency Single Inductor Buck-Boost Converter,,,"{""功能类型"": ""升降压型"", ""输出类型"": ""可调"", ""输出电压"": ""1.2V~5.5V"", ""输出电流"": ""3A""}",active,,https://www.lcsc.com/datasheet/C15483.pdf,,https://assets.lcsc.com/images/lcsc/900x900/20200910_Texas-Instruments-TPS63020DSJR_C15483_front.jpg,LCSC
TL431AIDBZR,TL431AIDBZR,Texas Instruments,Texas Instruments,tl431aidbzr,Voltage Regulator,Voltage Regulator,Precision Programmable Reference,,,"{""输出类型"": ""可调"", ""输出电压"": ""2.495V~36V"", ""输出电流"": ""100mA"", ""精度"": ""±1%""}",active,,https://www.lcsc.com/datasheet/C23892.pdf,,https://assets.lcsc.com/images/lcsc/900x900/20221229_Texas-Instruments-TL431AIDBZR_C23892_front.jpg,LCSC
TCA9548APWR,TCA9548APWR,Texas Instruments,Texas Instruments,tca9548apwr,Interface IC,Interface IC,Low-voltage 8-channel I²C switch with reset support,,,"{""数据速率"": ""400Kbps"", ""功能"": ""上电/复位配置"", ""工作电压"": ""1.65V~5.5V""}",active,,https://www.lcsc.com/datasheet/C130026.pdf,,https://assets.lcsc.com/images/lcsc/900x900/20230102_Texas-Instruments-TCA9548APWR_C130026_front.jpg,LCSC
MCP6002T-I/SN,MCP6002TISN,Microchip Technology,Microchip Technology,mcp6002tisn,Operational Amplifier,Operational Amplifier,"1 MHz, Low-Power Op Amp",,,"{""放大器数"": ""2"", ""共模抑制比(CMRR)"": ""76dB"", ""增益带宽积(GBW)"": ""1MHz"", ""输入偏置电流(Ib)"": ""1pA""}",active,,https://www.lcsc.com/datasheet/C7377.pdf,,https://assets.lcsc.com/images/lcsc/900x900/20221228_Microchip-Tech-MCP6002T-I-SN_C7377_front.jpg,LCSC
GRM21BR61E106KA73L,GRM21BR61E106KA73L,Murata Manufacturing,Murata Manufacturing,grm21br61e106ka73l,Capacitor,Capacitor,CAP CER 10uF 25V X5R 0805,,,"{""容值"": ""10uF"", ""精度"": ""±10%"", ""额定电压"": ""25V"", ""温度系数"": ""X5R""}",active,,https://www.lcsc.com/datasheet/C84416.pdf,,https://assets.lcsc.com/images/lcsc/900x900/20250729_muRata-GRM21BR61E106KA73L_C84416_front.jpg,LCSC
LM2596SX-5.0/NOPB,LM2596SX50NOPB,Texas Instruments,Texas Instruments,lm2596sx50nopb,Voltage Regulator,Voltage Regulator,LM2596 SIMPLE SWITCHER 3A Step-Down Voltage Regulator,,,"{""功能类型"": ""降压型"", ""输出类型"": ""固定"", ""输出电压"": ""5V"", ""输出电流"": ""3A""}",active,,https://www.lcsc.com/datasheet/C10002.pdf,,https://assets.lcsc.com/images/lcsc/900x900/20221228_Texas-Instruments-LM2596SX-5-0-NOPB_C10002_front.jpg,LCSC
INA180A1IDBVR,INA180A1IDBVR,Texas Instruments,Texas Instruments,ina180a1idbvr,Operational Amplifier,Operational Amplifier,"Low- and high-side voltage output, current-sense amplifiers",,,"{""放大器数"": ""1"", ""共模电压"": ""-200mV~26V"", ""共模抑制比(CMRR)"": ""100dB"", ""输入偏置电流(Ib)"": ""100nA""}",active,,https://www.lcsc.com/datasheet/C122228.pdf,,https://assets.lcsc.com/images/lcsc/900x900/20230101_Texas-Instruments-INA180A1IDBVR_C122228_front.jpg,LCSC
SN65HVD233DR,SN65HVD233DR,Texas Instruments,Texas Instruments,sn65hvd233dr,Interface IC,Interface IC,SN65HVD233 3.3-V CAN Bus Transceivers,,,"{""类型"": ""CAN收发器"", ""工作电压"": ""3.3V"", ""数据速率"": ""1Mbps""}",active,,https://www.lcsc.com/datasheet/C61643.pdf,,https://assets.lcsc.com/images/lcsc/900x900/20221230_Texas-Instruments-SN65HVD233DR_C61643_front.jpg,LCSC
INA180A2IDBVR,INA180A2IDBVR,Texas Instruments,Texas Instruments,ina180a2idbvr,Operational Amplifier,Operational Amplifier,"Low- and High-Side Voltage Output, Current-Sense Amplifiers",,,"{""放大器数"": ""1"", ""共模电压"": ""-200mV~26V"", ""共模抑制比(CMRR)"": ""100dB"", ""输入偏置电流(Ib)"": ""100nA""}",active,,https://www.lcsc.com/datasheet/C192764.pdf,,https://assets.lcsc.com/images/lcsc/900x900/20230108_Texas-Instruments-INA180A2IDBVR_C192764_front.jpg,LCSC
GRM1555C1H100JA01D,GRM1555C1H100JA01D,Murata Manufacturing,Murata Manufacturing,grm1555c1h100ja01d,Capacitor,Capacitor,CAP CER 10pF 50V C0G 0402,,,"{""容值"": ""10pF"", ""精度"": ""±5%"", ""额定电压"": ""50V"", ""温度系数"": ""C0G""}",active,,https://www.lcsc.com/datasheet/C76946.pdf,,https://assets.lcsc.com/images/lcsc/900x900/20221231_Murata-Electronics-GRM1555C1H100JA01D_C76946_front.jpg,LCSC
THVD1450DR,THVD1450DR,Texas Instruments,Texas Instruments,thvd1450dr,Interface IC,Interface IC,THVD14xx 3.3V to 5V RS-485 transceiver with ±18kV IEC ESD protection,,,"{""类型"": ""收发器"", ""工作电压"": ""3V~5.5V"", ""数据速率"": ""50Mbps"", ""节点数"": ""256""}",active,,https://www.lcsc.com/datasheet/C2671361.pdf,,https://assets.lcsc.com/images/lcsc/900x900/20230228_Texas-Instruments-THVD1450DR_C2671361_front.jpg,LCSC
LAN8720A-CP-TR,LAN8720ACPTR,Microchip Technology,Microchip Technology,lan8720acptr,Interface IC,Interface IC,Small Footprint RMII 10/100 Ethernet Transceiver with HP Auto-MDiX Support,,,"{""类型"": ""PHY收发器"", ""工作电压"": ""1.6V~3.6V"", ""接口类型"": ""RMII""}",active,,https://www.lcsc.com/datasheet/C45223.pdf,,https://assets.lcsc.com/images/lcsc/900x900/20250527_Microchip-Tech-LAN8720A-CP-TR_C45223_front.jpg,LCSC
LM1117MPX-3.3/NOPB,LM1117MPX33NOPB,Texas Instruments,Texas Instruments,lm1117mpx33nopb,Voltage Regulator,Voltage Regulator,800mA 15V linear regulator,,,"{""输出类型"": ""固定"", ""输出电压"": ""3.3V"", ""输出极性"": ""正极""}",active,,https://www.lcsc.com/datasheet/C9662.pdf,,https://assets.lcsc.com/images/lcsc/900x900/20221228_Texas-Instruments-LM1117MPX-3-3-NOPB_C9662_front.jpg,LCSC
LM358DR,LM358DR,Texas Instruments,Texas Instruments,lm358dr,Operational Amplifier,Operational Amplifier,Dual Operational Amplifiers,,,"{""放大器数"": ""2"", ""共模抑制比(CMRR)"": ""99dB"", ""增益带宽积(GBW)"": ""700kHz"", ""输入偏置电流(Ib)"": ""20nA""}",active,,https://www.lcsc.com/datasheet/C5423.pdf,,https://assets.lcsc.com/images/lcsc/900x900/20240112_Texas-Instruments-LM358DR_C5423_front.jpg,LCSC
GRM188R61E106KA73D,GRM188R61E106KA73D,Murata Manufacturing,Murata Manufacturing,grm188r61e106ka73d,Capacitor,Capacitor,CAP CER 10uF 25V X5R 0603,,,"{""容值"": ""10uF"", ""精度"": ""±10%"", ""额定电压"": ""25V"", ""温度系数"": ""X5R""}",active,,https://www.lcsc.com/datasheet/C344022.pdf,,https://assets.lcsc.com/images/lcsc/900x900/20181205_Murata-Electronics-GRM188R61E106KA73D_C344022_front.jpg,LCSC
GRM188R6YA106MA73D,GRM188R6YA106MA73D,Murata Manufacturing,Murata Manufacturing,grm188r6ya106ma73d,Capacitor,Capacitor,CAP CER 10uF 35V X5R 0603,,,"{""容值"": ""10uF"", ""精度"": ""±20%"", ""额定电压"": ""35V"", ""温度系数"": ""X5R""}",active,,https://www.lcsc.com/datasheet/C194427.pdf,,https://assets.lcsc.com/images/lcsc/900x900/20210126_Murata-Electronics-GRM188R6YA106MA73D_C194427_front.jpg,LCSC
TLV3201AIDBVR,TLV3201AIDBVR,Texas Instruments,Texas Instruments,tlv3201aidbvr,Operational Amplifier,Operational Amplifier,"Micro-power, push-pull output comparator",,,"{""放大器数"": ""单路"", ""输入失调电压(Vos)"": ""1mV"", ""静态电流(Iq)"": ""40uA"", ""轨到轨"": ""轨到轨输入""}",active,,https://www.lcsc.com/datasheet/C105188.pdf,,https://assets.lcsc.com/images/lcsc/900x900/20230102_Texas-Instruments-TLV3201AIDBVR_C105188_front.jpg,LCSC
LSM6DSVTR,LSM6DSVTR,STMicroelectronics,STMicroelectronics,lsm6dsvtr,Sensors,Sensors,"LSM6DSV: High-end Low-noise, Low-power, 6-axis Miniature IMU",,,{},active,,https://www.lcsc.com/datasheet/C5267399.pdf,,https://assets.lcsc.com/images/lcsc/900x900/20230728_STMicroelectronics-LSM6DSVTR_C5267399_front.jpg,LCSC
BQ25798RQMR,BQ25798RQMR,Texas Instruments,Texas Instruments,bq25798rqmr,Power Management IC,Power Management IC,"IC control with dual-input selector, 1-cell to 4-cell, buck/boost battery charger for MPPT of solar panels and fast backup mode",,,"{""工作电压"": ""3.6V~24V"", ""最大充电电流"": ""5A"", ""电池类型"": ""锂电池"", ""电池节数"": ""1~4""}",active,,https://www.lcsc.com/datasheet/C2876593.pdf,,https://assets.lcsc.com/images/lcsc/900x900/20260605_TI-BQ25798RQMR_C2876593_front.jpg,LCSC
SN74LVC1G14DBVR,SN74LVC1G14DBVR,Texas Instruments,Texas Instruments,sn74lvc1g14dbvr,Logic IC,Logic IC,Single Schmitt-Trigger Inverter,,,"{""输入类型"": ""施密特触发器"", ""工作电压"": ""1.65V~5.5V"", ""静态电流(Iq)"": ""10uA"", ""通道数"": ""1""}",active,,https://www.lcsc.com/datasheet/C7835.pdf,,https://assets.lcsc.com/images/lcsc/900x900/20221228_Texas-Instruments-SN74LVC1G14DBVR_C7835_front.jpg,LCSC
GRM21BR60J107ME15L,GRM21BR60J107ME15L,Murata Manufacturing,Murata Manufacturing,grm21br60j107me15l,Capacitor,Capacitor,CAP CER 100uF 6.3V X5R 0805,,,"{""容值"": ""100uF"", ""精度"": ""±20%"", ""额定电压"": ""6.3V"", ""温度系数"": ""X5R""}",active,,https://www.lcsc.com/datasheet/C141660.pdf,,https://assets.lcsc.com/images/lcsc/900x900/20180914_Murata-Electronics-GRM21BR60J107ME15L_C141660_front.jpg,LCSC
MCP2551-I/SN,MCP2551ISN,Microchip Technology,Microchip Technology,mcp2551isn,Interface IC,Interface IC,High-Speed CAN Transceiver,,,"{""类型"": ""CAN收发器"", ""工作电压"": ""5V"", ""数据速率"": ""1Mbps""}",active,,https://www.lcsc.com/datasheet/C7376.pdf,,https://assets.lcsc.com/images/lcsc/900x900/20221228_Microchip-Tech-MCP2551-I-SN_C7376_front.jpg,LCSC
LD1117S33CTR,LD1117S33CTR,STMicroelectronics,STMicroelectronics,ld1117s33ctr,Voltage Regulator,Voltage Regulator,Adjustable and Fixed Low Dropout Positive Voltage Regulators,,,"{""输出类型"": ""固定"", ""输出电压"": ""3.3V"", ""输出极性"": ""正极""}",active,,https://www.lcsc.com/datasheet/C35879.pdf,,https://assets.lcsc.com/images/lcsc/900x900/20190713_STMicroelectronics-LD1117S33CTR_C35879_front.jpg,LCSC
TMP117AIDRVR,TMP117AIDRVR,Texas Instruments,Texas Instruments,tmp117aidrvr,Sensors,Sensors,"High-Accuracy, Low-Power, Digital Temperature Sensor With SMBus- and I2C-Compatible Interface",,,"{""检测温度"": ""-55℃~+150℃"", ""精度"": ""±0.1℃""}",active,,https://www.lcsc.com/datasheet/C699536.pdf,,https://assets.lcsc.com/images/lcsc/900x900/20230131_Texas-Instruments-TMP117AIDRVR_C699536_front.jpg,LCSC
ATMEGA2560-16AU,ATMEGA256016AU,Microchip Technology,Microchip Technology,atmega256016au,Microcontroller,Microcontroller,8-bit Microcontroller with In-System Programmable Flash,,,"{""CPU内核"": ""AVR"", ""CPU位数"": ""8 Bit"", ""CPU最大主频"": ""16MHz""}",active,,https://www.lcsc.com/datasheet/C22460.pdf,,https://assets.lcsc.com/images/lcsc/900x900/20230905_Microchip-Tech-ATMEGA2560-16AU_C22460_front.jpg,LCSC
LDL1117S33R,LDL1117S33R,STMicroelectronics,STMicroelectronics,ldl1117s33r,Voltage Regulator,Voltage Regulator,1.2 A high PSRR low-dropout linear voltage regulator,,,"{""输出类型"": ""固定"", ""输出电压"": ""3.3V"", ""输出极性"": ""正极""}",active,,https://www.lcsc.com/datasheet/C435835.pdf,,https://assets.lcsc.com/images/lcsc/900x900/20230108_STMicroelectronics-LDL1117S33R_C435835_front.jpg,LCSC
TLV75733PDBVR,TLV75733PDBVR,Texas Instruments,Texas Instruments,tlv75733pdbvr,Voltage Regulator,Voltage Regulator,"1A, low IQ, high precision, low dropout voltage regulator with enable function",,,"{""输出类型"": ""固定"", ""输出电压"": ""3.3V"", ""输出极性"": ""正极""}",active,,https://www.lcsc.com/datasheet/C485517.pdf,,https://assets.lcsc.com/images/lcsc/900x900/20230119_Texas-Instruments-TLV75733PDBVR_C485517_front.jpg,LCSC
BLM15PD121SN1D,BLM15PD121SN1D,Murata Manufacturing,Murata Manufacturing,blm15pd121sn1d,Inductor,Inductor,FERRITE BEAD 120Ω 0402 1LN,,,"{""线路数"": ""1"", ""阻抗@频率"": ""120Ω@100MHz"", ""误差"": ""±25%"", ""直流电阻(DCR)"": ""90mΩ""}",active,,https://www.lcsc.com/datasheet/C76891.pdf,,https://assets.lcsc.com/images/lcsc/900x900/20221231_Murata-Electronics-BLM15PD121SN1D_C76891_front.jpg,LCSC
USB2514BI-AEZG-TR,USB2514BIAEZGTR,Microchip Technology,Microchip Technology,usb2514biaezgtr,USB Connectors,USB Connectors,USB 2.0 Hi-Speed Hub Controller,,,"{""串口通道数"": ""4"", ""数据速率"": ""480Mbps""}",active,,https://www.lcsc.com/datasheet/C58940.pdf,,https://assets.lcsc.com/images/lcsc/900x900/20230324_Microchip-Tech-USB2514BI-AEZG-TR_C58940_front.jpg,LCSC
LAN8742A-CZ-TR,LAN8742ACZTR,Microchip Technology,Microchip Technology,lan8742acztr,Interface IC,Interface IC,Small Footprint RMII 10/100 Ethernet Transceiver with HP,,,"{""类型"": ""以太网收发器"", ""工作电压"": ""1.8V~3.3V"", ""接口类型"": ""RMII""}",active,,https://www.lcsc.com/datasheet/C621424.pdf,,https://assets.lcsc.com/images/lcsc/900x900/20230202_Microchip-Tech-LAN8742A-CZ-TR_C621424_front.jpg,LCSC
TXS0102DCUR,TXS0102DCUR,Texas Instruments,Texas Instruments,txs0102dcur,Interface IC,Interface IC,Two-channel bidirectional voltage level converter without direction control signal,,,"{""数据速率"": ""24Mbps"", ""元件数"": ""1"", ""每个电路通道数"": ""2""}",active,,https://www.lcsc.com/datasheet/C53434.pdf,,https://assets.lcsc.com/images/lcsc/900x900/20221230_Texas-Instruments-TXS0102DCUR_C53434_front.jpg,LCSC
USBLC6-2SC6,USBLC62SC6,STMicroelectronics,STMicroelectronics,usblc62sc6,Diode,Diode,ESD DIODE 5.25VWM 17VC SOT-23-6L,,,"{""极性"": ""单向"", ""钳位电压"": ""17V"", ""反向截止电压(Vrwm)"": ""5.25V"", ""击穿电压(VBR)"": ""6V""}",active,,https://www.lcsc.com/datasheet/C7519.pdf,,https://assets.lcsc.com/images/lcsc/900x900/20221228_STMicroelectronics-USBLC6-2SC6_C7519_front.jpg,LCSC
TXB0102DCUR,TXB0102DCUR,Texas Instruments,Texas Instruments,txb0102dcur,Interface IC,Interface IC,2-Bit Bidirectional Voltage-Level Translator With Auto Direction Sensing and ±15-kV ESD Protection,,,"{""数据速率"": ""100Mbps"", ""元件数"": ""1"", ""每个电路通道数"": ""2""}",active,,https://www.lcsc.com/datasheet/C60709.pdf,,https://assets.lcsc.com/images/lcsc/900x900/20221230_Texas-Instruments-TXB0102DCUR_C60709_front.jpg,LCSC
LAN8742AI-CZ-TR,LAN8742AICZTR,Microchip Technology,Microchip Technology,lan8742aicztr,Interface IC,Interface IC,Small Footprint RMII 10/100 Ethernet Transceiver with HP,,,"{""工作电压"": ""1.8V~3.3V"", ""灌电流(IOL)"": ""12mA"", ""拉电流(IOH)"": ""12mA"", ""输入类型"": ""施密特触发器""}",active,,https://www.lcsc.com/datasheet/C621425.pdf,,https://assets.lcsc.com/images/lcsc/900x900/20230202_Microchip-Tech-LAN8742AI-CZ-TR_C621425_front.jpg,LCSC
TLV75533PDBVR,TLV75533PDBVR,Texas Instruments,Texas Instruments,tlv75533pdbvr,Voltage Regulator,Voltage Regulator,"500mA, high PSRR, low IQ, low-dropout regulator with enable functionality",,,"{""输出类型"": ""固定"", ""输出电压"": ""3.3V"", ""输出极性"": ""正极""}",active,,https://www.lcsc.com/datasheet/C404027.pdf,,https://assets.lcsc.com/images/lcsc/900x900/20230115_Texas-Instruments-TLV75533PDBVR_C404027_front.jpg,LCSC
TXS0102DCTR,TXS0102DCTR,Texas Instruments,Texas Instruments,txs0102dctr,Interface IC,Interface IC,2-Bit Bidirectional Voltage-Level Translator for Open-Drain and Push-Pull Applications,,,"{""数据速率"": ""24Mbps"", ""元件数"": ""1"", ""每个电路通道数"": ""2""}",active,,https://www.lcsc.com/datasheet/C324082.pdf,,https://assets.lcsc.com/images/lcsc/900x900/20230109_Texas-Instruments-TXS0102DCTR_C324082_front.jpg,LCSC
TPS63900DSKR,TPS63900DSKR,Texas Instruments,Texas Instruments,tps63900dskr,Voltage Regulator,Voltage Regulator,1.8-V to 5.5-V Buck-boost Converter with Input Current Limit and DVS,,,"{""功能类型"": ""升降压型"", ""输出类型"": ""可调"", ""输出电压"": ""1.8V~5V"", ""输出电流"": ""400mA""}",active,,https://www.lcsc.com/datasheet/C1518762.pdf,,https://assets.lcsc.com/images/lcsc/900x900/20240905_Texas-Instruments-TPS63900DSKR_C1518762_front.jpg,LCSC
GRM1555C1H101JA01D,GRM1555C1H101JA01D,Murata Manufacturing,Murata Manufacturing,grm1555c1h101ja01d,Capacitor,Capacitor,CAP CER 100pF 50V C0G 0402,,,"{""容值"": ""100pF"", ""精度"": ""±5%"", ""额定电压"": ""50V"", ""温度系数"": ""C0G""}",active,,https://www.lcsc.com/datasheet/C77177.pdf,,https://assets.lcsc.com/images/lcsc/900x900/20250927_muRata-GRM1555C1H101JA01D_C77177_front.jpg,LCSC
PCM5102APWR,PCM5102APWR,Texas Instruments,Texas Instruments,pcm5102apwr,Analog IC,Analog IC,"Audio stereo DAC with PLL and 32-bit, 384kHz PCM interface",,,"{""工作电压"": ""1.8V~3.3V"", ""通道数"": ""2"", ""接口类型"": ""I2S""}",active,,https://www.lcsc.com/datasheet/C107671.pdf,,https://assets.lcsc.com/images/lcsc/900x900/20230102_Texas-Instruments-PCM5102APWR_C107671_front.jpg,LCSC
GRM32ER71H106KA12L,GRM32ER71H106KA12L,Murata Manufacturing,Murata Manufacturing,grm32er71h106ka12l,Capacitor,Capacitor,CAP CER 10uF 50V X7R 1210,,,"{""容值"": ""10uF"", ""精度"": ""±10%"", ""额定电压"": ""50V"", ""温度系数"": ""X7R""}",active,,https://www.lcsc.com/datasheet/C77102.pdf,,https://assets.lcsc.com/images/lcsc/900x900/20251016_muRata-GRM32ER71H106KA12L_C77102_front.jpg,LCSC
P82B715DR,P82B715DR,Texas Instruments,Texas Instruments,p82b715dr,Interface IC,Interface IC,I²C Bus Extender,,,"{""类型"": ""缓冲器"", ""输入类型"": ""2线式总线"", ""通道数"": ""2""}",active,,https://www.lcsc.com/datasheet/C2649394.pdf,,https://assets.lcsc.com/images/lcsc/900x900/20230228_Texas-Instruments-P82B715DR_C2649394_front.jpg,LCSC
BLM18PG121SN1D,BLM18PG121SN1D,Murata Manufacturing,Murata Manufacturing,blm18pg121sn1d,Inductor,Inductor,FERRITE BEAD 120Ω 0603 1LN,,,"{""线路数"": ""1"", ""阻抗@频率"": ""120Ω@100MHz"", ""误差"": ""±25%"", ""直流电阻(DCR)"": ""50mΩ""}",active,,https://www.lcsc.com/datasheet/C14709.pdf,,https://assets.lcsc.com/images/lcsc/900x900/20221228_Murata-Electronics-BLM18PG121SN1D_C14709_front.jpg,LCSC
L5973D013TR,L5973D013TR,STMicroelectronics,STMicroelectronics,l5973d013tr,Voltage Regulator,Voltage Regulator,2.5 A switch step down switching regulator,,,"{""功能类型"": ""降压型"", ""输出类型"": ""可调"", ""输出电压"": ""1.235V~35V"", ""输出电流"": ""2.5A""}",active,,https://www.lcsc.com/datasheet/C54619.pdf,,https://assets.lcsc.com/images/lcsc/900x900/20221230_STMicroelectronics-L5973D013TR_C54619_front.jpg,LCSC
TPS22810DRVR,TPS22810DRVR,Texas Instruments,Texas Instruments,tps22810drvr,Switches,Switches,"2.7 - 18 - V, On - Resistance Load Switch With Thermal Protection",,,"{""类型"": ""负载开关"", ""通道数"": ""1"", ""输入控制逻辑"": ""高电平有效"", ""最大连续电流"": ""3A""}",active,,https://www.lcsc.com/datasheet/C527679.pdf,,https://assets.lcsc.com/images/lcsc/900x900/20230104_Texas-Instruments-TPS22810DRVR_C527679_front.jpg,LCSC
DP83848IVVX/NOPB,DP83848IVVXNOPB,Texas Instruments,Texas Instruments,dp83848ivvxnopb,Interface IC,Interface IC,Single Port 10/100 Mb/s Ethernet Physical Layer Transceiver,,,"{""类型"": ""PHY收发器"", ""工作电压"": ""3.3V""}",active,,https://www.lcsc.com/datasheet/C12082.pdf,,https://assets.lcsc.com/images/lcsc/900x900/20221228_Texas-Instruments-DP83848IVVX-NOPB_C12082_front.jpg,LCSC
MC33063ADR,MC33063ADR,Texas Instruments,Texas Instruments,mc33063adr,Voltage Regulator,Voltage Regulator,1.5-A Peak Boost/Buck/lnverting Switching Regulators,,,"{""输出类型"": ""可调"", ""输出电流"": ""1.5A"", ""开关频率"": ""100kHz""}",active,,https://www.lcsc.com/datasheet/C127837.pdf,,https://assets.lcsc.com/images/lcsc/900x900/20230102_Texas-Instruments-MC33063ADR_C127837_front.jpg,LCSC
LM317MDT-TR,LM317MDTTR,STMicroelectronics,STMicroelectronics,lm317mdttr,Voltage Regulator,Voltage Regulator,Medium current 1.2 to 37 V adjustable voltage regulator,,,"{""输出类型"": ""可调"", ""输出电压"": ""1.2V~37V"", ""输出极性"": ""正极""}",active,,https://www.lcsc.com/datasheet/C68136.pdf,,https://assets.lcsc.com/images/lcsc/900x900/20221230_STMicroelectronics-LM317MDT-TR_C68136_front.jpg,LCSC
LMV321IDBVR,LMV321IDBVR,Texas Instruments,Texas Instruments,lmv321idbvr,Operational Amplifier,Operational Amplifier,Low-Voltage Rail-to-Rail Output Operational Amplifiers,,,"{""放大器数"": ""1"", ""共模抑制比(CMRR)"": ""63dB"", ""增益带宽积(GBW)"": ""1MHz"", ""输入偏置电流(Ib)"": ""11nA""}",active,,https://www.lcsc.com/datasheet/C7972.pdf,,https://assets.lcsc.com/images/lcsc/900x900/20221228_Texas-Instruments-LMV321IDBVR_C7972_front.jpg,LCSC
BLM31PG121SN1L,BLM31PG121SN1L,Murata Manufacturing,Murata Manufacturing,blm31pg121sn1l,Inductor,Inductor,FERRITE BEAD 120Ω 1206 1LN,,,"{""线路数"": ""1"", ""阻抗@频率"": ""120Ω@100MHz"", ""误差"": ""±25%"", ""直流电阻(DCR)"": ""20mΩ""}",active,,https://www.lcsc.com/datasheet/C85841.pdf,,https://assets.lcsc.com/images/lcsc/900x900/20221231_Murata-Electronics-BLM31PG121SN1L_C85841_front.jpg,LCSC
BLM18KG601SN1D,BLM18KG601SN1D,Murata Manufacturing,Murata Manufacturing,blm18kg601sn1d,Inductor,Inductor,FERRITE BEAD 600Ω 0603 1LN,,,"{""线路数"": ""1"", ""阻抗@频率"": ""600Ω@100MHz"", ""误差"": ""±25%"", ""直流电阻(DCR)"": ""150mΩ""}",active,,https://www.lcsc.com/datasheet/C85833.pdf,,https://assets.lcsc.com/images/lcsc/900x900/20221231_Murata-Electronics-BLM18KG601SN1D_C85833_front.jpg,LCSC
INA3221AIRGVR,INA3221AIRGVR,Texas Instruments,Texas Instruments,ina3221airgvr,Operational Amplifier,Operational Amplifier,"Triple-Channel, High-Side Measurement, Shunt and Bus Voltage Monitor with I²C- and SMBUS-Compatible Interface",,,"{""放大器数"": ""3"", ""共模电压"": ""-300mV~26V"", ""输入失调电压(Vos)"": ""500nV"", ""输入偏置电流(Ib)"": ""10uA""}",active,,https://www.lcsc.com/datasheet/C181255.pdf,,https://assets.lcsc.com/images/lcsc/900x900/20230110_Texas-Instruments-INA3221AIRGVR_C181255_front.jpg,LCSC
STM32H723VGT6,STM32H723VGT6,STMicroelectronics,STMicroelectronics,stm32h723vgt6,Microcontroller,Microcontroller,"564 KB RAM, 35 comms peripherals and analog interfaces",,,"{""CPU内核"": ""ARM Cortex-M7"", ""CPU位数"": ""32 Bit"", ""CPU最大主频"": ""550MHz""}",active,,https://www.lcsc.com/datasheet/C730142.pdf,,https://assets.lcsc.com/images/lcsc/900x900/20230815_STMicroelectronics-STM32H723VGT6_C730142_front.jpg,LCSC
GRM188Z71A106KA73D,GRM188Z71A106KA73D,Murata Manufacturing,Murata Manufacturing,grm188z71a106ka73d,Capacitor,Capacitor,CAP CER 10uF 10V X7R 0603,,,"{""容值"": ""10uF"", ""精度"": ""±10%"", ""额定电压"": ""10V"", ""温度系数"": ""X7R""}",active,,https://www.lcsc.com/datasheet/C2959727.pdf,,https://assets.lcsc.com/images/lcsc/900x900/20230122_Murata-Electronics-GRM188Z71A106KA73D_C2959727_front.jpg,LCSC
BLM18AG601SN1D,BLM18AG601SN1D,Murata Manufacturing,Murata Manufacturing,blm18ag601sn1d,Inductor,Inductor,FERRITE BEAD 600Ω 0603 1LN,,,"{""线路数"": ""1"", ""阻抗@频率"": ""600Ω@100MHz"", ""误差"": ""±25%"", ""直流电阻(DCR)"": ""380mΩ""}",active,,https://www.lcsc.com/datasheet/C19330.pdf,,https://assets.lcsc.com/images/lcsc/900x900/20250520_Murata-Electronics-BLM18AG601SN1D_C19330_front.jpg,LCSC
SN74LVC2T45DCUR,SN74LVC2T45DCUR,Texas Instruments,Texas Instruments,sn74lvc2t45dcur,Interface IC,Interface IC,Dual-bit dual-supply bus transceiver with configurable voltage translation and 3-state outputs,,,"{""工作电压"": ""1.65V~5.5V"", ""静态电流(Iq)"": ""10uA"", ""元件数"": ""2""}",active,,https://www.lcsc.com/datasheet/C15741.pdf,,https://assets.lcsc.com/images/lcsc/900x900/20260522_TI-SN74LVC2T45DCUR_C15741_front.jpg,LCSC
NE5532DR,NE5532DR,Texas Instruments,Texas Instruments,ne5532dr,Operational Amplifier,Operational Amplifier,Dual Low-Noise Operational Amplifiers,,,"{""放大器数"": ""2"", ""共模抑制比(CMRR)"": ""100dB"", ""增益带宽积(GBW)"": ""10MHz"", ""输入偏置电流(Ib)"": ""1uA""}",active,,https://www.lcsc.com/datasheet/C7426.pdf,,https://assets.lcsc.com/images/lcsc/900x900/20221228_Texas-Instruments-NE5532DR_C7426_front.jpg,LCSC
LM339DR,LM339DR,Texas Instruments,Texas Instruments,lm339dr,Operational Amplifier,Operational Amplifier,QUAD DIFFERENTIAL COMPARATORS,,,"{""放大器数"": ""四路"", ""输入失调电压(Vos)"": ""2mV"", ""静态电流(Iq)"": ""800uA"", ""轨到轨"": ""轨到轨输入,轨到轨输出""}",active,,https://www.lcsc.com/datasheet/C7948.pdf,,https://assets.lcsc.com/images/lcsc/900x900/20260622_TI-LM339DR_C7948_front.jpg,LCSC
BLM15AG601SN1D,BLM15AG601SN1D,Murata Manufacturing,Murata Manufacturing,blm15ag601sn1d,Inductor,Inductor,FERRITE BEAD 600Ω 0402 1LN,,,"{""线路数"": ""1"", ""阻抗@频率"": ""600Ω@100MHz"", ""误差"": ""±25%"", ""直流电阻(DCR)"": ""520mΩ""}",active,,https://www.lcsc.com/datasheet/C76884.pdf,,https://assets.lcsc.com/images/lcsc/900x900/20250911_muRata-BLM15AG601SN1D_C76884_front.jpg,LCSC
BLM18KG121TN1D,BLM18KG121TN1D,Murata Manufacturing,Murata Manufacturing,blm18kg121tn1d,Inductor,Inductor,FERRITE BEAD 120Ω 0603 1LN,,,"{""线路数"": ""1"", ""阻抗@频率"": ""120Ω@100MHz"", ""误差"": ""±25%"", ""直流电阻(DCR)"": ""30mΩ""}",active,,https://www.lcsc.com/datasheet/C85831.pdf,,https://assets.lcsc.com/images/lcsc/900x900/20221231_Murata-Electronics-BLM18KG121TN1D_C85831_front.jpg,LCSC
LM317AEMPX/NOPB,LM317AEMPXNOPB,Texas Instruments,Texas Instruments,lm317aempxnopb,Voltage Regulator,Voltage Regulator,"1.5A, 40V, high precision, adjustable linear regulator",,,"{""输出类型"": ""可调"", ""输出电压"": ""1.25V~37V"", ""输出极性"": ""正极""}",active,,https://www.lcsc.com/datasheet/C68487.pdf,,https://assets.lcsc.com/images/lcsc/900x900/20221230_Texas-Instruments-LM317AEMPX-NOPB_C68487_front.jpg,LCSC
BLM18AG102SN1D,BLM18AG102SN1D,Murata Manufacturing,Murata Manufacturing,blm18ag102sn1d,Inductor,Inductor,FERRITE BEAD 1kΩ 0603 1LN,,,"{""线路数"": ""1"", ""阻抗@频率"": ""1kΩ@100MHz"", ""误差"": ""±25%"", ""直流电阻(DCR)"": ""500mΩ""}",active,,https://www.lcsc.com/datasheet/C85824.pdf,,https://assets.lcsc.com/images/lcsc/900x900/20221231_Murata-Electronics-BLM18AG102SN1D_C85824_front.jpg,LCSC
MAX3232CDR,MAX3232CDR,Texas Instruments,Texas Instruments,max3232cdr,Interface IC,Interface IC,3-V to 5.5-V Multichannel RS-232 Line Driver/Receiver With ±15-kV ESD Protection,,,"{""类型"": ""收发器"", ""工作电压"": ""3.3V~5.5V"", ""数据速率"": ""250Kbps""}",active,,https://www.lcsc.com/datasheet/C45843.pdf,,https://assets.lcsc.com/images/lcsc/900x900/20221230_Texas-Instruments-MAX3232CDR_C45843_front.jpg,LCSC
SN74LVC1G17DCKR,SN74LVC1G17DCKR,Texas Instruments,Texas Instruments,sn74lvc1g17dckr,Interface IC,Interface IC,Single Schmitt-Trigger Buffer,,,"{""输入类型"": ""施密特触发器"", ""工作电压"": ""1.65V~5.5V"", ""元件数"": ""1"", ""每个元件位数"": ""1""}",active,,https://www.lcsc.com/datasheet/C10425.pdf,,https://assets.lcsc.com/images/lcsc/900x900/20180914_Texas-Instruments-SN74LVC1G17DCKR_C10425_front.jpg,LCSC
GRM21BR71H105KA12L,GRM21BR71H105KA12L,Murata Manufacturing,Murata Manufacturing,grm21br71h105ka12l,Capacitor,Capacitor,CAP CER 1uF 50V X7R 0805,,,"{""容值"": ""1uF"", ""精度"": ""±10%"", ""额定电压"": ""50V"", ""温度系数"": ""X7R""}",active,,https://www.lcsc.com/datasheet/C77083.pdf,,https://assets.lcsc.com/images/lcsc/900x900/20221231_Murata-Electronics-GRM21BR71H105KA12L_C77083_front.jpg,LCSC
ISO1540DR,ISO1540DR,Texas Instruments,Texas Instruments,iso1540dr,Interface IC,Interface IC,ISO154x Low-Power Bidirectional I²C Isolators,,,"{""CMTI(kV/us)"": ""50kV/us""}",active,,https://www.lcsc.com/datasheet/C179739.pdf,,https://assets.lcsc.com/images/lcsc/900x900/20180914_Texas-Instruments-ISO1540DR_C179739_front.jpg,LCSC
TPS61023DRLR,TPS61023DRLR,Texas Instruments,Texas Instruments,tps61023drlr,Voltage Regulator,Voltage Regulator,3.7A boost converter with an ultra-low input voltage of 0.5V,,,"{""功能类型"": ""升压型"", ""输出类型"": ""可调"", ""输出电压"": ""2.2V~5.5V"", ""输出电流"": ""3A""}",active,,https://www.lcsc.com/datasheet/C919459.pdf,,https://assets.lcsc.com/images/lcsc/900x900/20230130_Texas-Instruments-TPS61023DRLR_C919459_front.jpg,LCSC
LSM6DSV16XTR,LSM6DSV16XTR,STMicroelectronics,STMicroelectronics,lsm6dsv16xtr,Sensors,Sensors,"6-axis inertial measurement unit (IMU) and Al sensor with embedded sensor fusion, Qvar for high-end applications",,,{},active,,https://www.lcsc.com/datasheet/C5267406.pdf,,https://assets.lcsc.com/images/lcsc/900x900/20231007_STMicroelectronics-LSM6DSV16XTR_C5267406_front.jpg,LCSC
TPS70933DBVR,TPS70933DBVR,Texas Instruments,Texas Instruments,tps70933dbvr,Voltage Regulator,Voltage Regulator,"150mA, 30V ultra-low IQ, low-dropout regulator with reverse current protection and enable function",,,"{""输出类型"": ""固定"", ""输出电压"": ""3.3V"", ""输出极性"": ""正极""}",active,,https://www.lcsc.com/datasheet/C89347.pdf,,https://assets.lcsc.com/images/lcsc/900x900/20221231_Texas-Instruments-TPS70933DBVR_C89347_front.jpg,LCSC
SN74LVC1G3157DCKR,SN74LVC1G3157DCKR,Texas Instruments,Texas Instruments,sn74lvc1g3157dckr,Switches,Switches,SINGLE-POLE DOUBLE-THROW ANALOG SWITCH,,,"{""通道数"": ""1"", ""工作电压"": ""1.65V~5.5V"", ""导通电阻(Ron)"": ""6Ω""}",active,,https://www.lcsc.com/datasheet/C38663.pdf,,https://assets.lcsc.com/images/lcsc/900x900/20241227_Texas-Instruments-SN74LVC1G3157DCKR_C38663_front.jpg,LCSC
SN74LVC2G17DCKR,SN74LVC2G17DCKR,Texas Instruments,Texas Instruments,sn74lvc2g17dckr,Interface IC,Interface IC,Dual Schmitt-Trigger Buffer,,,"{""输入类型"": ""施密特触发器"", ""工作电压"": ""1.65V~5.5V"", ""元件数"": ""2"", ""每个元件位数"": ""1""}",active,,https://www.lcsc.com/datasheet/C50714.pdf,,https://assets.lcsc.com/images/lcsc/900x900/20221230_Texas-Instruments-SN74LVC2G17DCKR_C50714_front.jpg,LCSC
TLV76733DRVR,TLV76733DRVR,Texas Instruments,Texas Instruments,tlv76733drvr,Voltage Regulator,Voltage Regulator,"1A, 16V positive voltage low dropout (LDO) linear regulator with adjustable and fixed output",,,"{""输出类型"": ""固定"", ""输出电压"": ""3.3V"", ""输出极性"": ""正极""}",active,,https://www.lcsc.com/datasheet/C2848334.pdf,,https://assets.lcsc.com/images/lcsc/900x900/20230703_Texas-Instruments-TLV76733DRVR_C2848334_front.jpg,LCSC
STM32F446RET6,STM32F446RET6,STMicroelectronics,STMicroelectronics,stm32f446ret6,Microcontroller,Microcontroller,"ARM Cortex-M4 32b MCU+FPU, 225DMIPS, up to 512kB Flash/128+4KB RAM, USB OTG HS/FS, 17 TIMs, 3 ADCs, 20 comm. interfaces",,,"{""CPU内核"": ""ARM Cortex-M4"", ""CPU位数"": ""32 Bit"", ""CPU最大主频"": ""180MHz""}",active,,https://www.lcsc.com/datasheet/C69336.pdf,,https://assets.lcsc.com/images/lcsc/900x900/20221230_STMicroelectronics-STM32F446RET6_C69336_front.jpg,LCSC
TPS54302DDCR,TPS54302DDCR,Texas Instruments,Texas Instruments,tps54302ddcr,Voltage Regulator,Voltage Regulator,"4.5-V to 28-V Input, 3-A Output, EMI-Friendly Synchronous Step-Down Converter",,,"{""功能类型"": ""降压型"", ""输出类型"": ""可调"", ""输出电流"": ""3A"", ""开关频率"": ""400kHz""}",active,,https://www.lcsc.com/datasheet/C311983.pdf,,https://assets.lcsc.com/images/lcsc/900x900/20181020_Texas-Instruments-TPS54302DDCR_C311983_front.jpg,LCSC
GRM31C5C1H104JA01L,GRM31C5C1H104JA01L,Murata Manufacturing,Murata Manufacturing,grm31c5c1h104ja01l,Capacitor,Capacitor,CAP CER 100nF 50V C0G 1206,,,"{""容值"": ""100nF"", ""精度"": ""±5%"", ""额定电压"": ""50V"", ""温度系数"": ""C0G""}",active,,https://www.lcsc.com/datasheet/C97946.pdf,,https://assets.lcsc.com/images/lcsc/900x900/20221231_Murata-Electronics-GRM31C5C1H104JA01L_C97946_front.jpg,LCSC
TLC555CDR,TLC555CDR,Texas Instruments,Texas Instruments,tlc555cdr,Logic IC,Logic IC,Single-chip timing circuit,,,{},active,,https://www.lcsc.com/datasheet/C6986.pdf,,https://assets.lcsc.com/images/lcsc/900x900/20230228_Texas-Instruments-TLC555CDR_C6986_front.jpg,LCSC
SN74LVC1G08DBVR,SN74LVC1G08DBVR,Texas Instruments,Texas Instruments,sn74lvc1g08dbvr,Logic IC,Logic IC,Single 2-Input Positive-AND Gate,,,"{""工作电压"": ""1.65V~5.5V"", ""静态电流(Iq)"": ""10uA"", ""传播延迟(tpd)"": ""4ns@5V,50pF""}",active,,https://www.lcsc.com/datasheet/C7666.pdf,,https://assets.lcsc.com/images/lcsc/900x900/20221228_Texas-Instruments-SN74LVC1G08DBVR_C7666_front.jpg,LCSC
GRM21BR61A476ME15L,GRM21BR61A476ME15L,Murata Manufacturing,Murata Manufacturing,grm21br61a476me15l,Capacitor,Capacitor,CAP CER 47uF 10V X5R 0805,,,"{""容值"": ""47uF"", ""精度"": ""±20%"", ""额定电压"": ""10V"", ""温度系数"": ""X5R""}",active,,https://www.lcsc.com/datasheet/C124129.pdf,,https://assets.lcsc.com/images/lcsc/900x900/20190426_Murata-Electronics-GRM21BR61A476ME15L_C124129_front.jpg,LCSC
TL072CDR,TL072CDR,Texas Instruments,Texas Instruments,tl072cdr,Operational Amplifier,Operational Amplifier,Low-Noise JFET-Input Operational Amplifiers,,,"{""放大器数"": ""双路"", ""共模抑制比(CMRR)"": ""80dB"", ""增益带宽积(GBW)"": ""3MHz"", ""输入偏置电流(Ib)"": ""65pA""}",active,,https://www.lcsc.com/datasheet/C67473.pdf,,https://assets.lcsc.com/images/lcsc/900x900/20221230_Texas-Instruments-TL072CDR_C67473_front.jpg,LCSC
BLM18EG221SN1D,BLM18EG221SN1D,Murata Manufacturing,Murata Manufacturing,blm18eg221sn1d,Inductor,Inductor,FERRITE BEAD 220Ω 0603 1LN,,,"{""线路数"": ""1"", ""阻抗@频率"": ""220Ω@100MHz"", ""误差"": ""±25%"", ""直流电阻(DCR)"": ""50mΩ""}",active,,https://www.lcsc.com/datasheet/C85827.pdf,,https://assets.lcsc.com/images/lcsc/900x900/20221231_Murata-Electronics-BLM18EG221SN1D_C85827_front.jpg,LCSC
DRV2605LDGSR,DRV2605LDGSR,Texas Instruments,Texas Instruments,drv2605ldgsr,Power Management IC,Power Management IC,2- to 5.2-V Haptic Driver for LRA and ERM with Effect Library and Smart-Loop Architecture,,,"{""工作电压"": ""2V~5.2V""}",active,,https://www.lcsc.com/datasheet/C527464.pdf,,https://assets.lcsc.com/images/lcsc/900x900/20230104_Texas-Instruments-DRV2605LDGSR_C527464_front.jpg,LCSC
DFE252012F-1R0M=P2,DFE252012F1R0MP2,Murata Manufacturing,Murata Manufacturing,dfe252012f1r0mp2,Inductor,Inductor,FIXED IND 1uH 3.3A 40mΩ 1008,,,"{""电感值"": ""1uH"", ""饱和电流(Isat)"": ""4.7A"", ""精度"": ""±20%"", ""额定电流"": ""3.3A""}",active,,https://www.lcsc.com/datasheet/C435392.pdf,,https://assets.lcsc.com/images/lcsc/900x900/20230118_Murata-Electronics-DFE252012F-1R0M-P2_C435392_front.jpg,LCSC
GRM155R60J226ME11D,GRM155R60J226ME11D,Murata Manufacturing,Murata Manufacturing,grm155r60j226me11d,Capacitor,Capacitor,CAP CER 22uF 6.3V X5R 0402,,,"{""容值"": ""22uF"", ""精度"": ""±20%"", ""额定电压"": ""6.3V"", ""温度系数"": ""X5R""}",active,,https://www.lcsc.com/datasheet/C415703.pdf,,https://assets.lcsc.com/images/lcsc/900x900/20230109_Murata-Electronics-GRM155R60J226ME11D_C415703_front.jpg,LCSC
TPS22917DBVR,TPS22917DBVR,Texas Instruments,Texas Instruments,tps22917dbvr,Switches,Switches,"1 V to 5.5 V, 2 A, ultra-low leakage load switch",,,"{""类型"": ""负载开关"", ""通道数"": ""1"", ""输入控制逻辑"": ""高电平有效"", ""最大连续电流"": ""2A""}",active,,https://www.lcsc.com/datasheet/C2681320.pdf,,https://assets.lcsc.com/images/lcsc/900x900/20230228_Texas-Instruments-TPS22917DBVR_C2681320_front.jpg,LCSC
BLM21PG331SN1D,BLM21PG331SN1D,Murata Manufacturing,Murata Manufacturing,blm21pg331sn1d,Inductor,Inductor,FERRITE BEAD 330Ω 0805 1LN,,,"{""线路数"": ""1"", ""阻抗@频率"": ""330Ω@100MHz"", ""误差"": ""±25%"", ""直流电阻(DCR)"": ""70mΩ""}",active,,https://www.lcsc.com/datasheet/C74764.pdf,,https://assets.lcsc.com/images/lcsc/900x900/20250804_muRata-BLM21PG331SN1D_C74764_front.jpg,LCSC
PCA9306DCTR,PCA9306DCTR,Texas Instruments,Texas Instruments,pca9306dctr,Interface IC,Interface IC,Dual Bidirectional IC Bus and SMBus Voltage-Level Translator,,,"{""元件数"": ""1"", ""每个电路通道数"": ""2""}",active,,https://www.lcsc.com/datasheet/C123752.pdf,,https://assets.lcsc.com/images/lcsc/900x900/20230101_Texas-Instruments-PCA9306DCTR_C123752_front.jpg,LCSC
L7805CV,L7805CV,STMicroelectronics,STMicroelectronics,l7805cv,Voltage Regulator,Voltage Regulator,Positive Voltage Regulator IC,,,"{""输出类型"": ""固定"", ""输出电压"": ""5V"", ""输出极性"": ""正极""}",active,,https://www.lcsc.com/datasheet/C111887.pdf,,https://assets.lcsc.com/images/lcsc/900x900/20230102_STMicroelectronics-L7805CV_C111887_front.jpg,LCSC
DRV8833PWPR,DRV8833PWPR,Texas Instruments,Texas Instruments,drv8833pwpr,Power Management IC,Power Management IC,Dual H-Bridge Current-Control Motor Driver,,,{},active,,https://www.lcsc.com/datasheet/C50506.pdf,,https://assets.lcsc.com/images/lcsc/900x900/20221230_Texas-Instruments-DRV8833PWPR_C50506_front.jpg,LCSC
TPD4E05U06DQAR,TPD4E05U06DQAR,Texas Instruments,Texas Instruments,tpd4e05u06dqar,Diode,Diode,TVS DIODE 5.5VWM 14VC USON-10(1x2.5),,,"{""极性"": ""单向"", ""钳位电压"": ""14V"", ""峰值脉冲功率(Ppp)"": ""40W@8/20us"", ""反向截止电压(Vrwm)"": ""5.5V""}",active,,https://www.lcsc.com/datasheet/C138714.pdf,,https://assets.lcsc.com/images/lcsc/900x900/20180914_Texas-Instruments-TPD4E05U06DQAR_C138714_front.jpg,LCSC
BLM18SG121TN1D,BLM18SG121TN1D,Murata Manufacturing,Murata Manufacturing,blm18sg121tn1d,Inductor,Inductor,FERRITE BEAD 120Ω 0603 1LN,,,"{""线路数"": ""1"", ""阻抗@频率"": ""120Ω@100MHz"", ""误差"": ""±25%"", ""直流电阻(DCR)"": ""25mΩ""}",active,,https://www.lcsc.com/datasheet/C113030.pdf,,https://assets.lcsc.com/images/lcsc/900x900/20230316_Murata-Electronics-BLM18SG121TN1D_C113030_front.jpg,LCSC
BLM15PX121SN1D,BLM15PX121SN1D,Murata Manufacturing,Murata Manufacturing,blm15px121sn1d,Inductor,Inductor,FERRITE BEAD 120Ω 0402 1LN,,,"{""线路数"": ""1"", ""阻抗@频率"": ""120Ω@100MHz"", ""误差"": ""±25%"", ""直流电阻(DCR)"": ""55mΩ""}",active,,https://www.lcsc.com/datasheet/C88970.pdf,,https://assets.lcsc.com/images/lcsc/900x900/20250911_muRata-BLM15PX121SN1D_C88970_front.jpg,LCSC
GRM1885C1H103JA01D,GRM1885C1H103JA01D,Murata Manufacturing,Murata Manufacturing,grm1885c1h103ja01d,Capacitor,Capacitor,CAP CER 10nF 50V C0G 0603,,,"{""容值"": ""10nF"", ""精度"": ""±5%"", ""额定电压"": ""50V"", ""温度系数"": ""C0G""}",active,,https://www.lcsc.com/datasheet/C85973.pdf,,https://assets.lcsc.com/images/lcsc/900x900/20221231_Murata-Electronics-GRM1885C1H103JA01D_C85973_front.jpg,LCSC
BLM18PG471SN1D,BLM18PG471SN1D,Murata Manufacturing,Murata Manufacturing,blm18pg471sn1d,Inductor,Inductor,FERRITE BEAD 470Ω 0603 1LN,,,"{""线路数"": ""1"", ""阻抗@频率"": ""470Ω@100MHz"", ""误差"": ""±25%"", ""直流电阻(DCR)"": ""200mΩ""}",active,,https://www.lcsc.com/datasheet/C97853.pdf,,https://assets.lcsc.com/images/lcsc/900x900/20221231_Murata-Electronics-BLM18PG471SN1D_C97853_front.jpg,LCSC
LD1117S33TR,LD1117S33TR,STMicroelectronics,STMicroelectronics,ld1117s33tr,Voltage Regulator,Voltage Regulator,Adjustable and Fixed Low Dropout Positive Voltage Regulators,,,"{""输出类型"": ""固定"", ""输出电压"": ""3.3V"", ""输出极性"": ""正极""}",active,,https://www.lcsc.com/datasheet/C86781.pdf,,https://assets.lcsc.com/images/lcsc/900x900/20221231_STMicroelectronics-LD1117S33TR_C86781_front.jpg,LCSC
GCM155R71H104KE02D,GCM155R71H104KE02D,Murata Manufacturing,Murata Manufacturing,gcm155r71h104ke02d,Capacitor,Capacitor,CAP CER 100nF 50V X7R 0402,,,"{""容值"": ""100nF"", ""精度"": ""±10%"", ""额定电压"": ""50V"", ""温度系数"": ""X7R""}",active,,https://www.lcsc.com/datasheet/C85858.pdf,,https://assets.lcsc.com/images/lcsc/900x900/20221231_Murata-Electronics-GCM155R71H104KE02D_C85858_front.jpg,LCSC
GRM188R61E475KE11D,GRM188R61E475KE11D,Murata Manufacturing,Murata Manufacturing,grm188r61e475ke11d,Capacitor,Capacitor,CAP CER 4.7uF 25V X5R 0603,,,"{""容值"": ""4.7uF"", ""精度"": ""±10%"", ""额定电压"": ""25V"", ""温度系数"": ""X5R""}",active,,https://www.lcsc.com/datasheet/C90057.pdf,,https://assets.lcsc.com/images/lcsc/900x900/20250807_muRata-GRM188R61E475KE11D_C90057_front.jpg,LCSC
BLM31PG601SN1L,BLM31PG601SN1L,Murata Manufacturing,Murata Manufacturing,blm31pg601sn1l,Inductor,Inductor,FERRITE BEAD 600Ω 1206 1LN,,,"{""线路数"": ""1"", ""阻抗@频率"": ""600Ω@100MHz"", ""误差"": ""±25%"", ""直流电阻(DCR)"": ""80mΩ""}",active,,https://www.lcsc.com/datasheet/C16902.pdf,,https://assets.lcsc.com/images/lcsc/900x900/20250820_muRata-BLM31PG601SN1L_C16902_front.jpg,LCSC
BLM21PG221SN1D,BLM21PG221SN1D,Murata Manufacturing,Murata Manufacturing,blm21pg221sn1d,Inductor,Inductor,FERRITE BEAD 220Ω 0805 1LN,,,"{""线路数"": ""1"", ""阻抗@频率"": ""220Ω@100MHz"", ""误差"": ""±25%"", ""直流电阻(DCR)"": ""45mΩ""}",active,,https://www.lcsc.com/datasheet/C85840.pdf,,https://assets.lcsc.com/images/lcsc/900x900/20251025_muRata-BLM21PG221SN1D_C85840_front.jpg,LCSC
INA219AIDCNR,INA219AIDCNR,Texas Instruments,Texas Instruments,ina219aidcnr,Operational Amplifier,Operational Amplifier,Zero-drift bidirectional current/power monitor with I²C interface,,,"{""共模电压"": ""300mV~26V"", ""输入失调电压(Vos)"": ""10uV"", ""输入偏置电流(Ib)"": ""20uA""}",active,,https://www.lcsc.com/datasheet/C87469.pdf,,https://assets.lcsc.com/images/lcsc/900x900/20221231_Texas-Instruments-INA219AIDCNR_C87469_front.jpg,LCSC
GRM1555C1H102JA01D,GRM1555C1H102JA01D,Murata Manufacturing,Murata Manufacturing,grm1555c1h102ja01d,Capacitor,Capacitor,CAP CER 1nF 50V C0G 0402,,,"{""容值"": ""1nF"", ""精度"": ""±5%"", ""额定电压"": ""50V"", ""温度系数"": ""C0G""}",active,,https://www.lcsc.com/datasheet/C76947.pdf,,https://assets.lcsc.com/images/lcsc/900x900/20250901_muRata-GRM1555C1H102JA01D_C76947_front.jpg,LCSC
GRM21BR6YA106KE43L,GRM21BR6YA106KE43L,Murata Manufacturing,Murata Manufacturing,grm21br6ya106ke43l,Capacitor,Capacitor,CAP CER 10uF 35V X5R 0805,,,"{""容值"": ""10uF"", ""精度"": ""±10%"", ""额定电压"": ""35V"", ""温度系数"": ""X5R""}",active,,https://www.lcsc.com/datasheet/C162422.pdf,,https://assets.lcsc.com/images/lcsc/900x900/20240318_Murata-Electronics-GRM21BR6YA106KE43L_C162422_front.jpg,LCSC
LM13700MX/NOPB,LM13700MXNOPB,Texas Instruments,Texas Instruments,lm13700mxnopb,Operational Amplifier,Operational Amplifier,Dual Operational Transconductance Amplifiers With Linearizing Diodes and Buffers,,,"{""放大器数"": ""2"", ""共模抑制比(CMRR)"": ""110dB"", ""输入偏置电流(Ib)"": ""400nA"", ""输出电流"": ""20mA""}",active,,https://www.lcsc.com/datasheet/C174050.pdf,,https://assets.lcsc.com/images/lcsc/900x900/20190704_Texas-Instruments-LM13700MX-NOPB_C174050_front.jpg,LCSC
GRM155Z71A105KE01D,GRM155Z71A105KE01D,Murata Manufacturing,Murata Manufacturing,grm155z71a105ke01d,Capacitor,Capacitor,CAP CER 1uF 10V X7R 0402,,,"{""容值"": ""1uF"", ""精度"": ""±10%"", ""额定电压"": ""10V"", ""温度系数"": ""X7R""}",active,,https://www.lcsc.com/datasheet/C528974.pdf,,https://assets.lcsc.com/images/lcsc/900x900/20230104_Murata-Electronics-GRM155Z71A105KE01D_C528974_front.jpg,LCSC
MCP73831T-2ACI/OT,MCP73831T2ACIOT,Microchip Technology,Microchip Technology,mcp73831t2aciot,Power Management IC,Power Management IC,"Miniature Single-Cell, Fully Integrated Li-Ion, Li-Polymer Charge Management Controllers",,,"{""工作电压"": ""3.75V~6V"", ""最大充电电流"": ""550mA"", ""电池类型"": ""锂电池"", ""电池节数"": ""1""}",active,,https://www.lcsc.com/datasheet/C424093.pdf,,https://assets.lcsc.com/images/lcsc/900x900/20230109_Microchip-Tech-MCP73831T-2ACI-OT_C424093_front.jpg,LCSC
MCP9700AT-E/TT,MCP9700ATETT,Microchip Technology,Microchip Technology,mcp9700atett,Sensors,Sensors,Low-Power Linear Active Thermistor ICs,,,"{""检测温度"": ""-40℃~+125℃"", ""精度"": ""±2℃""}",active,,https://www.lcsc.com/datasheet/C127949.pdf,,https://assets.lcsc.com/images/lcsc/900x900/20230102_Microchip-Tech-MCP9700AT-E-TT_C127949_front.jpg,LCSC
GRM155R61E105KA12D,GRM155R61E105KA12D,Murata Manufacturing,Murata Manufacturing,grm155r61e105ka12d,Capacitor,Capacitor,CAP CER 1uF 25V X5R 0402,,,"{""容值"": ""1uF"", ""精度"": ""±10%"", ""额定电压"": ""25V"", ""温度系数"": ""X5R""}",active,,https://www.lcsc.com/datasheet/C77009.pdf,,https://assets.lcsc.com/images/lcsc/900x900/20250824_muRata-GRM155R61E105KA12D_C77009_front.jpg,LCSC
NE555P,NE555P,Texas Instruments,Texas Instruments,ne555p,Logic IC,Logic IC,xx555 Precision Timers,,,{},active,,https://www.lcsc.com/datasheet/C46749.pdf,,https://assets.lcsc.com/images/lcsc/900x900/20221230_Texas-Instruments-NE555P_C46749_front.jpg,LCSC
USBLC6-4SC6,USBLC64SC6,STMicroelectronics,STMicroelectronics,usblc64sc6,Diode,Diode,ESD DIODE 5.25VWM 17VC SOT-23-6L,,,"{""极性"": ""单向"", ""钳位电压"": ""17V"", ""峰值脉冲功率(Ppp)"": ""130W@8/20us"", ""反向截止电压(Vrwm)"": ""5.25V""}",active,,https://www.lcsc.com/datasheet/C111212.pdf,,https://assets.lcsc.com/images/lcsc/900x900/20230102_STMicroelectronics-USBLC6-4SC6_C111212_front.jpg,LCSC
BLM21PG121SN1D,BLM21PG121SN1D,Murata Manufacturing,Murata Manufacturing,blm21pg121sn1d,Inductor,Inductor,FERRITE BEAD 120Ω 0805 1LN,,,"{""线路数"": ""1"", ""阻抗@频率"": ""120Ω@100MHz"", ""误差"": ""±25%"", ""直流电阻(DCR)"": ""30mΩ""}",active,,https://www.lcsc.com/datasheet/C79382.pdf,,https://assets.lcsc.com/images/lcsc/900x900/20251025_muRata-BLM21PG121SN1D_C79382_front.jpg,LCSC
OPA1656IDR,OPA1656IDR,Texas Instruments,Texas Instruments,opa1656idr,Operational Amplifier,Operational Amplifier,"Ultra-low noise, low distortion, FET-input audio operational amplifier",,,"{""放大器数"": ""2"", ""共模抑制比(CMRR)"": ""120dB"", ""增益带宽积(GBW)"": ""53MHz"", ""输入偏置电流(Ib)"": ""20pA""}",active,,https://www.lcsc.com/datasheet/C1849431.pdf,,https://assets.lcsc.com/images/lcsc/900x900/20230228_Texas-Instruments-OPA1656IDR_C1849431_front.jpg,LCSC
LM35DZ/NOPB,LM35DZNOPB,Texas Instruments,Texas Instruments,lm35dznopb,Sensors,Sensors,Precision Centigrade Temperature Sensors,,,"{""检测温度"": ""0℃~+100℃"", ""精度"": ""±1.5℃""}",active,,https://www.lcsc.com/datasheet/C12165.pdf,,https://assets.lcsc.com/images/lcsc/900x900/20221228_Texas-Instruments-LM35DZ-NOPB_C12165_front.jpg,LCSC
TPS22918DBVR,TPS22918DBVR,Texas Instruments,Texas Instruments,tps22918dbvr,Switches,Switches,"Load switch with 5.5V, 2A, and on-resistance of 52 mΩ",,,"{""类型"": ""负载开关"", ""通道数"": ""1"", ""输入控制逻辑"": ""高电平有效"", ""最大连续电流"": ""2A""}",active,,https://www.lcsc.com/datasheet/C131941.pdf,,https://assets.lcsc.com/images/lcsc/900x900/20230228_Texas-Instruments-TPS22918DBVR_C131941_front.jpg,LCSC
INA219AIDR,INA219AIDR,Texas Instruments,Texas Instruments,ina219aidr,Operational Amplifier,Operational Amplifier,"Zero-Drift, Bidirectional Current/Power Monitor With I²C Interface",,,"{""放大器数"": ""1"", ""共模电压"": ""0V~26V"", ""输入失调电压(Vos)"": ""10uV"", ""输入偏置电流(Ib)"": ""20nA""}",active,,https://www.lcsc.com/datasheet/C138706.pdf,,https://assets.lcsc.com/images/lcsc/900x900/20180914_Texas-Instruments-INA219AIDR_C138706_front.jpg,LCSC
TPD4EUSB30DQAR,TPD4EUSB30DQAR,Texas Instruments,Texas Instruments,tpd4eusb30dqar,Diode,Diode,ESD DIODE 5.5VWM 8VC USON-10(1x2.5),,,"{""极性"": ""单向"", ""钳位电压"": ""8V"", ""峰值脉冲功率(Ppp)"": ""45W@8/20us"", ""反向截止电压(Vrwm)"": ""5.5V""}",active,,https://www.lcsc.com/datasheet/C90627.pdf,,https://assets.lcsc.com/images/lcsc/900x900/20221231_Texas-Instruments-TPD4EUSB30DQAR_C90627_front.jpg,LCSC
ULN2803CDWR,ULN2803CDWR,Texas Instruments,Texas Instruments,uln2803cdwr,Transistor,Transistor,Darlington Transistor Array,,,"{""类型"": ""BJT"", ""通道数"": ""八路"", ""集电极电流(Ic)"": ""500mA""}",active,,https://www.lcsc.com/datasheet/C7494313.pdf,,https://assets.lcsc.com/images/lcsc/900x900/20230810_Texas-Instruments-ULN2803CDWR_C7494313_front.jpg,LCSC
ATTINY1616-MNR,ATTINY1616MNR,Microchip Technology,Microchip Technology,attiny1616mnr,Microcontroller,Microcontroller,tinyAVR 1-series processor,,,"{""CPU内核"": ""AVR"", ""CPU位数"": ""8 Bit"", ""CPU最大主频"": ""20MHz""}",active,,https://www.lcsc.com/datasheet/C507118.pdf,,https://assets.lcsc.com/images/lcsc/900x900/20230119_Microchip-Tech-ATTINY1616-MNR_C507118_front.jpg,LCSC
GRM155R71H103KA88D,GRM155R71H103KA88D,Murata Manufacturing,Murata Manufacturing,grm155r71h103ka88d,Capacitor,Capacitor,CAP CER 10nF 50V X7R 0402,,,"{""容值"": ""10nF"", ""精度"": ""±10%"", ""额定电压"": ""50V"", ""温度系数"": ""X7R""}",active,,https://www.lcsc.com/datasheet/C77019.pdf,,https://assets.lcsc.com/images/lcsc/900x900/20260522_muRata-GRM155R71H103KA88D_C77019_front.jpg,LCSC
GCM188R71E105KA64D,GCM188R71E105KA64D,Murata Manufacturing,Murata Manufacturing,gcm188r71e105ka64d,Capacitor,Capacitor,CAP CER 1uF 25V X7R 0603,,,"{""容值"": ""1uF"", ""精度"": ""±10%"", ""额定电压"": ""25V"", ""温度系数"": ""X7R""}",active,,https://www.lcsc.com/datasheet/C85862.pdf,,https://assets.lcsc.com/images/lcsc/900x900/20251111_muRata-GCM188R71E105KA64D_C85862_front.jpg,LCSC
USBLC6-2P6,USBLC62P6,STMicroelectronics,STMicroelectronics,usblc62p6,Diode,Diode,ESD DIODE 5.25VWM 17VC SOT-666-6,,,"{""极性"": ""单向"", ""钳位电压"": ""17V"", ""反向截止电压(Vrwm)"": ""5.25V"", ""击穿电压(VBR)"": ""6V""}",active,,https://www.lcsc.com/datasheet/C15999.pdf,,https://assets.lcsc.com/images/lcsc/900x900/20180914_STMicroelectronics-USBLC6-2P6_C15999_front.jpg,LCSC
GRM155R61H105KE05D,GRM155R61H105KE05D,Murata Manufacturing,Murata Manufacturing,grm155r61h105ke05d,Capacitor,Capacitor,CAP CER 1uF 50V X5R 0402,,,"{""容值"": ""1uF"", ""精度"": ""±10%"", ""额定电压"": ""50V"", ""温度系数"": ""X5R""}",active,,https://www.lcsc.com/datasheet/C1518208.pdf,,https://assets.lcsc.com/images/lcsc/900x900/20230224_Murata-Electronics-GRM155R61H105KE05D_C1518208_front.jpg,LCSC
ADS1115IDGST,ADS1115IDGST,Texas Instruments,Texas Instruments,ads1115idgst,Analog IC,Analog IC,"Ultra-Small, Low-Power, I2C-Compatible, 860-SPS, 16-Bit ADCs With Internal Reference, Oscillator, and Programmable Comparator",,,"{""接口类型"": ""I2C"", ""工作电压"": ""2V~5.5V""}",active,,https://www.lcsc.com/datasheet/C468683.pdf,,https://assets.lcsc.com/images/lcsc/900x900/20240525_Texas-Instruments-ADS1115IDGST_C468683_front.jpg,LCSC
BLM21PG300SN1D,BLM21PG300SN1D,Murata Manufacturing,Murata Manufacturing,blm21pg300sn1d,Inductor,Inductor,FERRITE BEAD 30Ω 0805 1LN,,,"{""线路数"": ""1"", ""阻抗@频率"": ""30Ω@100MHz"", ""误差"": ""±25%"", ""直流电阻(DCR)"": ""14mΩ""}",active,,https://www.lcsc.com/datasheet/C16903.pdf,,https://assets.lcsc.com/images/lcsc/900x900/20251025_muRata-BLM21PG300SN1D_C16903_front.jpg,LCSC
LM358DT,LM358DT,STMicroelectronics,STMicroelectronics,lm358dt,Operational Amplifier,Operational Amplifier,Low-power dual operational amplifiers,,,"{""放大器数"": ""2"", ""共模抑制比(CMRR)"": ""85dB"", ""增益带宽积(GBW)"": ""1.1MHz"", ""输入偏置电流(Ib)"": ""200nA""}",active,,https://www.lcsc.com/datasheet/C9418.pdf,,https://assets.lcsc.com/images/lcsc/900x900/20221228_STMicroelectronics-LM358DT_C9418_front.jpg,LCSC
BLM21AG102SN1D,BLM21AG102SN1D,Murata Manufacturing,Murata Manufacturing,blm21ag102sn1d,Inductor,Inductor,FERRITE BEAD 1kΩ 0805 1LN,,,"{""线路数"": ""1"", ""阻抗@频率"": ""1kΩ@100MHz"", ""误差"": ""±25%"", ""直流电阻(DCR)"": ""280mΩ""}",active,,https://www.lcsc.com/datasheet/C85835.pdf,,https://assets.lcsc.com/images/lcsc/900x900/20221231_Murata-Electronics-BLM21AG102SN1D_C85835_front.jpg,LCSC
ATMEGA328P-PU,ATMEGA328PPU,Microchip Technology,Microchip Technology,atmega328ppu,Microcontroller,Microcontroller,8-BIT MICROCONTROLLER WITH IN-SYSTEM PROGRAMMABLE FLASH,,,"{""CPU内核"": ""AVR"", ""CPU位数"": ""8 Bit"", ""CPU最大主频"": ""20MHz""}",active,,https://www.lcsc.com/datasheet/C33901.pdf,,https://assets.lcsc.com/images/lcsc/900x900/20230905_Microchip-Tech-ATMEGA328P-PU_C33901_front.jpg,LCSC
LTM4671EY#PBF,LTM4671EYPBF,Analog Devices,Analog Devices,ltm4671eypbf,Voltage Regulator,Voltage Regulator,"Quad DC/DC μModule Regulator with Configurable Dual 12A, Dual 5A Output Array",,,"{""功能类型"": ""降压型"", ""输出类型"": ""可调"", ""工作电压"": ""3.1V~20V""}",active,,https://www.lcsc.com/datasheet/C690600.pdf,,,LCSC
LP5907MFX-3.3/NOPB,LP5907MFX33NOPB,Texas Instruments,Texas Instruments,lp5907mfx33nopb,Voltage Regulator,Voltage Regulator,"250mA, low noise, high PSRR, ultra-low dropout regulator with low IQ and enable functionality",,,"{""输出类型"": ""固定"", ""输出电压"": ""3.3V"", ""输出极性"": ""正极""}",active,,https://www.lcsc.com/datasheet/C80670.pdf,,https://assets.lcsc.com/images/lcsc/900x900/20221231_Texas-Instruments-LP5907MFX-3-3-NOPB_C80670_front.jpg,LCSC
TPS22919DCKR,TPS22919DCKR,Texas Instruments,Texas Instruments,tps22919dckr,Switches,Switches,5.5V 1.5A 90mΩ Controlled Rise Time Self-Protecting Load Switch,,,"{""类型"": ""负载开关"", ""通道数"": ""1"", ""输入控制逻辑"": ""高电平有效"", ""最大连续电流"": ""1.5A""}",active,,https://www.lcsc.com/datasheet/C2149796.pdf,,https://assets.lcsc.com/images/lcsc/900x900/20230228_Texas-Instruments-TPS22919DCKR_C2149796_front.jpg,LCSC
MCP1700T-3302E/TT,MCP1700T3302ETT,Microchip Technology,Microchip Technology,mcp1700t3302ett,Voltage Regulator,Voltage Regulator,Low Quiescent Current LDO,,,"{""输出类型"": ""固定"", ""输出电压"": ""3.3V"", ""输出极性"": ""正极""}",active,,https://www.lcsc.com/datasheet/C39051.pdf,,https://assets.lcsc.com/images/lcsc/900x900/20230324_Microchip-Tech-MCP1700T-3302E-TT_C39051_front.jpg,LCSC
DFE252012P-1R0M=P2,DFE252012P1R0MP2,Murata Manufacturing,Murata Manufacturing,dfe252012p1r0mp2,Inductor,Inductor,FIXED IND 1uH 4.3A 42mΩ 1008,,,"{""电感值"": ""1uH"", ""饱和电流(Isat)"": ""4.3A"", ""精度"": ""±20%"", ""额定电流"": ""4.3A""}",active,,https://www.lcsc.com/datasheet/C882955.pdf,,https://assets.lcsc.com/images/lcsc/900x900/20230703_Murata-Electronics-DFE252012P-1R0M-P2_C882955_front.jpg,LCSC
LTC6811IG-1#3ZZTRPBF,LTC6811IG13ZZTRPBF,Analog Devices,Analog Devices,ltc6811ig13zztrpbf,Power Management IC,Power Management IC,12-Cell Battery Stack Monitors,,,{},active,,https://www.lcsc.com/datasheet/C689572.pdf,,https://assets.lcsc.com/images/lcsc/900x900/20240116_Analog-Devices-LTC6811IG-1-3ZZTRPBF_C689572_front.jpg,LCSC
BQ25185DLHR,BQ25185DLHR,Texas Instruments,Texas Instruments,bq25185dlhr,Power Management IC,Power Management IC,"1-Cell, 1-A Standalone Linear Battery Charger with PowerPath, Factory Mode, and Battery Tracking VINDPM",,,"{""工作电压"": ""3V~18V"", ""最大充电电流"": ""1A"", ""电池节数"": ""1""}",active,,https://www.lcsc.com/datasheet/C19725033.pdf,,,LCSC
LIS2DH12TR,LIS2DH12TR,STMicroelectronics,STMicroelectronics,lis2dh12tr,Sensors,Sensors,"MEMS digital output motion sensor: ultra-low-power high-performance 3-axis ""femto"" accelerometer",,,{},active,,https://www.lcsc.com/datasheet/C110926.pdf,,https://assets.lcsc.com/images/lcsc/900x900/20230102_STMicroelectronics-LIS2DH12TR_C110926_front.jpg,LCSC
MCP4725A0T-E/CH,MCP4725A0TECH,Microchip Technology,Microchip Technology,mcp4725a0tech,Analog IC,Analog IC,12-Bit Digital-to-Analog Converter with EEPROM Memory,,,"{""工作电压"": ""2.7V~5.5V"", ""接口类型"": ""I2C"", ""建立时间"": ""6us"", ""积分非线性"": ""2LSB""}",active,,https://www.lcsc.com/datasheet/C144198.pdf,,https://assets.lcsc.com/images/lcsc/900x900/20220830_Microchip-Tech-MCP4725A0T-E-CH_C144198_front.jpg,LCSC
LIS3DHTR,LIS3DHTR,STMicroelectronics,STMicroelectronics,lis3dhtr,Sensors,Sensors,MEMS digital output motion sensor: ultra-low-power high-performance 3-axis accelerometer,,,{},active,,https://www.lcsc.com/datasheet/C15134.pdf,,https://assets.lcsc.com/images/lcsc/900x900/20221228_STMicroelectronics-LIS3DHTR_C15134_front.jpg,LCSC
STM32F407VGT6,STM32F407VGT6,STMicroelectronics,STMicroelectronics,stm32f407vgt6,Microcontroller,Microcontroller,"Arm Cortex-M4 32b MCU+FPU, 210DMIPS, up to 1MB Flash/192+4KB RAM, USB OTG HS/FS, Ethernet, 17 TIMs, 3 ADCs, 15 comm. interfaces & camera",,,"{""CPU内核"": ""ARM Cortex-M4"", ""CPU位数"": ""32 Bit"", ""CPU最大主频"": ""168MHz""}",active,,https://www.lcsc.com/datasheet/C12345.pdf,,https://assets.lcsc.com/images/lcsc/900x900/20221228_STMicroelectronics-STM32F407VGT6_C12345_front.jpg,LCSC
ADG719BRTZ-REEL7,ADG719BRTZREEL7,Analog Devices,Analog Devices,adg719brtzreel7,Switches,Switches,CMOS 2:1 Mux/SPDT Switch,,,"{""通道数"": ""1"", ""工作电压"": ""1.8V~5.5V"", ""导通电阻(Ron)"": ""4Ω""}",active,,https://www.lcsc.com/datasheet/C61383.pdf,,https://assets.lcsc.com/images/lcsc/900x900/20221230_Analog-Devices-ADG719BRTZ-REEL7_C61383_front.jpg,LCSC
"BAV99,215",BAV99215,Nexperia,Nexperia,bav99215,Diode,Diode,DIODE ARR GP 100V 215mA SOT-23,,,"{""二极管配置"": ""1对串联式"", ""正向压降(Vf)"": ""1.25V@150mA"", ""整流电流"": ""215mA"", ""直流反向耐压(Vr)"": ""100V""}",active,,https://www.lcsc.com/datasheet/C2500.pdf,,https://assets.lcsc.com/images/lcsc/900x900/20180914_Nexperia-BAV99-215_C2500_front_11.jpg,LCSC
"BAT46WJ,115",BAT46WJ115,Nexperia,Nexperia,bat46wj115,Diode,Diode,DIODE SCHOTTKY 100V SOD-323F,,,"{""二极管配置"": ""1个独立式"", ""直流反向耐压（Vr）"": ""100V"", ""整流电流"": ""250mA"", ""正向压降(Vf)"": ""850mV@250mA""}",active,,https://www.lcsc.com/datasheet/C114696.pdf,,https://assets.lcsc.com/images/lcsc/900x900/20251009_Nexperia-BAT46WJ-115_C114696_front.jpg,LCSC
W25Q64JVSSIQ,W25Q64JVSSIQ,Winbond Electronics,Winbond Electronics,w25q64jvssiq,Memory IC,Memory IC,"SPI Flash Memory with Dual, Quad SPI",,,"{""接口类型"": ""SPI"", ""工作电压"": ""2.7V~3.6V"", ""存储容量"": ""64Mbit"", ""时钟频率(fc)"": ""133MHz""}",active,,https://www.lcsc.com/datasheet/C179171.pdf,,https://assets.lcsc.com/images/lcsc/900x900/20191226_Winbond-Elec-W25Q64JVSSIQ_C179171_front.jpg,LCSC
"PMEG6010CEJ,115",PMEG6010CEJ115,Nexperia,Nexperia,pmeg6010cej115,Diode,Diode,DIODE SCHOTTKY 60V SOD-323F,,,"{""二极管配置"": ""1个独立式"", ""直流反向耐压（Vr）"": ""60V"", ""整流电流"": ""1A"", ""正向压降(Vf)"": ""660mV@1A""}",active,,https://www.lcsc.com/datasheet/C406049.pdf,,https://assets.lcsc.com/images/lcsc/900x900/20230115_Nexperia-PMEG6010CEJ-115_C406049_front.jpg,LCSC
RC0603FR-0710KL,RC0603FR0710KL,Yageo,Yageo,rc0603fr0710kl,Resistor,Resistor,RES 10kΩ ±1% 100mW 0603,,,"{""电阻类型"": ""厚膜电阻"", ""阻值"": ""10kΩ"", ""精度"": ""±1%"", ""最大工作电压"": ""75V""}",active,,https://www.lcsc.com/datasheet/C98220.pdf,,https://assets.lcsc.com/images/lcsc/900x900/20221231_YAGEO-RC0603FR-0710KL_C98220_front.jpg,LCSC
FRC0603F1001TS,FRC0603F1001TS,FOJAN,FOJAN,frc0603f1001ts,Resistor,Resistor,RES 1kΩ ±1% 100mW 0603,,,"{""电阻类型"": ""厚膜电阻"", ""阻值"": ""1kΩ"", ""精度"": ""±1%"", ""最大工作电压"": ""75V""}",active,,https://www.lcsc.com/datasheet/C2907002.pdf,,https://assets.lcsc.com/images/lcsc/900x900/20250820_FOJAN-FRC0603F1001TS_C2907002_front.jpg,LCSC
"PMEG6010CEH,115",PMEG6010CEH115,Nexperia,Nexperia,pmeg6010ceh115,Diode,Diode,DIODE SCHOTTKY 60V SOD-123F,,,"{""二极管配置"": ""1个独立式"", ""直流反向耐压（Vr）"": ""60V"", ""整流电流"": ""1A"", ""正向压降(Vf)"": ""660mV@1A""}",active,,https://www.lcsc.com/datasheet/C110797.pdf,,https://assets.lcsc.com/images/lcsc/900x900/20230102_Nexperia-PMEG6010CEH-115_C110797_front.jpg,LCSC
FRC0603F1002TS,FRC0603F1002TS,FOJAN,FOJAN,frc0603f1002ts,Resistor,Resistor,RES 10kΩ ±1% 100mW 0603,,,"{""电阻类型"": ""厚膜电阻"", ""阻值"": ""10kΩ"", ""精度"": ""±1%"", ""最大工作电压"": ""75V""}",active,,https://www.lcsc.com/datasheet/C2906982.pdf,,https://assets.lcsc.com/images/lcsc/900x900/20250828_FOJAN-FRC0603F1002TS_C2906982_front.jpg,LCSC
"2N7002,215",2N7002215,Nexperia,Nexperia,2n7002215,MOSFET,MOSFET,MOSFET N-CH 60V 300mA SOT-23,,,"{""数量"": ""1个N沟道"", ""类型"": ""N沟道"", ""漏源电压(Vdss)"": ""60V"", ""连续漏极电流(Id)"": ""300mA""}",active,,https://www.lcsc.com/datasheet/C65189.pdf,,https://assets.lcsc.com/images/lcsc/900x900/20221230_Nexperia-2N7002-215_C65189_front.jpg,LCSC
TYPE-C 16PIN 2MD(073),TYPEC16PIN2MD073,SHOU HAN,SHOU HAN,typec16pin2md073,USB Connectors,USB Connectors,CONN RCPT Type-C 16POS SMD R/A,,,"{""安装方式"": ""卧贴"", ""工作温度"": ""-25℃~+85℃"", ""端口数量"": ""1"", ""触点数量"": ""16P""}",active,,https://www.lcsc.com/datasheet/C2765186.pdf,,https://assets.lcsc.com/images/lcsc/900x900/20260311_SHOU-HAN-TYPE-C-16PIN-2MD-073_C2765186_front.jpg,LCSC
RC0402FR-07100KL,RC0402FR07100KL,Yageo,Yageo,rc0402fr07100kl,Resistor,Resistor,RES 100kΩ ±1% 62.5mW 0402,,,"{""电阻类型"": ""厚膜电阻"", ""阻值"": ""100kΩ"", ""精度"": ""±1%"", ""最大工作电压"": ""50V""}",active,,https://www.lcsc.com/datasheet/C60491.pdf,,https://assets.lcsc.com/images/lcsc/900x900/20251016_YAGEO-RC0402FR-07100KL_C60491_front.jpg,LCSC
1N4148W-7-F,1N4148W7F,Diodes Incorporated,Diodes Incorporated,1n4148w7f,Diode,Diode,DIODE GP 100V 300mA SOD-123,,,"{""直流反向耐压（Vr）"": ""100V"", ""二极管配置"": ""独立式"", ""整流电流"": ""300mA"", ""反向恢复时间（trr）"": ""4ns""}",active,,https://www.lcsc.com/datasheet/C83528.pdf,,https://assets.lcsc.com/images/lcsc/900x900/20250913_DIODES-1N4148W-7-F_C83528_front.jpg,LCSC
FT234XD-R,FT234XDR,FTDI,FTDI,ft234xdr,USB Connectors,USB Connectors,USB to BASIC UART IC,,,"{""应用功能"": ""USB转UART"", ""数据速率"": ""3Mbps""}",active,,https://www.lcsc.com/datasheet/C132158.pdf,,https://assets.lcsc.com/images/lcsc/900x900/20230102_FTDI-FT234XD-R_C132158_front.jpg,LCSC
"74HC595D,118",74HC595D118,Nexperia,Nexperia,74hc595d118,Logic IC,Logic IC,"8-bit serial-in, serial or parallel-out shift register with output latches; 3-state",,,"{""功能"": ""串行至串行或并行"", ""工作电压"": ""2V~6V"", ""元件数"": ""1"", ""传播延迟(tpd)"": ""19ns@4.5V,50pF""}",active,,https://www.lcsc.com/datasheet/C5947.pdf,,https://assets.lcsc.com/images/lcsc/900x900/20221228_Nexperia-74HC595D-118_C5947_front.jpg,LCSC
FRC0805F1002TS,FRC0805F1002TS,FOJAN,FOJAN,frc0805f1002ts,Resistor,Resistor,RES 10kΩ ±1% 125mW 0805,,,"{""电阻类型"": ""厚膜电阻"", ""阻值"": ""10kΩ"", ""精度"": ""±1%"", ""最大工作电压"": ""150V""}",active,,https://www.lcsc.com/datasheet/C2907219.pdf,,https://assets.lcsc.com/images/lcsc/900x900/20230107_FOJAN-FRC0805F1002TS_C2907219_front.jpg,LCSC
RC0603FR-07100KL,RC0603FR07100KL,Yageo,Yageo,rc0603fr07100kl,Resistor,Resistor,RES 100kΩ ±1% 100mW 0603,,,"{""电阻类型"": ""厚膜电阻"", ""阻值"": ""100kΩ"", ""精度"": ""±1%"", ""最大工作电压"": ""75V""}",active,,https://www.lcsc.com/datasheet/C14675.pdf,,https://assets.lcsc.com/images/lcsc/900x900/20250410_YAGEO-RC0603FR-07100KL_C14675_front.jpg,LCSC
MAX17048G+T10,MAX17048GT10,Maxim Integrated,Maxim Integrated,max17048gt10,Power Management IC,Power Management IC,1-Cell/2-Cell Fuel Gauge with ModelGauge,,,"{""接口类型"": ""I2C"", ""电池类型"": ""锂电池""}",active,,https://www.lcsc.com/datasheet/C2682616.pdf,,https://assets.lcsc.com/images/lcsc/900x900/20230129_Analog-Devices-Inc--Maxim-Integrated-MAX17048G-T10_C2682616_front.jpg,LCSC
RC0603FR-074K7L,RC0603FR074K7L,Yageo,Yageo,rc0603fr074k7l,Resistor,Resistor,RES 4.7kΩ ±1% 100mW 0603,,,"{""电阻类型"": ""厚膜电阻"", ""阻值"": ""4.7kΩ"", ""精度"": ""±1%"", ""最大工作电压"": ""75V""}",active,,https://www.lcsc.com/datasheet/C99782.pdf,,https://assets.lcsc.com/images/lcsc/900x900/20221231_YAGEO-RC0603FR-074K7L_C99782_front.jpg,LCSC
XL-1608SURC-06,XL1608SURC06,XINGLIGHT,XINGLIGHT,xl1608surc06,LED Components,LED Components,LED RED WATER CLEAR 0603 SMD,,,"{""灯头类型"": ""1.6mmx0.8mm方形灯头"", ""接收角度"": ""120°"", ""峰值波长"": ""625nm"", ""正向压降(Vf)"": ""2.3V""}",active,,https://www.lcsc.com/datasheet/C965799.pdf,,https://assets.lcsc.com/images/lcsc/900x900/20230131_XINGLIGHT-XL-1608SURC-06_C965799_front.jpg,LCSC
AP63205WU-7,AP63205WU7,Diodes Incorporated,Diodes Incorporated,ap63205wu7,Voltage Regulator,Voltage Regulator,"3.8V to 32V Input, 2A Low Quiescent Current Synchronous Buck Converter with Enhanced EMI Suppression",,,"{""功能类型"": ""降压型"", ""输出类型"": ""固定"", ""输出电压"": ""5V"", ""输出电流"": ""2A""}",active,,https://www.lcsc.com/datasheet/C2071056.pdf,,https://assets.lcsc.com/images/lcsc/900x900/20230130_Diodes-Incorporated-AP63205WU-7_C2071056_front.jpg,LCSC
FRC0603F1003TS,FRC0603F1003TS,FOJAN,FOJAN,frc0603f1003ts,Resistor,Resistor,RES 100kΩ ±1% 100mW 0603,,,"{""电阻类型"": ""厚膜电阻"", ""阻值"": ""100kΩ"", ""精度"": ""±1%"", ""最大工作电压"": ""75V""}",active,,https://www.lcsc.com/datasheet/C2906980.pdf,,https://assets.lcsc.com/images/lcsc/900x900/20230121_FOJAN-FRC0603F1003TS_C2906980_front.jpg,LCSC
B2B-XH-A(LF)(SN),B2BXHALFSN,JST,JST,b2bxhalfsn,Connectors,Connectors,CONN HEADER TH 2POS 2.5mm,,,"{""间距"": ""2.5mm"", ""颜色"": ""白色"", ""安装方式"": ""直插"", ""插针结构"": ""1x2P""}",active,,https://www.lcsc.com/datasheet/C158012.pdf,,https://assets.lcsc.com/images/lcsc/900x900/20180914_JST-B2B-XH-A-LF-SN_C158012_front_10.jpg,LCSC
TS-1088-AR02016,TS1088AR02016,XUNPU,XUNPU,ts1088ar02016,Switches,Switches,SWITCH TACTILE SPST 160gf SMD,,,"{""电路结构"": ""单刀单掷"", ""按钮形状"": ""圆形按钮"", ""开关长度"": ""3.9mm"", ""开关宽度"": ""3mm""}",active,,https://www.lcsc.com/datasheet/C720477.pdf,,https://assets.lcsc.com/images/lcsc/900x900/20250918_XUNPU-TS-1088-AR02016_C720477_front.jpg,LCSC
U.FL-R-SMT-1(80),UFLRSMT180,HRS,HRS,uflrsmt180,Connectors,Connectors,CONN RCPT IPEX 50Ω SMD,,,"{""连接器类型"": ""板端"", ""接口类型"": ""内针"", ""工作温度"": ""-40℃~+90℃"", ""频率"": ""6GHz""}",active,,https://www.lcsc.com/datasheet/C88374.pdf,,https://assets.lcsc.com/images/lcsc/900x900/20260525_HRS-U-FL-R-SMT-1-80_C88374_front.jpg,LCSC
RC0603FR-071KL,RC0603FR071KL,Yageo,Yageo,rc0603fr071kl,Resistor,Resistor,RES 1kΩ ±1% 100mW 0603,,,"{""电阻类型"": ""厚膜电阻"", ""阻值"": ""1kΩ"", ""精度"": ""±1%"", ""最大工作电压"": ""75V""}",active,,https://www.lcsc.com/datasheet/C22548.pdf,,https://assets.lcsc.com/images/lcsc/900x900/20221229_YAGEO-RC0603FR-071KL_C22548_front.jpg,LCSC
"BAT54,215",BAT54215,Nexperia,Nexperia,bat54215,Diode,Diode,DIODE SCHOTTKY 30V SOT-23,,,"{""二极管配置"": ""1个独立式"", ""直流反向耐压（Vr）"": ""30V"", ""整流电流"": ""200mA"", ""正向压降(Vf)"": ""800mV@100mA""}",active,,https://www.lcsc.com/datasheet/C85084.pdf,,https://assets.lcsc.com/images/lcsc/900x900/20251013_Nexperia-BAT54-215_C85084_front.jpg,LCSC
RC0603JR-070RL,RC0603JR070RL,Yageo,Yageo,rc0603jr070rl,Resistor,Resistor,RES 0Ω ±5% 100mW 0603,,,"{""电阻类型"": ""厚膜电阻"", ""阻值"": ""0Ω"", ""精度"": ""±5%"", ""最大工作电压"": ""75V""}",active,,https://www.lcsc.com/datasheet/C95177.pdf,,https://assets.lcsc.com/images/lcsc/900x900/20221231_YAGEO-RC0603JR-070RL_C95177_front.jpg,LCSC
BAT54SLT1G,BAT54SLT1G,ON Semiconductor,ON Semiconductor,bat54slt1g,Diode,Diode,DIODE ARR SCHOTTKY 30V SOT-23,,,"{""二极管配置"": ""1对串联式"", ""正向压降(Vf)"": ""800mV@100mA"", ""整流电流"": ""200mA"", ""直流反向耐压(Vr)"": ""30V""}",active,,https://www.lcsc.com/datasheet/C19726.pdf,,https://assets.lcsc.com/images/lcsc/900x900/20190614_onsemi-BAT54SLT1G_C19726_front.jpg,LCSC
FT232RL-REEL,FT232RLREEL,FTDI,FTDI,ft232rlreel,USB Connectors,USB Connectors,USB UART interface integrated circuit device with clock generator output and security dongle function,,,"{""应用功能"": ""USB转UART"", ""数据速率"": ""3Mbps"", ""USB协议版本"": ""USB 2.0""}",active,,https://www.lcsc.com/datasheet/C8690.pdf,,https://assets.lcsc.com/images/lcsc/900x900/20221228_FTDI-FT232RL-REEL_C8690_front.jpg,LCSC
1N5819WS,1N5819WS,Guangdong Hottech,Guangdong Hottech,1n5819ws,Diode,Diode,DIODE SCHOTTKY 40V SOD-323,,,"{""二极管配置"": ""1个独立式"", ""直流反向耐压（Vr）"": ""40V"", ""整流电流"": ""1A"", ""正向压降(Vf)"": ""600mV@1A""}",active,,https://www.lcsc.com/datasheet/C191023.pdf,,https://assets.lcsc.com/images/lcsc/900x900/20230108_Guangdong-Hottech-1N5819WS_C191023_front.jpg,LCSC
FRC0603F5101TS,FRC0603F5101TS,FOJAN,FOJAN,frc0603f5101ts,Resistor,Resistor,RES 5.1kΩ ±1% 100mW 0603,,,"{""电阻类型"": ""厚膜电阻"", ""阻值"": ""5.1kΩ"", ""精度"": ""±1%"", ""最大工作电压"": ""75V""}",active,,https://www.lcsc.com/datasheet/C2907044.pdf,,https://assets.lcsc.com/images/lcsc/900x900/20250807_FOJAN-FRC0603F5101TS_C2907044_front.jpg,LCSC
"BAT54C,215",BAT54C215,Nexperia,Nexperia,bat54c215,Diode,Diode,DIODE ARR SCHOTTKY 30V SOT-23,,,"{""二极管配置"": ""1对共阴极"", ""正向压降(Vf)"": ""800mV@100mA"", ""整流电流"": ""200mA"", ""直流反向耐压(Vr)"": ""30V""}",active,,https://www.lcsc.com/datasheet/C37704.pdf,,https://assets.lcsc.com/images/lcsc/900x900/20180914_Nexperia-BAT54C-215_C37704_front_10.jpg,LCSC
B4B-XH-A(LF)(SN),B4BXHALFSN,JST,JST,b4bxhalfsn,Connectors,Connectors,CONN HEADER TH 4POS 2.5mm,,,"{""间距"": ""2.5mm"", ""颜色"": ""白色"", ""安装方式"": ""直插"", ""插针结构"": ""1x4P""}",active,,https://www.lcsc.com/datasheet/C144395.pdf,,https://assets.lcsc.com/images/lcsc/900x900/20181127_JST-B4B-XH-A-LF-SN_C144395_front.jpg,LCSC
RC0402FR-071KL,RC0402FR071KL,Yageo,Yageo,rc0402fr071kl,Resistor,Resistor,RES 1kΩ ±1% 62.5mW 0402,,,"{""电阻类型"": ""厚膜电阻"", ""阻值"": ""1kΩ"", ""精度"": ""±1%"", ""最大工作电压"": ""50V""}",active,,https://www.lcsc.com/datasheet/C106235.pdf,,https://assets.lcsc.com/images/lcsc/900x900/20230102_YAGEO-RC0402FR-071KL_C106235_front.jpg,LCSC
1N4148W,1N4148W,JSMSEMI,JSMSEMI,1n4148w,Diode,Diode,DIODE GP 100V 300mA SOD-123,,,"{""直流反向耐压（Vr）"": ""100V"", ""二极管配置"": ""独立式"", ""整流电流"": ""300mA"", ""反向恢复时间（trr）"": ""8ns""}",active,,https://www.lcsc.com/datasheet/C917030.pdf,,https://assets.lcsc.com/images/lcsc/900x900/20230131_JSMSEMI-1N4148W_C917030_front.jpg,LCSC
"PRTR5V0U2F,115",PRTR5V0U2F115,Nexperia,Nexperia,prtr5v0u2f115,Diode,Diode,TVS DIODE 5.5VWM XSON-6(1x1.5),,,"{""极性"": ""单向"", ""反向截止电压(Vrwm)"": ""5.5V"", ""击穿电压(VBR)"": ""6V""}",active,,https://www.lcsc.com/datasheet/C478118.pdf,,https://assets.lcsc.com/images/lcsc/900x900/20230119_Nexperia-PRTR5V0U2F-115_C478118_front.jpg,LCSC
ERJ2GE0R00X,ERJ2GE0R00X,Panasonic,Panasonic,erj2ge0r00x,Resistor,Resistor,RES 0Ω 0.1W 0402,,,"{""电阻类型"": ""厚膜电阻"", ""阻值"": ""0Ω"", ""功率"": ""100mW"", ""温度系数"": ""-100ppm/℃~+600ppm/℃""}",active,,https://www.lcsc.com/datasheet/C242160.pdf,,https://assets.lcsc.com/images/lcsc/900x900/20250820_PANASONIC-ERJ2GE0R00X_C242160_front.jpg,LCSC
FRC0805F1001TS,FRC0805F1001TS,FOJAN,FOJAN,frc0805f1001ts,Resistor,Resistor,RES 1kΩ ±1% 125mW 0805,,,"{""电阻类型"": ""厚膜电阻"", ""阻值"": ""1kΩ"", ""精度"": ""±1%"", ""最大工作电压"": ""150V""}",active,,https://www.lcsc.com/datasheet/C2907232.pdf,,https://assets.lcsc.com/images/lcsc/900x900/20230107_FOJAN-FRC0805F1001TS_C2907232_front.jpg,LCSC
NUP2105LT1G,NUP2105LT1G,ON Semiconductor,ON Semiconductor,nup2105lt1g,Diode,Diode,TVS DIODE 24VWM 44VC SOT-23,,,"{""极性"": ""双向"", ""钳位电压"": ""44V"", ""峰值脉冲功率(Ppp)"": ""350W@8/20us"", ""反向截止电压(Vrwm)"": ""24V""}",active,,https://www.lcsc.com/datasheet/C14486.pdf,,https://assets.lcsc.com/images/lcsc/900x900/20221228_onsemi-NUP2105LT1G_C14486_front.jpg,LCSC
AMS1117-3.3,AMS111733,Advanced Monolithic Systems,Advanced Monolithic Systems,ams111733,Voltage Regulator,Voltage Regulator,1A Low Dropout (LDO) Regulator,,,"{""输出类型"": ""固定"", ""输出电压"": ""3.3V"", ""输出极性"": ""正极""}",active,,https://www.lcsc.com/datasheet/C6186.pdf,,https://assets.lcsc.com/images/lcsc/900x900/20221228_Advanced-Monolithic-Systems-AMS1117-3-3_C6186_front.jpg,LCSC
MAX98357AETE+T,MAX98357AETET,Maxim Integrated,Maxim Integrated,max98357aetet,Operational Amplifier,Operational Amplifier,"Tiny, Low-Cost, PCM Class D Amplifier with Class AB Performance",,,"{""功放类型"": ""D类功放"", ""输出功率"": ""3.2Wx1@4Ω"", ""工作电压"": ""2.5V~5.5V"", ""静态电流(Iq)"": ""2.4mA""}",active,,https://www.lcsc.com/datasheet/C910544.pdf,,https://assets.lcsc.com/images/lcsc/900x900/20250904_MAXIM-MAX98357AETE-T_C910544_front.jpg,LCSC
B2B-PH-K-S(LF)(SN),B2BPHKSLFSN,JST,JST,b2bphkslfsn,Connectors,Connectors,CONN HEADER TH 2POS 2mm,,,"{""间距"": ""2mm"", ""颜色"": ""白色"", ""安装方式"": ""直插"", ""插针结构"": ""1x2P""}",active,,https://www.lcsc.com/datasheet/C131337.pdf,,https://assets.lcsc.com/images/lcsc/900x900/20230102_JST-B2B-PH-K-S-LF-SN_C131337_front.jpg,LCSC
BAT54S,BAT54S,JSMSEMI,JSMSEMI,bat54s,Diode,Diode,DIODE ARR SCHOTTKY 30V SOT-23,,,"{""二极管配置"": ""1对串联式"", ""直流反向耐压（Vr）"": ""30V"", ""整流电流"": ""200mA"", ""正向压降(Vf)"": ""800mV@100mA""}",active,,https://www.lcsc.com/datasheet/C916425.pdf,,https://assets.lcsc.com/images/lcsc/900x900/20230131_JSMSEMI-BAT54S_C916425_front.jpg,LCSC
PESD0402-140,PESD0402140,Littelfuse,Littelfuse,pesd0402140,Diode,Diode,ESD DIODE 14VWM 40VC 0402,,,"{""极性"": ""双向"", ""钳位电压"": ""40V"", ""反向截止电压(Vrwm)"": ""14V""}",active,,https://www.lcsc.com/datasheet/C10662.pdf,,https://assets.lcsc.com/images/lcsc/900x900/20250731_Littelfuse-PESD0402-140_C10662_front.jpg,LCSC
BSS138LT1G,BSS138LT1G,ON Semiconductor,ON Semiconductor,bss138lt1g,MOSFET,MOSFET,MOSFET N-CH 50V 200mA SOT-23,,,"{""数量"": ""1个N沟道"", ""漏源电压(Vdss)"": ""50V"", ""连续漏极电流(Id)"": ""200mA"", ""耗散功率(Pd)"": ""225mW""}",active,,https://www.lcsc.com/datasheet/C82045.pdf,,https://assets.lcsc.com/images/lcsc/900x900/20221231_onsemi-BSS138LT1G_C82045_front.jpg,LCSC
MAX6675ISA+T,MAX6675ISAT,Maxim Integrated,Maxim Integrated,max6675isat,Analog IC,Analog IC,Cold-Junction-Compensated K-Thermocouple-to-Digital Converter,,,"{""接口类型"": ""SPI""}",active,,https://www.lcsc.com/datasheet/C16030.pdf,,https://assets.lcsc.com/images/lcsc/900x900/20260522_MAXIM-MAX6675ISA-T_C16030_front.jpg,LCSC
GT-USB-7010ASV,GTUSB7010ASV,G-Switch,G-Switch,gtusb7010asv,USB Connectors,USB Connectors,CONN RCPT USB 2.0 Type-C 16POS SMD R/A,,,"{""安装方式"": ""卧贴"", ""协议标准"": ""USB 2.0"", ""工作温度"": ""-40℃~+85℃"", ""端口数量"": ""1""}",active,,https://www.lcsc.com/datasheet/C2988369.pdf,,https://assets.lcsc.com/images/lcsc/900x900/20260526_G-Switch-GT-USB-7010ASV_C2988369_front.jpg,LCSC
W5500,W5500,WIZNET,WIZNET,w5500,Modules,Modules,Hardwired TCP/IP embedded Ethernet controller,,,{},active,,https://www.lcsc.com/datasheet/C32843.pdf,,https://assets.lcsc.com/images/lcsc/900x900/20221229_WIZNET-W5500_C32843_front.jpg,LCSC
IRF540NPBF,IRF540NPBF,Infineon Technologies,Infineon Technologies,irf540npbf,MOSFET,MOSFET,MOSFET N-CH 100V 33A TO-220AB,,,"{""数量"": ""1个N沟道"", ""类型"": ""N沟道"", ""漏源电压(Vdss)"": ""100V"", ""连续漏极电流(Id)"": ""33A""}",active,,https://www.lcsc.com/datasheet/C2566.pdf,,https://assets.lcsc.com/images/lcsc/900x900/20221121_Infineon-Technologies-IRF540NPBF_C2566_front.jpg,LCSC
B0505S-1WR3,B0505S1WR3,EVISUN,EVISUN,b0505s1wr3,Modules,Modules,"DC-DC modular power supply, 1W, fixed voltage input, isolated non-regulated single-channel output",,,"{""工作电压"": ""4.5V~5.5V"", ""输出电压"": ""5V""}",active,,https://www.lcsc.com/datasheet/C7465178.pdf,,https://assets.lcsc.com/images/lcsc/900x900/20230908_EVISUN-B0505S-1WR3_C7465178_front.jpg,LCSC
"PESD3V3S2UT,215",PESD3V3S2UT215,Nexperia,Nexperia,pesd3v3s2ut215,Diode,Diode,ESD DIODE 3.3VWM 20VC SOT-23,,,"{""极性"": ""单向"", ""钳位电压"": ""20V"", ""峰值脉冲功率(Ppp)"": ""330W@8/20us"", ""反向截止电压(Vrwm)"": ""3.3V""}",active,,https://www.lcsc.com/datasheet/C84276.pdf,,https://assets.lcsc.com/images/lcsc/900x900/20221231_Nexperia-PESD3V3S2UT-215_C84276_front.jpg,LCSC
MAX31865ATP+T,MAX31865ATPT,Maxim Integrated,Maxim Integrated,max31865atpt,Analog IC,Analog IC,RTD-to-Digital Converter,,,"{""工作电压"": ""3V~3.6V"", ""接口类型"": ""SPI""}",active,,https://www.lcsc.com/datasheet/C118474.pdf,,https://assets.lcsc.com/images/lcsc/900x900/20230101_Analog-Devices-Inc--Maxim-Integrated-MAX31865ATP-T_C118474_front.jpg,LCSC
U.FL-R-SMT-1(10),UFLRSMT110,HRS,HRS,uflrsmt110,Connectors,Connectors,CONN RCPT IPEX 50Ω SMD,,,"{""连接器类型"": ""板端"", ""接口类型"": ""内针"", ""工作温度"": ""-40℃~+90℃"", ""频率"": ""6GHz""}",active,,https://www.lcsc.com/datasheet/C88373.pdf,,https://assets.lcsc.com/images/lcsc/900x900/20221231_HRS-Hirose-U-FL-R-SMT-1-10_C88373_front.jpg,LCSC
BMI270,BMI270,Bosch,Bosch,bmi270,Sensors,Sensors,"6-axis, smart, low-power Inertial Measurement Unit for high-performance applications",,,{},active,,https://www.lcsc.com/datasheet/C2836813.pdf,,https://assets.lcsc.com/images/lcsc/900x900/20230120_Bosch-Sensortec-BMI270_C2836813_front.jpg,LCSC
CRCW060310K0FKEA,CRCW060310K0FKEA,Vishay Intertechnology,Vishay Intertechnology,crcw060310k0fkea,Resistor,Resistor,RES 10kΩ ±1% 100mW 0603,,,"{""电阻类型"": ""厚膜电阻"", ""阻值"": ""10kΩ"", ""精度"": ""±1%"", ""最大工作电压"": ""75V""}",active,,https://www.lcsc.com/datasheet/C844918.pdf,,https://assets.lcsc.com/images/lcsc/900x900/20230130_Vishay-Intertech-CRCW060310K0FKEA_C844918_front.jpg,LCSC
Q13FC13500004,Q13FC13500004,EPSON,EPSON,q13fc13500004,Crystal Oscillator,Crystal Oscillator,CRYSTAL 32.768kHz 12.5pF SMD,,,"{""常温频差"": ""±20ppm"", ""负载电容"": ""12.5pF""}",active,,https://www.lcsc.com/datasheet/C32346.pdf,,https://assets.lcsc.com/images/lcsc/900x900/20240322_Seiko-Epson-Q13FC13500004_C32346_front.jpg,LCSC
1N5819HW-7-F,1N5819HW7F,Diodes Incorporated,Diodes Incorporated,1n5819hw7f,Diode,Diode,Voltage: 40V Current: 1A,,,"{""二极管配置"": ""1个独立式"", ""直流反向耐压（Vr）"": ""40V"", ""整流电流"": ""1A"", ""正向压降(Vf)"": ""450mV@1A""}",active,,https://www.lcsc.com/datasheet/C82544.pdf,,https://assets.lcsc.com/images/lcsc/900x900/20221231_Diodes-Incorporated-1N5819HW-7-F_C82544_front.jpg,LCSC
FRC0402F1002TS,FRC0402F1002TS,FOJAN,FOJAN,frc0402f1002ts,Resistor,Resistor,RES 10kΩ ±1% 62.5mW 0402,,,"{""电阻类型"": ""厚膜电阻"", ""阻值"": ""10kΩ"", ""精度"": ""±1%"", ""最大工作电压"": ""50V""}",active,,https://www.lcsc.com/datasheet/C2906861.pdf,,https://assets.lcsc.com/images/lcsc/900x900/20250820_FOJAN-FRC0402F1002TS_C2906861_front.jpg,LCSC
ESD5Z3.3T1G,ESD5Z33T1G,ON Semiconductor,ON Semiconductor,esd5z33t1g,Diode,Diode,TVS DIODE 3.3VWM 14.1VC SOD-523,,,"{""极性"": ""单向"", ""钳位电压"": ""14.1V"", ""峰值脉冲功率(Ppp)"": ""158W@8/20us"", ""反向截止电压(Vrwm)"": ""3.3V""}",active,,https://www.lcsc.com/datasheet/C61148.pdf,,https://assets.lcsc.com/images/lcsc/900x900/20221230_onsemi-ESD5Z3-3T1G_C61148_front.jpg,LCSC
DS18B20+,DS18B20,Maxim Integrated,Maxim Integrated,ds18b20,Sensors,Sensors,Programmable Resolution 1-Wire Digital Thermometer,,,"{""检测温度"": ""-55℃~+125℃"", ""接口类型"": ""单总线"", ""精度"": ""±0.5℃""}",active,,https://www.lcsc.com/datasheet/C9753.pdf,,https://assets.lcsc.com/images/lcsc/900x900/20221228_Analog-Devices-Inc--Maxim-Integrated-DS18B20-_C9753_front.jpg,LCSC
B4B-PH-K-S(LF)(SN),B4BPHKSLFSN,JST,JST,b4bphkslfsn,Connectors,Connectors,CONN HEADER TH 4POS 2mm,,,"{""间距"": ""2mm"", ""颜色"": ""白色"", ""安装方式"": ""直插"", ""插针结构"": ""1x4P""}",active,,https://www.lcsc.com/datasheet/C131334.pdf,,https://assets.lcsc.com/images/lcsc/900x900/20230102_JST-B4B-PH-K-S-LF-SN_C131334_front.jpg,LCSC
FRC0603F4702TS,FRC0603F4702TS,FOJAN,FOJAN,frc0603f4702ts,Resistor,Resistor,RES 47kΩ ±1% 100mW 0603,,,"{""电阻类型"": ""厚膜电阻"", ""阻值"": ""47kΩ"", ""精度"": ""±1%"", ""最大工作电压"": ""75V""}",active,,https://www.lcsc.com/datasheet/C2907042.pdf,,https://assets.lcsc.com/images/lcsc/900x900/20251211_FOJAN-FRC0603F4702TS_C2907042_front.jpg,LCSC
TF PUSH,TFPUSH,SHOU HAN,SHOU HAN,tfpush,Memory IC,Memory IC,CONN MICRO SD CARD (TF CARD) SMD,,,"{""卡连接方式"": ""自弹式"", ""卡类型"": ""MicroSD卡(TF卡)"", ""连接器类型"": ""卡座"", ""本体最大高度"": ""2mm""}",active,,https://www.lcsc.com/datasheet/C393941.pdf,,https://assets.lcsc.com/images/lcsc/900x900/20230218_SHOU-HAN-TF-PUSH_C393941_front.jpg,LCSC
FRC0603F4701TS,FRC0603F4701TS,FOJAN,FOJAN,frc0603f4701ts,Resistor,Resistor,RES 4.7kΩ ±1% 100mW 0603,,,"{""电阻类型"": ""厚膜电阻"", ""阻值"": ""4.7kΩ"", ""精度"": ""±1%"", ""最大工作电压"": ""75V""}",active,,https://www.lcsc.com/datasheet/C2907034.pdf,,https://assets.lcsc.com/images/lcsc/900x900/20250820_FOJAN-FRC0603F4701TS_C2907034_front.jpg,LCSC
RC0402FR-070RL,RC0402FR070RL,Yageo,Yageo,rc0402fr070rl,Resistor,Resistor,RES 0Ω ±1% 62.5mW 0402,,,"{""电阻类型"": ""厚膜电阻"", ""阻值"": ""0Ω"", ""精度"": ""±1%"", ""最大工作电压"": ""50V""}",active,,https://www.lcsc.com/datasheet/C106231.pdf,,https://assets.lcsc.com/images/lcsc/900x900/20251025_YAGEO-RC0402FR-070RL_C106231_front.jpg,LCSC
CRCW06030000Z0EA,CRCW06030000Z0EA,Vishay Intertechnology,Vishay Intertechnology,crcw06030000z0ea,Resistor,Resistor,RES 0Ω 100mW 0603,,,"{""电阻类型"": ""厚膜电阻"", ""阻值"": ""0Ω"", ""最大工作电压"": ""100V"", ""功率"": ""100mW""}",active,,https://www.lcsc.com/datasheet/C844915.pdf,,https://assets.lcsc.com/images/lcsc/900x900/20230130_Vishay-Intertech-CRCW06030000Z0EA_C844915_front.jpg,LCSC
TS-1187A-B-A-B,TS1187ABAB,XKB Connection,XKB Connection,ts1187abab,Switches,Switches,SWITCH TACTILE SPST 160gf SMD,,,"{""电路结构"": ""单刀单掷"", ""按钮形状"": ""圆形按钮"", ""开关长度"": ""5.1mm"", ""开关宽度"": ""5.1mm""}",active,,https://www.lcsc.com/datasheet/C318884.pdf,,https://assets.lcsc.com/images/lcsc/900x900/20181028_XKB-Connection-TS-1187A-B-A-B_C318884_front.jpg,LCSC
FRC0603F0000TS,FRC0603F0000TS,FOJAN,FOJAN,frc0603f0000ts,Resistor,Resistor,RES 0Ω ±1% 0.1W 0603,,,"{""电阻类型"": ""厚膜电阻"", ""阻值"": ""0Ω"", ""精度"": ""±1%"", ""最大工作电压"": ""75V""}",active,,https://www.lcsc.com/datasheet/C2906974.pdf,,https://assets.lcsc.com/images/lcsc/900x900/20250520_FOJAN-FRC0603F0000TS_C2906974_front.jpg,LCSC
FRC0603F1000TS,FRC0603F1000TS,FOJAN,FOJAN,frc0603f1000ts,Resistor,Resistor,RES 100Ω ±1% 100mW 0603,,,"{""电阻类型"": ""厚膜电阻"", ""阻值"": ""100Ω"", ""精度"": ""±1%"", ""最大工作电压"": ""75V""}",active,,https://www.lcsc.com/datasheet/C2906981.pdf,,https://assets.lcsc.com/images/lcsc/900x900/20250911_FOJAN-FRC0603F1000TS_C2906981_front.jpg,LCSC
LL4148-GS08,LL4148GS08,Vishay Intertechnology,Vishay Intertechnology,ll4148gs08,Diode,Diode,DIODE GP 75V 300mA MiniMELF,,,"{""直流反向耐压（Vr）"": ""75V"", ""二极管配置"": ""1个独立式"", ""整流电流"": ""300mA"", ""反向恢复时间（trr）"": ""8ns""}",active,,https://www.lcsc.com/datasheet/C68883.pdf,,https://assets.lcsc.com/images/lcsc/900x900/20251204_VISHAY-LL4148-GS08_C68883_front.jpg,LCSC
CRCW040210K0FKED,CRCW040210K0FKED,Vishay Intertechnology,Vishay Intertechnology,crcw040210k0fked,Resistor,Resistor,RES 10kΩ ±1% 63mW 0402,,,"{""电阻类型"": ""厚膜电阻"", ""阻值"": ""10kΩ"", ""精度"": ""±1%"", ""最大工作电压"": ""50V""}",active,,https://www.lcsc.com/datasheet/C71617.pdf,,https://assets.lcsc.com/images/lcsc/900x900/20221231_Vishay-Intertech-CRCW040210K0FKED_C71617_front.jpg,LCSC
XL-2012SURC,XL2012SURC,XINGLIGHT,XINGLIGHT,xl2012surc,LED Components,LED Components,LED RED WATER CLEAR 0805 SMD,,,"{""灯头类型"": ""2mmx1.2mm方形灯头"", ""接收角度"": ""120°"", ""峰值波长"": ""620nm"", ""正向压降(Vf)"": ""2.3V""}",active,,https://www.lcsc.com/datasheet/C965812.pdf,,https://assets.lcsc.com/images/lcsc/900x900/20230131_XINGLIGHT-XL-2012SURC_C965812_front.jpg,LCSC
SS54,SS54,MDD(Microdiode Semiconductor),MDD(Microdiode Semiconductor),ss54,Diode,Diode,DIODE SCHOTTKY 40V SMA(DO-214AC),,,"{""二极管配置"": ""独立式"", ""直流反向耐压（Vr）"": ""40V"", ""整流电流"": ""5A"", ""正向压降(Vf)"": ""550mV@5A""}",active,,https://www.lcsc.com/datasheet/C22452.pdf,,https://assets.lcsc.com/images/lcsc/900x900/20260709_MDD-Microdiode-Semiconductor-SS54_C22452_front.jpg,LCSC
FRC0603J102 TS,FRC0603J102TS,FOJAN,FOJAN,frc0603j102ts,Resistor,Resistor,RES 1kΩ ±5% 100mW 0603,,,"{""电阻类型"": ""厚膜电阻"", ""阻值"": ""1kΩ"", ""精度"": ""±5%"", ""最大工作电压"": ""75V""}",active,,https://www.lcsc.com/datasheet/C2907113.pdf,,https://assets.lcsc.com/images/lcsc/900x900/20230128_FOJAN-FRC0603J102-TS_C2907113_front.jpg,LCSC
SS14,SS14,MDD(Microdiode Semiconductor),MDD(Microdiode Semiconductor),ss14,Diode,Diode,DIODE SCHOTTKY 40V SMA(DO-214AC),,,"{""直流反向耐压（Vr）"": ""40V"", ""二极管配置"": ""独立式"", ""整流电流"": ""1A"", ""正向压降(Vf)"": ""550mV@1A""}",active,,https://www.lcsc.com/datasheet/C2480.pdf,,https://assets.lcsc.com/images/lcsc/900x900/20230314_MDD-Microdiode-Semiconductor-SS14_C2480_front.jpg,LCSC
"74HC14D,653",74HC14D653,Nexperia,Nexperia,74hc14d653,Logic IC,Logic IC,Hex inverting Schmitt trigger,,,"{""输入类型"": ""施密特触发器"", ""工作电压"": ""2V~6V"", ""静态电流(Iq)"": ""2uA"", ""通道数"": ""6""}",active,,https://www.lcsc.com/datasheet/C5605.pdf,,https://assets.lcsc.com/images/lcsc/900x900/20221228_Nexperia-74HC14D-653_C5605_front.jpg,LCSC
B3B-XH-A(LF)(SN),B3BXHALFSN,JST,JST,b3bxhalfsn,Connectors,Connectors,CONN HEADER TH 3POS 2.5mm,,,"{""间距"": ""2.5mm"", ""颜色"": ""白色"", ""安装方式"": ""直插"", ""插针结构"": ""1x3P""}",active,,https://www.lcsc.com/datasheet/C144394.pdf,,https://assets.lcsc.com/images/lcsc/900x900/20180926_JST-B3B-XH-A-LF-SN_C144394_front.jpg,LCSC
AT7456E,AT7456E,ZHONGKEWEI,ZHONGKEWEI,at7456e,Microcontroller,Microcontroller,"Single-channel, monochrome on-screen display integrated with EEPROM",,,{},active,,https://www.lcsc.com/datasheet/C82351.pdf,,https://assets.lcsc.com/images/lcsc/900x900/20221231_ZHONGKEWEI-AT7456E_C82351_front.jpg,LCSC
IRLML6402TRPBF,IRLML6402TRPBF,Infineon Technologies,Infineon Technologies,irlml6402trpbf,MOSFET,MOSFET,MOSFET P-CH 20V 3.7A SOT-23,,,"{""数量"": ""1个P沟道"", ""类型"": ""P沟道"", ""漏源电压(Vdss)"": ""20V"", ""连续漏极电流(Id)"": ""3.7A""}",active,,https://www.lcsc.com/datasheet/C2593.pdf,,https://assets.lcsc.com/images/lcsc/900x900/20190110_Infineon-Technologies-IRLML6402TRPBF_C2593_front.jpg,LCSC
"74HC165D,653",74HC165D653,Nexperia,Nexperia,74hc165d653,Logic IC,Logic IC,,,,"{""功能"": ""并行或串行至串行"", ""工作电压"": ""2V~6V"", ""元件数"": ""1"", ""传播延迟(tpd)"": ""28ns@6V,50pF""}",active,,https://www.lcsc.com/datasheet/C5613.pdf,,https://assets.lcsc.com/images/lcsc/900x900/20250824_Nexperia-74HC165D-653_C5613_front.jpg,LCSC
"PESD5Z3.3,115",PESD5Z33115,Nexperia,Nexperia,pesd5z33115,Diode,Diode,ESD DIODE 3.3VWM 18VC SC-79(SOD-523),,,"{""极性"": ""单向"", ""钳位电压"": ""18V"", ""峰值脉冲功率(Ppp)"": ""260W@8/20us"", ""反向截止电压(Vrwm)"": ""3.3V""}",active,,https://www.lcsc.com/datasheet/C182940.pdf,,https://assets.lcsc.com/images/lcsc/900x900/20200115_Nexperia-PESD5Z3-3-115_C182940_front.jpg,LCSC
CLRC66303HNY,CLRC66303HNY,NXP Semiconductors,NXP Semiconductors,clrc66303hny,RF Modules,RF Modules,,,,{},active,,https://www.lcsc.com/datasheet/C961490.pdf,,https://assets.lcsc.com/images/lcsc/900x900/20250625_NXP-Semicon-CLRC66303HNY_C961490_front.jpg,LCSC
RC0805FR-071KL,RC0805FR071KL,Yageo,Yageo,rc0805fr071kl,Resistor,Resistor,RES 1kΩ ±1% 125mW 0805,,,"{""电阻类型"": ""厚膜电阻"", ""阻值"": ""1kΩ"", ""精度"": ""±1%"", ""最大工作电压"": ""150V""}",active,,https://www.lcsc.com/datasheet/C95781.pdf,,https://assets.lcsc.com/images/lcsc/900x900/20260525_YAGEO-RC0805FR-071KL_C95781_front.jpg,LCSC
MBR0540T1G,MBR0540T1G,ON Semiconductor,ON Semiconductor,mbr0540t1g,Diode,Diode,DIODE SCHOTTKY 40V SOD-123,,,"{""二极管配置"": ""1个独立式"", ""直流反向耐压（Vr）"": ""40V"", ""整流电流"": ""500mA"", ""正向压降(Vf)"": ""510mV@500mA""}",active,,https://www.lcsc.com/datasheet/C21353.pdf,,https://assets.lcsc.com/images/lcsc/900x900/20221229_onsemi-MBR0540T1G_C21353_front.jpg,LCSC
IRFB4110PBF,IRFB4110PBF,Infineon Technologies,Infineon Technologies,irfb4110pbf,MOSFET,MOSFET,MOSFET N-CH 100V 180A TO-220,,,"{""数量"": ""1个N沟道"", ""类型"": ""N沟道"", ""漏源电压(Vdss)"": ""100V"", ""连续漏极电流(Id)"": ""180A""}",active,,https://www.lcsc.com/datasheet/C2650.pdf,,https://assets.lcsc.com/images/lcsc/900x900/20180914_Infineon-Technologies-IRFB4110PBF_C2650_front.jpg,LCSC
CH340C,CH340C,WCH,WCH,ch340c,USB Connectors,USB Connectors,USB to Serial Port chip,,,"{""应用功能"": ""收发器"", ""数据速率"": ""2Mbps"", ""USB协议版本"": ""USB 2.0""}",active,,https://www.lcsc.com/datasheet/C84681.pdf,,https://assets.lcsc.com/images/lcsc/900x900/20221231_WCH-Jiangsu-Qin-Heng-CH340C_C84681_front.jpg,LCSC
XL-1608UBC-04,XL1608UBC04,XINGLIGHT,XINGLIGHT,xl1608ubc04,LED Components,LED Components,LED BLUE WATER CLEAR 0603 SMD,,,"{""灯头类型"": ""1.6mmx0.8mm方形灯头"", ""接收角度"": ""120°"", ""峰值波长"": ""470nm"", ""正向压降(Vf)"": ""3.3V""}",active,,https://www.lcsc.com/datasheet/C965807.pdf,,https://assets.lcsc.com/images/lcsc/900x900/20230104_XINGLIGHT-XL-1608UBC-04_C965807_front.jpg,LCSC
"PESD1CAN,215",PESD1CAN215,Nexperia,Nexperia,pesd1can215,Diode,Diode,ESD DIODE 24VWM 70VC SOT-23,,,"{""极性"": ""双向"", ""钳位电压"": ""70V"", ""峰值脉冲功率(Ppp)"": ""200W@8/20us"", ""反向截止电压(Vrwm)"": ""24V""}",active,,https://www.lcsc.com/datasheet/C15771.pdf,,https://assets.lcsc.com/images/lcsc/900x900/20180914_Nexperia-PESD1CAN-215_C15771_front.jpg,LCSC
TMC2209-LA-T,TMC2209LAT,ADI/TRINAMIC,ADI/TRINAMIC,tmc2209lat,Power Management IC,Power Management IC,POWER DRIVER FOR STEPPER MOTORS Step/Dir Drivers for Two-Phase Bipolar Stepper Motors - StealthChop for Quiet Movement - UART Interface Option - Sensorless Stall Detection,,,{},active,,https://www.lcsc.com/datasheet/C2150710.pdf,,https://assets.lcsc.com/images/lcsc/900x900/20230130_TRINAMIC-Motion-Control-GmbH-TMC2209-LA-T_C2150710_front.jpg,LCSC
KT-0603R,KT0603R,Hubei KENTO Elec,Hubei KENTO Elec,kt0603r,LED Components,LED Components,LED RED WATER CLEAR 0603 SMD,,,"{""灯头类型"": ""1.6mmx0.8mm方形灯头"", ""接收角度"": ""120°"", ""峰值波长"": ""645nm"", ""正向压降(Vf)"": ""1.8V~2.4V""}",active,,https://www.lcsc.com/datasheet/C2286.pdf,,https://assets.lcsc.com/images/lcsc/900x900/20251025_Hubei-KENTO-Elec-KT-0603R_C2286_front.jpg,LCSC
CP2102N-A02-GQFN28R,CP2102NA02GQFN28R,Silicon Labs,Silicon Labs,cp2102na02gqfn28r,USB Connectors,USB Connectors,USB-to-UART Bridge,,,"{""应用功能"": ""USB转UART""}",active,,https://www.lcsc.com/datasheet/C964632.pdf,,https://assets.lcsc.com/images/lcsc/900x900/20230202_SKYWORKS-SILICON-LABS-CP2102N-A02-GQFN28R_C964632_front.jpg,LCSC
CP2102-GMR,CP2102GMR,Silicon Labs,Silicon Labs,cp2102gmr,USB Connectors,USB Connectors,Single-Chip USB to UART Bridge,,,"{""应用功能"": ""收发器"", ""数据速率"": ""1Mbps""}",active,,https://www.lcsc.com/datasheet/C6568.pdf,,https://assets.lcsc.com/images/lcsc/900x900/20221228_SKYWORKS-SILICON-LABS-CP2102-GMR_C6568_front.jpg,LCSC
ESP32-S3-WROOM-1-N16R8,ESP32S3WROOM1N16R8,Espressif Systems,Espressif Systems,esp32s3wroom1n16r8,WiFi Modules,WiFi Modules,2.4GHz Wi-Fi (802.11b/g/n) + Bluetooth 5 (LE) module,,,"{""核心芯片"": ""ESP32-S3R8"", ""频率范围"": ""2.4GHz"", ""天线形式"": ""板载PCB天线"", ""灵敏度"": ""-103.5dBm""}",active,,https://www.lcsc.com/datasheet/C2913202.pdf,,https://assets.lcsc.com/images/lcsc/900x900/20251022_ESPRESSIF-ESP32-S3-WROOM-1-N16R8_C2913202_front.jpg,LCSC
"BAS516,115",BAS516115,Nexperia,Nexperia,bas516115,Diode,Diode,DIODE GP 100V 250mA SOD-523,,,"{""直流反向耐压（Vr）"": ""100V"", ""二极管配置"": ""独立式"", ""整流电流"": ""250mA"", ""反向恢复时间（trr）"": ""4ns""}",active,,https://www.lcsc.com/datasheet/C10037.pdf,,https://assets.lcsc.com/images/lcsc/900x900/20250913_Nexperia-BAS516-115_C10037_front.jpg,LCSC
RC0402FR-074K7L,RC0402FR074K7L,Yageo,Yageo,rc0402fr074k7l,Resistor,Resistor,RES 4.7kΩ ±1% 62.5mW 0402,,,"{""电阻类型"": ""厚膜电阻"", ""阻值"": ""4.7kΩ"", ""精度"": ""±1%"", ""最大工作电压"": ""50V""}",active,,https://www.lcsc.com/datasheet/C105871.pdf,,https://assets.lcsc.com/images/lcsc/900x900/20230102_YAGEO-RC0402FR-074K7L_C105871_front.jpg,LCSC
SM4007PL,SM4007PL,MDD(Microdiode Semiconductor),MDD(Microdiode Semiconductor),sm4007pl,Diode,Diode,DIODE STANDARD 1kV 1A SOD-123FL,,,"{""二极管配置"": ""独立式"", ""直流反向耐压（Vr）"": ""1kV"", ""整流电流"": ""1A"", ""正向压降(Vf)"": ""1.1V@1A""}",active,,https://www.lcsc.com/datasheet/C64898.pdf,,https://assets.lcsc.com/images/lcsc/900x900/20250421_MDD-Microdiode-Semiconductor-SM4007PL_C64898_front.jpg,LCSC
BSS138,BSS138,ON Semiconductor,ON Semiconductor,bss138,MOSFET,MOSFET,MOSFET N-CH 50V 0.22A SOT-23,,,"{""数量"": ""1个N沟道"", ""漏源电压(Vdss)"": ""50V"", ""连续漏极电流(Id)"": ""220mA"", ""耗散功率(Pd)"": ""360mW""}",active,,https://www.lcsc.com/datasheet/C52895.pdf,,https://assets.lcsc.com/images/lcsc/900x900/20260522_onsemi-BSS138_C52895_front.jpg,LCSC
B3B-PH-K-S(LF)(SN),B3BPHKSLFSN,JST,JST,b3bphkslfsn,Connectors,Connectors,CONN HEADER TH 3POS 2mm,,,"{""间距"": ""2mm"", ""颜色"": ""白色"", ""安装方式"": ""直插"", ""插针结构"": ""1x3P""}",active,,https://www.lcsc.com/datasheet/C131339.pdf,,https://assets.lcsc.com/images/lcsc/900x900/20230102_JST-B3B-PH-K-S-LF-SN_C131339_front.jpg,LCSC
TMC5160A-TA-T,TMC5160ATAT,ADI/TRINAMIC,ADI/TRINAMIC,tmc5160atat,Power Management IC,Power Management IC,Universal high voltage controller/driver for two-phase bipolar stepper motor,,,{},active,,https://www.lcsc.com/datasheet/C516354.pdf,,https://assets.lcsc.com/images/lcsc/900x900/20230204_TRINAMIC-Motion-Control-GmbH-TMC5160A-TA-T_C516354_front.jpg,LCSC
IRFZ44NPBF,IRFZ44NPBF,Infineon Technologies,Infineon Technologies,irfz44npbf,MOSFET,MOSFET,MOSFET N-CH 55V 49A TO-220AB,,,"{""数量"": ""1个N沟道"", ""漏源电压(Vdss)"": ""55V"", ""连续漏极电流(Id)"": ""49A"", ""耗散功率(Pd)"": ""94W""}",active,,https://www.lcsc.com/datasheet/C2586.pdf,,https://assets.lcsc.com/images/lcsc/900x900/20180914_Infineon-Technologies-IRFZ44NPBF_C2586_front.jpg,LCSC
B560C-13-F,B560C13F,Diodes Incorporated,Diodes Incorporated,b560c13f,Diode,Diode,Voltage： 60V Current： 5A,,,"{""二极管配置"": ""1个独立式"", ""直流反向耐压（Vr）"": ""60V"", ""整流电流"": ""5A"", ""正向压降(Vf)"": ""700mV@5A""}",active,,https://www.lcsc.com/datasheet/C85100.pdf,,https://assets.lcsc.com/images/lcsc/900x900/20221231_Diodes-Incorporated-B560C-13-F_C85100_front.jpg,LCSC
B1212S-1WR3,B1212S1WR3,YLPTEC,YLPTEC,b1212s1wr3,Modules,Modules,"1W isolated DC-DC converter Fixed input voltage, unregulated single output",,,"{""工作电压"": ""10.8V~13.2V"", ""输出电压"": ""12V""}",active,,https://www.lcsc.com/datasheet/C3031174.pdf,,https://assets.lcsc.com/images/lcsc/900x900/20230106_YLPTEC-B1212S-1WR3_C3031174_front.jpg,LCSC
B340A-13-F,B340A13F,Diodes Incorporated,Diodes Incorporated,b340a13f,Diode,Diode,Voltage： 40V Current： 3A,,,"{""二极管配置"": ""1个独立式"", ""直流反向耐压（Vr）"": ""40V"", ""整流电流"": ""3A"", ""正向压降(Vf)"": ""500mV@3A""}",active,,https://www.lcsc.com/datasheet/C85098.pdf,,https://assets.lcsc.com/images/lcsc/900x900/20221231_Diodes-Incorporated-B340A-13-F_C85098_front.jpg,LCSC
FRC0603F2002TS,FRC0603F2002TS,FOJAN,FOJAN,frc0603f2002ts,Resistor,Resistor,RES 20kΩ ±1% 100mW 0603,,,"{""电阻类型"": ""厚膜电阻"", ""阻值"": ""20kΩ"", ""精度"": ""±1%"", ""最大工作电压"": ""75V""}",active,,https://www.lcsc.com/datasheet/C2907011.pdf,,https://assets.lcsc.com/images/lcsc/900x900/20250820_FOJAN-FRC0603F2002TS_C2907011_front.jpg,LCSC
MBR0520LT1G,MBR0520LT1G,ON Semiconductor,ON Semiconductor,mbr0520lt1g,Diode,Diode,DIODE SCHOTTKY 20V SOD-123,,,"{""二极管配置"": ""1个独立式"", ""直流反向耐压（Vr）"": ""20V"", ""整流电流"": ""500mA"", ""正向压降(Vf)"": ""385mV@500mA""}",active,,https://www.lcsc.com/datasheet/C23848.pdf,,https://assets.lcsc.com/images/lcsc/900x900/20221229_onsemi-MBR0520LT1G_C23848_front.jpg,LCSC
PZ254V-11-02P,PZ254V1102P,XFCN,XFCN,pz254v1102p,Pin Header,Pin Header,CONN HEADER 2POS 2.54mm SINGLE ROW TH,,,"{""间距"": ""2.54mm"", ""颜色"": ""黑色"", ""安装方式"": ""直插"", ""插针结构"": ""1x2P""}",active,,https://www.lcsc.com/datasheet/C492401.pdf,,https://assets.lcsc.com/images/lcsc/900x900/20230119_XFCN-PZ254V-11-02P_C492401_front.jpg,LCSC
FRC0603J103 TS,FRC0603J103TS,FOJAN,FOJAN,frc0603j103ts,Resistor,Resistor,RES 10kΩ ±5% 100mW 0603,,,"{""电阻类型"": ""厚膜电阻"", ""阻值"": ""10kΩ"", ""精度"": ""±5%"", ""最大工作电压"": ""75V""}",active,,https://www.lcsc.com/datasheet/C2930027.pdf,,https://assets.lcsc.com/images/lcsc/900x900/20230121_FOJAN-FRC0603J103-TS_C2930027_front.jpg,LCSC
AS5047P-ATSM,AS5047PATSM,Advanced Monolithic Systems,Advanced Monolithic Systems,as5047patsm,Sensors,Sensors,14-Bit On-Axis Magnetic Rotary Position Sensor with 12-Bit Decimal and Binary Incremental Pulse Count for High Speed Capability,,,"{""输出类型"": ""SPI""}",active,,https://www.lcsc.com/datasheet/C962063.pdf,,https://assets.lcsc.com/images/lcsc/900x900/20230111_AMS-AS5047P-ATSM_C962063_front.jpg,LCSC
RC0603FR-07330RL,RC0603FR07330RL,Yageo,Yageo,rc0603fr07330rl,Resistor,Resistor,RES 330Ω ±1% 100mW 0603,,,"{""电阻类型"": ""厚膜电阻"", ""阻值"": ""330Ω"", ""精度"": ""±1%"", ""最大工作电压"": ""75V""}",active,,https://www.lcsc.com/datasheet/C105881.pdf,,https://assets.lcsc.com/images/lcsc/900x900/20230102_YAGEO-RC0603FR-07330RL_C105881_front.jpg,LCSC
FRC0805F4701TS,FRC0805F4701TS,FOJAN,FOJAN,frc0805f4701ts,Resistor,Resistor,RES 4.7kΩ ±1% 125mW 0805,,,"{""电阻类型"": ""厚膜电阻"", ""阻值"": ""4.7kΩ"", ""精度"": ""±1%"", ""最大工作电压"": ""150V""}",active,,https://www.lcsc.com/datasheet/C2907264.pdf,,https://assets.lcsc.com/images/lcsc/900x900/20251009_FOJAN-FRC0805F4701TS_C2907264_front.jpg,LCSC
CRCW0402100KFKED,CRCW0402100KFKED,Vishay Intertechnology,Vishay Intertechnology,crcw0402100kfked,Resistor,Resistor,RES 100kΩ ±1% 63mW 0402,,,"{""电阻类型"": ""厚膜电阻"", ""阻值"": ""100kΩ"", ""精度"": ""±1%"", ""最大工作电压"": ""50V""}",active,,https://www.lcsc.com/datasheet/C481918.pdf,,https://assets.lcsc.com/images/lcsc/900x900/20251028_VISHAY-CRCW0402100KFKED_C481918_front.jpg,LCSC
G5NB-1A-E-DC5V,G5NB1AEDC5V,Omron,Omron,g5nb1aedc5v,Switches,Switches,RELAY POWER SPST-NO 5V,,,"{""线圈电压"": ""5V"", ""触点形式"": ""一组常开:1A(单刀单掷-常开)"", ""最大切换电流"": ""5A""}",active,,https://www.lcsc.com/datasheet/C48746.pdf,,https://assets.lcsc.com/images/lcsc/900x900/20221230_Omron-Electronics-G5NB-1A-E-DC5V_C48746_front.jpg,LCSC
MBRA340T3G,MBRA340T3G,ON Semiconductor,ON Semiconductor,mbra340t3g,Diode,Diode,DIODE SCHOTTKY 40V SMA(DO-214AC),,,"{""二极管配置"": ""1个独立式"", ""直流反向耐压（Vr）"": ""40V"", ""整流电流"": ""3A"", ""正向压降(Vf)"": ""450mV@3A""}",active,,https://www.lcsc.com/datasheet/C26178.pdf,,https://assets.lcsc.com/images/lcsc/900x900/20221229_onsemi-MBRA340T3G_C26178_front.jpg,LCSC
SRV05-4.TCT,SRV054TCT,Semtech,Semtech,srv054tct,Diode,Diode,TVS DIODE 5VWM 17.5VC SOT-23-6L,,,"{""极性"": ""单向"", ""钳位电压"": ""17.5V"", ""峰值脉冲功率(Ppp)"": ""300W@8/20us"", ""反向截止电压(Vrwm)"": ""5V""}",active,,https://www.lcsc.com/datasheet/C13612.pdf,,https://assets.lcsc.com/images/lcsc/900x900/20221228_SEMTECH-SRV05-4-TCT_C13612_front.jpg,LCSC
FDV301N,FDV301N,ON Semiconductor,ON Semiconductor,fdv301n,MOSFET,MOSFET,MOSFET N-CH 25V 0.22A SOT-23,,,"{""数量"": ""1个N沟道"", ""类型"": ""N沟道"", ""漏源电压(Vdss)"": ""25V"", ""连续漏极电流(Id)"": ""220mA""}",active,,https://www.lcsc.com/datasheet/C15310.pdf,,https://assets.lcsc.com/images/lcsc/900x900/20251016_onsemi-FDV301N_C15310_front.jpg,LCSC
ESD5Z5.0T1G,ESD5Z50T1G,ON Semiconductor,ON Semiconductor,esd5z50t1g,Diode,Diode,ESD DIODE 5VWM 18.6VC SOD-523,,,"{""极性"": ""单向"", ""钳位电压"": ""18.6V"", ""峰值脉冲功率(Ppp)"": ""174W"", ""反向截止电压(Vrwm)"": ""5V""}",active,,https://www.lcsc.com/datasheet/C82044.pdf,,https://assets.lcsc.com/images/lcsc/900x900/20221231_onsemi-ESD5Z5-0T1G_C82044_front.jpg,LCSC
B6B-XH-A(LF)(SN),B6BXHALFSN,JST,JST,b6bxhalfsn,Connectors,Connectors,CONN HEADER TH 6POS 2.5mm,,,"{""间距"": ""2.5mm"", ""颜色"": ""白色"", ""安装方式"": ""直插"", ""插针结构"": ""1x6P""}",active,,https://www.lcsc.com/datasheet/C144397.pdf,,https://assets.lcsc.com/images/lcsc/900x900/20180926_JST-B6B-XH-A-LF-SN_C144397_front.jpg,LCSC
MAX31865AAP+T,MAX31865AAPT,Maxim Integrated,Maxim Integrated,max31865aapt,Analog IC,Analog IC,RTD-to-Digital Converter,,,"{""工作电压"": ""3V~3.6V"", ""接口类型"": ""SPI""}",active,,https://www.lcsc.com/datasheet/C779509.pdf,,https://assets.lcsc.com/images/lcsc/900x900/20230201_Analog-Devices-Inc--Maxim-Integrated-MAX31865AAP-T_C779509_front.jpg,LCSC
Si2302CDS-T1-GE3,SI2302CDST1GE3,Vishay Intertechnology,Vishay Intertechnology,si2302cdst1ge3,MOSFET,MOSFET,MOSFET N-CH 20V 2.9A SOT-23,,,"{""数量"": ""1个N沟道"", ""类型"": ""N沟道"", ""漏源电压(Vdss)"": ""20V"", ""连续漏极电流(Id)"": ""2.9A""}",active,,https://www.lcsc.com/datasheet/C10488.pdf,,https://assets.lcsc.com/images/lcsc/900x900/20180914_Vishay-Intertech-Si2302CDS-T1-GE3_C10488_front.jpg,LCSC
B2P-VH(LF)(SN),B2PVHLFSN,JST,JST,b2pvhlfsn,Connectors,Connectors,CONN HEADER TH 2POS 3.96mm,,,"{""间距"": ""3.96mm"", ""颜色"": ""白色"", ""安装方式"": ""直插"", ""插针结构"": ""1x2P""}",active,,https://www.lcsc.com/datasheet/C160315.pdf,,https://assets.lcsc.com/images/lcsc/900x900/20180914_JST-B2P-VH-LF-SN_C160315_front.jpg,LCSC
FRC0603F1004TS,FRC0603F1004TS,FOJAN,FOJAN,frc0603f1004ts,Resistor,Resistor,RES 1MΩ ±1% 100mW 0603,,,"{""电阻类型"": ""厚膜电阻"", ""阻值"": ""1MΩ"", ""精度"": ""±1%"", ""最大工作电压"": ""75V""}",active,,https://www.lcsc.com/datasheet/C2907003.pdf,,https://assets.lcsc.com/images/lcsc/900x900/20251111_FOJAN-FRC0603F1004TS_C2907003_front.jpg,LCSC
RT0603BRD0710KL,RT0603BRD0710KL,Yageo,Yageo,rt0603brd0710kl,Resistor,Resistor,RES 10kΩ ±0.1% 100mW 0603,,,"{""电阻类型"": ""薄膜电阻"", ""阻值"": ""10kΩ"", ""精度"": ""±0.1%"", ""最大工作电压"": ""75V""}",active,,https://www.lcsc.com/datasheet/C95204.pdf,,https://assets.lcsc.com/images/lcsc/900x900/20250726_YAGEO-RT0603BRD0710KL_C95204_front.jpg,LCSC
HS96L03W2C03,HS96L03W2C03,HS,HS,hs96l03w2c03,LED Components,LED Components,,,,"{""核心芯片"": ""SSD1315芯片"", ""接口类型"": ""I2C"", ""尺寸(inch)"": ""0.96"", ""像素分辨率"": ""128x64""}",active,,https://www.lcsc.com/datasheet/C5248080.pdf,,https://assets.lcsc.com/images/lcsc/900x900/20230703_HS-HS96L03W2C03_C5248080_front.jpg,LCSC
"BAS16J,115",BAS16J115,Nexperia,Nexperia,bas16j115,Diode,Diode,DIODE GP 100V 250mA SOD-323F,,,"{""直流反向耐压（Vr）"": ""100V"", ""二极管配置"": ""独立式"", ""整流电流"": ""250mA"", ""反向恢复时间（trr）"": ""4ns""}",active,,https://www.lcsc.com/datasheet/C282360.pdf,,https://assets.lcsc.com/images/lcsc/900x900/20230109_Nexperia-BAS16J-115_C282360_front.jpg,LCSC
SK6812MINI-E,SK6812MINIE,OPSCO Optoelectronics,OPSCO Optoelectronics,sk6812minie,LED Components,LED Components,"3.2x2.8x1.78 mm, 0.2 W intelligent externally controlled surface-mount device (SMD) LED",,,{},active,,https://www.lcsc.com/datasheet/C5149201.pdf,,https://assets.lcsc.com/images/lcsc/900x900/20230127_OPSCO-Optoelectronics-SK6812MINI-E_C5149201_front.jpg,LCSC
MAX31856MUD+T,MAX31856MUDT,Maxim Integrated,Maxim Integrated,max31856mudt,Analog IC,Analog IC,Precision Thermocouple to Digital Converter with Linearization,,,"{""分辨率(位)"": ""19"", ""接口类型"": ""SPI""}",active,,https://www.lcsc.com/datasheet/C2653162.pdf,,https://assets.lcsc.com/images/lcsc/900x900/20230130_Analog-Devices-Inc--Maxim-Integrated-MAX31856MUD-T_C2653162_front.jpg,LCSC
B5B-XH-A(LF)(SN),B5BXHALFSN,JST,JST,b5bxhalfsn,Connectors,Connectors,CONN HEADER TH 5POS 2.5mm,,,"{""间距"": ""2.5mm"", ""颜色"": ""白色"", ""安装方式"": ""直插"", ""插针结构"": ""1x5P""}",active,,https://www.lcsc.com/datasheet/C157991.pdf,,https://assets.lcsc.com/images/lcsc/900x900/20180914_JST-B5B-XH-A-LF-SN_C157991_front_10.jpg,LCSC
SMAJ5.0A,SMAJ50A,Littelfuse,Littelfuse,smaj50a,Diode,Diode,TVS DIODE 5VWM 9.2VC DO-214AC(SMA),,,"{""极性"": ""单向"", ""钳位电压"": ""9.2V"", ""峰值脉冲功率(Ppp)"": ""400W@10/1000us"", ""反向截止电压(Vrwm)"": ""5V""}",active,,https://www.lcsc.com/datasheet/C83329.pdf,,https://assets.lcsc.com/images/lcsc/900x900/20251013_Littelfuse-SMAJ5-0A_C83329_front.jpg,LCSC
AP2112K-3.3TRG1,AP2112K33TRG1,Diodes Incorporated,Diodes Incorporated,ap2112k33trg1,Voltage Regulator,Voltage Regulator,600mA CMOS LDO REGULATOR WITH ENABLE,,,"{""输出类型"": ""固定"", ""输出电压"": ""3.3V"", ""输出极性"": ""正极""}",active,,https://www.lcsc.com/datasheet/C51118.pdf,,https://assets.lcsc.com/images/lcsc/900x900/20221230_Diodes-Incorporated-AP2112K-3-3TRG1_C51118_front.jpg,LCSC
TYPE-C-31-M-31,TYPEC31M31,Korean Hroparts Elec,Korean Hroparts Elec,typec31m31,USB Connectors,USB Connectors,CONN RCPT Type-C 16POS SMD R/A,,,"{""安装方式"": ""卧贴"", ""工作温度"": ""-30℃~+80℃"", ""端口数量"": ""1"", ""触点数量"": ""16P""}",active,,https://www.lcsc.com/datasheet/C2760486.pdf,,https://assets.lcsc.com/images/lcsc/900x900/20230105_Korean-Hroparts-Elec-TYPE-C-31-M-31_C2760486_front.jpg,LCSC
AP63203WU-7,AP63203WU7,Diodes Incorporated,Diodes Incorporated,ap63203wu7,Voltage Regulator,Voltage Regulator,"3.8V to 32V Input, 2A Low Quiescent Current Synchronous Buck Converter with Enhanced EMI Suppression",,,"{""功能类型"": ""降压型"", ""输出类型"": ""固定"", ""输出电压"": ""3.3V"", ""输出电流"": ""2A""}",active,,https://www.lcsc.com/datasheet/C780769.pdf,,https://assets.lcsc.com/images/lcsc/900x900/20230729_Diodes-Incorporated-AP63203WU-7_C780769_front.jpg,LCSC
JSM6288Q,JSM6288Q,JSMSEMI,JSMSEMI,jsm6288q,Logic IC,Logic IC,Three-phase high and low side power MOSFET/IGBT driver chip,,,"{""拉电流(IOH)"": ""1.5A"", ""工作电压"": ""8V~20V"", ""灌电流(IOL)"": ""1.8A""}",active,,https://www.lcsc.com/datasheet/C19077370.pdf,,https://assets.lcsc.com/images/lcsc/900x900/20240719_JSMSEMI-JSM6288Q_C19077370_front.jpg,LCSC
"BAS316,115",BAS316115,Nexperia,Nexperia,bas316115,Diode,Diode,DIODE GP 100V 250mA SOD-323,,,"{""直流反向耐压（Vr）"": ""100V"", ""二极管配置"": ""独立式"", ""整流电流"": ""250mA"", ""反向恢复时间（trr）"": ""4ns""}",active,,https://www.lcsc.com/datasheet/C109218.pdf,,https://assets.lcsc.com/images/lcsc/900x900/20230102_Nexperia-BAS316-115_C109218_front.jpg,LCSC
AO3407A,AO3407A,Alpha & Omega Semiconductor,Alpha & Omega Semiconductor,ao3407a,MOSFET,MOSFET,MOSFET P-CH 30V 4.3A SOT-23,,,"{""数量"": ""1个P沟道"", ""类型"": ""P沟道"", ""漏源电压(Vdss)"": ""30V"", ""连续漏极电流(Id)"": ""4.3A""}",active,,https://www.lcsc.com/datasheet/C15155.pdf,,https://assets.lcsc.com/images/lcsc/900x900/20221228_Alpha---Omega-Semicon-AO3407A_C15155_front.jpg,LCSC
B6B-PH-K-S(LF)(SN),B6BPHKSLFSN,JST,JST,b6bphkslfsn,Connectors,Connectors,CONN HEADER TH 6POS 2mm,,,"{""间距"": ""2mm"", ""颜色"": ""白色"", ""安装方式"": ""直插"", ""插针结构"": ""1x6P""}",active,,https://www.lcsc.com/datasheet/C131342.pdf,,https://assets.lcsc.com/images/lcsc/900x900/20230102_JST-B6B-PH-K-S-LF-SN_C131342_front.jpg,LCSC
WS2812B-B/W,WS2812BBW,Worldsemi,Worldsemi,ws2812bbw,LED Components,LED Components,Intelligent control LED integrated light source,,,{},active,,https://www.lcsc.com/datasheet/C114586.pdf,,https://assets.lcsc.com/images/lcsc/900x900/20251016_Worldsemi-WS2812B-B-W_C114586_front.jpg,LCSC
BSS138-7-F,BSS1387F,Diodes Incorporated,Diodes Incorporated,bss1387f,MOSFET,MOSFET,MOSFET N-CH 50V 200mA SOT-23,,,"{""数量"": ""1个N沟道"", ""漏源电压(Vdss)"": ""50V"", ""连续漏极电流(Id)"": ""200mA"", ""耗散功率(Pd)"": ""300mW""}",active,,https://www.lcsc.com/datasheet/C40912.pdf,,https://assets.lcsc.com/images/lcsc/900x900/20251114_DIODES-BSS138-7-F_C40912_front.jpg,LCSC
YLED0603B,YLED0603B,YONGYUTAI,YONGYUTAI,yled0603b,LED Components,LED Components,LED BLUE 0603 SMD,,,"{""接收角度"": ""120°"", ""正向压降(Vf)"": ""2.6V~3.2V"", ""发光颜色"": ""蓝色"", ""波长"": ""460nm~475nm""}",active,,https://www.lcsc.com/datasheet/C19171394.pdf,,https://assets.lcsc.com/images/lcsc/900x900/20231118_YONGYUTAI-YLED0603B_C19171394_front.jpg,LCSC
PZ254V-11-04P,PZ254V1104P,XFCN,XFCN,pz254v1104p,Pin Header,Pin Header,CONN HEADER 4POS 2.54mm SINGLE ROW TH,,,"{""间距"": ""2.54mm"", ""颜色"": ""黑色"", ""安装方式"": ""直插"", ""插针结构"": ""1x4P""}",active,,https://www.lcsc.com/datasheet/C2691448.pdf,,https://assets.lcsc.com/images/lcsc/900x900/20230129_XFCN-PZ254V-11-04P_C2691448_front.jpg,LCSC
2N7002K-T1-GE3,2N7002KT1GE3,Vishay Intertechnology,Vishay Intertechnology,2n7002kt1ge3,MOSFET,MOSFET,MOSFET N-CH 60V 300mA SOT-23,,,"{""数量"": ""1个N沟道"", ""漏源电压(Vdss)"": ""60V"", ""连续漏极电流(Id)"": ""300mA"", ""耗散功率(Pd)"": ""350mW""}",active,,https://www.lcsc.com/datasheet/C81445.pdf,,https://assets.lcsc.com/images/lcsc/900x900/20221231_Vishay-Intertech-2N7002K-T1-GE3_C81445_front.jpg,LCSC
2N7002LT1G,2N7002LT1G,ON Semiconductor,ON Semiconductor,2n7002lt1g,MOSFET,MOSFET,MOSFET N-CH 60V 115mA SOT-23,,,"{""数量"": ""1个N沟道"", ""类型"": ""N沟道"", ""漏源电压(Vdss)"": ""60V"", ""连续漏极电流(Id)"": ""115mA""}",active,,https://www.lcsc.com/datasheet/C16338.pdf,,https://assets.lcsc.com/images/lcsc/900x900/20221228_onsemi-2N7002LT1G_C16338_front.jpg,LCSC
"PESD2CAN,215",PESD2CAN215,Nexperia,Nexperia,pesd2can215,Diode,Diode,ESD DIODE 24VWM 41VC SOT-23,,,"{""极性"": ""双向"", ""钳位电压"": ""41V"", ""峰值脉冲功率(Ppp)"": ""230W@8/20us"", ""反向截止电压(Vrwm)"": ""24V""}",active,,https://www.lcsc.com/datasheet/C75176.pdf,,https://assets.lcsc.com/images/lcsc/900x900/20250908_Nexperia-PESD2CAN-215_C75176_front.jpg,LCSC
BAV99LT1G,BAV99LT1G,ON Semiconductor,ON Semiconductor,bav99lt1g,Diode,Diode,DIODE ARR GP 100V 215mA SOT-23,,,"{""二极管配置"": ""1对串联式"", ""正向压降(Vf)"": ""1.25V@150mA"", ""整流电流"": ""215mA"", ""直流反向耐压(Vr)"": ""100V""}",active,,https://www.lcsc.com/datasheet/C82480.pdf,,https://assets.lcsc.com/images/lcsc/900x900/20221231_onsemi-BAV99LT1G_C82480_front.jpg,LCSC
SM06B-SRSS-TB(LF)(SN),SM06BSRSSTBLFSN,JST,JST,sm06bsrsstblfsn,Connectors,Connectors,CONN HEADER SMD R/A 6POS 1mm,,,"{""间距"": ""1mm"", ""颜色"": ""白色"", ""安装方式"": ""卧贴"", ""插针结构"": ""1x6P""}",active,,https://www.lcsc.com/datasheet/C160405.pdf,,https://assets.lcsc.com/images/lcsc/900x900/20180928_JST-SM06B-SRSS-TB-LF-SN_C160405_front.jpg,LCSC
"BAV70,215",BAV70215,Nexperia,Nexperia,bav70215,Diode,Diode,DIODE ARR GP 100V 215mA SOT-23,,,"{""二极管配置"": ""1对共阴极"", ""正向压降(Vf)"": ""1.25V@150mA"", ""整流电流"": ""215mA"", ""直流反向耐压(Vr)"": ""100V""}",active,,https://www.lcsc.com/datasheet/C2501.pdf,,https://assets.lcsc.com/images/lcsc/900x900/20180914_Nexperia-BAV70-215_C2501_front_11.jpg,LCSC
SRD-12VDC-SL-C,SRD12VDCSLC,Songle Relay,Songle Relay,srd12vdcslc,Switches,Switches,Single group transfer type relay,,,"{""线圈电压"": ""12V"", ""触点形式"": ""一组转换:1C(单刀双掷-转换)"", ""最大切换电压"": ""250V@AC"", ""最大切换电流"": ""15A""}",active,,https://www.lcsc.com/datasheet/C30431.pdf,,https://assets.lcsc.com/images/lcsc/900x900/20230216_Ningbo-Songle-Relay-SRD-12VDC-SL-C_C30431_front.jpg,LCSC
TP4056-42-ESOP8,TP405642ESOP8,TOP POWER ASIC,TOP POWER ASIC,tp405642esop8,Power Management IC,Power Management IC,Single-cell lithium-ion battery linear charger,,,"{""最大充电电流"": ""1A"", ""电池类型"": ""锂电池""}",active,,https://www.lcsc.com/datasheet/C16581.pdf,,https://assets.lcsc.com/images/lcsc/900x900/20221228_TOPPOWER-Nanjing-Extension-Microelectronics-TP4056-42-ESOP8_C16581_front.jpg,LCSC
NCP1117ST33T3G,NCP1117ST33T3G,ON Semiconductor,ON Semiconductor,ncp1117st33t3g,Voltage Regulator,Voltage Regulator,1.0 A Low-Dropout Positive Fixed and Adjustable Voltage Regulators,,,"{""输出类型"": ""固定"", ""输出电压"": ""3.3V"", ""输出极性"": ""正极""}",active,,https://www.lcsc.com/datasheet/C26537.pdf,,https://assets.lcsc.com/images/lcsc/900x900/20250824_onsemi-NCP1117ST33T3G_C26537_front.jpg,LCSC
TYPE-C 6P(073),TYPEC6P073,SHOU HAN,SHOU HAN,typec6p073,USB Connectors,USB Connectors,CONN RCPT USB 3.1 Type-C 6POS SMD R/A,,,"{""安装方式"": ""卧贴"", ""工作温度"": ""-25℃~+85℃"", ""端口数量"": ""1"", ""触点数量"": ""6P""}",active,,https://www.lcsc.com/datasheet/C668623.pdf,,https://assets.lcsc.com/images/lcsc/900x900/20230202_SHOU-HAN-TYPE-C-6P-073_C668623_front.jpg,LCSC
ESD9L5.0ST5G,ESD9L50ST5G,ON Semiconductor,ON Semiconductor,esd9l50st5g,Diode,Diode,ESD DIODE 5VWM 9.8VC SOD-923,,,"{""极性"": ""单向"", ""钳位电压"": ""9.8V"", ""反向截止电压(Vrwm)"": ""5V"", ""击穿电压(VBR)"": ""5.4V""}",active,,https://www.lcsc.com/datasheet/C82326.pdf,,https://assets.lcsc.com/images/lcsc/900x900/20221231_onsemi-ESD9L5-0ST5G_C82326_front.jpg,LCSC
CP2102N-A02-GQFN20R,CP2102NA02GQFN20R,Silicon Labs,Silicon Labs,cp2102na02gqfn20r,USB Connectors,USB Connectors,USB-to-UART Bridge,,,"{""应用功能"": ""USB转UART"", ""数据速率"": ""3Mbps""}",active,,https://www.lcsc.com/datasheet/C969913.pdf,,https://assets.lcsc.com/images/lcsc/900x900/20250807_SILICON-LABS-CP2102N-A02-GQFN20R_C969913_front.jpg,LCSC
AS5600-ASOT,AS5600ASOT,Advanced Monolithic Systems,Advanced Monolithic Systems,as5600asot,Sensors,Sensors,12-bit programmable magnetic rotary position sensor,,,"{""输出类型"": ""I2C""}",active,,https://www.lcsc.com/datasheet/C499458.pdf,,https://assets.lcsc.com/images/lcsc/900x900/20230119_AMS-AS5600-ASOT_C499458_front.jpg,LCSC
YLED0603R,YLED0603R,YONGYUTAI,YONGYUTAI,yled0603r,LED Components,LED Components,LED RED 0603 SMD,,,"{""接收角度"": ""120°"", ""正向压降(Vf)"": ""1.8V~2.4V"", ""发光颜色"": ""红色"", ""波长"": ""620nm~625nm""}",active,,https://www.lcsc.com/datasheet/C19171390.pdf,,https://assets.lcsc.com/images/lcsc/900x900/20231118_YONGYUTAI-YLED0603R_C19171390_front.jpg,LCSC
SRD-05VDC-SL-C,SRD05VDCSLC,Songle Relay,Songle Relay,srd05vdcslc,Switches,Switches,Single group transfer type relay,,,"{""线圈电压"": ""5V"", ""触点形式"": ""一组转换:1C(单刀双掷-转换)"", ""最大切换电压"": ""250V@AC"", ""最大切换电流"": ""15A""}",active,,https://www.lcsc.com/datasheet/C35449.pdf,,https://assets.lcsc.com/images/lcsc/900x900/20190525_Ningbo-Songle-Relay-SRD-05VDC-SL-C_C35449_front.jpg,LCSC
MT3608,MT3608,XI'AN Aerosemi Tech,XI'AN Aerosemi Tech,mt3608,Voltage Regulator,Voltage Regulator,High Efficiency 1.2MHz 2A Step Up Converter,,,"{""功能类型"": ""升压型"", ""输出类型"": ""可调"", ""输出电压"": ""600mV~28V"", ""输出电流"": ""2A""}",active,,https://www.lcsc.com/datasheet/C84817.pdf,,https://assets.lcsc.com/images/lcsc/900x900/20221231_XI-AN-Aerosemi-Tech-MT3608_C84817_front.jpg,LCSC
SM02B-SRSS-TB(LF)(SN),SM02BSRSSTBLFSN,JST,JST,sm02bsrsstblfsn,Connectors,Connectors,CONN HEADER SMD R/A 2POS 1mm,,,"{""间距"": ""1mm"", ""颜色"": ""白色"", ""安装方式"": ""卧贴"", ""插针结构"": ""1x2P""}",active,,https://www.lcsc.com/datasheet/C160402.pdf,,https://assets.lcsc.com/images/lcsc/900x900/20180914_JST-SM02B-SRSS-TB-LF-SN_C160402_front.jpg,LCSC
SM712-02HTG,SM71202HTG,Littelfuse,Littelfuse,sm71202htg,Diode,Diode,TVS DIODE 7VWM 12VWM 31VC 19VC SOT-23,,,"{""极性"": ""双向"", ""峰值脉冲功率(Ppp)"": ""600W@8/20us"", ""峰值脉冲电流(Ipp)"": ""19A@8/20us""}",active,,https://www.lcsc.com/datasheet/C172881.pdf,,https://assets.lcsc.com/images/lcsc/900x900/20230112_Littelfuse-SM712-02HTG_C172881_front.jpg,LCSC
ZX-PZ2.54-1-16PZZ,ZXPZ254116PZZ,Megastar,Megastar,zxpz254116pzz,Pin Header,Pin Header,CONN HEADER 16POS 2.54mm SINGLE ROW TH,,,"{""间距"": ""2.54mm"", ""颜色"": ""黑色"", ""安装方式"": ""直插"", ""插针结构"": ""1x16P""}",active,,https://www.lcsc.com/datasheet/C7501270.pdf,,https://assets.lcsc.com/images/lcsc/900x900/20230828_Megastar-ZX-PZ2-54-1-16PZZ_C7501270_front.jpg,LCSC
SM08B-SRSS-TB(LF)(SN),SM08BSRSSTBLFSN,JST,JST,sm08bsrsstblfsn,Connectors,Connectors,CONN HEADER SMD R/A 8POS 1mm,,,"{""间距"": ""1mm"", ""颜色"": ""白色"", ""安装方式"": ""卧贴"", ""插针结构"": ""1x8P""}",active,,https://www.lcsc.com/datasheet/C160407.pdf,,https://assets.lcsc.com/images/lcsc/900x900/20180928_JST-SM08B-SRSS-TB-LF-SN_C160407_front.jpg,LCSC
IRFR5305TRPBF,IRFR5305TRPBF,Infineon Technologies,Infineon Technologies,irfr5305trpbf,MOSFET,MOSFET,MOSFET P-CH 55V 31A DPAK(TO-252AA),,,"{""数量"": ""1个P沟道"", ""类型"": ""P沟道"", ""漏源电压(Vdss)"": ""55V"", ""连续漏极电流(Id)"": ""31A""}",active,,https://www.lcsc.com/datasheet/C2624.pdf,,https://assets.lcsc.com/images/lcsc/900x900/20250828_Infineon-IRFR5305TRPBF_C2624_front.jpg,LCSC
LM358DR2G,LM358DR2G,ON Semiconductor,ON Semiconductor,lm358dr2g,Operational Amplifier,Operational Amplifier,Single Supply Dual Operational Amplifiers,,,"{""放大器数"": ""2"", ""共模抑制比(CMRR)"": ""70dB"", ""输入偏置电流(Ib)"": ""45nA"", ""输出电流"": ""40mA""}",active,,https://www.lcsc.com/datasheet/C7950.pdf,,https://assets.lcsc.com/images/lcsc/900x900/20221228_onsemi-LM358DR2G_C7950_front.jpg,LCSC
XL-2012UGC,XL2012UGC,XINGLIGHT,XINGLIGHT,xl2012ugc,LED Components,LED Components,LED EMERALD GREEN WATER CLEAR 0805 SMD,,,"{""灯头类型"": ""2.0mmx1.2mm方形灯头"", ""接收角度"": ""120°"", ""峰值波长"": ""525nm"", ""正向压降(Vf)"": ""3.2V""}",active,,https://www.lcsc.com/datasheet/C965815.pdf,,https://assets.lcsc.com/images/lcsc/900x900/20251009_XINGLIGHT-XL-2012UGC_C965815_front.jpg,LCSC
BWSMA-KWE-Z001,BWSMAKWEZ001,BAT WIRELESS,BAT WIRELESS,bwsmakwez001,Connectors,Connectors,CONN RCPT SMA 50Ω TH R/A,,,"{""连接器类型"": ""板端"", ""接口类型"": ""内孔"", ""接口直径"": ""6.2mm"", ""阻抗"": ""50Ω""}",active,,https://www.lcsc.com/datasheet/C496551.pdf,,https://assets.lcsc.com/images/lcsc/900x900/20230107_BAT-WIRELESS-BWSMA-KWE-Z001_C496551_front.jpg,LCSC
BSS84LT1G,BSS84LT1G,ON Semiconductor,ON Semiconductor,bss84lt1g,MOSFET,MOSFET,MOSFET P-CH 50V 130mA SOT-23,,,"{""数量"": ""1个P沟道"", ""类型"": ""P沟道"", ""漏源电压(Vdss)"": ""50V"", ""连续漏极电流(Id)"": ""130mA""}",active,,https://www.lcsc.com/datasheet/C82079.pdf,,https://assets.lcsc.com/images/lcsc/900x900/20221231_onsemi-BSS84LT1G_C82079_front.jpg,LCSC
FT232RNQ-REEL,FT232RNQREEL,FTDI,FTDI,ft232rnqreel,USB Connectors,USB Connectors,USB UART Interface,,,"{""应用功能"": ""USB转UART"", ""串口通道数"": ""1"", ""数据速率"": ""3Mbps""}",active,,https://www.lcsc.com/datasheet/C5441431.pdf,,https://assets.lcsc.com/images/lcsc/900x900/20230822_FTDI-FT232RNQ-REEL_C5441431_front.jpg,LCSC
59170-1-S-00-D,591701S00D,Littelfuse,Littelfuse,591701s00d,Switches,Switches,Overmolded Reed Switches,,,{},active,,https://www.lcsc.com/datasheet/C315909.pdf,,https://assets.lcsc.com/images/lcsc/900x900/20251022_Littelfuse-59170-1-S-00-D_C315909_front.jpg,LCSC
BM04B-SRSS-TB(LF)(SN),BM04BSRSSTBLFSN,JST,JST,bm04bsrsstblfsn,Connectors,Connectors,CONN HEADER SMD 4POS 1mm,,,"{""间距"": ""1mm"", ""颜色"": ""白色"", ""安装方式"": ""立贴"", ""插针结构"": ""1x4P""}",active,,https://www.lcsc.com/datasheet/C160390.pdf,,https://assets.lcsc.com/images/lcsc/900x900/20190217_JST-BM04B-SRSS-TB-LF-SN_C160390_front.jpg,LCSC
SI2301CDS-T1-GE3,SI2301CDST1GE3,Vishay Intertechnology,Vishay Intertechnology,si2301cdst1ge3,MOSFET,MOSFET,MOSFET P-CH 20V 3.1A SOT-23,,,"{""数量"": ""1个P沟道"", ""类型"": ""P沟道"", ""漏源电压(Vdss)"": ""20V"", ""连续漏极电流(Id)"": ""3.1A""}",active,,https://www.lcsc.com/datasheet/C10487.pdf,,https://assets.lcsc.com/images/lcsc/900x900/20250925_VISHAY-SI2301CDS-T1-GE3_C10487_front.jpg,LCSC
PZ254V-11-03P,PZ254V1103P,XFCN,XFCN,pz254v1103p,Pin Header,Pin Header,CONN HEADER 3POS 2.54mm SINGLE ROW TH,,,"{""间距"": ""2.54mm"", ""颜色"": ""黑色"", ""安装方式"": ""直插"", ""插针结构"": ""1x3P""}",active,,https://www.lcsc.com/datasheet/C2937625.pdf,,https://assets.lcsc.com/images/lcsc/900x900/20251009_XFCN-PZ254V-11-03P_C2937625_front.jpg,LCSC
IRF3205PBF,IRF3205PBF,Infineon Technologies,Infineon Technologies,irf3205pbf,MOSFET,MOSFET,MOSFET N-CH 55V 110A TO-220AB,,,"{""数量"": ""1个N沟道"", ""类型"": ""N沟道"", ""漏源电压(Vdss)"": ""55V"", ""连续漏极电流(Id)"": ""110A""}",active,,https://www.lcsc.com/datasheet/C2561.pdf,,https://assets.lcsc.com/images/lcsc/900x900/20190515_Infineon-Technologies-IRF3205PBF_C2561_front.jpg,LCSC
S4B-XH-A(LF)(SN),S4BXHALFSN,JST,JST,s4bxhalfsn,Connectors,Connectors,CONN HEADER TH R/A 4POS 2.5mm,,,"{""间距"": ""2.5mm"", ""颜色"": ""白色"", ""安装方式"": ""弯插"", ""插针结构"": ""1x4P""}",active,,https://www.lcsc.com/datasheet/C157925.pdf,,https://assets.lcsc.com/images/lcsc/900x900/20180914_JST-S4B-XH-A-LF-SN_C157925_front.jpg,LCSC
XL-1608UGC-04,XL1608UGC04,XINGLIGHT,XINGLIGHT,xl1608ugc04,LED Components,LED Components,LED EMERALD GREEN WATER CLEAR 0603 SMD,,,"{""灯头类型"": ""1.6mmx0.8mm方形灯头"", ""接收角度"": ""120°"", ""峰值波长"": ""525nm"", ""正向压降(Vf)"": ""3.3V""}",active,,https://www.lcsc.com/datasheet/C965804.pdf,,https://assets.lcsc.com/images/lcsc/900x900/20250802_XINGLIGHT-XL-1608UGC-04_C965804_front.jpg,LCSC
RFX2401C,RFX2401C,Skyworks Solutions,Skyworks Solutions,rfx2401c,RF Modules,RF Modules,2.4GHz ZigBee/ISM Transmit/Receiver Front-end IC,,,"{""工作电压"": ""2V~3.6V"", ""频率"": ""2.4GHz~2.5GHz"", ""应用领域"": ""ZigBee""}",active,,https://www.lcsc.com/datasheet/C19213.pdf,,https://assets.lcsc.com/images/lcsc/900x900/20180914_Skyworks-Solutions-RFX2401C_C19213_front.jpg,LCSC
1909763-1,19097631,TE Connectivity,TE Connectivity,19097631,Connectors,Connectors,CONN RCPT IPEX 50Ω SMD,,,"{""连接器类型"": ""板端"", ""接口类型"": ""内针"", ""频率"": ""6GHz"", ""接口直径"": ""2mm""}",active,,https://www.lcsc.com/datasheet/C392444.pdf,,https://assets.lcsc.com/images/lcsc/900x900/20250901_TE-Connectivity-1909763-1_C392444_front.jpg,LCSC
W25Q16JVSNIQ,W25Q16JVSNIQ,Winbond Electronics,Winbond Electronics,w25q16jvsniq,Memory IC,Memory IC,"SPI Flash, Serial Flash Memory with Dual/Quad SPI",,,"{""接口类型"": ""SPI"", ""工作电压"": ""2.7V~3.6V"", ""存储容量"": ""16Mbit"", ""时钟频率(fc)"": ""133MHz""}",active,,https://www.lcsc.com/datasheet/C2456211.pdf,,https://assets.lcsc.com/images/lcsc/900x900/20230206_Winbond-Elec-W25Q16JVSNIQ_C2456211_front.jpg,LCSC
DPS368XTSA1,DPS368XTSA1,Infineon Technologies,Infineon Technologies,dps368xtsa1,Sensors,Sensors,Digital barometric pressure sensor,,,"{""压力范围"": ""30Kpa~1.2bar""}",active,,https://www.lcsc.com/datasheet/C3232508.pdf,,https://assets.lcsc.com/images/lcsc/900x900/20230124_Infineon-Technologies-DPS368XTSA1_C3232508_front.jpg,LCSC
YLED0603G,YLED0603G,YONGYUTAI,YONGYUTAI,yled0603g,LED Components,LED Components,LED EMERALD GREEN 0603 SMD,,,"{""接收角度"": ""120°"", ""正向压降(Vf)"": ""2.6V~3.2V"", ""发光颜色"": ""翠绿色"", ""波长"": ""510nm~531nm""}",active,,https://www.lcsc.com/datasheet/C19273151.pdf,,https://assets.lcsc.com/images/lcsc/900x900/20231219_YONGYUTAI-YLED0603G_C19273151_front.jpg,LCSC
1.0-4PWB,104PWB,DEALON,DEALON,104pwb,Connectors,Connectors,CONN HEADER SMD R/A 4POS 1mm,,,"{""间距"": ""1mm"", ""颜色"": ""米色"", ""安装方式"": ""卧贴"", ""插针结构"": ""1x4P""}",active,,https://www.lcsc.com/datasheet/C2905006.pdf,,https://assets.lcsc.com/images/lcsc/900x900/20250828_DEALON-1-0-4PWB_C2905006_front.jpg,LCSC
WS2812B-V5/W,WS2812BV5W,Worldsemi,Worldsemi,ws2812bv5w,LED Components,LED Components,Intelligent control LED integrated light source,,,{},active,,https://www.lcsc.com/datasheet/C2874885.pdf,,https://assets.lcsc.com/images/lcsc/900x900/20230107_Worldsemi-WS2812B-V5-W_C2874885_front.jpg,LCSC
AP3012KTR-G1,AP3012KTRG1,Diodes Incorporated,Diodes Incorporated,ap3012ktrg1,Voltage Regulator,Voltage Regulator,1.5MHz Boost DC-DC Converter,,,"{""功能类型"": ""升压型"", ""输出类型"": ""可调"", ""输出电压"": ""1.25V~29V"", ""输出电流"": ""500mA""}",active,,https://www.lcsc.com/datasheet/C102618.pdf,,https://assets.lcsc.com/images/lcsc/900x900/20230102_Diodes-Incorporated-AP3012KTR-G1_C102618_front.jpg,LCSC
2.54-1*40P,254140P,BOOMELE(Boom Precision Elec),BOOMELE(Boom Precision Elec),254140p,Pin Header,Pin Header,CONN HEADER 40POS 2.54mm SINGLE ROW TH,,,"{""间距"": ""2.54mm"", ""颜色"": ""黑色"", ""安装方式"": ""直插"", ""插针结构"": ""1x40P""}",active,,https://www.lcsc.com/datasheet/C2337.pdf,,https://assets.lcsc.com/images/lcsc/900x900/20251111_BOOMELE-Boom-Precision-Elec-2-54-1-40P_C2337_front.jpg,LCSC
XC6206P332MR-G,XC6206P332MRG,TOREX,TOREX,xc6206p332mrg,Voltage Regulator,Voltage Regulator,Low ESR Cap. Compatible Positive Voltage Regulators,,,"{""输出类型"": ""固定"", ""输出电压"": ""3.3V"", ""输出极性"": ""正极""}",active,,https://www.lcsc.com/datasheet/C5446.pdf,,https://assets.lcsc.com/images/lcsc/900x900/20221228_Torex-Semicon-XC6206P332MR-G_C5446_front.jpg,LCSC
X322516MLB4SI,X322516MLB4SI,YXC Crystal Oscillators,YXC Crystal Oscillators,x322516mlb4si,Crystal Oscillator,Crystal Oscillator,CRYSTAL 16MHz 9pF SMD,,,"{""频率稳定度"": ""±20ppm"", ""常温频差"": ""±10ppm"", ""负载电容"": ""9pF""}",active,,https://www.lcsc.com/datasheet/C13738.pdf,,https://assets.lcsc.com/images/lcsc/900x900/20250824_YXC-Crystal-Oscillators-X322516MLB4SI_C13738_front.jpg,LCSC
X32258MOB4SI,X32258MOB4SI,YXC Crystal Oscillators,YXC Crystal Oscillators,x32258mob4si,Crystal Oscillator,Crystal Oscillator,CRYSTAL 8MHz 12pF SMD,,,"{""频率稳定度"": ""±20ppm"", ""常温频差"": ""±10ppm"", ""负载电容"": ""12pF""}",active,,https://www.lcsc.com/datasheet/C2682775.pdf,,https://assets.lcsc.com/images/lcsc/900x900/20230129_YXC-Crystal-Oscillators-X32258MOB4SI_C2682775_front.jpg,LCSC
NCD0805R1,NCD0805R1,NATIONSTAR,NATIONSTAR,ncd0805r1,LED Components,LED Components,LED RED 0805 SMD,,,"{""接收角度"": ""130°"", ""正向压降(Vf)"": ""1.6V~2.6V"", ""峰值波长"": ""630nm"", ""发光颜色"": ""红色""}",active,,https://www.lcsc.com/datasheet/C84256.pdf,,https://assets.lcsc.com/images/lcsc/900x900/20221231_Foshan-NationStar-Optoelectronics-NCD0805R1_C84256_front.jpg,LCSC
NCD0805G1,NCD0805G1,NATIONSTAR,NATIONSTAR,ncd0805g1,LED Components,LED Components,LED GREEN 0805 SMD,,,"{""接收角度"": ""130°"", ""正向压降(Vf)"": ""2.5V~3.6V"", ""峰值波长"": ""520nm"", ""发光颜色"": ""绿色""}",active,,https://www.lcsc.com/datasheet/C84260.pdf,,https://assets.lcsc.com/images/lcsc/900x900/20221231_Foshan-NationStar-Optoelectronics-NCD0805G1_C84260_front.jpg,LCSC
FS8205A,FS8205A,TECH PUBLIC,TECH PUBLIC,fs8205a,MOSFET,MOSFET,MOSFET 20V 9A SOT-23-6,,,"{""数量"": ""2个N沟道"", ""漏源电压(Vdss)"": ""20V"", ""连续漏极电流(Id)"": ""6A"", ""耗散功率(Pd)"": ""1.5W""}",active,,https://www.lcsc.com/datasheet/C2830320.pdf,,https://assets.lcsc.com/images/lcsc/900x900/20230128_TECH-PUBLIC-FS8205A_C2830320_front.jpg,LCSC
ESP32-WROOM-32E-N16,ESP32WROOM32EN16,Espressif Systems,Espressif Systems,esp32wroom32en16,WiFi Modules,WiFi Modules,,,,"{""核心芯片"": ""ESP32-DOWD-V3"", ""频率范围"": ""2.4GHz"", ""天线形式"": ""板载PCB天线"", ""灵敏度"": ""-98dBm""}",active,,https://www.lcsc.com/datasheet/C701343.pdf,,https://assets.lcsc.com/images/lcsc/900x900/20250908_ESPRESSIF-ESP32-WROOM-32E-N16_C701343_front.jpg,LCSC
DS18B20U(UMW),DS18B20UUMW,UMW,UMW,ds18b20uumw,Sensors,Sensors,Temperature measurement and communication functions of digital thermometers,,,"{""检测温度"": ""-55℃~+125℃"", ""接口类型"": ""单总线"", ""精度"": ""±0.4℃""}",active,,https://www.lcsc.com/datasheet/C695836.pdf,,https://assets.lcsc.com/images/lcsc/900x900/20230104_UMW-Youtai-Semiconductor-Co---Ltd--DS18B20U-UMW_C695836_front.jpg,LCSC
BSS123,BSS123,ON Semiconductor,ON Semiconductor,bss123,MOSFET,MOSFET,MOSFET N-CH 100V 0.17A SOT-23,,,"{""数量"": ""1个N沟道"", ""漏源电压(Vdss)"": ""100V"", ""连续漏极电流(Id)"": ""170mA"", ""耗散功率(Pd)"": ""360mW""}",active,,https://www.lcsc.com/datasheet/C513249.pdf,,https://assets.lcsc.com/images/lcsc/900x900/20230103_onsemi-BSS123_C513249_front.jpg,LCSC
ESP32-S3-WROOM-1U-N16R8,ESP32S3WROOM1UN16R8,Espressif Systems,Espressif Systems,esp32s3wroom1un16r8,WiFi Modules,WiFi Modules,2.4GHz Wi-Fi (802.11b/g/n) + Bluetooth 5 (LE) module,,,"{""核心芯片"": ""ESP32-S3R8"", ""频率范围"": ""2.4GHz"", ""灵敏度"": ""-103.5dBm""}",active,,https://www.lcsc.com/datasheet/C3013946.pdf,,https://assets.lcsc.com/images/lcsc/900x900/20230128_Espressif-Systems-ESP32-S3-WROOM-1U-N16R8_C3013946_front.jpg,LCSC
SC-32S32.768kHz20PPM12.5pF,SC32S32768KHZ20PPM125PF,Seiko,Seiko,sc32s32768khz20ppm125pf,Crystal Oscillator,Crystal Oscillator,CRYSTAL 32.768kHz 12.5pF SMD,,,"{""常温频差"": ""±20ppm"", ""负载电容"": ""12.5pF""}",active,,https://www.lcsc.com/datasheet/C97606.pdf,,https://assets.lcsc.com/images/lcsc/900x900/20240315_Seiko-SC-32S32-768kHz20PPM12-5pF_C97606_front.jpg,LCSC
ESP32-WROOM-32E-N4,ESP32WROOM32EN4,Espressif Systems,Espressif Systems,esp32wroom32en4,WiFi Modules,WiFi Modules,2.4 GHz Wi-Fi + Bluetooth + Bluetooth LE module,,,"{""频率范围"": ""2.4GHz"", ""天线形式"": ""板载PCB天线"", ""灵敏度"": ""-98dBm""}",active,,https://www.lcsc.com/datasheet/C701341.pdf,,https://assets.lcsc.com/images/lcsc/900x900/20230202_Espressif-Systems-ESP32-WROOM-32E-N4_C701341_front.jpg,LCSC
W25Q16JVSSIQ,W25Q16JVSSIQ,Winbond Electronics,Winbond Electronics,w25q16jvssiq,Memory IC,Memory IC,SPI Flash Serial Flash Memory with Dual/Quad SPI,,,"{""接口类型"": ""SPI"", ""工作电压"": ""2.7V~3.6V"", ""存储容量"": ""16Mbit"", ""时钟频率(fc)"": ""133MHz""}",active,,https://www.lcsc.com/datasheet/C131025.pdf,,https://assets.lcsc.com/images/lcsc/900x900/20230102_Winbond-Elec-W25Q16JVSSIQ_C131025_front.jpg,LCSC
BME280,BME280,Bosch,Bosch,bme280,Sensors,Sensors,Combined humidity and pressure sensor,,,"{""温度范围"": ""-40℃~+85℃"", ""湿度范围"": ""0%RH~100%RH"", ""湿度精度"": ""±3%RH""}",active,,https://www.lcsc.com/datasheet/C92489.pdf,,https://assets.lcsc.com/images/lcsc/900x900/20230217_Bosch-Sensortec-BME280_C92489_front.jpg,LCSC
W25Q32JVSSIQ,W25Q32JVSSIQ,Winbond Electronics,Winbond Electronics,w25q32jvssiq,Memory IC,Memory IC,"SPI Flash 32M-BIT Serial Flash Memory with Dual, Quad SPI",,,"{""接口类型"": ""SPI"", ""工作电压"": ""2.7V~3.6V"", ""存储容量"": ""32Mbit"", ""时钟频率(fc)"": ""133MHz""}",active,,https://www.lcsc.com/datasheet/C179173.pdf,,https://assets.lcsc.com/images/lcsc/900x900/20191226_Winbond-Elec-W25Q32JVSSIQ_C179173_front.jpg,LCSC
HX711,HX711,Avia Semicon (Xiamen),Avia Semicon (Xiamen),hx711,Analog IC,Analog IC,24-Bit Analog-to-Digital Converter (ADC) for Weigh Scales,,,"{""接口类型"": ""SPI"", ""工作电压"": ""2.6V~5.5V""}",active,,https://www.lcsc.com/datasheet/C6705483.pdf,,https://assets.lcsc.com/images/lcsc/900x900/20230918_Avia-Semicon--Xiamen-HX711_C6705483_front.jpg,LCSC
IRLML6344TRPBF,IRLML6344TRPBF,Infineon Technologies,Infineon Technologies,irlml6344trpbf,MOSFET,MOSFET,MOSFET N-CH 30V 5A SOT-23,,,"{""数量"": ""1个N沟道"", ""漏源电压(Vdss)"": ""30V"", ""连续漏极电流(Id)"": ""5A"", ""耗散功率(Pd)"": ""1.3W""}",active,,https://www.lcsc.com/datasheet/C53550.pdf,,https://assets.lcsc.com/images/lcsc/900x900/20240315_Infineon-Technologies-IRLML6344TRPBF_C53550_front.jpg,LCSC
ACS712ELCTR-20A-T,ACS712ELCTR20AT,ALLEGRO,ALLEGRO,acs712elctr20at,Sensors,Sensors,"Fully Integrated, Hall Effect-Based Linear Current Sensor IC with 2.1 kVRMS Isolation and a Low-Resistance Current Conductor",,,"{""电流测量范围"": ""20A"", ""工作电压"": ""5V"", ""灵敏度"": ""100mV/A""}",active,,https://www.lcsc.com/datasheet/C10681.pdf,,https://assets.lcsc.com/images/lcsc/900x900/20180914_Allegro-MicroSystems--LLC-ACS712ELCTR-20A-T_C10681_front_10.jpg,LCSC
AMS1117-5.0,AMS111750,Advanced Monolithic Systems,Advanced Monolithic Systems,ams111750,Voltage Regulator,Voltage Regulator,1A Low Dropout Voltage Regulator,,,"{""输出类型"": ""固定"", ""输出电压"": ""5V"", ""输出极性"": ""正极""}",active,,https://www.lcsc.com/datasheet/C6187.pdf,,https://assets.lcsc.com/images/lcsc/900x900/20221228_Advanced-Monolithic-Systems-AMS1117-5-0_C6187_front.jpg,LCSC
ESP32-WROOM-32E-N8,ESP32WROOM32EN8,Espressif Systems,Espressif Systems,esp32wroom32en8,WiFi Modules,WiFi Modules,General-purpose Wi-Fi+BT+BLE MCU module,,,"{""核心芯片"": ""ESP32-DOWD-V3"", ""频率范围"": ""2.4GHz"", ""天线形式"": ""板载PCB天线"", ""灵敏度"": ""-98dBm""}",active,,https://www.lcsc.com/datasheet/C701342.pdf,,https://assets.lcsc.com/images/lcsc/900x900/20230202_Espressif-Systems-ESP32-WROOM-32E-N8_C701342_front.jpg,LCSC
SPX3819M5-L-3-3/TR,SPX3819M5L33TR,MaxLinear,MaxLinear,spx3819m5l33tr,Voltage Regulator,Voltage Regulator,500mA Low-Noise LDo Voltage Regulator,,,"{""输出类型"": ""固定"", ""输出电压"": ""3.3V"", ""输出极性"": ""正极""}",active,,https://www.lcsc.com/datasheet/C9055.pdf,,https://assets.lcsc.com/images/lcsc/900x900/20221228_MaxLinear-SPX3819M5-L-3-3-TR_C9055_front.jpg,LCSC
"MFRC52202HN1,151",MFRC52202HN1151,NXP Semiconductors,NXP Semiconductors,mfrc52202hn1151,RF Modules,RF Modules,Standard performance MIFARE and NTAG frontend,,,"{""协议"": ""ISO 14443A,MIFARE"", ""接口类型"": ""I2C,SPI,UART""}",active,,https://www.lcsc.com/datasheet/C11322.pdf,,https://assets.lcsc.com/images/lcsc/900x900/20221228_NXP-Semicon-MFRC52202HN1-151_C11322_front.jpg,LCSC
ESP32-WROOM-32D-N4,ESP32WROOM32DN4,Espressif Systems,Espressif Systems,esp32wroom32dn4,WiFi Modules,WiFi Modules,,,,"{""核心芯片"": ""ESP32-DOWD"", ""频率范围"": ""2.4GHz"", ""天线形式"": ""板载PCB天线"", ""灵敏度"": ""-98dBm""}",active,,https://www.lcsc.com/datasheet/C473012.pdf,,https://assets.lcsc.com/images/lcsc/900x900/20230108_Espressif-Systems-ESP32-WROOM-32D-N4_C473012_front.jpg,LCSC
DW01A,DW01A,PUOLOP,PUOLOP,dw01a,Power Management IC,Power Management IC,Battery protection IC protects lithium-ion/polymer batteries.,,,"{""电池类型"": ""锂电池""}",active,,https://www.lcsc.com/datasheet/C351410.pdf,,https://assets.lcsc.com/images/lcsc/900x900/20230111_PUOLOP-DW01A_C351410_front.jpg,LCSC
X322525MOB4SI,X322525MOB4SI,YXC Crystal Oscillators,YXC Crystal Oscillators,x322525mob4si,Crystal Oscillator,Crystal Oscillator,CRYSTAL 25MHz 12pF SMD,,,"{""频率稳定度"": ""±20ppm"", ""常温频差"": ""±10ppm"", ""负载电容"": ""12pF""}",active,,https://www.lcsc.com/datasheet/C9006.pdf,,https://assets.lcsc.com/images/lcsc/900x900/20221228_YXC-Crystal-Oscillators-X322525MOB4SI_C9006_front.jpg,LCSC
DM3AT-SF-PEJM5,DM3ATSFPEJM5,HRS,HRS,dm3atsfpejm5,Memory IC,Memory IC,CONN MICRO SD CARD (TF CARD) SMD,,,"{""卡连接方式"": ""自弹式"", ""卡类型"": ""MicroSD卡(TF卡)"", ""连接器类型"": ""卡座"", ""本体最大高度"": ""1.68mm""}",active,,https://www.lcsc.com/datasheet/C114218.pdf,,https://assets.lcsc.com/images/lcsc/900x900/20230102_HRS-Hirose-DM3AT-SF-PEJM5_C114218_front.jpg,LCSC
ESP32-S3-WROOM-1-N8R8,ESP32S3WROOM1N8R8,Espressif Systems,Espressif Systems,esp32s3wroom1n8r8,WiFi Modules,WiFi Modules,2.4GHz Wi-Fi (802.11b/g/n) + Bluetooth 5 (LE) module,,,"{""核心芯片"": ""ESP32-S3R8"", ""频率范围"": ""2.4GHz"", ""天线形式"": ""板载PCB天线"", ""灵敏度"": ""-104.5dBm""}",active,,https://www.lcsc.com/datasheet/C2913201.pdf,,https://assets.lcsc.com/images/lcsc/900x900/20230125_Espressif-Systems-ESP32-S3-WROOM-1-N8R8_C2913201_front.jpg,LCSC
GP2S+,GP2S,Mini-Circuits,Mini-Circuits,gp2s,RF Modules,RF Modules,Power Splitter/Combiner 2Way-0° 50Ω 800 to 2100MHz,,,"{""频率"": ""800MHz~2.1GHz"", ""插入损耗"": ""0.8dB""}",active,,https://www.lcsc.com/datasheet/C3155018.pdf,,https://assets.lcsc.com/images/lcsc/900x900/20230418_Mini-Circuits-GP2S-_C3155018_front.jpg,LCSC
LM393DR2G,LM393DR2G,ON Semiconductor,ON Semiconductor,lm393dr2g,Operational Amplifier,Operational Amplifier,Low Offset Voltage Dual Comparators,,,"{""放大器数"": ""双路"", ""输入失调电压(Vos)"": ""5mV"", ""静态电流(Iq)"": ""400uA""}",active,,https://www.lcsc.com/datasheet/C7955.pdf,,https://assets.lcsc.com/images/lcsc/900x900/20221228_onsemi-LM393DR2G_C7955_front.jpg,LCSC
W25Q80DVSNIG TR,W25Q80DVSNIGTR,Winbond Electronics,Winbond Electronics,w25q80dvsnigtr,Memory IC,Memory IC,Serial Flash Memory with Dual and Quad SPI,,,"{""接口类型"": ""SPI"", ""工作电压"": ""2.7V~3.6V"", ""存储容量"": ""8Mbit"", ""时钟频率(fc)"": ""104MHz""}",active,,https://www.lcsc.com/datasheet/C401655.pdf,,https://assets.lcsc.com/images/lcsc/900x900/20230113_Winbond-Elec-W25Q80DVSNIG-TR_C401655_front.jpg,LCSC
IRF9540NPBF,IRF9540NPBF,Infineon Technologies,Infineon Technologies,irf9540npbf,MOSFET,MOSFET,MOSFET P-CH 100V 23A TO-220,,,"{""数量"": ""1个P沟道"", ""类型"": ""P沟道"", ""漏源电压(Vdss)"": ""100V"", ""连续漏极电流(Id)"": ""23A""}",active,,https://www.lcsc.com/datasheet/C2575.pdf,,https://assets.lcsc.com/images/lcsc/900x900/20180914_Infineon-Technologies-IRF9540NPBF_C2575_front.jpg,LCSC
"TLP350(TP1,F)",TLP350TP1F,Toshiba,Toshiba,tlp350tp1f,Logic IC,Logic IC,Photocouplers GaAtAs Infrared LED&PhotoIC,,,"{""工作电压"": ""15V~30V"", ""正向压降(Vf)"": ""1.6V"", ""输出电流"": ""2.5A"", ""直流反向耐压(Vr)"": ""5V""}",active,,https://www.lcsc.com/datasheet/C5003.pdf,,https://assets.lcsc.com/images/lcsc/900x900/20250828_TOSHIBA-TLP350-TP1-F_C5003_front.jpg,LCSC
X322512MSB4SI,X322512MSB4SI,YXC Crystal Oscillators,YXC Crystal Oscillators,x322512msb4si,Crystal Oscillator,Crystal Oscillator,CRYSTAL 12MHz 20pF SMD,,,"{""频率稳定度"": ""±20ppm"", ""常温频差"": ""±10ppm"", ""负载电容"": ""20pF""}",active,,https://www.lcsc.com/datasheet/C9002.pdf,,https://assets.lcsc.com/images/lcsc/900x900/20221228_YXC-Crystal-Oscillators-X322512MSB4SI_C9002_front.jpg,LCSC
GD25Q64ESIGR,GD25Q64ESIGR,GigaDevice Semicon Beijing,GigaDevice Semicon Beijing,gd25q64esigr,Memory IC,Memory IC,,,,"{""接口类型"": ""SPI"", ""工作电压"": ""2.7V~3.6V"", ""存储容量"": ""64Mbit"", ""时钟频率(fc)"": ""133MHz""}",active,,https://www.lcsc.com/datasheet/C2831359.pdf,,https://assets.lcsc.com/images/lcsc/900x900/20230605_GigaDevice-Semicon-Beijing-GD25Q64ESIGR_C2831359_front.jpg,LCSC
AO4407A,AO4407A,Alpha & Omega Semiconductor,Alpha & Omega Semiconductor,ao4407a,MOSFET,MOSFET,MOSFET P-CH 30V 12A SOIC-8,,,"{""数量"": ""1个P沟道"", ""类型"": ""P沟道"", ""漏源电压(Vdss)"": ""30V"", ""连续漏极电流(Id)"": ""12A""}",active,,https://www.lcsc.com/datasheet/C16072.pdf,,https://assets.lcsc.com/images/lcsc/900x900/20180914_Alpha---Omega-Semicon-AO4407A_C16072_front.jpg,LCSC
LPC1768FBD100K,LPC1768FBD100K,NXP Semiconductors,NXP Semiconductors,lpc1768fbd100k,Microcontroller,Microcontroller,32-bit Arm Cortex-M3 microcontroller,,,"{""CPU内核"": ""ARM Cortex-M3"", ""CPU位数"": ""32 Bit"", ""CPU最大主频"": ""100MHz""}",active,,https://www.lcsc.com/datasheet/C843788.pdf,,https://assets.lcsc.com/images/lcsc/900x900/20230131_NXP-Semicon-LPC1768FBD100K_C843788_front.jpg,LCSC
MAX31855KASA+T,MAX31855KASAT,Maxim Integrated,Maxim Integrated,max31855kasat,Analog IC,Analog IC,Cold-Junction Compensated Thermocouple-to-Digital Converter,,,"{""接口类型"": ""SPI""}",active,,https://www.lcsc.com/datasheet/C52028.pdf,,https://assets.lcsc.com/images/lcsc/900x900/20240318_Analog-Devices-Inc--Maxim-Integrated-MAX31855KASA-T_C52028_front.jpg,LCSC
MAX-M10S-00B,MAXM10S00B,u-blox,u-blox,maxm10s00b,GNSS Modules,GNSS Modules,Standard precision GNSS module,,,"{""工作电压"": ""1.76V~3.6V"", ""灵敏度"": ""-167dBm"", ""水平位置精确度"": ""1.5m""}",active,,https://www.lcsc.com/datasheet/C4153167.pdf,,https://assets.lcsc.com/images/lcsc/900x900/20251130_U-BLOX-MAX-M10S-00B_C4153167_front.jpg,LCSC
ESP32-WROOM-32UE-N16,ESP32WROOM32UEN16,Espressif Systems,Espressif Systems,esp32wroom32uen16,WiFi Modules,WiFi Modules,General-purpose Wi-Fi+BT+BLE MCU module,,,"{""频率范围"": ""2.4GHz"", ""灵敏度"": ""-98dBm""}",active,,https://www.lcsc.com/datasheet/C701346.pdf,,https://assets.lcsc.com/images/lcsc/900x900/20230202_Espressif-Systems-ESP32-WROOM-32UE-N16_C701346_front.jpg,LCSC
BMI088,BMI088,Bosch,Bosch,bmi088,Sensors,Sensors,6-axis MotionTracking for High-performance Applications,,,{},active,,https://www.lcsc.com/datasheet/C194919.pdf,,https://assets.lcsc.com/images/lcsc/900x900/20181103_Bosch-Sensortec-BMI088_C194919_front.jpg,LCSC
2.54-1x6P,2541X6P,BOOMELE(Boom Precision Elec),BOOMELE(Boom Precision Elec),2541x6p,Pin Header,Pin Header,CONN HEADER 6POS 2.54mm SINGLE ROW TH,,,"{""间距"": ""2.54mm"", ""颜色"": ""黑色"", ""安装方式"": ""直插"", ""插针结构"": ""1x6P""}",active,,https://www.lcsc.com/datasheet/C37208.pdf,,https://assets.lcsc.com/images/lcsc/900x900/20251009_BOOMELE-Boom-Precision-Elec-2-54-1x6P_C37208_front.jpg,LCSC
2.54-1*4P,25414P,BOOMELE(Boom Precision Elec),BOOMELE(Boom Precision Elec),25414p,Pin Header,Pin Header,CONN SOCKET 4POS 2.54mm SINGLE ROW TH,,,"{""插孔结构"": ""1x4P"", ""间距"": ""2.54mm"", ""总PIN数"": ""4P"", ""额定电流"": ""3A""}",active,,https://www.lcsc.com/datasheet/C2718488.pdf,,https://assets.lcsc.com/images/lcsc/900x900/20230129_BOOMELE-Boom-Precision-Elec-2-54-1-4P_C2718488_front.jpg,LCSC
W25Q128JVEIQ TR,W25Q128JVEIQTR,Winbond Electronics,Winbond Electronics,w25q128jveiqtr,Memory IC,Memory IC,SPI Flash Memory with Dual/Quad SPI,,,"{""接口类型"": ""SPI"", ""工作电压"": ""2.7V~3.6V"", ""存储容量"": ""128Mbit"", ""时钟频率(fc)"": ""133MHz""}",active,,https://www.lcsc.com/datasheet/C2456297.pdf,,https://assets.lcsc.com/images/lcsc/900x900/20230130_Winbond-Elec-W25Q128JVEIQ-TR_C2456297_front.jpg,LCSC
W25Q128JVPIM TR,W25Q128JVPIMTR,Winbond Electronics,Winbond Electronics,w25q128jvpimtr,Memory IC,Memory IC,FLASH - NOR Memory IC 128Mbit SPI 133MHz WSON-8-EP(5x6),,,"{""接口类型"": ""SPI"", ""工作电压"": ""2.7V~3.6V"", ""存储容量"": ""128Mbit"", ""时钟频率(fc)"": ""133MHz""}",active,,https://www.lcsc.com/datasheet/C2441427.pdf,,https://assets.lcsc.com/images/lcsc/900x900/20260311_Winbond-W25Q128JVPIM-TR_C2441427_front.jpg,LCSC
ESP-12F(ESP8266MOD),ESP12FESP8266MOD,Ai-Thinker,Ai-Thinker,esp12fesp8266mod,WiFi Modules,WiFi Modules,,,,"{""核心芯片"": ""ESP8266芯片"", ""频率范围"": ""2.4GHz"", ""天线形式"": ""板载PCB天线"", ""灵敏度"": ""-90dBm""}",active,,https://www.lcsc.com/datasheet/C82891.pdf,,https://assets.lcsc.com/images/lcsc/900x900/20260622_Ai-Thinker-ESP-12F-ESP8266MOD_C82891_front.jpg,LCSC
W25N02KVZEIR,W25N02KVZEIR,Winbond Electronics,Winbond Electronics,w25n02kvzeir,Memory IC,Memory IC,"SPI NAND Flash Memory with Dual/Quad SPI, Buffer Read & Sequential Read",,,"{""接口类型"": ""SPI"", ""工作电压"": ""2.7V~3.6V"", ""存储容量"": ""2Gbit"", ""时钟频率(fc)"": ""104MHz""}",active,,https://www.lcsc.com/datasheet/C3010298.pdf,,https://assets.lcsc.com/images/lcsc/900x900/20230106_Winbond-Elec-W25N02KVZEIR_C3010298_front.jpg,LCSC
SGT50T65FD1PN,SGT50T65FD1PN,Hangzhou Silan Microelectronics,Hangzhou Silan Microelectronics,sgt50t65fd1pn,MOSFET,MOSFET,,,,"{""IGBT类型"": ""FS(场截止)"", ""耗散功率(Pd)"": ""235W"", ""集射极击穿电压(Vces)"": ""650V"", ""集电极电流(Ic)"": ""100A""}",active,,https://www.lcsc.com/datasheet/C2761787.pdf,,https://assets.lcsc.com/images/lcsc/900x900/20230129_Hangzhou-Silan-Microelectronics-SGT50T65FD1PN_C2761787_front.jpg,LCSC
ESP32-C3-MINI-1-N4,ESP32C3MINI1N4,Espressif Systems,Espressif Systems,esp32c3mini1n4,RF Modules,RF Modules,2.4GHz Wi-Fi(802.11b/g/n) and Bluetooth 5 module,,,"{""模式"": ""收发"", ""天线形式"": ""板载PCB天线"", ""灵敏度"": ""-98dBm""}",active,,https://www.lcsc.com/datasheet/C2838502.pdf,,https://assets.lcsc.com/images/lcsc/900x900/20230120_Espressif-Systems-ESP32-C3-MINI-1-N4_C2838502_front.jpg,LCSC
ESP32-S3-WROOM-1-N8,ESP32S3WROOM1N8,Espressif Systems,Espressif Systems,esp32s3wroom1n8,WiFi Modules,WiFi Modules,2.4GHz Wi-Fi (802.11b/g/n) + Bluetooth 5 (LE) module,,,"{""核心芯片"": ""ESP32-S3芯片"", ""频率范围"": ""2.4GHz"", ""天线形式"": ""板载PCB天线"", ""灵敏度"": ""-98.2dBm""}",active,,https://www.lcsc.com/datasheet/C2913198.pdf,,https://assets.lcsc.com/images/lcsc/900x900/20230106_Espressif-Systems-ESP32-S3-WROOM-1-N8_C2913198_front.jpg,LCSC
AHT20,AHT20,Aosong,Aosong,aht20,Sensors,Sensors,Fully calibrated temperature and humidity sensor with digital output and IC interface,,,"{""温度范围"": ""-40℃~+120℃"", ""湿度范围"": ""0%RH~100%RH"", ""接口类型"": ""I2C"", ""湿度精度"": ""±2%RH""}",active,,https://www.lcsc.com/datasheet/C2757850.pdf,,https://assets.lcsc.com/images/lcsc/900x900/20251203_Aosong-AHT20_C2757850_front.jpg,LCSC
PE4312C-Z,PE4312CZ,pSemi,pSemi,pe4312cz,RF Modules,RF Modules,UltraCMos RF Digital Step Attenuator,,,"{""频率"": ""1MHz~4GHz"", ""衰减值"": ""31.5dB""}",active,,https://www.lcsc.com/datasheet/C500480.pdf,,https://assets.lcsc.com/images/lcsc/900x900/20230119_pSemi-PE4312C-Z_C500480_front.jpg,LCSC
HLK-PM01,HLKPM01,HI-LINK,HI-LINK,hlkpm01,Modules,Modules,3W Ultra-Small Series AC-DC Module Power Supply,,,"{""转换类型"": ""AC-DC"", ""工作电压(DC)"": ""85VAC~265VAC""}",active,,https://www.lcsc.com/datasheet/C209903.pdf,,https://assets.lcsc.com/images/lcsc/900x900/20220421_HI-LINK-HLK-PM01_C209903_front.jpg,LCSC
HR4988E,HR4988E,Jiaxing Heroic Elec Tech,Jiaxing Heroic Elec Tech,hr4988e,Power Management IC,Power Management IC,Micro-stepping motor driver chip with built-in converter and overcurrent protection,,,{},active,,https://www.lcsc.com/datasheet/C128662.pdf,,https://assets.lcsc.com/images/lcsc/900x900/20251022_Jiaxing-Heroic-Elec-Tech-HR4988E_C128662_front.jpg,LCSC
