supplier,supplier_sku,mpn,manufacturer,title,category,description,attributes,datasheet_url,stock,price
Digikey,DIG-1000-00000,MCU100000000,STMicroelectronics,STMicroelectronics MCU100000000 Microcontroller,Microcontroller,MCU100000000 Microcontroller from STMicroelectronics. Sourced via professional procurement support; specs below.,flash_bytes: 131072; voltage_v: 3.3; frequency_hz: 72000000,https://example.com/datasheet/MCU100000000.pdf,719,7.7140
HQEW,HQE-1000-00001,MOS100000001,Vishay Intertechnology,Vishay Intertechnology MOS100000001 MOSFET,MOSFET,MOS100000001 MOSFET from Vishay Intertechnology. Sourced via professional procurement support; specs below.,vds_v: 55; Continuous Drain Current: 30A,https://example.com/datasheet/MOS100000001.pdf,1581,14.9942
Mouser,MOU-1000-00002,RES100000002,Yageo,Yageo RES100000002 Resistor,Resistor,RES100000002 Resistor from Yageo. Sourced via professional procurement support; specs below.,resistance_ohm: 10000; temperature_coeff: X7R; MTBF Hours: 100000,https://example.com/datasheet/RES100000002.pdf,963,17.9312
Digikey,DIG-1000-00003,CAP100000003,TDK Corporation,TDK Corporation CAP100000003 Capacitor,Capacitor,CAP100000003 Capacitor from TDK Corporation. Sourced via professional procurement support; specs below.,voltage_rating_v: 50; package: 0603; capacitance_pf: 100000; tolerance: ±10%; Ripple Current: 100mA,https://example.com/datasheet/CAP100000003.pdf,3446,4.0417
Hanxin,HAN-1000-00004,IND100000004,Bourns,Bourns IND100000004 Inductor,Inductor,IND100000004 Inductor from Bourns. Sourced via professional procurement support; specs below.,current_rating_a: 1.5; inductance_uh: 4.7,https://example.com/datasheet/IND100000004.pdf,3655,0.4770
Hanxin,HAN-1000-00005,SEN100000005,STMicroelectronics,STMicroelectronics SEN100000005 Sensors,Sensors,SEN100000005 Sensors from STMicroelectronics. Sourced via professional procurement support; specs below.,sensitivity: 260 LSB/g; accuracy: ±0.5; range: 0-40; resolution_bits: 12; interface: I2C,https://example.com/datasheet/SEN100000005.pdf,2317,21.9401
Mouser,MOU-1000-00006,CON100000006,TE Connectivity,TE Connectivity CON100000006 Connectors,Connectors,CON100000006 Connectors from TE Connectivity. Sourced via professional procurement support; specs below.,current_rating_a: 3; pitch_mm: 2.54; voltage_rating_v: 50; positions: 40,https://example.com/datasheet/CON100000006.pdf,2335,7.4603
HQEW,HQE-1000-00007,MOD100000007,u-blox,u-blox MOD100000007 Modules,Modules,MOD100000007 Modules from u-blox. Sourced via professional procurement support; specs below.,data_rate_bps: 2000000; sensitivity_dbm: -95; interface: UART; Antenna Type: PCB,https://example.com/datasheet/MOD100000007.pdf,4417,3.5414
Hanxin,HAN-1000-00008,OPA100000008,Analog Devices,Analog Devices OPA100000008 Analog IC,Analog IC,OPA100000008 Analog IC from Analog Devices. Sourced via professional procurement support; specs below.,gain_db: 100; supply_current_ua: 200,https://example.com/datasheet/OPA100000008.pdf,4861,16.7093
Hanxin,HAN-1000-00009,PMIC100000009,Richtek Technology,Richtek Technology PMIC100000009 Power Management IC,Power Management IC,PMIC100000009 Power Management IC from Richtek Technology. Sourced via professional procurement support; specs below.,output_current_a: 3; voltage_in_max_v: 28; efficiency_percent: 92; voltage_in_min_v: 4.5; package: SOT-23,https://example.com/datasheet/PMIC100000009.pdf,3410,19.0973
Mouser,MOU-1000-00010,DIO100000010,Diodes Incorporated,Diodes Incorporated DIO100000010 Diode,Diode,DIO100000010 Diode from Diodes Incorporated. Sourced via professional procurement support; specs below.,if_a: 1; vf_v: 0.7; vrrm_v: 100,https://example.com/datasheet/DIO100000010.pdf,4840,21.7656
Hanxin,HAN-1000-00011,LED100000011,Kingbright,Kingbright LED100000011 LED Components,LED Components,LED100000011 LED Components from Kingbright. Sourced via professional procurement support; specs below.,wavelength_nm: 650; forward_current_ma: 20; package: 0805; forward_voltage_v: 2.1; Luminous Intensity: 100mcd,https://example.com/datasheet/LED100000011.pdf,1600,17.2411
Mouser,MOU-1000-00012,MEM100000012,ISSI,ISSI MEM100000012 Memory IC,Memory IC,MEM100000012 Memory IC from ISSI. Sourced via professional procurement support; specs below.,organization: x8; memory_bytes: 16777216,https://example.com/datasheet/MEM100000012.pdf,932,18.3433
Digikey,DIG-1000-00013,XTAL100000013,OscInc,OscInc XTAL100000013 Crystal Oscillator,Crystal Oscillator,XTAL100000013 Crystal Oscillator from OscInc. Sourced via professional procurement support; specs below.,load_capacitance_pf: 18; package: SMD; frequency_hz: 8000000,https://example.com/datasheet/XTAL100000013.pdf,1858,24.5280
Hanxin,HAN-1000-00014,MCU100000014,Nuvoton Technology,Nuvoton Technology MCU100000014 Microcontroller,Microcontroller,MCU100000014 Microcontroller from Nuvoton Technology. Sourced via professional procurement support; specs below.,frequency_hz: 72000000; Operating Temp: -40~85,https://example.com/datasheet/MCU100000014.pdf,769,12.4797
Mouser,MOU-1000-00015,MOS100000015,HexaFab,HexaFab MOS100000015 MOSFET,MOSFET,MOS100000015 MOSFET from HexaFab. Sourced via professional procurement support; specs below.,On Resistance: 8mΩ; rds_on_mohm: 8; qg_nc: 45; package: SOT-23; Gate Charge Type: standard,https://example.com/datasheet/MOS100000015.pdf,479,21.0361
Digikey,DIG-1000-00016,RES100000016,OhmWorks,OhmWorks RES100000016 Resistor,Resistor,RES100000016 Resistor from OhmWorks. Sourced via professional procurement support; specs below.,resistance_ohm: 10000; package: 0805; tolerance: ±1%,https://example.com/datasheet/RES100000016.pdf,3691,19.0851
Mouser,MOU-1000-00017,CAP100000017,Murata Manufacturing,Murata Manufacturing CAP100000017 Capacitor,Capacitor,CAP100000017 Capacitor from Murata Manufacturing. Sourced via professional procurement support; specs below.,tolerance: ±10%; capacitance_pf: 100000,https://example.com/datasheet/CAP100000017.pdf,3914,9.1938
Digikey,DIG-1000-00018,IND100000018,Murata Manufacturing,Murata Manufacturing IND100000018 Inductor,Inductor,IND100000018 Inductor from Murata Manufacturing. Sourced via professional procurement support; specs below.,inductance_uh: 4.7; current_rating_a: 1.5; package: 0805; tolerance: ±20%,https://example.com/datasheet/IND100000018.pdf,4030,1.0992
Mouser,MOU-1000-00019,SEN100000019,NXP Semiconductors,NXP Semiconductors SEN100000019 Sensors,Sensors,SEN100000019 Sensors from NXP Semiconductors. Sourced via professional procurement support; specs below.,sensitivity: 260 LSB/g; range: 0-40; accuracy: ±0.5; interface: I2C; resolution_bits: 12,https://example.com/datasheet/SEN100000019.pdf,3389,14.4211
LCSC,LCS-1000-00020,CON100000020,JST,JST CON100000020 Connectors,Connectors,CON100000020 Connectors from JST. Sourced via professional procurement support; specs below.,current_rating_a: 3; voltage_rating_v: 50; mounting: SMD,https://example.com/datasheet/CON100000020.pdf,2943,20.9114
Mouser,MOU-1000-00021,MOD100000021,u-blox,u-blox MOD100000021 Modules,Modules,MOD100000021 Modules from u-blox. Sourced via professional procurement support; specs below.,Data Rate: 2Mbps; modulation: GFSK; output_power_dbm: 20,https://example.com/datasheet/MOD100000021.pdf,3128,3.2991
Hanxin,HAN-1000-00022,OPA100000022,Maxim Integrated,Maxim Integrated OPA100000022 Analog IC,Analog IC,OPA100000022 Analog IC from Maxim Integrated. Sourced via professional procurement support; specs below.,gain_db: 100; package: SOIC-8; Input Noise: 10nV,https://example.com/datasheet/OPA100000022.pdf,3068,22.9977
Digikey,DIG-1000-00023,PMIC100000023,Texas Instruments,Texas Instruments PMIC100000023 Power Management IC,Power Management IC,PMIC100000023 Power Management IC from Texas Instruments. Sourced via professional procurement support; specs below.,output_current_a: 3; voltage_in_min_v: 4.5; package: SOT-23; efficiency_percent: 92; voltage_in_max_v: 28,https://example.com/datasheet/PMIC100000023.pdf,2478,3.7001
Hanxin,HAN-1000-00024,DIO100000024,Diodes Incorporated,Diodes Incorporated DIO100000024 Diode,Diode,DIO100000024 Diode from Diodes Incorporated. Sourced via professional procurement support; specs below.,vf_v: 0.7; if_a: 1; vrrm_v: 100,https://example.com/datasheet/DIO100000024.pdf,1737,17.4577
Mouser,MOU-1000-00025,LED100000025,Kingbright,Kingbright LED100000025 LED Components,LED Components,LED100000025 LED Components from Kingbright. Sourced via professional procurement support; specs below.,wavelength_nm: 650; package: 0805; forward_current_ma: 20,https://example.com/datasheet/LED100000025.pdf,2283,20.6698
Hanxin,HAN-1000-00026,MEM100000026,ISSI,ISSI MEM100000026 Memory IC,Memory IC,MEM100000026 Memory IC from ISSI. Sourced via professional procurement support; specs below.,speed_hz: 104000000; memory_bytes: 16777216,https://example.com/datasheet/MEM100000026.pdf,1944,14.7761
Mouser,MOU-1000-00027,XTAL100000027,AbraconX,AbraconX XTAL100000027 Crystal Oscillator,Crystal Oscillator,XTAL100000027 Crystal Oscillator from AbraconX. Sourced via professional procurement support; specs below.,package: SMD; frequency_hz: 8000000,https://example.com/datasheet/XTAL100000027.pdf,347,7.7229
LCSC,LCS-1000-00028,MCU100000028,Microchip Technology,Microchip Technology MCU100000028 Microcontroller,Microcontroller,MCU100000028 Microcontroller from Microchip Technology. Sourced via professional procurement support; specs below.,voltage_v: 3.3,https://example.com/datasheet/MCU100000028.pdf,2218,2.3488
Digikey,DIG-1000-00029,MOS100000029,Infineon Technologies,Infineon Technologies MOS100000029 MOSFET,MOSFET,MOS100000029 MOSFET from Infineon Technologies. Sourced via professional procurement support; specs below.,id_a: 30,https://example.com/datasheet/MOS100000029.pdf,3034,11.5527
HQEW,HQE-1000-00030,RES100000030,Vishay Intertechnology,Vishay Intertechnology RES100000030 Resistor,Resistor,RES100000030 Resistor from Vishay Intertechnology. Sourced via professional procurement support; specs below.,resistance_ohm: 10000; package: 0805,https://example.com/datasheet/RES100000030.pdf,588,6.1475
Mouser,MOU-1000-00031,CAP100000031,TDK Corporation,TDK Corporation CAP100000031 Capacitor,Capacitor,CAP100000031 Capacitor from TDK Corporation. Sourced via professional procurement support; specs below.,package: 0603; voltage_rating_v: 50; temperature_coeff: X7R,https://example.com/datasheet/CAP100000031.pdf,2533,13.8826
HQEW,HQE-1000-00032,IND100000032,Bourns,Bourns IND100000032 Inductor,Inductor,IND100000032 Inductor from Bourns. Sourced via professional procurement support; specs below.,package: 0805; inductance_uh: 4.7; tolerance: ±20%; current_rating_a: 1.5,https://example.com/datasheet/IND100000032.pdf,3010,3.2525
Hanxin,HAN-1000-00033,SEN100000033,NXP Semiconductors,NXP Semiconductors SEN100000033 Sensors,Sensors,SEN100000033 Sensors from NXP Semiconductors. Sourced via professional procurement support; specs below.,range: 0-40; resolution_bits: 12; Response Time: 5ms,https://example.com/datasheet/SEN100000033.pdf,2249,17.9017
Hanxin,HAN-1000-00034,CON100000034,LinkFab,LinkFab CON100000034 Connectors,Connectors,CON100000034 Connectors from LinkFab. Sourced via professional procurement support; specs below.,mounting: SMD; pitch_mm: 2.54,https://example.com/datasheet/CON100000034.pdf,3422,22.5721
Digikey,DIG-1000-00035,MOD100000035,SIMCom,SIMCom MOD100000035 Modules,Modules,MOD100000035 Modules from SIMCom. Sourced via professional procurement support; specs below.,data_rate_bps: 2000000,https://example.com/datasheet/MOD100000035.pdf,1554,24.2650
HQEW,HQE-1000-00036,OPA100000036,Texas Instruments,Texas Instruments OPA100000036 Analog IC,Analog IC,OPA100000036 Analog IC from Texas Instruments. Sourced via professional procurement support; specs below.,supply_current_ua: 200; bandwidth_hz: 1000000; gain_db: 100; package: SOIC-8,https://example.com/datasheet/OPA100000036.pdf,2215,2.6835
Mouser,MOU-1000-00037,PMIC100000037,Infineon Technologies,Infineon Technologies PMIC100000037 Power Management IC,Power Management IC,PMIC100000037 Power Management IC from Infineon Technologies. Sourced via professional procurement support; specs below.,output_current_a: 3; voltage_in_min_v: 4.5; package: SOT-23; voltage_out_v: 5,https://example.com/datasheet/PMIC100000037.pdf,4366,5.1307
Mouser,MOU-1000-00038,DIO100000038,Vishay Intertechnology,Vishay Intertechnology DIO100000038 Diode,Diode,DIO100000038 Diode from Vishay Intertechnology. Sourced via professional procurement support; specs below.,if_a: 1; vrrm_v: 100,https://example.com/datasheet/DIO100000038.pdf,1273,11.2409
Mouser,MOU-1000-00039,LED100000039,Everlight Electronics,Everlight Electronics LED100000039 LED Components,LED Components,LED100000039 LED Components from Everlight Electronics. Sourced via professional procurement support; specs below.,forward_current_ma: 20; package: 0805; wavelength_nm: 650,https://example.com/datasheet/LED100000039.pdf,1236,16.3567
Mouser,MOU-1000-00040,MEM100000040,Winbond Electronics,Winbond Electronics MEM100000040 Memory IC,Memory IC,MEM100000040 Memory IC from Winbond Electronics. Sourced via professional procurement support; specs below.,interface: SPI; memory_bytes: 16777216,https://example.com/datasheet/MEM100000040.pdf,1452,5.8807
LCSC,LCS-1000-00041,XTAL100000041,Wurth Elektronik,Wurth Elektronik XTAL100000041 Crystal Oscillator,Crystal Oscillator,XTAL100000041 Crystal Oscillator from Wurth Elektronik. Sourced via professional procurement support; specs below.,package: SMD; frequency_hz: 8000000,https://example.com/datasheet/XTAL100000041.pdf,9,21.0021
Hanxin,HAN-1000-00042,MCU100000042,STMicroelectronics,STMicroelectronics MCU100000042 Microcontroller,Microcontroller,MCU100000042 Microcontroller from STMicroelectronics. Sourced via professional procurement support; specs below.,Clock Speed: 72MHz; frequency_hz: 72000000; Core: ARM Cortex-M4,https://example.com/datasheet/MCU100000042.pdf,1488,20.9514
Hanxin,HAN-1000-00043,MOS100000043,Infineon Technologies,Infineon Technologies MOS100000043 MOSFET,MOSFET,MOS100000043 MOSFET from Infineon Technologies. Sourced via professional procurement support; specs below.,Drain Source Voltage: 55V; id_a: 30; rds_on_mohm: 8; package: SOT-23,https://example.com/datasheet/MOS100000043.pdf,2546,6.6301
Mouser,MOU-1000-00044,RES100000044,Bourns,Bourns RES100000044 Resistor,Resistor,RES100000044 Resistor from Bourns. Sourced via professional procurement support; specs below.,resistance_ohm: 10000; tolerance: ±1%; power_rating_w: 0.25; package: 0805; Resistor Value: 10kΩ,https://example.com/datasheet/RES100000044.pdf,602,24.9931
LCSC,LCS-1000-00045,CAP100000045,KEMET Electronics,KEMET Electronics CAP100000045 Capacitor,Capacitor,CAP100000045 Capacitor from KEMET Electronics. Sourced via professional procurement support; specs below.,Capacitor Value: 100nF; tolerance: ±10%; voltage_rating_v: 50,https://example.com/datasheet/CAP100000045.pdf,3615,17.3263
Hanxin,HAN-1000-00046,IND100000046,Wurth Elektronik,Wurth Elektronik IND100000046 Inductor,Inductor,IND100000046 Inductor from Wurth Elektronik. Sourced via professional procurement support; specs below.,current_rating_a: 1.5; tolerance: ±20%,https://example.com/datasheet/IND100000046.pdf,2578,7.1748
Mouser,MOU-1000-00047,SEN100000047,BoschDummy,BoschDummy SEN100000047 Sensors,Sensors,SEN100000047 Sensors from BoschDummy. Sourced via professional procurement support; specs below.,interface: I2C; range: 0-40,https://example.com/datasheet/SEN100000047.pdf,1758,15.0129
Hanxin,HAN-1000-00048,CON100000048,JST,JST CON100000048 Connectors,Connectors,CON100000048 Connectors from JST. Sourced via professional procurement support; specs below.,positions: 40; voltage_rating_v: 50,https://example.com/datasheet/CON100000048.pdf,707,0.6556
LCSC,LCS-1000-00049,MOD100000049,u-blox,u-blox MOD100000049 Modules,Modules,MOD100000049 Modules from u-blox. Sourced via professional procurement support; specs below.,data_rate_bps: 2000000; output_power_dbm: 20; Antenna Type: PCB,https://example.com/datasheet/MOD100000049.pdf,3795,14.0321
HQEW,HQE-1000-00050,OPA100000050,Maxim Integrated,Maxim Integrated OPA100000050 Analog IC,Analog IC,OPA100000050 Analog IC from Maxim Integrated. Sourced via professional procurement support; specs below.,gain_db: 100; supply_current_ua: 200; package: SOIC-8,https://example.com/datasheet/OPA100000050.pdf,1563,15.4861
LCSC,LCS-1000-00051,PMIC100000051,Texas Instruments,Texas Instruments PMIC100000051 Power Management IC,Power Management IC,PMIC100000051 Power Management IC from Texas Instruments. Sourced via professional procurement support; specs below.,efficiency_percent: 92; voltage_in_max_v: 28; output_current_a: 3,https://example.com/datasheet/PMIC100000051.pdf,3084,8.8211
Hanxin,HAN-1000-00052,DIO100000052,Vishay Intertechnology,Vishay Intertechnology DIO100000052 Diode,Diode,DIO100000052 Diode from Vishay Intertechnology. Sourced via professional procurement support; specs below.,vrrm_v: 100; if_a: 1,https://example.com/datasheet/DIO100000052.pdf,2398,22.1821
LCSC,LCS-1000-00053,LED100000053,OSRAM,OSRAM LED100000053 LED Components,LED Components,LED100000053 LED Components from OSRAM. Sourced via professional procurement support; specs below.,wavelength_nm: 650; forward_voltage_v: 2.1; package: 0805; forward_current_ma: 20,https://example.com/datasheet/LED100000053.pdf,2229,1.1505
LCSC,LCS-1000-00054,MEM100000054,ISSI,ISSI MEM100000054 Memory IC,Memory IC,MEM100000054 Memory IC from ISSI. Sourced via professional procurement support; specs below.,organization: x8; speed_hz: 104000000,https://example.com/datasheet/MEM100000054.pdf,4890,7.0689
Mouser,MOU-1000-00055,XTAL100000055,AbraconX,AbraconX XTAL100000055 Crystal Oscillator,Crystal Oscillator,XTAL100000055 Crystal Oscillator from AbraconX. Sourced via professional procurement support; specs below.,package: SMD; frequency_hz: 8000000; load_capacitance_pf: 18,https://example.com/datasheet/XTAL100000055.pdf,1883,19.0114
HQEW,HQE-1000-00056,MCU100000056,Microchip Technology,Microchip Technology MCU100000056 Microcontroller,Microcontroller,MCU100000056 Microcontroller from Microchip Technology. Sourced via professional procurement support; specs below.,ram_bytes: 20480; Core: ARM Cortex-M4,https://example.com/datasheet/MCU100000056.pdf,4695,7.5096
HQEW,HQE-1000-00057,MOS100000057,,Unknown MOS100000057 MOSFET,MOSFET,MOS100000057 MOSFET from unspecified. Sourced via professional procurement support; specs below.,qg_nc: 45; vds_v: 55; package: SOT-23; rds_on_mohm: 8,https://example.com/datasheet/MOS100000057.pdf,4158,14.3022
Hanxin,HAN-1000-00058,RES100000058,Yageo,Yageo RES100000058 Resistor,Resistor,RES100000058 Resistor from Yageo. Sourced via professional procurement support; specs below.,tolerance: ±1%; power_rating_w: 0.25; resistance_ohm: 10000; temperature_coeff: X7R; Lifecycle Status: Active,https://example.com/datasheet/RES100000058.pdf,3720,22.2870
Mouser,MOU-1000-00059,CAP100000059,DeltaCap,DeltaCap CAP100000059 Capacitor,Capacitor,CAP100000059 Capacitor from DeltaCap. Sourced via professional procurement support; specs below.,voltage_rating_v: 50; temperature_coeff: X7R,https://example.com/datasheet/CAP100000059.pdf,1350,14.3756
Hanxin,HAN-1000-00060,IND100000060,Bourns,Bourns IND100000060 Inductor,Inductor,IND100000060 Inductor from Bourns. Sourced via professional procurement support; specs below.,tolerance: ±20%; inductance_uh: 4.7,https://example.com/datasheet/IND100000060.pdf,142,5.5835
Hanxin,HAN-1000-00061,SEN100000061,STMicroelectronics,STMicroelectronics SEN100000061 Sensors,Sensors,SEN100000061 Sensors from STMicroelectronics. Sourced via professional procurement support; specs below.,resolution_bits: 12; range: 0-40; sensitivity: 260 LSB/g,https://example.com/datasheet/SEN100000061.pdf,883,20.3840
LCSC,LCS-1000-00062,CON100000062,LinkFab,LinkFab CON100000062 Connectors,Connectors,CON100000062 Connectors from LinkFab. Sourced via professional procurement support; specs below.,mounting: SMD; pitch_mm: 2.54; current_rating_a: 3; voltage_rating_v: 50,https://example.com/datasheet/CON100000062.pdf,3943,14.4902
Mouser,MOU-1000-00063,MOD100000063,Quectel,Quectel MOD100000063 Modules,Modules,MOD100000063 Modules from Quectel. Sourced via professional procurement support; specs below.,data_rate_bps: 2000000; interface: UART; sensitivity_dbm: -95,https://example.com/datasheet/MOD100000063.pdf,4319,19.1732
Mouser,MOU-1000-00064,OPA100000064,Analog Devices,Analog Devices OPA100000064 Analog IC,Analog IC,OPA100000064 Analog IC from Analog Devices. Sourced via professional procurement support; specs below.,package: SOIC-8; bandwidth_hz: 1000000,https://example.com/datasheet/OPA100000064.pdf,4064,1.3722
LCSC,LCS-1000-00065,PMIC100000065,PowerLite,PowerLite PMIC100000065 Power Management IC,Power Management IC,PMIC100000065 Power Management IC from PowerLite. Sourced via professional procurement support; specs below.,voltage_in_max_v: 28; efficiency_percent: 92,https://example.com/datasheet/PMIC100000065.pdf,296,5.0736
Mouser,MOU-1000-00066,DIO100000066,ON Semiconductor,ON Semiconductor DIO100000066 Diode,Diode,DIO100000066 Diode from ON Semiconductor. Sourced via professional procurement support; specs below.,if_a: 1; vf_v: 0.7; Reverse Recovery: 50ns,https://example.com/datasheet/DIO100000066.pdf,264,7.0646
Digikey,DIG-1000-00067,LED100000067,OSRAM,OSRAM LED100000067 LED Components,LED Components,LED100000067 LED Components from OSRAM. Sourced via professional procurement support; specs below.,forward_current_ma: 20; wavelength_nm: 650; package: 0805; forward_voltage_v: 2.1; Luminous Intensity: 100mcd,https://example.com/datasheet/LED100000067.pdf,3616,11.2714
Hanxin,HAN-1000-00068,MEM100000068,SK Hynix,SK Hynix MEM100000068 Memory IC,Memory IC,MEM100000068 Memory IC from SK Hynix. Sourced via professional procurement support; specs below.,speed_hz: 104000000; interface: SPI; memory_bytes: 16777216; organization: x8,https://example.com/datasheet/MEM100000068.pdf,2879,18.6913
HQEW,HQE-1000-00069,XTAL100000069,TDK Corporation,TDK Corporation XTAL100000069 Crystal Oscillator,Crystal Oscillator,XTAL100000069 Crystal Oscillator from TDK Corporation. Sourced via professional procurement support; specs below.,package: SMD; load_capacitance_pf: 18,https://example.com/datasheet/XTAL100000069.pdf,1218,10.6148
Mouser,MOU-1000-00070,MCU100000070,Microchip Technology,Microchip Technology MCU100000070 Microcontroller,Microcontroller,MCU100000070 Microcontroller from Microchip Technology. Sourced via professional procurement support; specs below.,RAM Size: 20KB; frequency_hz: 72000000; io_count: 48,https://example.com/datasheet/MCU100000070.pdf,4688,2.1489
Mouser,MOU-1000-00071,MOS100000071,Alpha & Omega Semiconductor,Alpha & Omega Semiconductor MOS100000071 MOSFET,MOSFET,MOS100000071 MOSFET from Alpha & Omega Semiconductor. Sourced via professional procurement support; specs below.,package: SOT-23; qg_nc: 45,https://example.com/datasheet/MOS100000071.pdf,2399,19.8047
LCSC,LCS-1000-00072,RES100000072,Bourns,Bourns RES100000072 Resistor,Resistor,RES100000072 Resistor from Bourns. Sourced via professional procurement support; specs below.,temperature_coeff: X7R; package: 0805,https://example.com/datasheet/RES100000072.pdf,2358,3.9301
LCSC,LCS-1000-00073,CAP100000073,TDK Corporation,TDK Corporation CAP100000073 Capacitor,Capacitor,CAP100000073 Capacitor from TDK Corporation. Sourced via professional procurement support; specs below.,temperature_coeff: X7R; capacitance_pf: 100000; tolerance: ±10%; voltage_rating_v: 50,https://example.com/datasheet/CAP100000073.pdf,2041,13.5786
Mouser,MOU-1000-00074,IND100000074,TDK Corporation,TDK Corporation IND100000074 Inductor,Inductor,IND100000074 Inductor from TDK Corporation. Sourced via professional procurement support; specs below.,current_rating_a: 1.5; package: 0805; inductance_uh: 4.7; tolerance: ±20%,https://example.com/datasheet/IND100000074.pdf,1137,21.7281
Mouser,MOU-1000-00075,SEN100000075,NXP Semiconductors,NXP Semiconductors SEN100000075 Sensors,Sensors,SEN100000075 Sensors from NXP Semiconductors. Sourced via professional procurement support; specs below.,sensitivity: 260 LSB/g; range: 0-40; accuracy: ±0.5; resolution_bits: 12; interface: I2C,https://example.com/datasheet/SEN100000075.pdf,4449,23.0436
HQEW,HQE-1000-00076,CON100000076,Hirose Electric,Hirose Electric CON100000076 Connectors,Connectors,CON100000076 Connectors from Hirose Electric. Sourced via professional procurement support; specs below.,positions: 40; current_rating_a: 3; voltage_rating_v: 50; mounting: SMD; Contact Plating: Gold,https://example.com/datasheet/CON100000076.pdf,4539,22.2486
Hanxin,HAN-1000-00077,MOD100000077,Semtech,Semtech MOD100000077 Modules,Modules,MOD100000077 Modules from Semtech. Sourced via professional procurement support; specs below.,sensitivity_dbm: -95; modulation: GFSK; Data Rate: 2Mbps,https://example.com/datasheet/MOD100000077.pdf,343,15.0770
Mouser,MOU-1000-00078,OPA100000078,Analog Devices,Analog Devices OPA100000078 Analog IC,Analog IC,OPA100000078 Analog IC from Analog Devices. Sourced via professional procurement support; specs below.,supply_current_ua: 200; bandwidth_hz: 1000000; package: SOIC-8; Input Noise: 10nV,https://example.com/datasheet/OPA100000078.pdf,2155,18.8781
LCSC,LCS-1000-00079,PMIC100000079,Infineon Technologies,Infineon Technologies PMIC100000079 Power Management IC,Power Management IC,PMIC100000079 Power Management IC from Infineon Technologies. Sourced via professional procurement support; specs below.,efficiency_percent: 92; voltage_in_max_v: 28,https://example.com/datasheet/PMIC100000079.pdf,169,10.0404
Digikey,DIG-1000-00080,DIO100000080,Littelfuse,Littelfuse DIO100000080 Diode,Diode,DIO100000080 Diode from Littelfuse. Sourced via professional procurement support; specs below.,if_a: 1; vrrm_v: 100; vf_v: 0.7,https://example.com/datasheet/DIO100000080.pdf,138,12.7563
LCSC,LCS-1000-00081,LED100000081,PhotonInc,PhotonInc LED100000081 LED Components,LED Components,LED100000081 LED Components from PhotonInc. Sourced via professional procurement support; specs below.,forward_voltage_v: 2.1; forward_current_ma: 20; package: 0805,https://example.com/datasheet/LED100000081.pdf,1485,3.0204
LCSC,LCS-1000-00082,MEM100000082,Macronix International,Macronix International MEM100000082 Memory IC,Memory IC,MEM100000082 Memory IC from Macronix International. Sourced via professional procurement support; specs below.,interface: SPI; memory_bytes: 16777216; speed_hz: 104000000,https://example.com/datasheet/MEM100000082.pdf,799,1.5559
Mouser,MOU-1000-00083,XTAL100000083,Murata Manufacturing,Murata Manufacturing XTAL100000083 Crystal Oscillator,Crystal Oscillator,XTAL100000083 Crystal Oscillator from Murata Manufacturing. Sourced via professional procurement support; specs below.,load_capacitance_pf: 18; package: SMD; frequency_hz: 8000000,https://example.com/datasheet/XTAL100000083.pdf,3621,5.6691
Mouser,MOU-1000-00084,MCU100000084,QubitCore,QubitCore MCU100000084 Microcontroller,Microcontroller,MCU100000084 Microcontroller from QubitCore. Sourced via professional procurement support; specs below.,package: LQFP-48; frequency_hz: 72000000,https://example.com/datasheet/MCU100000084.pdf,3792,6.2605
HQEW,HQE-1000-00085,MOS100000085,Alpha & Omega Semiconductor,Alpha & Omega Semiconductor MOS100000085 MOSFET,MOSFET,MOS100000085 MOSFET from Alpha & Omega Semiconductor. Sourced via professional procurement support; specs below.,Continuous Drain Current: 30A; vds_v: 55; rds_on_mohm: 8,https://example.com/datasheet/MOS100000085.pdf,2675,16.1691
Hanxin,HAN-1000-00086,RES100000086,Vishay Intertechnology,Vishay Intertechnology RES100000086 Resistor,Resistor,RES100000086 Resistor from Vishay Intertechnology. Sourced via professional procurement support; specs below.,Resistor Value: 10kΩ; power_rating_w: 0.25; resistance_ohm: 10000; tolerance: ±1%; package: 0805,https://example.com/datasheet/RES100000086.pdf,3492,11.2661
Digikey,DIG-1000-00087,CAP100000087,Holy Stone,Holy Stone CAP100000087 Capacitor,Capacitor,CAP100000087 Capacitor from Holy Stone. Sourced via professional procurement support; specs below.,capacitance_pf: 100000; voltage_rating_v: 50; tolerance: ±10%,https://example.com/datasheet/CAP100000087.pdf,1914,15.0510
Mouser,MOU-1000-00088,IND100000088,Wurth Elektronik,Wurth Elektronik IND100000088 Inductor,Inductor,IND100000088 Inductor from Wurth Elektronik. Sourced via professional procurement support; specs below.,inductance_uh: 4.7; current_rating_a: 1.5,https://example.com/datasheet/IND100000088.pdf,1327,7.8094
HQEW,HQE-1000-00089,SEN100000089,BoschDummy,BoschDummy SEN100000089 Sensors,Sensors,SEN100000089 Sensors from BoschDummy. Sourced via professional procurement support; specs below.,range: 0-40; interface: I2C; accuracy: ±0.5; sensitivity: 260 LSB/g; resolution_bits: 12; Output Type: Analog,https://example.com/datasheet/SEN100000089.pdf,2581,18.1191
Hanxin,HAN-1000-00090,CON100000090,Molex,Molex CON100000090 Connectors,Connectors,CON100000090 Connectors from Molex. Sourced via professional procurement support; specs below.,pitch_mm: 2.54; voltage_rating_v: 50; positions: 40; mounting: SMD; current_rating_a: 3,https://example.com/datasheet/CON100000090.pdf,1646,2.8220
Mouser,MOU-1000-00091,MOD100000091,Espressif Systems,Espressif Systems MOD100000091 Modules,Modules,MOD100000091 Modules from Espressif Systems. Sourced via professional procurement support; specs below.,output_power_dbm: 20; data_rate_bps: 2000000; interface: UART; modulation: GFSK,https://example.com/datasheet/MOD100000091.pdf,36,6.9999
Mouser,MOU-1000-00092,OPA100000092,Maxim Integrated,Maxim Integrated OPA100000092 Analog IC,Analog IC,OPA100000092 Analog IC from Maxim Integrated. Sourced via professional procurement support; specs below.,supply_current_ua: 200; gain_db: 100; package: SOIC-8; bandwidth_hz: 1000000,https://example.com/datasheet/OPA100000092.pdf,3775,8.5194
LCSC,LCS-1000-00093,PMIC100000093,Infineon Technologies,Infineon Technologies PMIC100000093 Power Management IC,Power Management IC,PMIC100000093 Power Management IC from Infineon Technologies. Sourced via professional procurement support; specs below.,voltage_in_min_v: 4.5; voltage_in_max_v: 28,https://example.com/datasheet/PMIC100000093.pdf,1134,20.0169
LCSC,LCS-1000-00094,DIO100000094,Diodes Incorporated,Diodes Incorporated DIO100000094 Diode,Diode,DIO100000094 Diode from Diodes Incorporated. Sourced via professional procurement support; specs below.,vf_v: 0.7; if_a: 1; vrrm_v: 100,https://example.com/datasheet/DIO100000094.pdf,118,21.1641
LCSC,LCS-1000-00095,LED100000095,LedWorks,LedWorks LED100000095 LED Components,LED Components,LED100000095 LED Components from LedWorks. Sourced via professional procurement support; specs below.,package: 0805; forward_current_ma: 20,https://example.com/datasheet/LED100000095.pdf,4895,23.9028
LCSC,LCS-1000-00096,MEM100000096,Micron Technology,Micron Technology MEM100000096 Memory IC,Memory IC,MEM100000096 Memory IC from Micron Technology. Sourced via professional procurement support; specs below.,memory_bytes: 16777216; speed_hz: 104000000; organization: x8; interface: SPI,https://example.com/datasheet/MEM100000096.pdf,2546,1.3884
Mouser,MOU-1000-00097,XTAL100000097,Murata Manufacturing,Murata Manufacturing XTAL100000097 Crystal Oscillator,Crystal Oscillator,XTAL100000097 Crystal Oscillator from Murata Manufacturing. Sourced via professional procurement support; specs below.,package: SMD; frequency_hz: 8000000; load_capacitance_pf: 18,https://example.com/datasheet/XTAL100000097.pdf,1267,1.2438
Mouser,MOU-1000-00098,MCU100000098,STMicroelectronics,STMicroelectronics MCU100000098 Microcontroller,Microcontroller,MCU100000098 Microcontroller from STMicroelectronics. Sourced via professional procurement support; specs below.,ram_bytes: 20480; voltage_v: 3.3,https://example.com/datasheet/MCU100000098.pdf,340,10.9613
HQEW,HQE-1000-00099,MOS100000099,Vishay Intertechnology,Vishay Intertechnology MOS100000099 MOSFET,MOSFET,MOS100000099 MOSFET from Vishay Intertechnology. Sourced via professional procurement support; specs below.,rds_on_mohm: 8; vgs_th_v: 2.5; Gate Charge Type: standard,https://example.com/datasheet/MOS100000099.pdf,1164,5.5640
HQEW,HQE-1000-00100,RES100000100,Yageo,Yageo RES100000100 Resistor,Resistor,RES100000100 Resistor from Yageo. Sourced via professional procurement support; specs below.,temperature_coeff: X7R; tolerance: ±1%; power_rating_w: 0.25; resistance_ohm: 10000,https://example.com/datasheet/RES100000100.pdf,607,4.7743
LCSC,LCS-1000-00101,CAP100000101,Murata Manufacturing,Murata Manufacturing CAP100000101 Capacitor,Capacitor,CAP100000101 Capacitor from Murata Manufacturing. Sourced via professional procurement support; specs below.,package: 0603; capacitance_pf: 100000; voltage_rating_v: 50; Capacitor Value: 100nF,https://example.com/datasheet/CAP100000101.pdf,3066,20.7916
LCSC,LCS-1000-00102,IND100000102,Wurth Elektronik,Wurth Elektronik IND100000102 Inductor,Inductor,IND100000102 Inductor from Wurth Elektronik. Sourced via professional procurement support; specs below.,package: 0805; current_rating_a: 1.5; inductance_uh: 4.7; tolerance: ±20%,https://example.com/datasheet/IND100000102.pdf,4380,17.9548
Digikey,DIG-1000-00103,SEN100000103,TE Connectivity,TE Connectivity SEN100000103 Sensors,Sensors,SEN100000103 Sensors from TE Connectivity. Sourced via professional procurement support; specs below.,accuracy: ±0.5; resolution_bits: 12; range: 0-40; sensitivity: 260 LSB/g; interface: I2C,https://example.com/datasheet/SEN100000103.pdf,4029,14.8350
LCSC,LCS-1000-00104,CON100000104,TE Connectivity,TE Connectivity CON100000104 Connectors,Connectors,CON100000104 Connectors from TE Connectivity. Sourced via professional procurement support; specs below.,mounting: SMD; positions: 40; pitch_mm: 2.54,https://example.com/datasheet/CON100000104.pdf,3619,4.2128
HQEW,HQE-1000-00105,MOD100000105,u-blox,u-blox MOD100000105 Modules,Modules,MOD100000105 Modules from u-blox. Sourced via professional procurement support; specs below.,sensitivity_dbm: -95; interface: UART; data_rate_bps: 2000000; modulation: GFSK,https://example.com/datasheet/MOD100000105.pdf,3124,16.6164
LCSC,LCS-1000-00106,OPA100000106,Analog Devices,Analog Devices OPA100000106 Analog IC,Analog IC,OPA100000106 Analog IC from Analog Devices. Sourced via professional procurement support; specs below.,bandwidth_hz: 1000000; gain_db: 100; supply_current_ua: 200; package: SOIC-8,https://example.com/datasheet/OPA100000106.pdf,4629,7.1301
HQEW,HQE-1000-00107,PMIC100000107,Texas Instruments,Texas Instruments PMIC100000107 Power Management IC,Power Management IC,PMIC100000107 Power Management IC from Texas Instruments. Sourced via professional procurement support; specs below.,package: SOT-23; efficiency_percent: 92; voltage_in_min_v: 4.5; voltage_in_max_v: 28,https://example.com/datasheet/PMIC100000107.pdf,4497,16.7904
Mouser,MOU-1000-00108,DIO100000108,ON Semiconductor,ON Semiconductor DIO100000108 Diode,Diode,DIO100000108 Diode from ON Semiconductor. Sourced via professional procurement support; specs below.,vf_v: 0.7; if_a: 1,https://example.com/datasheet/DIO100000108.pdf,3084,19.0078
Digikey,DIG-1000-00109,LED100000109,Everlight Electronics,Everlight Electronics LED100000109 LED Components,LED Components,LED100000109 LED Components from Everlight Electronics. Sourced via professional procurement support; specs below.,package: 0805; forward_current_ma: 20; wavelength_nm: 650; Luminous Intensity: 100mcd,https://example.com/datasheet/LED100000109.pdf,2362,24.4496
LCSC,LCS-1000-00110,MEM100000110,Winbond Electronics,Winbond Electronics MEM100000110 Memory IC,Memory IC,MEM100000110 Memory IC from Winbond Electronics. Sourced via professional procurement support; specs below.,speed_hz: 104000000; memory_bytes: 16777216; organization: x8; interface: SPI,https://example.com/datasheet/MEM100000110.pdf,3455,9.0801
Hanxin,HAN-1000-00111,XTAL100000111,Murata Manufacturing,Murata Manufacturing XTAL100000111 Crystal Oscillator,Crystal Oscillator,XTAL100000111 Crystal Oscillator from Murata Manufacturing. Sourced via professional procurement support; specs below.,load_capacitance_pf: 18; frequency_hz: 8000000; package: SMD,https://example.com/datasheet/XTAL100000111.pdf,3250,9.5778
Hanxin,HAN-1000-00112,MCU100000112,QubitCore,QubitCore MCU100000112 Microcontroller,Microcontroller,MCU100000112 Microcontroller from QubitCore. Sourced via professional procurement support; specs below.,frequency_hz: 72000000; voltage_v: 3.3; flash_bytes: 131072; Thermal Resistance: 45 C/W,https://example.com/datasheet/MCU100000112.pdf,4745,18.0753
Mouser,MOU-1000-00113,MOS100000113,Vishay Intertechnology,Vishay Intertechnology MOS100000113 MOSFET,MOSFET,MOS100000113 MOSFET from Vishay Intertechnology. Sourced via professional procurement support; specs below.,Drain Source Voltage: 55V; rds_on_mohm: 8; id_a: 30; vgs_th_v: 2.5,https://example.com/datasheet/MOS100000113.pdf,4211,9.3540
Mouser,MOU-1000-00114,RES100000114,KEMET Electronics,KEMET Electronics RES100000114 Resistor,Resistor,RES100000114 Resistor from KEMET Electronics. Sourced via professional procurement support; specs below.,tolerance: ±1%; Resistor Value: 10kΩ,https://example.com/datasheet/RES100000114.pdf,4249,12.3606
HQEW,HQE-1000-00115,CAP100000115,Holy Stone,Holy Stone CAP100000115 Capacitor,Capacitor,CAP100000115 Capacitor from Holy Stone. Sourced via professional procurement support; specs below.,temperature_coeff: X7R; capacitance_pf: 100000,https://example.com/datasheet/CAP100000115.pdf,282,0.9541
Digikey,DIG-1000-00116,IND100000116,Murata Manufacturing,Murata Manufacturing IND100000116 Inductor,Inductor,IND100000116 Inductor from Murata Manufacturing. Sourced via professional procurement support; specs below.,current_rating_a: 1.5; package: 0805,https://example.com/datasheet/IND100000116.pdf,496,1.2155
Hanxin,HAN-1000-00117,SEN100000117,BoschDummy,BoschDummy SEN100000117 Sensors,Sensors,SEN100000117 Sensors from BoschDummy. Sourced via professional procurement support; specs below.,sensitivity: 260 LSB/g; interface: I2C; accuracy: ±0.5,https://example.com/datasheet/SEN100000117.pdf,1748,24.4026
Hanxin,HAN-1000-00118,CON100000118,Hirose Electric,Hirose Electric CON100000118 Connectors,Connectors,CON100000118 Connectors from Hirose Electric. Sourced via professional procurement support; specs below.,pitch_mm: 2.54; voltage_rating_v: 50,https://example.com/datasheet/CON100000118.pdf,3639,24.5332
LCSC,LCS-1000-00119,MOD100000119,Espressif Systems,Espressif Systems MOD100000119 Modules,Modules,MOD100000119 Modules from Espressif Systems. Sourced via professional procurement support; specs below.,output_power_dbm: 20; modulation: GFSK; data_rate_bps: 2000000; sensitivity_dbm: -95,https://example.com/datasheet/MOD100000119.pdf,2401,12.6863
HQEW,HQE-1000-00120,OPA100000120,Maxim Integrated,Maxim Integrated OPA100000120 Analog IC,Analog IC,OPA100000120 Analog IC from Maxim Integrated. Sourced via professional procurement support; specs below.,package: SOIC-8; gain_db: 100,https://example.com/datasheet/OPA100000120.pdf,4851,11.2633
HQEW,HQE-1000-00121,PMIC100000121,Infineon Technologies,Infineon Technologies PMIC100000121 Power Management IC,Power Management IC,PMIC100000121 Power Management IC from Infineon Technologies. Sourced via professional procurement support; specs below.,voltage_in_max_v: 28; voltage_in_min_v: 4.5; output_current_a: 3; efficiency_percent: 92; voltage_out_v: 5,https://example.com/datasheet/PMIC100000121.pdf,710,19.1753
Digikey,DIG-1000-00122,DIO100000122,Littelfuse,Littelfuse DIO100000122 Diode,Diode,DIO100000122 Diode from Littelfuse. Sourced via professional procurement support; specs below.,vf_v: 0.7; if_a: 1; Reverse Recovery: 50ns,https://example.com/datasheet/DIO100000122.pdf,2368,14.5283
Hanxin,HAN-1000-00123,LED100000123,OSRAM,OSRAM LED100000123 LED Components,LED Components,LED100000123 LED Components from OSRAM. Sourced via professional procurement support; specs below.,forward_current_ma: 20; package: 0805; wavelength_nm: 650; Luminous Intensity: 100mcd,https://example.com/datasheet/LED100000123.pdf,367,24.4063
HQEW,HQE-1000-00124,MEM100000124,ISSI,ISSI MEM100000124 Memory IC,Memory IC,MEM100000124 Memory IC from ISSI. Sourced via professional procurement support; specs below.,speed_hz: 104000000; organization: x8; interface: SPI; Access Time: 70ns,https://example.com/datasheet/MEM100000124.pdf,4459,8.3153
Digikey,DIG-1000-00125,XTAL100000125,Wurth Elektronik,Wurth Elektronik XTAL100000125 Crystal Oscillator,Crystal Oscillator,XTAL100000125 Crystal Oscillator from Wurth Elektronik. Sourced via professional procurement support; specs below.,package: SMD; load_capacitance_pf: 18; Frequency Tolerance: ±20ppm,https://example.com/datasheet/XTAL100000125.pdf,4335,10.3109
HQEW,HQE-1000-00126,MCU100000126,Microchip Technology,Microchip Technology MCU100000126 Microcontroller,Microcontroller,MCU100000126 Microcontroller from Microchip Technology. Sourced via professional procurement support; specs below.,voltage_v: 3.3; RAM Size: 20KB; flash_bytes: 131072,https://example.com/datasheet/MCU100000126.pdf,72,1.3361
LCSC,LCS-1000-00127,MOS100000127,Infineon Technologies,Infineon Technologies MOS100000127 MOSFET,MOSFET,MOS100000127 MOSFET from Infineon Technologies. Sourced via professional procurement support; specs below.,rds_on_mohm: 8; id_a: 30; vds_v: 55,https://example.com/datasheet/MOS100000127.pdf,1911,16.1219
LCSC,LCS-1000-00128,RES100000128,Vishay Intertechnology,Vishay Intertechnology RES100000128 Resistor,Resistor,RES100000128 Resistor from Vishay Intertechnology. Sourced via professional procurement support; specs below.,tolerance: ±1%; resistance_ohm: 10000; power_rating_w: 0.25,https://example.com/datasheet/RES100000128.pdf,3329,12.7793
Hanxin,HAN-1000-00129,CAP100000129,Walsin Technology,Walsin Technology CAP100000129 Capacitor,Capacitor,CAP100000129 Capacitor from Walsin Technology. Sourced via professional procurement support; specs below.,Capacitor Value: 100nF; capacitance_pf: 100000; temperature_coeff: X7R; voltage_rating_v: 50; tolerance: ±10%,https://example.com/datasheet/CAP100000129.pdf,4740,15.7822
HQEW,HQE-1000-00130,IND100000130,Murata Manufacturing,Murata Manufacturing IND100000130 Inductor,Inductor,IND100000130 Inductor from Murata Manufacturing. Sourced via professional procurement support; specs below.,tolerance: ±20%; package: 0805; current_rating_a: 1.5; inductance_uh: 4.7,https://example.com/datasheet/IND100000130.pdf,2785,15.1467
Hanxin,HAN-1000-00131,SEN100000131,STMicroelectronics,STMicroelectronics SEN100000131 Sensors,Sensors,SEN100000131 Sensors from STMicroelectronics. Sourced via professional procurement support; specs below.,resolution_bits: 12; range: 0-40; accuracy: ±0.5,https://example.com/datasheet/SEN100000131.pdf,2385,12.8800
Digikey,DIG-1000-00132,CON100000132,ConnX,ConnX CON100000132 Connectors,Connectors,CON100000132 Connectors from ConnX. Sourced via professional procurement support; specs below.,voltage_rating_v: 50; current_rating_a: 3; pitch_mm: 2.54; mounting: SMD; positions: 40,https://example.com/datasheet/CON100000132.pdf,2386,0.0736
Mouser,MOU-1000-00133,MOD100000133,SIMCom,SIMCom MOD100000133 Modules,Modules,MOD100000133 Modules from SIMCom. Sourced via professional procurement support; specs below.,interface: UART; data_rate_bps: 2000000; Data Rate: 2Mbps,https://example.com/datasheet/MOD100000133.pdf,920,14.6315
Hanxin,HAN-1000-00134,OPA100000134,Texas Instruments,Texas Instruments OPA100000134 Analog IC,Analog IC,OPA100000134 Analog IC from Texas Instruments. Sourced via professional procurement support; specs below.,gain_db: 100; package: SOIC-8; bandwidth_hz: 1000000; supply_current_ua: 200,https://example.com/datasheet/OPA100000134.pdf,3071,11.1070
Digikey,DIG-1000-00135,PMIC100000135,Texas Instruments,Texas Instruments PMIC100000135 Power Management IC,Power Management IC,PMIC100000135 Power Management IC from Texas Instruments. Sourced via professional procurement support; specs below.,package: SOT-23; efficiency_percent: 92; voltage_in_min_v: 4.5,https://example.com/datasheet/PMIC100000135.pdf,129,12.2316
HQEW,HQE-1000-00136,DIO100000136,Vishay Intertechnology,Vishay Intertechnology DIO100000136 Diode,Diode,DIO100000136 Diode from Vishay Intertechnology. Sourced via professional procurement support; specs below.,if_a: 1; vrrm_v: 100,https://example.com/datasheet/DIO100000136.pdf,1499,3.8686
Hanxin,HAN-1000-00137,LED100000137,,Unknown LED100000137 LED Components,LED Components,LED100000137 LED Components from unspecified. Sourced via professional procurement support; specs below.,wavelength_nm: 650; package: 0805,https://example.com/datasheet/LED100000137.pdf,4427,8.1418
Hanxin,HAN-1000-00138,MEM100000138,Winbond Electronics,Winbond Electronics MEM100000138 Memory IC,Memory IC,MEM100000138 Memory IC from Winbond Electronics. Sourced via professional procurement support; specs below.,speed_hz: 104000000; organization: x8; interface: SPI,https://example.com/datasheet/MEM100000138.pdf,3313,9.6274
HQEW,HQE-1000-00139,XTAL100000139,AbraconX,AbraconX XTAL100000139 Crystal Oscillator,Crystal Oscillator,XTAL100000139 Crystal Oscillator from AbraconX. Sourced via professional procurement support; specs below.,load_capacitance_pf: 18; package: SMD,https://example.com/datasheet/XTAL100000139.pdf,2527,24.2190
Mouser,MOU-1000-00140,MCU100000140,AcmeSemi,AcmeSemi MCU100000140 Microcontroller,Microcontroller,MCU100000140 Microcontroller from AcmeSemi. Sourced via professional procurement support; specs below.,package: LQFP-48; Core: ARM Cortex-M4; flash_bytes: 131072,https://example.com/datasheet/MCU100000140.pdf,1136,2.3882
Mouser,MOU-1000-00141,MOS100000141,ON Semiconductor,ON Semiconductor MOS100000141 MOSFET,MOSFET,MOS100000141 MOSFET from ON Semiconductor. Sourced via professional procurement support; specs below.,id_a: 30; vds_v: 55; package: SOT-23,https://example.com/datasheet/MOS100000141.pdf,3930,15.1369
Mouser,MOU-1000-00142,RES100000142,Vishay Intertechnology,Vishay Intertechnology RES100000142 Resistor,Resistor,RES100000142 Resistor from Vishay Intertechnology. Sourced via professional procurement support; specs below.,package: 0805; temperature_coeff: X7R; resistance_ohm: 10000; MTBF Hours: 100000,https://example.com/datasheet/RES100000142.pdf,2461,1.9155
Mouser,MOU-1000-00143,CAP100000143,KEMET Electronics,KEMET Electronics CAP100000143 Capacitor,Capacitor,CAP100000143 Capacitor from KEMET Electronics. Sourced via professional procurement support; specs below.,package: 0603; tolerance: ±10%; temperature_coeff: X7R; capacitance_pf: 100000,https://example.com/datasheet/CAP100000143.pdf,4775,24.6761
HQEW,HQE-1000-00144,IND100000144,TDK Corporation,TDK Corporation IND100000144 Inductor,Inductor,IND100000144 Inductor from TDK Corporation. Sourced via professional procurement support; specs below.,inductance_uh: 4.7; current_rating_a: 1.5,https://example.com/datasheet/IND100000144.pdf,1883,4.3384
Digikey,DIG-1000-00145,SEN100000145,NXP Semiconductors,NXP Semiconductors SEN100000145 Sensors,Sensors,SEN100000145 Sensors from NXP Semiconductors. Sourced via professional procurement support; specs below.,resolution_bits: 12; interface: I2C; sensitivity: 260 LSB/g; accuracy: ±0.5; range: 0-40,https://example.com/datasheet/SEN100000145.pdf,1630,17.7821
Hanxin,HAN-1000-00146,CON100000146,Hirose Electric,Hirose Electric CON100000146 Connectors,Connectors,CON100000146 Connectors from Hirose Electric. Sourced via professional procurement support; specs below.,mounting: SMD; positions: 40; voltage_rating_v: 50,https://example.com/datasheet/CON100000146.pdf,2535,12.7325
Hanxin,HAN-1000-00147,MOD100000147,Espressif Systems,Espressif Systems MOD100000147 Modules,Modules,MOD100000147 Modules from Espressif Systems. Sourced via professional procurement support; specs below.,interface: UART; data_rate_bps: 2000000,https://example.com/datasheet/MOD100000147.pdf,128,6.7335
Mouser,MOU-1000-00148,OPA100000148,Silicon Labs,Silicon Labs OPA100000148 Analog IC,Analog IC,OPA100000148 Analog IC from Silicon Labs. Sourced via professional procurement support; specs below.,gain_db: 100; package: SOIC-8; supply_current_ua: 200; bandwidth_hz: 1000000,https://example.com/datasheet/OPA100000148.pdf,4598,8.3200
LCSC,LCS-1000-00149,PMIC100000149,Richtek Technology,Richtek Technology PMIC100000149 Power Management IC,Power Management IC,PMIC100000149 Power Management IC from Richtek Technology. Sourced via professional procurement support; specs below.,voltage_in_min_v: 4.5; output_current_a: 3; package: SOT-23,https://example.com/datasheet/PMIC100000149.pdf,416,4.7062
HQEW,HQE-1000-00150,DIO100000150,Littelfuse,Littelfuse DIO100000150 Diode,Diode,DIO100000150 Diode from Littelfuse. Sourced via professional procurement support; specs below.,if_a: 1; vf_v: 0.7,https://example.com/datasheet/DIO100000150.pdf,851,23.7361
Digikey,DIG-1000-00151,LED100000151,Everlight Electronics,Everlight Electronics LED100000151 LED Components,LED Components,LED100000151 LED Components from Everlight Electronics. Sourced via professional procurement support; specs below.,forward_voltage_v: 2.1; package: 0805; wavelength_nm: 650; forward_current_ma: 20,https://example.com/datasheet/LED100000151.pdf,4458,19.0973
LCSC,LCS-1000-00152,MEM100000152,Micron Technology,Micron Technology MEM100000152 Memory IC,Memory IC,MEM100000152 Memory IC from Micron Technology. Sourced via professional procurement support; specs below.,memory_bytes: 16777216; organization: x8; speed_hz: 104000000; interface: SPI,https://example.com/datasheet/MEM100000152.pdf,4372,19.2016
Digikey,DIG-1000-00153,XTAL100000153,AbraconX,AbraconX XTAL100000153 Crystal Oscillator,Crystal Oscillator,XTAL100000153 Crystal Oscillator from AbraconX. Sourced via professional procurement support; specs below.,load_capacitance_pf: 18; frequency_hz: 8000000,https://example.com/datasheet/XTAL100000153.pdf,57,8.9677
LCSC,LCS-1000-00154,MCU100000154,Microchip Technology,Microchip Technology MCU100000154 Microcontroller,Microcontroller,MCU100000154 Microcontroller from Microchip Technology. Sourced via professional procurement support; specs below.,Operating Voltage: 3.3V,https://example.com/datasheet/MCU100000154.pdf,465,1.3566
LCSC,LCS-1000-00155,MOS100000155,Alpha & Omega Semiconductor,Alpha & Omega Semiconductor MOS100000155 MOSFET,MOSFET,MOS100000155 MOSFET from Alpha & Omega Semiconductor. Sourced via professional procurement support; specs below.,rds_on_mohm: 8; vds_v: 55,https://example.com/datasheet/MOS100000155.pdf,3704,3.9345
Digikey,DIG-1000-00156,RES100000156,Fenghua,Fenghua RES100000156 Resistor,Resistor,RES100000156 Resistor from Fenghua. Sourced via professional procurement support; specs below.,tolerance: ±1%; temperature_coeff: X7R; Resistor Value: 10kΩ; package: 0805,https://example.com/datasheet/RES100000156.pdf,4674,19.0566
HQEW,HQE-1000-00157,CAP100000157,SigmaStore,SigmaStore CAP100000157 Capacitor,Capacitor,CAP100000157 Capacitor from SigmaStore. Sourced via professional procurement support; specs below.,voltage_rating_v: 50; tolerance: ±10%,https://example.com/datasheet/CAP100000157.pdf,823,0.4089
HQEW,HQE-1000-00158,IND100000158,CoilWorks,CoilWorks IND100000158 Inductor,Inductor,IND100000158 Inductor from CoilWorks. Sourced via professional procurement support; specs below.,package: 0805; inductance_uh: 4.7; tolerance: ±20%; current_rating_a: 1.5,https://example.com/datasheet/IND100000158.pdf,4847,4.5440
Mouser,MOU-1000-00159,SEN100000159,TE Connectivity,TE Connectivity SEN100000159 Sensors,Sensors,SEN100000159 Sensors from TE Connectivity. Sourced via professional procurement support; specs below.,range: 0-40; resolution_bits: 12,https://example.com/datasheet/SEN100000159.pdf,3702,15.2890
LCSC,LCS-1000-00160,CON100000160,Amphenol,Amphenol CON100000160 Connectors,Connectors,CON100000160 Connectors from Amphenol. Sourced via professional procurement support; specs below.,voltage_rating_v: 50; mounting: SMD; current_rating_a: 3; positions: 40; pitch_mm: 2.54,https://example.com/datasheet/CON100000160.pdf,4091,4.4974
Digikey,DIG-1000-00161,MOD100000161,SIMCom,SIMCom MOD100000161 Modules,Modules,MOD100000161 Modules from SIMCom. Sourced via professional procurement support; specs below.,modulation: GFSK; interface: UART,https://example.com/datasheet/MOD100000161.pdf,4521,1.7172
LCSC,LCS-1000-00162,OPA100000162,Texas Instruments,Texas Instruments OPA100000162 Analog IC,Analog IC,OPA100000162 Analog IC from Texas Instruments. Sourced via professional procurement support; specs below.,supply_current_ua: 200; gain_db: 100,https://example.com/datasheet/OPA100000162.pdf,2673,17.9842
LCSC,LCS-1000-00163,PMIC100000163,Texas Instruments,Texas Instruments PMIC100000163 Power Management IC,Power Management IC,PMIC100000163 Power Management IC from Texas Instruments. Sourced via professional procurement support; specs below.,package: SOT-23; voltage_in_min_v: 4.5; output_current_a: 3; voltage_in_max_v: 28; voltage_out_v: 5,https://example.com/datasheet/PMIC100000163.pdf,4246,11.7253
Hanxin,HAN-1000-00164,DIO100000164,Diodes Incorporated,Diodes Incorporated DIO100000164 Diode,Diode,DIO100000164 Diode from Diodes Incorporated. Sourced via professional procurement support; specs below.,vrrm_v: 100; if_a: 1,https://example.com/datasheet/DIO100000164.pdf,194,5.4159
Digikey,DIG-1000-00165,LED100000165,Lite-On Technology,Lite-On Technology LED100000165 LED Components,LED Components,LED100000165 LED Components from Lite-On Technology. Sourced via professional procurement support; specs below.,forward_voltage_v: 2.1; forward_current_ma: 20; wavelength_nm: 650,https://example.com/datasheet/LED100000165.pdf,3229,9.5826
LCSC,LCS-1000-00166,MEM100000166,MemCore,MemCore MEM100000166 Memory IC,Memory IC,MEM100000166 Memory IC from MemCore. Sourced via professional procurement support; specs below.,organization: x8; memory_bytes: 16777216,https://example.com/datasheet/MEM100000166.pdf,2136,8.9051
Hanxin,HAN-1000-00167,XTAL100000167,Wurth Elektronik,Wurth Elektronik XTAL100000167 Crystal Oscillator,Crystal Oscillator,XTAL100000167 Crystal Oscillator from Wurth Elektronik. Sourced via professional procurement support; specs below.,package: SMD; frequency_hz: 8000000,https://example.com/datasheet/XTAL100000167.pdf,1319,0.4973
HQEW,HQE-1000-00168,MCU100000168,GigaDevice Semiconductor,GigaDevice Semiconductor MCU100000168 Microcontroller,Microcontroller,MCU100000168 Microcontroller from GigaDevice Semiconductor. Sourced via professional procurement support; specs below.,Core: ARM Cortex-M4,https://example.com/datasheet/MCU100000168.pdf,4853,15.6679
HQEW,HQE-1000-00169,MOS100000169,,Unknown MOS100000169 MOSFET,MOSFET,MOS100000169 MOSFET from unspecified. Sourced via professional procurement support; specs below.,vds_v: 55; On Resistance: 8mΩ; id_a: 30; rds_on_mohm: 8; package: SOT-23,https://example.com/datasheet/MOS100000169.pdf,3677,6.5744
HQEW,HQE-1000-00170,RES100000170,Fenghua,Fenghua RES100000170 Resistor,Resistor,RES100000170 Resistor from Fenghua. Sourced via professional procurement support; specs below.,temperature_coeff: X7R; tolerance: ±1%; resistance_ohm: 10000; power_rating_w: 0.25; Resistor Value: 10kΩ,https://example.com/datasheet/RES100000170.pdf,3688,18.6896
LCSC,LCS-1000-00171,CAP100000171,KEMET Electronics,KEMET Electronics CAP100000171 Capacitor,Capacitor,CAP100000171 Capacitor from KEMET Electronics. Sourced via professional procurement support; specs below.,voltage_rating_v: 50; capacitance_pf: 100000; temperature_coeff: X7R; package: 0603,https://example.com/datasheet/CAP100000171.pdf,2080,20.0453
Digikey,DIG-1000-00172,IND100000172,TDK Corporation,TDK Corporation IND100000172 Inductor,Inductor,IND100000172 Inductor from TDK Corporation. Sourced via professional procurement support; specs below.,tolerance: ±20%; package: 0805; current_rating_a: 1.5; inductance_uh: 4.7,https://example.com/datasheet/IND100000172.pdf,2917,22.0890
Hanxin,HAN-1000-00173,SEN100000173,BoschDummy,BoschDummy SEN100000173 Sensors,Sensors,SEN100000173 Sensors from BoschDummy. Sourced via professional procurement support; specs below.,interface: I2C; sensitivity: 260 LSB/g; accuracy: ±0.5,https://example.com/datasheet/SEN100000173.pdf,2021,14.9154
HQEW,HQE-1000-00174,CON100000174,Amphenol,Amphenol CON100000174 Connectors,Connectors,CON100000174 Connectors from Amphenol. Sourced via professional procurement support; specs below.,voltage_rating_v: 50; pitch_mm: 2.54,https://example.com/datasheet/CON100000174.pdf,3156,23.2445
Mouser,MOU-1000-00175,MOD100000175,u-blox,u-blox MOD100000175 Modules,Modules,MOD100000175 Modules from u-blox. Sourced via professional procurement support; specs below.,sensitivity_dbm: -95; data_rate_bps: 2000000; Data Rate: 2Mbps; output_power_dbm: 20; Antenna Type: PCB,https://example.com/datasheet/MOD100000175.pdf,3438,15.8718
HQEW,HQE-1000-00176,OPA100000176,Analog Devices,Analog Devices OPA100000176 Analog IC,Analog IC,OPA100000176 Analog IC from Analog Devices. Sourced via professional procurement support; specs below.,supply_current_ua: 200; bandwidth_hz: 1000000; gain_db: 100; package: SOIC-8,https://example.com/datasheet/OPA100000176.pdf,2583,21.8305
Hanxin,HAN-1000-00177,PMIC100000177,Texas Instruments,Texas Instruments PMIC100000177 Power Management IC,Power Management IC,PMIC100000177 Power Management IC from Texas Instruments. Sourced via professional procurement support; specs below.,package: SOT-23; efficiency_percent: 92,https://example.com/datasheet/PMIC100000177.pdf,1348,9.6120
Hanxin,HAN-1000-00178,DIO100000178,Diodes Incorporated,Diodes Incorporated DIO100000178 Diode,Diode,DIO100000178 Diode from Diodes Incorporated. Sourced via professional procurement support; specs below.,vrrm_v: 100; if_a: 1; vf_v: 0.7,https://example.com/datasheet/DIO100000178.pdf,83,14.2313
LCSC,LCS-1000-00179,LED100000179,OSRAM,OSRAM LED100000179 LED Components,LED Components,LED100000179 LED Components from OSRAM. Sourced via professional procurement support; specs below.,package: 0805; forward_current_ma: 20; wavelength_nm: 650; forward_voltage_v: 2.1; Luminous Intensity: 100mcd,https://example.com/datasheet/LED100000179.pdf,4572,3.4727
Mouser,MOU-1000-00180,MEM100000180,ISSI,ISSI MEM100000180 Memory IC,Memory IC,MEM100000180 Memory IC from ISSI. Sourced via professional procurement support; specs below.,interface: SPI; speed_hz: 104000000; organization: x8; memory_bytes: 16777216,https://example.com/datasheet/MEM100000180.pdf,2069,9.1733
Hanxin,HAN-1000-00181,XTAL100000181,AbraconX,AbraconX XTAL100000181 Crystal Oscillator,Crystal Oscillator,XTAL100000181 Crystal Oscillator from AbraconX. Sourced via professional procurement support; specs below.,load_capacitance_pf: 18; package: SMD,https://example.com/datasheet/XTAL100000181.pdf,4953,11.9716
Mouser,MOU-1000-00182,MCU100000182,GigaDevice Semiconductor,GigaDevice Semiconductor MCU100000182 Microcontroller,Microcontroller,MCU100000182 Microcontroller from GigaDevice Semiconductor. Sourced via professional procurement support; specs below.,io_count: 48,https://example.com/datasheet/MCU100000182.pdf,2554,16.8542
Hanxin,HAN-1000-00183,MOS100000183,Infineon Technologies,Infineon Technologies MOS100000183 MOSFET,MOSFET,MOS100000183 MOSFET from Infineon Technologies. Sourced via professional procurement support; specs below.,vds_v: 55; package: SOT-23; rds_on_mohm: 8,https://example.com/datasheet/MOS100000183.pdf,3717,6.7196
Digikey,DIG-1000-00184,RES100000184,KEMET Electronics,KEMET Electronics RES100000184 Resistor,Resistor,RES100000184 Resistor from KEMET Electronics. Sourced via professional procurement support; specs below.,package: 0805; tolerance: ±1%,https://example.com/datasheet/RES100000184.pdf,2049,0.0332
Mouser,MOU-1000-00185,CAP100000185,Holy Stone,Holy Stone CAP100000185 Capacitor,Capacitor,CAP100000185 Capacitor from Holy Stone. Sourced via professional procurement support; specs below.,temperature_coeff: X7R; package: 0603,https://example.com/datasheet/CAP100000185.pdf,2061,17.0160
Digikey,DIG-1000-00186,IND100000186,CoilWorks,CoilWorks IND100000186 Inductor,Inductor,IND100000186 Inductor from CoilWorks. Sourced via professional procurement support; specs below.,package: 0805; tolerance: ±20%; inductance_uh: 4.7,https://example.com/datasheet/IND100000186.pdf,1404,14.7382
LCSC,LCS-1000-00187,SEN100000187,BoschDummy,BoschDummy SEN100000187 Sensors,Sensors,SEN100000187 Sensors from BoschDummy. Sourced via professional procurement support; specs below.,range: 0-40; sensitivity: 260 LSB/g; accuracy: ±0.5; resolution_bits: 12; interface: I2C,https://example.com/datasheet/SEN100000187.pdf,1229,10.5247
LCSC,LCS-1000-00188,CON100000188,Hirose Electric,Hirose Electric CON100000188 Connectors,Connectors,CON100000188 Connectors from Hirose Electric. Sourced via professional procurement support; specs below.,pitch_mm: 2.54; positions: 40; voltage_rating_v: 50,https://example.com/datasheet/CON100000188.pdf,3579,5.8891
LCSC,LCS-1000-00189,MOD100000189,AirByte,AirByte MOD100000189 Modules,Modules,MOD100000189 Modules from AirByte. Sourced via professional procurement support; specs below.,modulation: GFSK; interface: UART; data_rate_bps: 2000000; output_power_dbm: 20,https://example.com/datasheet/MOD100000189.pdf,1706,8.8973
LCSC,LCS-1000-00190,OPA100000190,Texas Instruments,Texas Instruments OPA100000190 Analog IC,Analog IC,OPA100000190 Analog IC from Texas Instruments. Sourced via professional procurement support; specs below.,supply_current_ua: 200; package: SOIC-8; bandwidth_hz: 1000000; gain_db: 100,https://example.com/datasheet/OPA100000190.pdf,1083,11.3035
Mouser,MOU-1000-00191,PMIC100000191,Richtek Technology,Richtek Technology PMIC100000191 Power Management IC,Power Management IC,PMIC100000191 Power Management IC from Richtek Technology. Sourced via professional procurement support; specs below.,voltage_out_v: 5; output_current_a: 3,https://example.com/datasheet/PMIC100000191.pdf,3279,13.7815
HQEW,HQE-1000-00192,DIO100000192,Littelfuse,Littelfuse DIO100000192 Diode,Diode,DIO100000192 Diode from Littelfuse. Sourced via professional procurement support; specs below.,if_a: 1; vf_v: 0.7,https://example.com/datasheet/DIO100000192.pdf,1709,19.4802
HQEW,HQE-1000-00193,LED100000193,Kingbright,Kingbright LED100000193 LED Components,LED Components,LED100000193 LED Components from Kingbright. Sourced via professional procurement support; specs below.,wavelength_nm: 650; package: 0805; forward_voltage_v: 2.1; Luminous Intensity: 100mcd,https://example.com/datasheet/LED100000193.pdf,1655,3.4860
LCSC,LCS-1000-00194,MEM100000194,ISSI,ISSI MEM100000194 Memory IC,Memory IC,MEM100000194 Memory IC from ISSI. Sourced via professional procurement support; specs below.,memory_bytes: 16777216; speed_hz: 104000000,https://example.com/datasheet/MEM100000194.pdf,1400,16.6823
Digikey,DIG-1000-00195,XTAL100000195,AbraconX,AbraconX XTAL100000195 Crystal Oscillator,Crystal Oscillator,XTAL100000195 Crystal Oscillator from AbraconX. Sourced via professional procurement support; specs below.,package: SMD; load_capacitance_pf: 18,https://example.com/datasheet/XTAL100000195.pdf,1325,19.8632
Mouser,MOU-1000-00196,MCU100000196,Nuvoton Technology,Nuvoton Technology MCU100000196 Microcontroller,Microcontroller,MCU100000196 Microcontroller from Nuvoton Technology. Sourced via professional procurement support; specs below.,package: LQFP-48; Clock Speed: 72MHz; Core: ARM Cortex-M4,https://example.com/datasheet/MCU100000196.pdf,2472,2.3925
Mouser,MOU-1000-00197,MOS100000197,ON Semiconductor,ON Semiconductor MOS100000197 MOSFET,MOSFET,MOS100000197 MOSFET from ON Semiconductor. Sourced via professional procurement support; specs below.,rds_on_mohm: 8; On Resistance: 8mΩ; package: SOT-23; vgs_th_v: 2.5; Leakage Current: 1uA,https://example.com/datasheet/MOS100000197.pdf,3460,16.1628
LCSC,LCS-1000-00198,RES100000198,Vishay Intertechnology,Vishay Intertechnology RES100000198 Resistor,Resistor,RES100000198 Resistor from Vishay Intertechnology. Sourced via professional procurement support; specs below.,temperature_coeff: X7R,https://example.com/datasheet/RES100000198.pdf,3200,14.4565
Hanxin,HAN-1000-00199,CAP100000199,Murata Manufacturing,Murata Manufacturing CAP100000199 Capacitor,Capacitor,CAP100000199 Capacitor from Murata Manufacturing. Sourced via professional procurement support; specs below.,voltage_rating_v: 50; tolerance: ±10%; package: 0603; capacitance_pf: 100000,https://example.com/datasheet/CAP100000199.pdf,2369,3.6378
HQEW,HQE-1000-00200,IND100000200,TDK Corporation,TDK Corporation IND100000200 Inductor,Inductor,IND100000200 Inductor from TDK Corporation. Sourced via professional procurement support; specs below.,inductance_uh: 4.7; package: 0805; current_rating_a: 1.5; tolerance: ±20%,https://example.com/datasheet/IND100000200.pdf,3849,5.1749
LCSC,LCS-1000-00201,SEN100000201,BoschDummy,BoschDummy SEN100000201 Sensors,Sensors,SEN100000201 Sensors from BoschDummy. Sourced via professional procurement support; specs below.,resolution_bits: 12; range: 0-40; interface: I2C; Response Time: 5ms,https://example.com/datasheet/SEN100000201.pdf,1598,3.2785
LCSC,LCS-1000-00202,CON100000202,Molex,Molex CON100000202 Connectors,Connectors,CON100000202 Connectors from Molex. Sourced via professional procurement support; specs below.,current_rating_a: 3; voltage_rating_v: 50; mounting: SMD; pitch_mm: 2.54,https://example.com/datasheet/CON100000202.pdf,2481,12.6590
Mouser,MOU-1000-00203,MOD100000203,,Unknown MOD100000203 Modules,Modules,MOD100000203 Modules from unspecified. Sourced via professional procurement support; specs below.,data_rate_bps: 2000000; interface: UART; Data Rate: 2Mbps; modulation: GFSK; sensitivity_dbm: -95,https://example.com/datasheet/MOD100000203.pdf,1469,13.6594
Hanxin,HAN-1000-00204,OPA100000204,Analog Devices,Analog Devices OPA100000204 Analog IC,Analog IC,OPA100000204 Analog IC from Analog Devices. Sourced via professional procurement support; specs below.,gain_db: 100; supply_current_ua: 200,https://example.com/datasheet/OPA100000204.pdf,3228,13.4348
Hanxin,HAN-1000-00205,PMIC100000205,Texas Instruments,Texas Instruments PMIC100000205 Power Management IC,Power Management IC,PMIC100000205 Power Management IC from Texas Instruments. Sourced via professional procurement support; specs below.,voltage_in_min_v: 4.5; package: SOT-23; voltage_out_v: 5; output_current_a: 3; voltage_in_max_v: 28,https://example.com/datasheet/PMIC100000205.pdf,813,11.7271
Digikey,DIG-1000-00206,DIO100000206,Littelfuse,Littelfuse DIO100000206 Diode,Diode,DIO100000206 Diode from Littelfuse. Sourced via professional procurement support; specs below.,vf_v: 0.7; vrrm_v: 100; Reverse Recovery: 50ns,https://example.com/datasheet/DIO100000206.pdf,786,19.8857
Mouser,MOU-1000-00207,LED100000207,OSRAM,OSRAM LED100000207 LED Components,LED Components,LED100000207 LED Components from OSRAM. Sourced via professional procurement support; specs below.,wavelength_nm: 650; forward_voltage_v: 2.1; forward_current_ma: 20,https://example.com/datasheet/LED100000207.pdf,1095,1.0534
Mouser,MOU-1000-00208,MEM100000208,Micron Technology,Micron Technology MEM100000208 Memory IC,Memory IC,MEM100000208 Memory IC from Micron Technology. Sourced via professional procurement support; specs below.,organization: x8; speed_hz: 104000000; memory_bytes: 16777216; interface: SPI,https://example.com/datasheet/MEM100000208.pdf,3803,12.3052
LCSC,LCS-1000-00209,XTAL100000209,Murata Manufacturing,Murata Manufacturing XTAL100000209 Crystal Oscillator,Crystal Oscillator,XTAL100000209 Crystal Oscillator from Murata Manufacturing. Sourced via professional procurement support; specs below.,load_capacitance_pf: 18; package: SMD,https://example.com/datasheet/XTAL100000209.pdf,4600,2.1127
LCSC,LCS-1000-00210,MCU100000210,GigaDevice Semiconductor,GigaDevice Semiconductor MCU100000210 Microcontroller,Microcontroller,MCU100000210 Microcontroller from GigaDevice Semiconductor. Sourced via professional procurement support; specs below.,ram_bytes: 20480,https://example.com/datasheet/MCU100000210.pdf,257,14.9426
HQEW,HQE-1000-00211,MOS100000211,Alpha & Omega Semiconductor,Alpha & Omega Semiconductor MOS100000211 MOSFET,MOSFET,MOS100000211 MOSFET from Alpha & Omega Semiconductor. Sourced via professional procurement support; specs below.,package: SOT-23; Continuous Drain Current: 30A; vgs_th_v: 2.5,https://example.com/datasheet/MOS100000211.pdf,2493,3.6844
HQEW,HQE-1000-00212,RES100000212,OhmWorks,OhmWorks RES100000212 Resistor,Resistor,RES100000212 Resistor from OhmWorks. Sourced via professional procurement support; specs below.,power_rating_w: 0.25; Resistor Value: 10kΩ; resistance_ohm: 10000; temperature_coeff: X7R; tolerance: ±1%,https://example.com/datasheet/RES100000212.pdf,1167,15.6310
Mouser,MOU-1000-00213,CAP100000213,Holy Stone,Holy Stone CAP100000213 Capacitor,Capacitor,CAP100000213 Capacitor from Holy Stone. Sourced via professional procurement support; specs below.,package: 0603; temperature_coeff: X7R; voltage_rating_v: 50,https://example.com/datasheet/CAP100000213.pdf,356,24.7465
Mouser,MOU-1000-00214,IND100000214,Wurth Elektronik,Wurth Elektronik IND100000214 Inductor,Inductor,IND100000214 Inductor from Wurth Elektronik. Sourced via professional procurement support; specs below.,inductance_uh: 4.7; package: 0805; current_rating_a: 1.5,https://example.com/datasheet/IND100000214.pdf,3887,12.9478
Mouser,MOU-1000-00215,SEN100000215,BoschDummy,BoschDummy SEN100000215 Sensors,Sensors,SEN100000215 Sensors from BoschDummy. Sourced via professional procurement support; specs below.,resolution_bits: 12; interface: I2C; accuracy: ±0.5; sensitivity: 260 LSB/g,https://example.com/datasheet/SEN100000215.pdf,1674,10.3218
Hanxin,HAN-1000-00216,CON100000216,TE Connectivity,TE Connectivity CON100000216 Connectors,Connectors,CON100000216 Connectors from TE Connectivity. Sourced via professional procurement support; specs below.,positions: 40; pitch_mm: 2.54; mounting: SMD,https://example.com/datasheet/CON100000216.pdf,491,22.1814
Digikey,DIG-1000-00217,MOD100000217,Quectel,Quectel MOD100000217 Modules,Modules,MOD100000217 Modules from Quectel. Sourced via professional procurement support; specs below.,data_rate_bps: 2000000; modulation: GFSK; output_power_dbm: 20,https://example.com/datasheet/MOD100000217.pdf,4821,18.7096
HQEW,HQE-1000-00218,OPA100000218,Maxim Integrated,Maxim Integrated OPA100000218 Analog IC,Analog IC,OPA100000218 Analog IC from Maxim Integrated. Sourced via professional procurement support; specs below.,supply_current_ua: 200; package: SOIC-8; bandwidth_hz: 1000000; gain_db: 100,https://example.com/datasheet/OPA100000218.pdf,865,24.3674
Digikey,DIG-1000-00219,PMIC100000219,SGMICRO,SGMICRO PMIC100000219 Power Management IC,Power Management IC,PMIC100000219 Power Management IC from SGMICRO. Sourced via professional procurement support; specs below.,efficiency_percent: 92; voltage_in_min_v: 4.5,https://example.com/datasheet/PMIC100000219.pdf,3491,13.1245
Mouser,MOU-1000-00220,DIO100000220,Littelfuse,Littelfuse DIO100000220 Diode,Diode,DIO100000220 Diode from Littelfuse. Sourced via professional procurement support; specs below.,if_a: 1; vf_v: 0.7,https://example.com/datasheet/DIO100000220.pdf,4248,0.5852
Digikey,DIG-1000-00221,LED100000221,OSRAM,OSRAM LED100000221 LED Components,LED Components,LED100000221 LED Components from OSRAM. Sourced via professional procurement support; specs below.,package: 0805; forward_voltage_v: 2.1; wavelength_nm: 650,https://example.com/datasheet/LED100000221.pdf,4058,17.9176
Digikey,DIG-1000-00222,MEM100000222,MemCore,MemCore MEM100000222 Memory IC,Memory IC,MEM100000222 Memory IC from MemCore. Sourced via professional procurement support; specs below.,memory_bytes: 16777216; interface: SPI; organization: x8,https://example.com/datasheet/MEM100000222.pdf,2504,15.3005
HQEW,HQE-1000-00223,XTAL100000223,TDK Corporation,TDK Corporation XTAL100000223 Crystal Oscillator,Crystal Oscillator,XTAL100000223 Crystal Oscillator from TDK Corporation. Sourced via professional procurement support; specs below.,package: SMD; load_capacitance_pf: 18,https://example.com/datasheet/XTAL100000223.pdf,4321,17.6890
HQEW,HQE-1000-00224,MCU100000224,STMicroelectronics,STMicroelectronics MCU100000224 Microcontroller,Microcontroller,MCU100000224 Microcontroller from STMicroelectronics. Sourced via professional procurement support; specs below.,voltage_v: 3.3; package: LQFP-48; ram_bytes: 20480,https://example.com/datasheet/MCU100000224.pdf,3883,0.5367
LCSC,LCS-1000-00225,MOS100000225,Infineon Technologies,Infineon Technologies MOS100000225 MOSFET,MOSFET,MOS100000225 MOSFET from Infineon Technologies. Sourced via professional procurement support; specs below.,qg_nc: 45; rds_on_mohm: 8,https://example.com/datasheet/MOS100000225.pdf,4124,18.1461
Digikey,DIG-1000-00226,RES100000226,Fenghua,Fenghua RES100000226 Resistor,Resistor,RES100000226 Resistor from Fenghua. Sourced via professional procurement support; specs below.,power_rating_w: 0.25; resistance_ohm: 10000; tolerance: ±1%; MTBF Hours: 100000,https://example.com/datasheet/RES100000226.pdf,1856,13.1724
Digikey,DIG-1000-00227,CAP100000227,Murata Manufacturing,Murata Manufacturing CAP100000227 Capacitor,Capacitor,CAP100000227 Capacitor from Murata Manufacturing. Sourced via professional procurement support; specs below.,tolerance: ±10%; package: 0603,https://example.com/datasheet/CAP100000227.pdf,4595,6.7240
HQEW,HQE-1000-00228,IND100000228,TDK Corporation,TDK Corporation IND100000228 Inductor,Inductor,IND100000228 Inductor from TDK Corporation. Sourced via professional procurement support; specs below.,package: 0805; current_rating_a: 1.5; inductance_uh: 4.7; tolerance: ±20%,https://example.com/datasheet/IND100000228.pdf,2913,23.7675
Hanxin,HAN-1000-00229,SEN100000229,BoschDummy,BoschDummy SEN100000229 Sensors,Sensors,SEN100000229 Sensors from BoschDummy. Sourced via professional procurement support; specs below.,resolution_bits: 12; range: 0-40,https://example.com/datasheet/SEN100000229.pdf,4834,2.2125
Digikey,DIG-1000-00230,CON100000230,TE Connectivity,TE Connectivity CON100000230 Connectors,Connectors,CON100000230 Connectors from TE Connectivity. Sourced via professional procurement support; specs below.,voltage_rating_v: 50; mounting: SMD; current_rating_a: 3; positions: 40; pitch_mm: 2.54,https://example.com/datasheet/CON100000230.pdf,3563,18.1449
Hanxin,HAN-1000-00231,MOD100000231,Espressif Systems,Espressif Systems MOD100000231 Modules,Modules,MOD100000231 Modules from Espressif Systems. Sourced via professional procurement support; specs below.,modulation: GFSK; data_rate_bps: 2000000; interface: UART,https://example.com/datasheet/MOD100000231.pdf,1568,15.8847
Hanxin,HAN-1000-00232,OPA100000232,Texas Instruments,Texas Instruments OPA100000232 Analog IC,Analog IC,OPA100000232 Analog IC from Texas Instruments. Sourced via professional procurement support; specs below.,package: SOIC-8; gain_db: 100; supply_current_ua: 200,https://example.com/datasheet/OPA100000232.pdf,1549,5.1634
Hanxin,HAN-1000-00233,PMIC100000233,Richtek Technology,Richtek Technology PMIC100000233 Power Management IC,Power Management IC,PMIC100000233 Power Management IC from Richtek Technology. Sourced via professional procurement support; specs below.,voltage_in_max_v: 28; voltage_out_v: 5; output_current_a: 3; efficiency_percent: 92; package: SOT-23; Power Good: yes,https://example.com/datasheet/PMIC100000233.pdf,113,22.6471
Mouser,MOU-1000-00234,DIO100000234,Diodes Incorporated,Diodes Incorporated DIO100000234 Diode,Diode,DIO100000234 Diode from Diodes Incorporated. Sourced via professional procurement support; specs below.,vf_v: 0.7; if_a: 1,https://example.com/datasheet/DIO100000234.pdf,2714,10.8912
HQEW,HQE-1000-00235,LED100000235,Everlight Electronics,Everlight Electronics LED100000235 LED Components,LED Components,LED100000235 LED Components from Everlight Electronics. Sourced via professional procurement support; specs below.,wavelength_nm: 650; forward_current_ma: 20; package: 0805,https://example.com/datasheet/LED100000235.pdf,3514,10.6226
Hanxin,HAN-1000-00236,MEM100000236,Macronix International,Macronix International MEM100000236 Memory IC,Memory IC,MEM100000236 Memory IC from Macronix International. Sourced via professional procurement support; specs below.,memory_bytes: 16777216; speed_hz: 104000000; interface: SPI; organization: x8,https://example.com/datasheet/MEM100000236.pdf,1567,0.7916
LCSC,LCS-1000-00237,XTAL100000237,Murata Manufacturing,Murata Manufacturing XTAL100000237 Crystal Oscillator,Crystal Oscillator,XTAL100000237 Crystal Oscillator from Murata Manufacturing. Sourced via professional procurement support; specs below.,package: SMD; frequency_hz: 8000000,https://example.com/datasheet/XTAL100000237.pdf,4376,7.7477
Mouser,MOU-1000-00238,MCU100000238,Microchip Technology,Microchip Technology MCU100000238 Microcontroller,Microcontroller,MCU100000238 Microcontroller from Microchip Technology. Sourced via professional procurement support; specs below.,frequency_hz: 72000000; Core: ARM Cortex-M4; Operating Temp: -40~85,https://example.com/datasheet/MCU100000238.pdf,1998,3.6793
HQEW,HQE-1000-00239,MOS100000239,ON Semiconductor,ON Semiconductor MOS100000239 MOSFET,MOSFET,MOS100000239 MOSFET from ON Semiconductor. Sourced via professional procurement support; specs below.,vgs_th_v: 2.5; package: SOT-23; id_a: 30; vds_v: 55; Drain Source Voltage: 55V,https://example.com/datasheet/MOS100000239.pdf,873,11.9892
Hanxin,HAN-1000-00240,RES100000240,Bourns,Bourns RES100000240 Resistor,Resistor,RES100000240 Resistor from Bourns. Sourced via professional procurement support; specs below.,tolerance: ±1%; Resistor Value: 10kΩ; resistance_ohm: 10000; power_rating_w: 0.25,https://example.com/datasheet/RES100000240.pdf,2829,21.6576
LCSC,LCS-1000-00241,CAP100000241,Walsin Technology,Walsin Technology CAP100000241 Capacitor,Capacitor,CAP100000241 Capacitor from Walsin Technology. Sourced via professional procurement support; specs below.,voltage_rating_v: 50; temperature_coeff: X7R; tolerance: ±10%; capacitance_pf: 100000; package: 0603,https://example.com/datasheet/CAP100000241.pdf,1004,7.2196
HQEW,HQE-1000-00242,IND100000242,TDK Corporation,TDK Corporation IND100000242 Inductor,Inductor,IND100000242 Inductor from TDK Corporation. Sourced via professional procurement support; specs below.,package: 0805; tolerance: ±20%,https://example.com/datasheet/IND100000242.pdf,3498,6.1361
Mouser,MOU-1000-00243,SEN100000243,TE Connectivity,TE Connectivity SEN100000243 Sensors,Sensors,SEN100000243 Sensors from TE Connectivity. Sourced via professional procurement support; specs below.,resolution_bits: 12; interface: I2C; sensitivity: 260 LSB/g,https://example.com/datasheet/SEN100000243.pdf,1937,16.4775
Hanxin,HAN-1000-00244,CON100000244,Amphenol,Amphenol CON100000244 Connectors,Connectors,CON100000244 Connectors from Amphenol. Sourced via professional procurement support; specs below.,pitch_mm: 2.54; voltage_rating_v: 50; current_rating_a: 3,https://example.com/datasheet/CON100000244.pdf,1273,9.3204
Hanxin,HAN-1000-00245,MOD100000245,Espressif Systems,Espressif Systems MOD100000245 Modules,Modules,MOD100000245 Modules from Espressif Systems. Sourced via professional procurement support; specs below.,modulation: GFSK; Data Rate: 2Mbps,https://example.com/datasheet/MOD100000245.pdf,626,2.2871
HQEW,HQE-1000-00246,OPA100000246,Texas Instruments,Texas Instruments OPA100000246 Analog IC,Analog IC,OPA100000246 Analog IC from Texas Instruments. Sourced via professional procurement support; specs below.,gain_db: 100; supply_current_ua: 200; bandwidth_hz: 1000000; package: SOIC-8,https://example.com/datasheet/OPA100000246.pdf,2582,18.4485
LCSC,LCS-1000-00247,PMIC100000247,Richtek Technology,Richtek Technology PMIC100000247 Power Management IC,Power Management IC,PMIC100000247 Power Management IC from Richtek Technology. Sourced via professional procurement support; specs below.,efficiency_percent: 92; voltage_out_v: 5; voltage_in_max_v: 28; package: SOT-23,https://example.com/datasheet/PMIC100000247.pdf,3983,20.6828
Mouser,MOU-1000-00248,DIO100000248,Vishay Intertechnology,Vishay Intertechnology DIO100000248 Diode,Diode,DIO100000248 Diode from Vishay Intertechnology. Sourced via professional procurement support; specs below.,vf_v: 0.7; vrrm_v: 100,https://example.com/datasheet/DIO100000248.pdf,4153,17.7244
LCSC,LCS-1000-00249,LED100000249,OSRAM,OSRAM LED100000249 LED Components,LED Components,LED100000249 LED Components from OSRAM. Sourced via professional procurement support; specs below.,forward_current_ma: 20; package: 0805; forward_voltage_v: 2.1; wavelength_nm: 650,https://example.com/datasheet/LED100000249.pdf,867,4.0999
HQEW,HQE-1000-00250,MEM100000250,Micron Technology,Micron Technology MEM100000250 Memory IC,Memory IC,MEM100000250 Memory IC from Micron Technology. Sourced via professional procurement support; specs below.,memory_bytes: 16777216; organization: x8; interface: SPI; speed_hz: 104000000,https://example.com/datasheet/MEM100000250.pdf,1180,20.4101
HQEW,HQE-1000-00251,XTAL100000251,AbraconX,AbraconX XTAL100000251 Crystal Oscillator,Crystal Oscillator,XTAL100000251 Crystal Oscillator from AbraconX. Sourced via professional procurement support; specs below.,package: SMD; load_capacitance_pf: 18; frequency_hz: 8000000,https://example.com/datasheet/XTAL100000251.pdf,2457,9.8970
LCSC,LCS-1000-00252,MCU100000252,Nuvoton Technology,Nuvoton Technology MCU100000252 Microcontroller,Microcontroller,MCU100000252 Microcontroller from Nuvoton Technology. Sourced via professional procurement support; specs below.,frequency_hz: 72000000; RAM Size: 20KB; package: LQFP-48,https://example.com/datasheet/MCU100000252.pdf,102,24.8166
LCSC,LCS-1000-00253,MOS100000253,Alpha & Omega Semiconductor,Alpha & Omega Semiconductor MOS100000253 MOSFET,MOSFET,MOS100000253 MOSFET from Alpha & Omega Semiconductor. Sourced via professional procurement support; specs below.,vds_v: 55; package: SOT-23; Drain Source Voltage: 55V,https://example.com/datasheet/MOS100000253.pdf,603,13.0788
Hanxin,HAN-1000-00254,RES100000254,KEMET Electronics,KEMET Electronics RES100000254 Resistor,Resistor,RES100000254 Resistor from KEMET Electronics. Sourced via professional procurement support; specs below.,package: 0805; resistance_ohm: 10000,https://example.com/datasheet/RES100000254.pdf,4999,23.2229
Hanxin,HAN-1000-00255,CAP100000255,Walsin Technology,Walsin Technology CAP100000255 Capacitor,Capacitor,CAP100000255 Capacitor from Walsin Technology. Sourced via professional procurement support; specs below.,tolerance: ±10%; voltage_rating_v: 50; package: 0603,https://example.com/datasheet/CAP100000255.pdf,3203,14.1901
Hanxin,HAN-1000-00256,IND100000256,Wurth Elektronik,Wurth Elektronik IND100000256 Inductor,Inductor,IND100000256 Inductor from Wurth Elektronik. Sourced via professional procurement support; specs below.,package: 0805; current_rating_a: 1.5,https://example.com/datasheet/IND100000256.pdf,236,11.3158
HQEW,HQE-1000-00257,SEN100000257,NXP Semiconductors,NXP Semiconductors SEN100000257 Sensors,Sensors,SEN100000257 Sensors from NXP Semiconductors. Sourced via professional procurement support; specs below.,range: 0-40; interface: I2C; sensitivity: 260 LSB/g; resolution_bits: 12,https://example.com/datasheet/SEN100000257.pdf,4496,7.7583
HQEW,HQE-1000-00258,CON100000258,Hirose Electric,Hirose Electric CON100000258 Connectors,Connectors,CON100000258 Connectors from Hirose Electric. Sourced via professional procurement support; specs below.,mounting: SMD; voltage_rating_v: 50; pitch_mm: 2.54; positions: 40; current_rating_a: 3,https://example.com/datasheet/CON100000258.pdf,3238,19.5860
HQEW,HQE-1000-00259,MOD100000259,Quectel,Quectel MOD100000259 Modules,Modules,MOD100000259 Modules from Quectel. Sourced via professional procurement support; specs below.,sensitivity_dbm: -95; Data Rate: 2Mbps; output_power_dbm: 20; modulation: GFSK; Protocol Stack: 3.0,https://example.com/datasheet/MOD100000259.pdf,567,1.2087
Hanxin,HAN-1000-00260,OPA100000260,Texas Instruments,Texas Instruments OPA100000260 Analog IC,Analog IC,OPA100000260 Analog IC from Texas Instruments. Sourced via professional procurement support; specs below.,supply_current_ua: 200; gain_db: 100,https://example.com/datasheet/OPA100000260.pdf,3715,6.6994
Hanxin,HAN-1000-00261,PMIC100000261,SGMICRO,SGMICRO PMIC100000261 Power Management IC,Power Management IC,PMIC100000261 Power Management IC from SGMICRO. Sourced via professional procurement support; specs below.,voltage_in_max_v: 28; voltage_out_v: 5,https://example.com/datasheet/PMIC100000261.pdf,4953,15.4741
Mouser,MOU-1000-00262,DIO100000262,Diodes Incorporated,Diodes Incorporated DIO100000262 Diode,Diode,DIO100000262 Diode from Diodes Incorporated. Sourced via professional procurement support; specs below.,if_a: 1; vrrm_v: 100; vf_v: 0.7,https://example.com/datasheet/DIO100000262.pdf,2472,17.3614
LCSC,LCS-1000-00263,LED100000263,OSRAM,OSRAM LED100000263 LED Components,LED Components,LED100000263 LED Components from OSRAM. Sourced via professional procurement support; specs below.,package: 0805; forward_current_ma: 20,https://example.com/datasheet/LED100000263.pdf,1895,1.0441
Mouser,MOU-1000-00264,MEM100000264,Macronix International,Macronix International MEM100000264 Memory IC,Memory IC,MEM100000264 Memory IC from Macronix International. Sourced via professional procurement support; specs below.,memory_bytes: 16777216; speed_hz: 104000000; interface: SPI,https://example.com/datasheet/MEM100000264.pdf,2723,23.6799
HQEW,HQE-1000-00265,XTAL100000265,Murata Manufacturing,Murata Manufacturing XTAL100000265 Crystal Oscillator,Crystal Oscillator,XTAL100000265 Crystal Oscillator from Murata Manufacturing. Sourced via professional procurement support; specs below.,load_capacitance_pf: 18; frequency_hz: 8000000,https://example.com/datasheet/XTAL100000265.pdf,1290,3.7178
Hanxin,HAN-1000-00266,MCU100000266,Nuvoton Technology,Nuvoton Technology MCU100000266 Microcontroller,Microcontroller,MCU100000266 Microcontroller from Nuvoton Technology. Sourced via professional procurement support; specs below.,voltage_v: 3.3; package: LQFP-48,https://example.com/datasheet/MCU100000266.pdf,1040,15.6425
Digikey,DIG-1000-00267,MOS100000267,Yangjie,Yangjie MOS100000267 MOSFET,MOSFET,MOS100000267 MOSFET from Yangjie. Sourced via professional procurement support; specs below.,id_a: 30; Drain Source Voltage: 55V; package: SOT-23,https://example.com/datasheet/MOS100000267.pdf,1831,10.2281
HQEW,HQE-1000-00268,RES100000268,Vishay Intertechnology,Vishay Intertechnology RES100000268 Resistor,Resistor,RES100000268 Resistor from Vishay Intertechnology. Sourced via professional procurement support; specs below.,package: 0805; power_rating_w: 0.25; temperature_coeff: X7R; MTBF Hours: 100000,https://example.com/datasheet/RES100000268.pdf,3171,8.8867
Hanxin,HAN-1000-00269,CAP100000269,CapraMicro,CapraMicro CAP100000269 Capacitor,Capacitor,CAP100000269 Capacitor from CapraMicro. Sourced via professional procurement support; specs below.,capacitance_pf: 100000; temperature_coeff: X7R; voltage_rating_v: 50,https://example.com/datasheet/CAP100000269.pdf,722,23.0864
HQEW,HQE-1000-00270,IND100000270,Murata Manufacturing,Murata Manufacturing IND100000270 Inductor,Inductor,IND100000270 Inductor from Murata Manufacturing. Sourced via professional procurement support; specs below.,current_rating_a: 1.5; tolerance: ±20%; inductance_uh: 4.7,https://example.com/datasheet/IND100000270.pdf,2616,3.0871
LCSC,LCS-1000-00271,SEN100000271,STMicroelectronics,STMicroelectronics SEN100000271 Sensors,Sensors,SEN100000271 Sensors from STMicroelectronics. Sourced via professional procurement support; specs below.,sensitivity: 260 LSB/g; accuracy: ±0.5; interface: I2C; resolution_bits: 12; range: 0-40,https://example.com/datasheet/SEN100000271.pdf,3113,17.7417
LCSC,LCS-1000-00272,CON100000272,Hirose Electric,Hirose Electric CON100000272 Connectors,Connectors,CON100000272 Connectors from Hirose Electric. Sourced via professional procurement support; specs below.,positions: 40; current_rating_a: 3,https://example.com/datasheet/CON100000272.pdf,258,17.6559
Hanxin,HAN-1000-00273,MOD100000273,Quectel,Quectel MOD100000273 Modules,Modules,MOD100000273 Modules from Quectel. Sourced via professional procurement support; specs below.,data_rate_bps: 2000000; output_power_dbm: 20; sensitivity_dbm: -95,https://example.com/datasheet/MOD100000273.pdf,4044,10.7555
Digikey,DIG-1000-00274,OPA100000274,Analog Devices,Analog Devices OPA100000274 Analog IC,Analog IC,OPA100000274 Analog IC from Analog Devices. Sourced via professional procurement support; specs below.,supply_current_ua: 200; bandwidth_hz: 1000000; Input Noise: 10nV,https://example.com/datasheet/OPA100000274.pdf,3954,13.0140
Digikey,DIG-1000-00275,PMIC100000275,Texas Instruments,Texas Instruments PMIC100000275 Power Management IC,Power Management IC,PMIC100000275 Power Management IC from Texas Instruments. Sourced via professional procurement support; specs below.,"[1, 2, 3]",https://example.com/datasheet/PMIC100000275.pdf,117,10.1225
Digikey,DIG-1000-00276,DIO100000276,Littelfuse,Littelfuse DIO100000276 Diode,Diode,DIO100000276 Diode from Littelfuse. Sourced via professional procurement support; specs below.,vf_v: 0.7; if_a: 1,https://example.com/datasheet/DIO100000276.pdf,3120,3.4302
Hanxin,HAN-1000-00277,LED100000277,Everlight Electronics,Everlight Electronics LED100000277 LED Components,LED Components,LED100000277 LED Components from Everlight Electronics. Sourced via professional procurement support; specs below.,wavelength_nm: 650; forward_voltage_v: 2.1,https://example.com/datasheet/LED100000277.pdf,4247,20.1551
Hanxin,HAN-1000-00278,MEM100000278,Macronix International,Macronix International MEM100000278 Memory IC,Memory IC,MEM100000278 Memory IC from Macronix International. Sourced via professional procurement support; specs below.,interface: SPI; memory_bytes: 16777216; speed_hz: 104000000; organization: x8,https://example.com/datasheet/MEM100000278.pdf,4971,21.2147
HQEW,HQE-1000-00279,XTAL100000279,AbraconX,AbraconX XTAL100000279 Crystal Oscillator,Crystal Oscillator,XTAL100000279 Crystal Oscillator from AbraconX. Sourced via professional procurement support; specs below.,frequency_hz: 8000000; load_capacitance_pf: 18,https://example.com/datasheet/XTAL100000279.pdf,3950,23.5457
LCSC,LCS-1000-00280,MCU100000280,Microchip Technology,Microchip Technology MCU100000280 Microcontroller,Microcontroller,MCU100000280 Microcontroller from Microchip Technology. Sourced via professional procurement support; specs below.,voltage_v: 3.3; Core: ARM Cortex-M4; io_count: 48; package: LQFP-48; Operating Temp: -40~85,https://example.com/datasheet/MCU100000280.pdf,1589,7.4661
Digikey,DIG-1000-00281,MOS100000281,ON Semiconductor,ON Semiconductor MOS100000281 MOSFET,MOSFET,MOS100000281 MOSFET from ON Semiconductor. Sourced via professional procurement support; specs below.,rds_on_mohm: 8; Continuous Drain Current: 30A; vgs_th_v: 2.5; id_a: 30,https://example.com/datasheet/MOS100000281.pdf,2944,24.1584
Mouser,MOU-1000-00282,RES100000282,Yageo,Yageo RES100000282 Resistor,Resistor,RES100000282 Resistor from Yageo. Sourced via professional procurement support; specs below.,power_rating_w: 0.25; Resistor Value: 10kΩ; temperature_coeff: X7R; package: 0805,https://example.com/datasheet/RES100000282.pdf,2882,18.9375
Digikey,DIG-1000-00283,CAP100000283,Holy Stone,Holy Stone CAP100000283 Capacitor,Capacitor,CAP100000283 Capacitor from Holy Stone. Sourced via professional procurement support; specs below.,package: 0603; voltage_rating_v: 50; capacitance_pf: 100000,https://example.com/datasheet/CAP100000283.pdf,681,10.3205
Digikey,DIG-1000-00284,IND100000284,TDK Corporation,TDK Corporation IND100000284 Inductor,Inductor,IND100000284 Inductor from TDK Corporation. Sourced via professional procurement support; specs below.,inductance_uh: 4.7; tolerance: ±20%; package: 0805; current_rating_a: 1.5,https://example.com/datasheet/IND100000284.pdf,2916,6.1775
HQEW,HQE-1000-00285,SEN100000285,TE Connectivity,TE Connectivity SEN100000285 Sensors,Sensors,SEN100000285 Sensors from TE Connectivity. Sourced via professional procurement support; specs below.,interface: I2C; sensitivity: 260 LSB/g,https://example.com/datasheet/SEN100000285.pdf,2803,0.9101
Hanxin,HAN-1000-00286,CON100000286,Molex,Molex CON100000286 Connectors,Connectors,CON100000286 Connectors from Molex. Sourced via professional procurement support; specs below.,current_rating_a: 3; mounting: SMD; positions: 40,https://example.com/datasheet/CON100000286.pdf,4991,3.3789
LCSC,LCS-1000-00287,MOD100000287,SIMCom,SIMCom MOD100000287 Modules,Modules,MOD100000287 Modules from SIMCom. Sourced via professional procurement support; specs below.,modulation: GFSK; data_rate_bps: 2000000; sensitivity_dbm: -95,https://example.com/datasheet/MOD100000287.pdf,3872,5.8835
Mouser,MOU-1000-00288,OPA100000288,Maxim Integrated,Maxim Integrated OPA100000288 Analog IC,Analog IC,OPA100000288 Analog IC from Maxim Integrated. Sourced via professional procurement support; specs below.,gain_db: 100; bandwidth_hz: 1000000,https://example.com/datasheet/OPA100000288.pdf,2989,19.4668
Hanxin,HAN-1000-00289,PMIC100000289,Infineon Technologies,Infineon Technologies PMIC100000289 Power Management IC,Power Management IC,PMIC100000289 Power Management IC from Infineon Technologies. Sourced via professional procurement support; specs below.,voltage_out_v: 5; package: SOT-23; voltage_in_min_v: 4.5; voltage_in_max_v: 28; output_current_a: 3,https://example.com/datasheet/PMIC100000289.pdf,3202,0.9251
HQEW,HQE-1000-00290,DIO100000290,Vishay Intertechnology,Vishay Intertechnology DIO100000290 Diode,Diode,DIO100000290 Diode from Vishay Intertechnology. Sourced via professional procurement support; specs below.,vrrm_v: 100; vf_v: 0.7,https://example.com/datasheet/DIO100000290.pdf,3181,8.7682
LCSC,LCS-1000-00291,LED100000291,Everlight Electronics,Everlight Electronics LED100000291 LED Components,LED Components,LED100000291 LED Components from Everlight Electronics. Sourced via professional procurement support; specs below.,forward_voltage_v: 2.1; wavelength_nm: 650; forward_current_ma: 20,https://example.com/datasheet/LED100000291.pdf,2494,15.8623
HQEW,HQE-1000-00292,MEM100000292,ISSI,ISSI MEM100000292 Memory IC,Memory IC,MEM100000292 Memory IC from ISSI. Sourced via professional procurement support; specs below.,interface: SPI; organization: x8; memory_bytes: 16777216; Access Time: 70ns,https://example.com/datasheet/MEM100000292.pdf,2151,16.1778
HQEW,HQE-1000-00293,XTAL100000293,Wurth Elektronik,Wurth Elektronik XTAL100000293 Crystal Oscillator,Crystal Oscillator,XTAL100000293 Crystal Oscillator from Wurth Elektronik. Sourced via professional procurement support; specs below.,package: SMD; load_capacitance_pf: 18; frequency_hz: 8000000,https://example.com/datasheet/XTAL100000293.pdf,189,9.3526
HQEW,HQE-1000-00294,MCU100000294,Nuvoton Technology,Nuvoton Technology MCU100000294 Microcontroller,Microcontroller,MCU100000294 Microcontroller from Nuvoton Technology. Sourced via professional procurement support; specs below.,ram_bytes: 20480; frequency_hz: 72000000; voltage_v: 3.3; io_count: 48,https://example.com/datasheet/MCU100000294.pdf,2474,6.5797
Digikey,DIG-1000-00295,MOS100000295,ON Semiconductor,ON Semiconductor MOS100000295 MOSFET,MOSFET,MOS100000295 MOSFET from ON Semiconductor. Sourced via professional procurement support; specs below.,package: SOT-23; vgs_th_v: 2.5; id_a: 30; qg_nc: 45,https://example.com/datasheet/MOS100000295.pdf,4223,13.8018
LCSC,LCS-1000-00296,RES100000296,KEMET Electronics,KEMET Electronics RES100000296 Resistor,Resistor,RES100000296 Resistor from KEMET Electronics. Sourced via professional procurement support; specs below.,power_rating_w: 0.25; package: 0805; resistance_ohm: 10000,https://example.com/datasheet/RES100000296.pdf,3493,21.7028
Hanxin,HAN-1000-00297,CAP100000297,Holy Stone,Holy Stone CAP100000297 Capacitor,Capacitor,CAP100000297 Capacitor from Holy Stone. Sourced via professional procurement support; specs below.,temperature_coeff: X7R; package: 0603,https://example.com/datasheet/CAP100000297.pdf,4453,10.7481
Digikey,DIG-1000-00298,IND100000298,Murata Manufacturing,Murata Manufacturing IND100000298 Inductor,Inductor,IND100000298 Inductor from Murata Manufacturing. Sourced via professional procurement support; specs below.,inductance_uh: 4.7; tolerance: ±20%; current_rating_a: 1.5,https://example.com/datasheet/IND100000298.pdf,666,0.8572
Mouser,MOU-1000-00299,SEN100000299,TE Connectivity,TE Connectivity SEN100000299 Sensors,Sensors,SEN100000299 Sensors from TE Connectivity. Sourced via professional procurement support; specs below.,resolution_bits: 12; sensitivity: 260 LSB/g; interface: I2C,https://example.com/datasheet/SEN100000299.pdf,1928,11.4370
Mouser,MOU-1000-00300,CON100000300,Molex,Molex CON100000300 Connectors,Connectors,CON100000300 Connectors from Molex. Sourced via professional procurement support; specs below.,positions: 40; voltage_rating_v: 50; current_rating_a: 3; pitch_mm: 2.54; mounting: SMD,https://example.com/datasheet/CON100000300.pdf,909,2.4232
Hanxin,HAN-1000-00301,MOD100000301,Semtech,Semtech MOD100000301 Modules,Modules,MOD100000301 Modules from Semtech. Sourced via professional procurement support; specs below.,interface: UART; output_power_dbm: 20,https://example.com/datasheet/MOD100000301.pdf,2438,18.3606
Hanxin,HAN-1000-00302,OPA100000302,Analog Devices,Analog Devices OPA100000302 Analog IC,Analog IC,OPA100000302 Analog IC from Analog Devices. Sourced via professional procurement support; specs below.,supply_current_ua: 200; gain_db: 100; package: SOIC-8,https://example.com/datasheet/OPA100000302.pdf,2199,20.1085
Mouser,MOU-1000-00303,PMIC100000303,Infineon Technologies,Infineon Technologies PMIC100000303 Power Management IC,Power Management IC,PMIC100000303 Power Management IC from Infineon Technologies. Sourced via professional procurement support; specs below.,efficiency_percent: 92; voltage_in_min_v: 4.5; output_current_a: 3; voltage_out_v: 5,https://example.com/datasheet/PMIC100000303.pdf,1839,15.2275
Hanxin,HAN-1000-00304,DIO100000304,Littelfuse,Littelfuse DIO100000304 Diode,Diode,DIO100000304 Diode from Littelfuse. Sourced via professional procurement support; specs below.,vrrm_v: 100; vf_v: 0.7; if_a: 1,https://example.com/datasheet/DIO100000304.pdf,4389,23.5253
Digikey,DIG-1000-00305,LED100000305,Lite-On Technology,Lite-On Technology LED100000305 LED Components,LED Components,LED100000305 LED Components from Lite-On Technology. Sourced via professional procurement support; specs below.,forward_voltage_v: 2.1; wavelength_nm: 650; forward_current_ma: 20,https://example.com/datasheet/LED100000305.pdf,1702,20.3138
Digikey,DIG-1000-00306,MEM100000306,Micron Technology,Micron Technology MEM100000306 Memory IC,Memory IC,MEM100000306 Memory IC from Micron Technology. Sourced via professional procurement support; specs below.,speed_hz: 104000000; organization: x8,https://example.com/datasheet/MEM100000306.pdf,4691,7.4563
Digikey,DIG-1000-00307,XTAL100000307,TDK Corporation,TDK Corporation XTAL100000307 Crystal Oscillator,Crystal Oscillator,XTAL100000307 Crystal Oscillator from TDK Corporation. Sourced via professional procurement support; specs below.,frequency_hz: 8000000; load_capacitance_pf: 18,https://example.com/datasheet/XTAL100000307.pdf,2075,23.0704
LCSC,LCS-1000-00308,MCU100000308,Microchip Technology,Microchip Technology MCU100000308 Microcontroller,Microcontroller,MCU100000308 Microcontroller from Microchip Technology. Sourced via professional procurement support; specs below.,voltage_v: 3.3; ESD Rating: 2kV,https://example.com/datasheet/MCU100000308.pdf,604,2.0446
Mouser,MOU-1000-00309,MOS100000309,Yangjie,Yangjie MOS100000309 MOSFET,MOSFET,MOS100000309 MOSFET from Yangjie. Sourced via professional procurement support; specs below.,rds_on_mohm: 8,https://example.com/datasheet/MOS100000309.pdf,4836,7.9548
LCSC,LCS-1000-00310,RES100000310,Bourns,Bourns RES100000310 Resistor,Resistor,RES100000310 Resistor from Bourns. Sourced via professional procurement support; specs below.,tolerance: ±1%; resistance_ohm: 10000; power_rating_w: 0.25; temperature_coeff: X7R; MTBF Hours: 100000,https://example.com/datasheet/RES100000310.pdf,2739,24.8697
Mouser,MOU-1000-00311,CAP100000311,KEMET Electronics,KEMET Electronics CAP100000311 Capacitor,Capacitor,CAP100000311 Capacitor from KEMET Electronics. Sourced via professional procurement support; specs below.,temperature_coeff: X7R; tolerance: ±10%,https://example.com/datasheet/CAP100000311.pdf,912,12.4856
Digikey,DIG-1000-00312,IND100000312,Bourns,Bourns IND100000312 Inductor,Inductor,IND100000312 Inductor from Bourns. Sourced via professional procurement support; specs below.,tolerance: ±20%; inductance_uh: 4.7,https://example.com/datasheet/IND100000312.pdf,3459,15.9513
Digikey,DIG-1000-00313,SEN100000313,NXP Semiconductors,NXP Semiconductors SEN100000313 Sensors,Sensors,SEN100000313 Sensors from NXP Semiconductors. Sourced via professional procurement support; specs below.,interface: I2C; accuracy: ±0.5; resolution_bits: 12; sensitivity: 260 LSB/g,https://example.com/datasheet/SEN100000313.pdf,769,2.9096
Mouser,MOU-1000-00314,CON100000314,Molex,Molex CON100000314 Connectors,Connectors,CON100000314 Connectors from Molex. Sourced via professional procurement support; specs below.,positions: 40; pitch_mm: 2.54; voltage_rating_v: 50; current_rating_a: 3,https://example.com/datasheet/CON100000314.pdf,565,8.3469
LCSC,LCS-1000-00315,MOD100000315,Quectel,Quectel MOD100000315 Modules,Modules,MOD100000315 Modules from Quectel. Sourced via professional procurement support; specs below.,sensitivity_dbm: -95; output_power_dbm: 20; modulation: GFSK,https://example.com/datasheet/MOD100000315.pdf,3519,23.9040
HQEW,HQE-1000-00316,OPA100000316,Silicon Labs,Silicon Labs OPA100000316 Analog IC,Analog IC,OPA100000316 Analog IC from Silicon Labs. Sourced via professional procurement support; specs below.,supply_current_ua: 200; package: SOIC-8; gain_db: 100; bandwidth_hz: 1000000; Phase Margin: 60°,https://example.com/datasheet/OPA100000316.pdf,134,12.0314
LCSC,LCS-1000-00317,PMIC100000317,Monolithic Power Systems,Monolithic Power Systems PMIC100000317 Power Management IC,Power Management IC,PMIC100000317 Power Management IC from Monolithic Power Systems. Sourced via professional procurement support; specs below.,efficiency_percent: 92; voltage_out_v: 5; voltage_in_min_v: 4.5,https://example.com/datasheet/PMIC100000317.pdf,4908,11.4975
Mouser,MOU-1000-00318,DIO100000318,Diodes Incorporated,Diodes Incorporated DIO100000318 Diode,Diode,DIO100000318 Diode from Diodes Incorporated. Sourced via professional procurement support; specs below.,vrrm_v: 100; if_a: 1,https://example.com/datasheet/DIO100000318.pdf,1614,4.9423
LCSC,LCS-1000-00319,LED100000319,OSRAM,OSRAM LED100000319 LED Components,LED Components,LED100000319 LED Components from OSRAM. Sourced via professional procurement support; specs below.,wavelength_nm: 650; package: 0805; forward_voltage_v: 2.1; forward_current_ma: 20,https://example.com/datasheet/LED100000319.pdf,1604,10.4667
Digikey,DIG-1000-00320,MEM100000320,Micron Technology,Micron Technology MEM100000320 Memory IC,Memory IC,MEM100000320 Memory IC from Micron Technology. Sourced via professional procurement support; specs below.,organization: x8; interface: SPI,https://example.com/datasheet/MEM100000320.pdf,3701,21.4205
Hanxin,HAN-1000-00321,XTAL100000321,TDK Corporation,TDK Corporation XTAL100000321 Crystal Oscillator,Crystal Oscillator,XTAL100000321 Crystal Oscillator from TDK Corporation. Sourced via professional procurement support; specs below.,package: SMD; frequency_hz: 8000000; load_capacitance_pf: 18,https://example.com/datasheet/XTAL100000321.pdf,4556,24.6677
HQEW,HQE-1000-00322,MCU100000322,Microchip Technology,Microchip Technology MCU100000322 Microcontroller,Microcontroller,MCU100000322 Microcontroller from Microchip Technology. Sourced via professional procurement support; specs below.,ram_bytes: 20480; Clock Speed: 72MHz,https://example.com/datasheet/MCU100000322.pdf,4381,7.3541
Digikey,DIG-1000-00323,MOS100000323,Infineon Technologies,Infineon Technologies MOS100000323 MOSFET,MOSFET,MOS100000323 MOSFET from Infineon Technologies. Sourced via professional procurement support; specs below.,package: SOT-23; vgs_th_v: 2.5; vds_v: 55; id_a: 30,https://example.com/datasheet/MOS100000323.pdf,2923,21.1913
Digikey,DIG-1000-00324,RES100000324,Bourns,Bourns RES100000324 Resistor,Resistor,RES100000324 Resistor from Bourns. Sourced via professional procurement support; specs below.,power_rating_w: 0.25; temperature_coeff: X7R; resistance_ohm: 10000; package: 0805,https://example.com/datasheet/RES100000324.pdf,3933,17.7604
Hanxin,HAN-1000-00325,CAP100000325,KEMET Electronics,KEMET Electronics CAP100000325 Capacitor,Capacitor,CAP100000325 Capacitor from KEMET Electronics. Sourced via professional procurement support; specs below.,temperature_coeff: X7R; capacitance_pf: 100000; package: 0603; tolerance: ±10%,https://example.com/datasheet/CAP100000325.pdf,639,20.3000
Hanxin,HAN-1000-00326,IND100000326,Wurth Elektronik,Wurth Elektronik IND100000326 Inductor,Inductor,IND100000326 Inductor from Wurth Elektronik. Sourced via professional procurement support; specs below.,package: 0805; current_rating_a: 1.5; inductance_uh: 4.7; tolerance: ±20%,https://example.com/datasheet/IND100000326.pdf,3858,16.1812
HQEW,HQE-1000-00327,SEN100000327,TE Connectivity,TE Connectivity SEN100000327 Sensors,Sensors,SEN100000327 Sensors from TE Connectivity. Sourced via professional procurement support; specs below.,resolution_bits: 12; accuracy: ±0.5; sensitivity: 260 LSB/g; interface: I2C; range: 0-40,https://example.com/datasheet/SEN100000327.pdf,3556,0.1880
Hanxin,HAN-1000-00328,CON100000328,PlugWorks,PlugWorks CON100000328 Connectors,Connectors,CON100000328 Connectors from PlugWorks. Sourced via professional procurement support; specs below.,mounting: SMD; current_rating_a: 3; voltage_rating_v: 50; positions: 40,https://example.com/datasheet/CON100000328.pdf,635,2.8763
Mouser,MOU-1000-00329,MOD100000329,Semtech,Semtech MOD100000329 Modules,Modules,MOD100000329 Modules from Semtech. Sourced via professional procurement support; specs below.,interface: UART,https://example.com/datasheet/MOD100000329.pdf,2511,21.3652
HQEW,HQE-1000-00330,OPA100000330,Texas Instruments,Texas Instruments OPA100000330 Analog IC,Analog IC,OPA100000330 Analog IC from Texas Instruments. Sourced via professional procurement support; specs below.,package: SOIC-8; bandwidth_hz: 1000000; gain_db: 100; supply_current_ua: 200,https://example.com/datasheet/OPA100000330.pdf,2463,18.8814
Digikey,DIG-1000-00331,PMIC100000331,Monolithic Power Systems,Monolithic Power Systems PMIC100000331 Power Management IC,Power Management IC,PMIC100000331 Power Management IC from Monolithic Power Systems. Sourced via professional procurement support; specs below.,voltage_in_min_v: 4.5; voltage_out_v: 5,https://example.com/datasheet/PMIC100000331.pdf,170,16.0302
Hanxin,HAN-1000-00332,DIO100000332,Vishay Intertechnology,Vishay Intertechnology DIO100000332 Diode,Diode,DIO100000332 Diode from Vishay Intertechnology. Sourced via professional procurement support; specs below.,vrrm_v: 100; if_a: 1; vf_v: 0.7,https://example.com/datasheet/DIO100000332.pdf,4252,10.9194
Mouser,MOU-1000-00333,LED100000333,Kingbright,Kingbright LED100000333 LED Components,LED Components,LED100000333 LED Components from Kingbright. Sourced via professional procurement support; specs below.,forward_current_ma: 20; wavelength_nm: 650; forward_voltage_v: 2.1; package: 0805,https://example.com/datasheet/LED100000333.pdf,1106,18.6179
HQEW,HQE-1000-00334,MEM100000334,ISSI,ISSI MEM100000334 Memory IC,Memory IC,MEM100000334 Memory IC from ISSI. Sourced via professional procurement support; specs below.,memory_bytes: 16777216; speed_hz: 104000000; organization: x8; interface: SPI,https://example.com/datasheet/MEM100000334.pdf,1560,22.7315
Mouser,MOU-1000-00335,XTAL100000335,AbraconX,AbraconX XTAL100000335 Crystal Oscillator,Crystal Oscillator,XTAL100000335 Crystal Oscillator from AbraconX. Sourced via professional procurement support; specs below.,load_capacitance_pf: 18; frequency_hz: 8000000; Frequency Tolerance: ±20ppm,https://example.com/datasheet/XTAL100000335.pdf,4954,16.5009
Mouser,MOU-1000-00336,MCU100000336,GigaDevice Semiconductor,GigaDevice Semiconductor MCU100000336 Microcontroller,Microcontroller,MCU100000336 Microcontroller from GigaDevice Semiconductor. Sourced via professional procurement support; specs below.,frequency_hz: 72000000; Program Memory: 128KB; io_count: 48,https://example.com/datasheet/MCU100000336.pdf,724,19.7625
Digikey,DIG-1000-00337,MOS100000337,Infineon Technologies,Infineon Technologies MOS100000337 MOSFET,MOSFET,MOS100000337 MOSFET from Infineon Technologies. Sourced via professional procurement support; specs below.,vgs_th_v: 2.5; id_a: 30; vds_v: 55; rds_on_mohm: 8; Leakage Current: 1uA,https://example.com/datasheet/MOS100000337.pdf,513,19.1412
Hanxin,HAN-1000-00338,RES100000338,Vishay Intertechnology,Vishay Intertechnology RES100000338 Resistor,Resistor,RES100000338 Resistor from Vishay Intertechnology. Sourced via professional procurement support; specs below.,power_rating_w: 0.25; package: 0805; Lifecycle Status: Active,https://example.com/datasheet/RES100000338.pdf,3689,4.6941
LCSC,LCS-1000-00339,CAP100000339,KEMET Electronics,KEMET Electronics CAP100000339 Capacitor,Capacitor,CAP100000339 Capacitor from KEMET Electronics. Sourced via professional procurement support; specs below.,tolerance: ±10%; temperature_coeff: X7R; voltage_rating_v: 50; package: 0603; Ripple Current: 100mA,https://example.com/datasheet/CAP100000339.pdf,1570,16.6707
Hanxin,HAN-1000-00340,IND100000340,Bourns,Bourns IND100000340 Inductor,Inductor,IND100000340 Inductor from Bourns. Sourced via professional procurement support; specs below.,tolerance: ±20%; current_rating_a: 1.5; inductance_uh: 4.7; package: 0805,https://example.com/datasheet/IND100000340.pdf,1224,10.0770
Hanxin,HAN-1000-00341,SEN100000341,BoschDummy,BoschDummy SEN100000341 Sensors,Sensors,SEN100000341 Sensors from BoschDummy. Sourced via professional procurement support; specs below.,interface: I2C; accuracy: ±0.5; sensitivity: 260 LSB/g,https://example.com/datasheet/SEN100000341.pdf,2968,12.6065
HQEW,HQE-1000-00342,CON100000342,PlugWorks,PlugWorks CON100000342 Connectors,Connectors,CON100000342 Connectors from PlugWorks. Sourced via professional procurement support; specs below.,mounting: SMD; pitch_mm: 2.54; voltage_rating_v: 50; positions: 40,https://example.com/datasheet/CON100000342.pdf,2674,19.5687
LCSC,LCS-1000-00343,MOD100000343,SIMCom,SIMCom MOD100000343 Modules,Modules,MOD100000343 Modules from SIMCom. Sourced via professional procurement support; specs below.,output_power_dbm: 20; sensitivity_dbm: -95; data_rate_bps: 2000000; interface: UART,https://example.com/datasheet/MOD100000343.pdf,1748,8.1080
LCSC,LCS-1000-00344,OPA100000344,LinearX,LinearX OPA100000344 Analog IC,Analog IC,OPA100000344 Analog IC from LinearX. Sourced via professional procurement support; specs below.,gain_db: 100; bandwidth_hz: 1000000,https://example.com/datasheet/OPA100000344.pdf,3279,14.1714
Mouser,MOU-1000-00345,PMIC100000345,Richtek Technology,Richtek Technology PMIC100000345 Power Management IC,Power Management IC,PMIC100000345 Power Management IC from Richtek Technology. Sourced via professional procurement support; specs below.,package: SOT-23; output_current_a: 3; efficiency_percent: 92; voltage_out_v: 5; voltage_in_min_v: 4.5,https://example.com/datasheet/PMIC100000345.pdf,137,9.8262
HQEW,HQE-1000-00346,DIO100000346,Diodes Incorporated,Diodes Incorporated DIO100000346 Diode,Diode,DIO100000346 Diode from Diodes Incorporated. Sourced via professional procurement support; specs below.,vrrm_v: 100; if_a: 1,https://example.com/datasheet/DIO100000346.pdf,1015,23.4140
Digikey,DIG-1000-00347,LED100000347,OSRAM,OSRAM LED100000347 LED Components,LED Components,LED100000347 LED Components from OSRAM. Sourced via professional procurement support; specs below.,package: 0805; wavelength_nm: 650,https://example.com/datasheet/LED100000347.pdf,4848,12.0282
Mouser,MOU-1000-00348,MEM100000348,StoreX,StoreX MEM100000348 Memory IC,Memory IC,MEM100000348 Memory IC from StoreX. Sourced via professional procurement support; specs below.,organization: x8; speed_hz: 104000000,https://example.com/datasheet/MEM100000348.pdf,2507,15.5533
Mouser,MOU-1000-00349,XTAL100000349,Murata Manufacturing,Murata Manufacturing XTAL100000349 Crystal Oscillator,Crystal Oscillator,XTAL100000349 Crystal Oscillator from Murata Manufacturing. Sourced via professional procurement support; specs below.,package: SMD; frequency_hz: 8000000,https://example.com/datasheet/XTAL100000349.pdf,1004,18.5509
Hanxin,HAN-1000-00350,MCU100000350,QubitCore,QubitCore MCU100000350 Microcontroller,Microcontroller,MCU100000350 Microcontroller from QubitCore. Sourced via professional procurement support; specs below.,voltage_v: 3.3; frequency_hz: 72000000; flash_bytes: 131072,https://example.com/datasheet/MCU100000350.pdf,4406,10.9256
LCSC,LCS-1000-00351,MOS100000351,Infineon Technologies,Infineon Technologies MOS100000351 MOSFET,MOSFET,MOS100000351 MOSFET from Infineon Technologies. Sourced via professional procurement support; specs below.,vgs_th_v: 2.5; qg_nc: 45; rds_on_mohm: 8,https://example.com/datasheet/MOS100000351.pdf,3603,20.4081
Hanxin,HAN-1000-00352,RES100000352,Yageo,Yageo RES100000352 Resistor,Resistor,RES100000352 Resistor from Yageo. Sourced via professional procurement support; specs below.,tolerance: ±1%; power_rating_w: 0.25,https://example.com/datasheet/RES100000352.pdf,1929,3.8481
LCSC,LCS-1000-00353,CAP100000353,Holy Stone,Holy Stone CAP100000353 Capacitor,Capacitor,CAP100000353 Capacitor from Holy Stone. Sourced via professional procurement support; specs below.,voltage_rating_v: 50; tolerance: ±10%,https://example.com/datasheet/CAP100000353.pdf,4682,4.8580
LCSC,LCS-1000-00354,IND100000354,TDK Corporation,TDK Corporation IND100000354 Inductor,Inductor,IND100000354 Inductor from TDK Corporation. Sourced via professional procurement support; specs below.,current_rating_a: 1.5; package: 0805; inductance_uh: 4.7,https://example.com/datasheet/IND100000354.pdf,2975,2.7635
LCSC,LCS-1000-00355,SEN100000355,STMicroelectronics,STMicroelectronics SEN100000355 Sensors,Sensors,SEN100000355 Sensors from STMicroelectronics. Sourced via professional procurement support; specs below.,sensitivity: 260 LSB/g; range: 0-40; accuracy: ±0.5; interface: I2C,https://example.com/datasheet/SEN100000355.pdf,1633,14.9064
Mouser,MOU-1000-00356,CON100000356,JST,JST CON100000356 Connectors,Connectors,CON100000356 Connectors from JST. Sourced via professional procurement support; specs below.,positions: 40; mounting: SMD,https://example.com/datasheet/CON100000356.pdf,2963,20.3396
Hanxin,HAN-1000-00357,MOD100000357,Semtech,Semtech MOD100000357 Modules,Modules,MOD100000357 Modules from Semtech. Sourced via professional procurement support; specs below.,interface: UART; Data Rate: 2Mbps,https://example.com/datasheet/MOD100000357.pdf,344,9.1393
Hanxin,HAN-1000-00358,OPA100000358,Analog Devices,Analog Devices OPA100000358 Analog IC,Analog IC,OPA100000358 Analog IC from Analog Devices. Sourced via professional procurement support; specs below.,bandwidth_hz: 1000000; gain_db: 100,https://example.com/datasheet/OPA100000358.pdf,2668,19.5819
Hanxin,HAN-1000-00359,PMIC100000359,SGMICRO,SGMICRO PMIC100000359 Power Management IC,Power Management IC,PMIC100000359 Power Management IC from SGMICRO. Sourced via professional procurement support; specs below.,voltage_in_min_v: 4.5; package: SOT-23; voltage_out_v: 5; voltage_in_max_v: 28,https://example.com/datasheet/PMIC100000359.pdf,373,0.6325
Digikey,DIG-1000-00360,DIO100000360,ON Semiconductor,ON Semiconductor DIO100000360 Diode,Diode,DIO100000360 Diode from ON Semiconductor. Sourced via professional procurement support; specs below.,vrrm_v: 100; vf_v: 0.7; if_a: 1,https://example.com/datasheet/DIO100000360.pdf,85,8.6390
Digikey,DIG-1000-00361,LED100000361,Everlight Electronics,Everlight Electronics LED100000361 LED Components,LED Components,LED100000361 LED Components from Everlight Electronics. Sourced via professional procurement support; specs below.,wavelength_nm: 650; forward_voltage_v: 2.1; package: 0805; forward_current_ma: 20; Luminous Intensity: 100mcd,https://example.com/datasheet/LED100000361.pdf,3201,2.8269
Hanxin,HAN-1000-00362,MEM100000362,MemCore,MemCore MEM100000362 Memory IC,Memory IC,MEM100000362 Memory IC from MemCore. Sourced via professional procurement support; specs below.,speed_hz: 104000000; memory_bytes: 16777216,https://example.com/datasheet/MEM100000362.pdf,1816,15.3530
HQEW,HQE-1000-00363,XTAL100000363,CrystaWorks,CrystaWorks XTAL100000363 Crystal Oscillator,Crystal Oscillator,XTAL100000363 Crystal Oscillator from CrystaWorks. Sourced via professional procurement support; specs below.,package: SMD; load_capacitance_pf: 18,https://example.com/datasheet/XTAL100000363.pdf,4876,3.5031
Hanxin,HAN-1000-00364,MCU100000364,Microchip Technology,Microchip Technology MCU100000364 Microcontroller,Microcontroller,MCU100000364 Microcontroller from Microchip Technology. Sourced via professional procurement support; specs below.,package: LQFP-48; Operating Voltage: 3.3V; Core: ARM Cortex-M4; flash_bytes: 131072,https://example.com/datasheet/MCU100000364.pdf,1594,0.0112
Hanxin,HAN-1000-00365,MOS100000365,Yangjie,Yangjie MOS100000365 MOSFET,MOSFET,MOS100000365 MOSFET from Yangjie. Sourced via professional procurement support; specs below.,vds_v: 55; package: SOT-23; Leakage Current: 1uA,https://example.com/datasheet/MOS100000365.pdf,2091,8.1991
Mouser,MOU-1000-00366,RES100000366,KEMET Electronics,KEMET Electronics RES100000366 Resistor,Resistor,RES100000366 Resistor from KEMET Electronics. Sourced via professional procurement support; specs below.,temperature_coeff: X7R; Resistor Value: 10kΩ; package: 0805; tolerance: ±1%; resistance_ohm: 10000,https://example.com/datasheet/RES100000366.pdf,2109,7.6683
Mouser,MOU-1000-00367,CAP100000367,Holy Stone,Holy Stone CAP100000367 Capacitor,Capacitor,CAP100000367 Capacitor from Holy Stone. Sourced via professional procurement support; specs below.,Capacitor Value: 100nF; voltage_rating_v: 50; tolerance: ±10%; temperature_coeff: X7R,https://example.com/datasheet/CAP100000367.pdf,3906,8.3247
HQEW,HQE-1000-00368,IND100000368,Bourns,Bourns IND100000368 Inductor,Inductor,IND100000368 Inductor from Bourns. Sourced via professional procurement support; specs below.,tolerance: ±20%; inductance_uh: 4.7; package: 0805,https://example.com/datasheet/IND100000368.pdf,4315,19.7095
LCSC,LCS-1000-00369,SEN100000369,STMicroelectronics,STMicroelectronics SEN100000369 Sensors,Sensors,SEN100000369 Sensors from STMicroelectronics. Sourced via professional procurement support; specs below.,sensitivity: 260 LSB/g; range: 0-40; accuracy: ±0.5; resolution_bits: 12; interface: I2C,https://example.com/datasheet/SEN100000369.pdf,4293,10.7923
Hanxin,HAN-1000-00370,CON100000370,Amphenol,Amphenol CON100000370 Connectors,Connectors,CON100000370 Connectors from Amphenol. Sourced via professional procurement support; specs below.,voltage_rating_v: 50; mounting: SMD; positions: 40; Contact Plating: Gold,https://example.com/datasheet/CON100000370.pdf,53,19.5658
Digikey,DIG-1000-00371,MOD100000371,SIMCom,SIMCom MOD100000371 Modules,Modules,MOD100000371 Modules from SIMCom. Sourced via professional procurement support; specs below.,output_power_dbm: 20; data_rate_bps: 2000000; modulation: GFSK; interface: UART,https://example.com/datasheet/MOD100000371.pdf,4383,2.1288
LCSC,LCS-1000-00372,OPA100000372,Texas Instruments,Texas Instruments OPA100000372 Analog IC,Analog IC,OPA100000372 Analog IC from Texas Instruments. Sourced via professional procurement support; specs below.,supply_current_ua: 200; gain_db: 100,https://example.com/datasheet/OPA100000372.pdf,2029,13.4953
LCSC,LCS-1000-00373,PMIC100000373,SGMICRO,SGMICRO PMIC100000373 Power Management IC,Power Management IC,PMIC100000373 Power Management IC from SGMICRO. Sourced via professional procurement support; specs below.,voltage_in_max_v: 28; voltage_in_min_v: 4.5; Power Good: yes,https://example.com/datasheet/PMIC100000373.pdf,1263,11.3698
HQEW,HQE-1000-00374,DIO100000374,Littelfuse,Littelfuse DIO100000374 Diode,Diode,DIO100000374 Diode from Littelfuse. Sourced via professional procurement support; specs below.,vf_v: 0.7; if_a: 1; vrrm_v: 100,https://example.com/datasheet/DIO100000374.pdf,4651,22.6301
Hanxin,HAN-1000-00375,LED100000375,Lite-On Technology,Lite-On Technology LED100000375 LED Components,LED Components,LED100000375 LED Components from Lite-On Technology. Sourced via professional procurement support; specs below.,package: 0805; forward_current_ma: 20,https://example.com/datasheet/LED100000375.pdf,3336,7.2367
LCSC,LCS-1000-00376,MEM100000376,SK Hynix,SK Hynix MEM100000376 Memory IC,Memory IC,MEM100000376 Memory IC from SK Hynix. Sourced via professional procurement support; specs below.,interface: SPI; memory_bytes: 16777216; speed_hz: 104000000,https://example.com/datasheet/MEM100000376.pdf,2391,15.2810
Mouser,MOU-1000-00377,XTAL100000377,TDK Corporation,TDK Corporation XTAL100000377 Crystal Oscillator,Crystal Oscillator,XTAL100000377 Crystal Oscillator from TDK Corporation. Sourced via professional procurement support; specs below.,load_capacitance_pf: 18; frequency_hz: 8000000,https://example.com/datasheet/XTAL100000377.pdf,2678,6.7945
Digikey,DIG-1000-00378,MCU100000378,QubitCore,QubitCore MCU100000378 Microcontroller,Microcontroller,MCU100000378 Microcontroller from QubitCore. Sourced via professional procurement support; specs below.,flash_bytes: 131072; Core: ARM Cortex-M4,https://example.com/datasheet/MCU100000378.pdf,2138,22.7235
Mouser,MOU-1000-00379,MOS100000379,Vishay Intertechnology,Vishay Intertechnology MOS100000379 MOSFET,MOSFET,MOS100000379 MOSFET from Vishay Intertechnology. Sourced via professional procurement support; specs below.,qg_nc: 45; vds_v: 55,https://example.com/datasheet/MOS100000379.pdf,3284,22.8621
HQEW,HQE-1000-00380,RES100000380,Yageo,Yageo RES100000380 Resistor,Resistor,RES100000380 Resistor from Yageo. Sourced via professional procurement support; specs below.,temperature_coeff: X7R; power_rating_w: 0.25; resistance_ohm: 10000; package: 0805,https://example.com/datasheet/RES100000380.pdf,3228,19.9366
HQEW,HQE-1000-00381,CAP100000381,Holy Stone,Holy Stone CAP100000381 Capacitor,Capacitor,CAP100000381 Capacitor from Holy Stone. Sourced via professional procurement support; specs below.,voltage_rating_v: 50; temperature_coeff: X7R; capacitance_pf: 100000; package: 0603,https://example.com/datasheet/CAP100000381.pdf,1121,16.8841
HQEW,HQE-1000-00382,IND100000382,CoilWorks,CoilWorks IND100000382 Inductor,Inductor,IND100000382 Inductor from CoilWorks. Sourced via professional procurement support; specs below.,current_rating_a: 1.5; package: 0805; inductance_uh: 4.7; tolerance: ±20%; Self Resonant Freq: 50MHz,https://example.com/datasheet/IND100000382.pdf,1003,10.1680
Digikey,DIG-1000-00383,SEN100000383,NXP Semiconductors,NXP Semiconductors SEN100000383 Sensors,Sensors,SEN100000383 Sensors from NXP Semiconductors. Sourced via professional procurement support; specs below.,accuracy: ±0.5; interface: I2C; range: 0-40; resolution_bits: 12; sensitivity: 260 LSB/g,https://example.com/datasheet/SEN100000383.pdf,266,6.9478
Mouser,MOU-1000-00384,CON100000384,TE Connectivity,TE Connectivity CON100000384 Connectors,Connectors,CON100000384 Connectors from TE Connectivity. Sourced via professional procurement support; specs below.,voltage_rating_v: 50; current_rating_a: 3; positions: 40,https://example.com/datasheet/CON100000384.pdf,4167,8.7675
Digikey,DIG-1000-00385,MOD100000385,Espressif Systems,Espressif Systems MOD100000385 Modules,Modules,MOD100000385 Modules from Espressif Systems. Sourced via professional procurement support; specs below.,interface: UART; data_rate_bps: 2000000; sensitivity_dbm: -95,https://example.com/datasheet/MOD100000385.pdf,1539,19.7694
Digikey,DIG-1000-00386,OPA100000386,Analog Devices,Analog Devices OPA100000386 Analog IC,Analog IC,OPA100000386 Analog IC from Analog Devices. Sourced via professional procurement support; specs below.,supply_current_ua: 200; package: SOIC-8,https://example.com/datasheet/OPA100000386.pdf,1489,0.8788
Mouser,MOU-1000-00387,PMIC100000387,Monolithic Power Systems,Monolithic Power Systems PMIC100000387 Power Management IC,Power Management IC,PMIC100000387 Power Management IC from Monolithic Power Systems. Sourced via professional procurement support; specs below.,voltage_out_v: 5; output_current_a: 3; package: SOT-23,https://example.com/datasheet/PMIC100000387.pdf,2041,2.6135
LCSC,LCS-1000-00388,DIO100000388,ON Semiconductor,ON Semiconductor DIO100000388 Diode,Diode,DIO100000388 Diode from ON Semiconductor. Sourced via professional procurement support; specs below.,vf_v: 0.7; vrrm_v: 100; if_a: 1,https://example.com/datasheet/DIO100000388.pdf,1264,1.3048
Mouser,MOU-1000-00389,LED100000389,LedWorks,LedWorks LED100000389 LED Components,LED Components,LED100000389 LED Components from LedWorks. Sourced via professional procurement support; specs below.,forward_voltage_v: 2.1; wavelength_nm: 650,https://example.com/datasheet/LED100000389.pdf,2465,2.9128
Hanxin,HAN-1000-00390,MEM100000390,SK Hynix,SK Hynix MEM100000390 Memory IC,Memory IC,MEM100000390 Memory IC from SK Hynix. Sourced via professional procurement support; specs below.,memory_bytes: 16777216; speed_hz: 104000000; Access Time: 70ns,https://example.com/datasheet/MEM100000390.pdf,1354,16.0401
Hanxin,HAN-1000-00391,XTAL100000391,Murata Manufacturing,Murata Manufacturing XTAL100000391 Crystal Oscillator,Crystal Oscillator,XTAL100000391 Crystal Oscillator from Murata Manufacturing. Sourced via professional procurement support; specs below.,frequency_hz: 8000000; package: SMD,https://example.com/datasheet/XTAL100000391.pdf,2885,0.9081
Mouser,MOU-1000-00392,MCU100000392,Microchip Technology,Microchip Technology MCU100000392 Microcontroller,Microcontroller,MCU100000392 Microcontroller from Microchip Technology. Sourced via professional procurement support; specs below.,frequency_hz: 72000000; voltage_v: 3.3; Core: ARM Cortex-M4,https://example.com/datasheet/MCU100000392.pdf,4031,6.8909
Mouser,MOU-1000-00393,MOS100000393,Yangjie,Yangjie MOS100000393 MOSFET,MOSFET,MOS100000393 MOSFET from Yangjie. Sourced via professional procurement support; specs below.,id_a: 30; On Resistance: 8mΩ; vgs_th_v: 2.5; vds_v: 55,https://example.com/datasheet/MOS100000393.pdf,3508,9.6457
Hanxin,HAN-1000-00394,RES100000394,Bourns,Bourns RES100000394 Resistor,Resistor,RES100000394 Resistor from Bourns. Sourced via professional procurement support; specs below.,resistance_ohm: 10000; tolerance: ±1%; power_rating_w: 0.25; temperature_coeff: X7R; Lifecycle Status: Active,https://example.com/datasheet/RES100000394.pdf,2813,17.7538
HQEW,HQE-1000-00395,CAP100000395,Murata Manufacturing,Murata Manufacturing CAP100000395 Capacitor,Capacitor,CAP100000395 Capacitor from Murata Manufacturing. Sourced via professional procurement support; specs below.,temperature_coeff: X7R; package: 0603; voltage_rating_v: 50,https://example.com/datasheet/CAP100000395.pdf,610,19.8481
Mouser,MOU-1000-00396,IND100000396,Murata Manufacturing,Murata Manufacturing IND100000396 Inductor,Inductor,IND100000396 Inductor from Murata Manufacturing. Sourced via professional procurement support; specs below.,current_rating_a: 1.5; inductance_uh: 4.7; package: 0805; Self Resonant Freq: 50MHz,https://example.com/datasheet/IND100000396.pdf,1577,2.1489
Mouser,MOU-1000-00397,SEN100000397,STMicroelectronics,STMicroelectronics SEN100000397 Sensors,Sensors,SEN100000397 Sensors from STMicroelectronics. Sourced via professional procurement support; specs below.,sensitivity: 260 LSB/g; resolution_bits: 12; interface: I2C; range: 0-40,https://example.com/datasheet/SEN100000397.pdf,2837,24.4274
Mouser,MOU-1000-00398,CON100000398,Molex,Molex CON100000398 Connectors,Connectors,CON100000398 Connectors from Molex. Sourced via professional procurement support; specs below.,pitch_mm: 2.54; voltage_rating_v: 50; current_rating_a: 3; positions: 40; mounting: SMD,https://example.com/datasheet/CON100000398.pdf,4143,11.9532
LCSC,LCS-1000-00399,MOD100000399,u-blox,u-blox MOD100000399 Modules,Modules,MOD100000399 Modules from u-blox. Sourced via professional procurement support; specs below.,interface: UART; output_power_dbm: 20; modulation: GFSK; Data Rate: 2Mbps,https://example.com/datasheet/MOD100000399.pdf,334,12.9861
Digikey,DIG-1000-00400,OPA100000400,Analog Devices,Analog Devices OPA100000400 Analog IC,Analog IC,OPA100000400 Analog IC from Analog Devices. Sourced via professional procurement support; specs below.,gain_db: 100; package: SOIC-8; bandwidth_hz: 1000000; supply_current_ua: 200,https://example.com/datasheet/OPA100000400.pdf,2942,19.7772
LCSC,LCS-1000-00401,PMIC100000401,Texas Instruments,Texas Instruments PMIC100000401 Power Management IC,Power Management IC,PMIC100000401 Power Management IC from Texas Instruments. Sourced via professional procurement support; specs below.,voltage_out_v: 5; output_current_a: 3; package: SOT-23,https://example.com/datasheet/PMIC100000401.pdf,3639,23.7172
Digikey,DIG-1000-00402,DIO100000402,ON Semiconductor,ON Semiconductor DIO100000402 Diode,Diode,DIO100000402 Diode from ON Semiconductor. Sourced via professional procurement support; specs below.,vrrm_v: 100; vf_v: 0.7,https://example.com/datasheet/DIO100000402.pdf,3605,8.1248
Mouser,MOU-1000-00403,LED100000403,Everlight Electronics,Everlight Electronics LED100000403 LED Components,LED Components,LED100000403 LED Components from Everlight Electronics. Sourced via professional procurement support; specs below.,wavelength_nm: 650; package: 0805; forward_current_ma: 20; forward_voltage_v: 2.1,https://example.com/datasheet/LED100000403.pdf,4929,15.9852
Hanxin,HAN-1000-00404,MEM100000404,Winbond Electronics,Winbond Electronics MEM100000404 Memory IC,Memory IC,MEM100000404 Memory IC from Winbond Electronics. Sourced via professional procurement support; specs below.,organization: x8; interface: SPI; memory_bytes: 16777216,https://example.com/datasheet/MEM100000404.pdf,3982,22.4831
Mouser,MOU-1000-00405,XTAL100000405,Murata Manufacturing,Murata Manufacturing XTAL100000405 Crystal Oscillator,Crystal Oscillator,XTAL100000405 Crystal Oscillator from Murata Manufacturing. Sourced via professional procurement support; specs below.,"[1, 2, 3]",https://example.com/datasheet/XTAL100000405.pdf,3606,2.3810
Mouser,MOU-1000-00406,MCU100000406,Microchip Technology,Microchip Technology MCU100000406 Microcontroller,Microcontroller,MCU100000406 Microcontroller from Microchip Technology. Sourced via professional procurement support; specs below.,io_count: 48; package: LQFP-48; frequency_hz: 72000000; ram_bytes: 20480,https://example.com/datasheet/MCU100000406.pdf,557,21.5883
Hanxin,HAN-1000-00407,MOS100000407,Infineon Technologies,Infineon Technologies MOS100000407 MOSFET,MOSFET,MOS100000407 MOSFET from Infineon Technologies. Sourced via professional procurement support; specs below.,Continuous Drain Current: 30A; rds_on_mohm: 8; Leakage Current: 1uA,https://example.com/datasheet/MOS100000407.pdf,4442,18.0630
LCSC,LCS-1000-00408,RES100000408,Bourns,Bourns RES100000408 Resistor,Resistor,RES100000408 Resistor from Bourns. Sourced via professional procurement support; specs below.,package: 0805; tolerance: ±1%; power_rating_w: 0.25; Lifecycle Status: Active,https://example.com/datasheet/RES100000408.pdf,2652,13.7279
HQEW,HQE-1000-00409,CAP100000409,KEMET Electronics,KEMET Electronics CAP100000409 Capacitor,Capacitor,CAP100000409 Capacitor from KEMET Electronics. Sourced via professional procurement support; specs below.,voltage_rating_v: 50; package: 0603; capacitance_pf: 100000; temperature_coeff: X7R,https://example.com/datasheet/CAP100000409.pdf,1260,1.2290
LCSC,LCS-1000-00410,IND100000410,Murata Manufacturing,Murata Manufacturing IND100000410 Inductor,Inductor,IND100000410 Inductor from Murata Manufacturing. Sourced via professional procurement support; specs below.,package: 0805; inductance_uh: 4.7; current_rating_a: 1.5,https://example.com/datasheet/IND100000410.pdf,2805,2.0787
Digikey,DIG-1000-00411,SEN100000411,BoschDummy,BoschDummy SEN100000411 Sensors,Sensors,SEN100000411 Sensors from BoschDummy. Sourced via professional procurement support; specs below.,sensitivity: 260 LSB/g; interface: I2C; accuracy: ±0.5,https://example.com/datasheet/SEN100000411.pdf,1057,14.5763
Digikey,DIG-1000-00412,CON100000412,Hirose Electric,Hirose Electric CON100000412 Connectors,Connectors,CON100000412 Connectors from Hirose Electric. Sourced via professional procurement support; specs below.,current_rating_a: 3; voltage_rating_v: 50; mounting: SMD,https://example.com/datasheet/CON100000412.pdf,1595,0.4378
Digikey,DIG-1000-00413,MOD100000413,Semtech,Semtech MOD100000413 Modules,Modules,MOD100000413 Modules from Semtech. Sourced via professional procurement support; specs below.,modulation: GFSK; output_power_dbm: 20; sensitivity_dbm: -95,https://example.com/datasheet/MOD100000413.pdf,3799,18.0739
Hanxin,HAN-1000-00414,OPA100000414,Analog Devices,Analog Devices OPA100000414 Analog IC,Analog IC,OPA100000414 Analog IC from Analog Devices. Sourced via professional procurement support; specs below.,package: SOIC-8; supply_current_ua: 200; bandwidth_hz: 1000000; gain_db: 100,https://example.com/datasheet/OPA100000414.pdf,4271,6.1382
Hanxin,HAN-1000-00415,PMIC100000415,Richtek Technology,Richtek Technology PMIC100000415 Power Management IC,Power Management IC,PMIC100000415 Power Management IC from Richtek Technology. Sourced via professional procurement support; specs below.,efficiency_percent: 92; package: SOT-23,https://example.com/datasheet/PMIC100000415.pdf,1714,3.0607
LCSC,LCS-1000-00416,DIO100000416,ON Semiconductor,ON Semiconductor DIO100000416 Diode,Diode,DIO100000416 Diode from ON Semiconductor. Sourced via professional procurement support; specs below.,if_a: 1; vrrm_v: 100,https://example.com/datasheet/DIO100000416.pdf,1189,19.5286
LCSC,LCS-1000-00417,LED100000417,Everlight Electronics,Everlight Electronics LED100000417 LED Components,LED Components,LED100000417 LED Components from Everlight Electronics. Sourced via professional procurement support; specs below.,forward_voltage_v: 2.1; forward_current_ma: 20,https://example.com/datasheet/LED100000417.pdf,4598,3.2172
HQEW,HQE-1000-00418,MEM100000418,Micron Technology,Micron Technology MEM100000418 Memory IC,Memory IC,MEM100000418 Memory IC from Micron Technology. Sourced via professional procurement support; specs below.,interface: SPI; organization: x8; memory_bytes: 16777216,https://example.com/datasheet/MEM100000418.pdf,3735,13.8143
HQEW,HQE-1000-00419,XTAL100000419,Murata Manufacturing,Murata Manufacturing XTAL100000419 Crystal Oscillator,Crystal Oscillator,XTAL100000419 Crystal Oscillator from Murata Manufacturing. Sourced via professional procurement support; specs below.,frequency_hz: 8000000; package: SMD; load_capacitance_pf: 18,https://example.com/datasheet/XTAL100000419.pdf,4023,3.5071
LCSC,LCS-1000-00420,MCU100000420,Holtek Semiconductor,Holtek Semiconductor MCU100000420 Microcontroller,Microcontroller,MCU100000420 Microcontroller from Holtek Semiconductor. Sourced via professional procurement support; specs below.,voltage_v: 3.3; flash_bytes: 131072; frequency_hz: 72000000,https://example.com/datasheet/MCU100000420.pdf,1077,17.6472
Hanxin,HAN-1000-00421,MOS100000421,Vishay Intertechnology,Vishay Intertechnology MOS100000421 MOSFET,MOSFET,MOS100000421 MOSFET from Vishay Intertechnology. Sourced via professional procurement support; specs below.,package: SOT-23; On Resistance: 8mΩ; Gate Charge Type: standard,https://example.com/datasheet/MOS100000421.pdf,3129,13.0904
LCSC,LCS-1000-00422,RES100000422,Fenghua,Fenghua RES100000422 Resistor,Resistor,RES100000422 Resistor from Fenghua. Sourced via professional procurement support; specs below.,package: 0805; tolerance: ±1%; temperature_coeff: X7R,https://example.com/datasheet/RES100000422.pdf,4549,0.1291
LCSC,LCS-1000-00423,CAP100000423,Murata Manufacturing,Murata Manufacturing CAP100000423 Capacitor,Capacitor,CAP100000423 Capacitor from Murata Manufacturing. Sourced via professional procurement support; specs below.,temperature_coeff: X7R; package: 0603,https://example.com/datasheet/CAP100000423.pdf,912,17.4664
Hanxin,HAN-1000-00424,IND100000424,Wurth Elektronik,Wurth Elektronik IND100000424 Inductor,Inductor,IND100000424 Inductor from Wurth Elektronik. Sourced via professional procurement support; specs below.,inductance_uh: 4.7; package: 0805,https://example.com/datasheet/IND100000424.pdf,3059,17.9263
HQEW,HQE-1000-00425,SEN100000425,BoschDummy,BoschDummy SEN100000425 Sensors,Sensors,SEN100000425 Sensors from BoschDummy. Sourced via professional procurement support; specs below.,accuracy: ±0.5; range: 0-40; resolution_bits: 12,https://example.com/datasheet/SEN100000425.pdf,3903,2.8254
HQEW,HQE-1000-00426,CON100000426,TE Connectivity,TE Connectivity CON100000426 Connectors,Connectors,CON100000426 Connectors from TE Connectivity. Sourced via professional procurement support; specs below.,voltage_rating_v: 50; current_rating_a: 3,https://example.com/datasheet/CON100000426.pdf,1206,11.7444
Digikey,DIG-1000-00427,MOD100000427,Espressif Systems,Espressif Systems MOD100000427 Modules,Modules,MOD100000427 Modules from Espressif Systems. Sourced via professional procurement support; specs below.,output_power_dbm: 20; sensitivity_dbm: -95; modulation: GFSK; Data Rate: 2Mbps,https://example.com/datasheet/MOD100000427.pdf,1933,4.9685
Hanxin,HAN-1000-00428,OPA100000428,Analog Devices,Analog Devices OPA100000428 Analog IC,Analog IC,OPA100000428 Analog IC from Analog Devices. Sourced via professional procurement support; specs below.,gain_db: 100; package: SOIC-8; bandwidth_hz: 1000000; supply_current_ua: 200,https://example.com/datasheet/OPA100000428.pdf,3393,20.2837
HQEW,HQE-1000-00429,PMIC100000429,Infineon Technologies,Infineon Technologies PMIC100000429 Power Management IC,Power Management IC,PMIC100000429 Power Management IC from Infineon Technologies. Sourced via professional procurement support; specs below.,output_current_a: 3; voltage_in_max_v: 28; efficiency_percent: 92; voltage_in_min_v: 4.5,https://example.com/datasheet/PMIC100000429.pdf,4559,6.7061
Digikey,DIG-1000-00430,DIO100000430,Littelfuse,Littelfuse DIO100000430 Diode,Diode,DIO100000430 Diode from Littelfuse. Sourced via professional procurement support; specs below.,if_a: 1; vrrm_v: 100; vf_v: 0.7,https://example.com/datasheet/DIO100000430.pdf,2601,8.2396
Hanxin,HAN-1000-00431,LED100000431,Everlight Electronics,Everlight Electronics LED100000431 LED Components,LED Components,LED100000431 LED Components from Everlight Electronics. Sourced via professional procurement support; specs below.,package: 0805; forward_voltage_v: 2.1; wavelength_nm: 650,https://example.com/datasheet/LED100000431.pdf,3874,15.0874
Digikey,DIG-1000-00432,MEM100000432,StoreX,StoreX MEM100000432 Memory IC,Memory IC,MEM100000432 Memory IC from StoreX. Sourced via professional procurement support; specs below.,speed_hz: 104000000; interface: SPI; memory_bytes: 16777216,https://example.com/datasheet/MEM100000432.pdf,2273,11.3576
Hanxin,HAN-1000-00433,XTAL100000433,AbraconX,AbraconX XTAL100000433 Crystal Oscillator,Crystal Oscillator,XTAL100000433 Crystal Oscillator from AbraconX. Sourced via professional procurement support; specs below.,frequency_hz: 8000000; load_capacitance_pf: 18; package: SMD,https://example.com/datasheet/XTAL100000433.pdf,2675,13.4727
Digikey,DIG-1000-00434,MCU100000434,STMicroelectronics,STMicroelectronics MCU100000434 Microcontroller,Microcontroller,MCU100000434 Microcontroller from STMicroelectronics. Sourced via professional procurement support; specs below.,Operating Voltage: 3.3V; flash_bytes: 131072; voltage_v: 3.3; ram_bytes: 20480,https://example.com/datasheet/MCU100000434.pdf,543,22.6817
Hanxin,HAN-1000-00435,MOS100000435,Alpha & Omega Semiconductor,Alpha & Omega Semiconductor MOS100000435 MOSFET,MOSFET,MOS100000435 MOSFET from Alpha & Omega Semiconductor. Sourced via professional procurement support; specs below.,package: SOT-23; rds_on_mohm: 8; id_a: 30; vgs_th_v: 2.5,https://example.com/datasheet/MOS100000435.pdf,2753,12.8051
HQEW,HQE-1000-00436,RES100000436,KEMET Electronics,KEMET Electronics RES100000436 Resistor,Resistor,RES100000436 Resistor from KEMET Electronics. Sourced via professional procurement support; specs below.,"[1, 2, 3]",https://example.com/datasheet/RES100000436.pdf,2183,22.0167
LCSC,LCS-1000-00437,CAP100000437,TDK Corporation,TDK Corporation CAP100000437 Capacitor,Capacitor,CAP100000437 Capacitor from TDK Corporation. Sourced via professional procurement support; specs below.,package: 0603; Capacitor Value: 100nF,https://example.com/datasheet/CAP100000437.pdf,4325,12.3476
Hanxin,HAN-1000-00438,IND100000438,CoilWorks,CoilWorks IND100000438 Inductor,Inductor,IND100000438 Inductor from CoilWorks. Sourced via professional procurement support; specs below.,tolerance: ±20%; inductance_uh: 4.7,https://example.com/datasheet/IND100000438.pdf,1632,18.8554
LCSC,LCS-1000-00439,SEN100000439,BoschDummy,BoschDummy SEN100000439 Sensors,Sensors,SEN100000439 Sensors from BoschDummy. Sourced via professional procurement support; specs below.,range: 0-40; sensitivity: 260 LSB/g,https://example.com/datasheet/SEN100000439.pdf,2398,3.0264
HQEW,HQE-1000-00440,CON100000440,JST,JST CON100000440 Connectors,Connectors,CON100000440 Connectors from JST. Sourced via professional procurement support; specs below.,mounting: SMD; current_rating_a: 3,https://example.com/datasheet/CON100000440.pdf,4659,23.3321
Mouser,MOU-1000-00441,MOD100000441,ModuLink,ModuLink MOD100000441 Modules,Modules,MOD100000441 Modules from ModuLink. Sourced via professional procurement support; specs below.,Data Rate: 2Mbps; interface: UART; data_rate_bps: 2000000,https://example.com/datasheet/MOD100000441.pdf,3332,21.5438
Hanxin,HAN-1000-00442,OPA100000442,Maxim Integrated,Maxim Integrated OPA100000442 Analog IC,Analog IC,OPA100000442 Analog IC from Maxim Integrated. Sourced via professional procurement support; specs below.,supply_current_ua: 200; gain_db: 100,https://example.com/datasheet/OPA100000442.pdf,2243,3.0153
Digikey,DIG-1000-00443,PMIC100000443,Texas Instruments,Texas Instruments PMIC100000443 Power Management IC,Power Management IC,PMIC100000443 Power Management IC from Texas Instruments. Sourced via professional procurement support; specs below.,voltage_out_v: 5; package: SOT-23,https://example.com/datasheet/PMIC100000443.pdf,3819,8.5465
LCSC,LCS-1000-00444,DIO100000444,Vishay Intertechnology,Vishay Intertechnology DIO100000444 Diode,Diode,DIO100000444 Diode from Vishay Intertechnology. Sourced via professional procurement support; specs below.,vf_v: 0.7; if_a: 1,https://example.com/datasheet/DIO100000444.pdf,475,0.4685
HQEW,HQE-1000-00445,LED100000445,Kingbright,Kingbright LED100000445 LED Components,LED Components,LED100000445 LED Components from Kingbright. Sourced via professional procurement support; specs below.,wavelength_nm: 650; package: 0805; forward_voltage_v: 2.1; forward_current_ma: 20,https://example.com/datasheet/LED100000445.pdf,2618,24.4080
Hanxin,HAN-1000-00446,MEM100000446,Micron Technology,Micron Technology MEM100000446 Memory IC,Memory IC,MEM100000446 Memory IC from Micron Technology. Sourced via professional procurement support; specs below.,memory_bytes: 16777216; interface: SPI,https://example.com/datasheet/MEM100000446.pdf,1636,11.9876
Digikey,DIG-1000-00447,XTAL100000447,Murata Manufacturing,Murata Manufacturing XTAL100000447 Crystal Oscillator,Crystal Oscillator,XTAL100000447 Crystal Oscillator from Murata Manufacturing. Sourced via professional procurement support; specs below.,frequency_hz: 8000000; load_capacitance_pf: 18,https://example.com/datasheet/XTAL100000447.pdf,2034,13.1609
Hanxin,HAN-1000-00448,MCU100000448,Nuvoton Technology,Nuvoton Technology MCU100000448 Microcontroller,Microcontroller,MCU100000448 Microcontroller from Nuvoton Technology. Sourced via professional procurement support; specs below.,flash_bytes: 131072; ram_bytes: 20480; package: LQFP-48,https://example.com/datasheet/MCU100000448.pdf,4075,7.9413
Digikey,DIG-1000-00449,MOS100000449,Yangjie,Yangjie MOS100000449 MOSFET,MOSFET,MOS100000449 MOSFET from Yangjie. Sourced via professional procurement support; specs below.,package: SOT-23; vds_v: 55; vgs_th_v: 2.5,https://example.com/datasheet/MOS100000449.pdf,3568,13.7114
Mouser,MOU-1000-00450,RES100000450,Vishay Intertechnology,Vishay Intertechnology RES100000450 Resistor,Resistor,RES100000450 Resistor from Vishay Intertechnology. Sourced via professional procurement support; specs below.,package: 0805; power_rating_w: 0.25; temperature_coeff: X7R; tolerance: ±1%,https://example.com/datasheet/RES100000450.pdf,3914,24.6034
HQEW,HQE-1000-00451,CAP100000451,TDK Corporation,TDK Corporation CAP100000451 Capacitor,Capacitor,CAP100000451 Capacitor from TDK Corporation. Sourced via professional procurement support; specs below.,package: 0603; voltage_rating_v: 50,https://example.com/datasheet/CAP100000451.pdf,4032,20.8776
Digikey,DIG-1000-00452,IND100000452,Bourns,Bourns IND100000452 Inductor,Inductor,IND100000452 Inductor from Bourns. Sourced via professional procurement support; specs below.,current_rating_a: 1.5; package: 0805; Self Resonant Freq: 50MHz,https://example.com/datasheet/IND100000452.pdf,2021,23.6431
HQEW,HQE-1000-00453,SEN100000453,TE Connectivity,TE Connectivity SEN100000453 Sensors,Sensors,SEN100000453 Sensors from TE Connectivity. Sourced via professional procurement support; specs below.,range: 0-40; interface: I2C; resolution_bits: 12,https://example.com/datasheet/SEN100000453.pdf,2550,13.8760
Digikey,DIG-1000-00454,CON100000454,JST,JST CON100000454 Connectors,Connectors,CON100000454 Connectors from JST. Sourced via professional procurement support; specs below.,positions: 40; pitch_mm: 2.54; voltage_rating_v: 50; mounting: SMD; current_rating_a: 3,https://example.com/datasheet/CON100000454.pdf,4133,6.1231
Hanxin,HAN-1000-00455,MOD100000455,MeshWorks,MeshWorks MOD100000455 Modules,Modules,MOD100000455 Modules from MeshWorks. Sourced via professional procurement support; specs below.,modulation: GFSK; data_rate_bps: 2000000; Data Rate: 2Mbps; sensitivity_dbm: -95,https://example.com/datasheet/MOD100000455.pdf,2932,5.5089
Mouser,MOU-1000-00456,OPA100000456,Analog Devices,Analog Devices OPA100000456 Analog IC,Analog IC,OPA100000456 Analog IC from Analog Devices. Sourced via professional procurement support; specs below.,supply_current_ua: 200; package: SOIC-8,https://example.com/datasheet/OPA100000456.pdf,3793,0.3477
HQEW,HQE-1000-00457,PMIC100000457,Richtek Technology,Richtek Technology PMIC100000457 Power Management IC,Power Management IC,PMIC100000457 Power Management IC from Richtek Technology. Sourced via professional procurement support; specs below.,voltage_in_min_v: 4.5; output_current_a: 3; voltage_out_v: 5; package: SOT-23,https://example.com/datasheet/PMIC100000457.pdf,4927,22.3689
Mouser,MOU-1000-00458,DIO100000458,Diodes Incorporated,Diodes Incorporated DIO100000458 Diode,Diode,DIO100000458 Diode from Diodes Incorporated. Sourced via professional procurement support; specs below.,if_a: 1; vrrm_v: 100,https://example.com/datasheet/DIO100000458.pdf,4627,2.6004
Hanxin,HAN-1000-00459,LED100000459,Kingbright,Kingbright LED100000459 LED Components,LED Components,LED100000459 LED Components from Kingbright. Sourced via professional procurement support; specs below.,forward_voltage_v: 2.1; wavelength_nm: 650; forward_current_ma: 20,https://example.com/datasheet/LED100000459.pdf,2768,13.3961
Mouser,MOU-1000-00460,MEM100000460,StoreX,StoreX MEM100000460 Memory IC,Memory IC,MEM100000460 Memory IC from StoreX. Sourced via professional procurement support; specs below.,speed_hz: 104000000; memory_bytes: 16777216,https://example.com/datasheet/MEM100000460.pdf,591,14.4557
Hanxin,HAN-1000-00461,XTAL100000461,Murata Manufacturing,Murata Manufacturing XTAL100000461 Crystal Oscillator,Crystal Oscillator,XTAL100000461 Crystal Oscillator from Murata Manufacturing. Sourced via professional procurement support; specs below.,load_capacitance_pf: 18; package: SMD,https://example.com/datasheet/XTAL100000461.pdf,1243,7.5249
Digikey,DIG-1000-00462,MCU100000462,Holtek Semiconductor,Holtek Semiconductor MCU100000462 Microcontroller,Microcontroller,MCU100000462 Microcontroller from Holtek Semiconductor. Sourced via professional procurement support; specs below.,ram_bytes: 20480; voltage_v: 3.3; io_count: 48,https://example.com/datasheet/MCU100000462.pdf,2743,15.7043
Digikey,DIG-1000-00463,MOS100000463,ON Semiconductor,ON Semiconductor MOS100000463 MOSFET,MOSFET,MOS100000463 MOSFET from ON Semiconductor. Sourced via professional procurement support; specs below.,package: SOT-23; On Resistance: 8mΩ; vgs_th_v: 2.5; rds_on_mohm: 8,https://example.com/datasheet/MOS100000463.pdf,2794,0.9079
Mouser,MOU-1000-00464,RES100000464,Bourns,Bourns RES100000464 Resistor,Resistor,RES100000464 Resistor from Bourns. Sourced via professional procurement support; specs below.,resistance_ohm: 10000; power_rating_w: 0.25; package: 0805,https://example.com/datasheet/RES100000464.pdf,748,8.3144
HQEW,HQE-1000-00465,CAP100000465,KEMET Electronics,KEMET Electronics CAP100000465 Capacitor,Capacitor,CAP100000465 Capacitor from KEMET Electronics. Sourced via professional procurement support; specs below.,voltage_rating_v: 50; tolerance: ±10%; temperature_coeff: X7R; capacitance_pf: 100000; Ripple Current: 100mA,https://example.com/datasheet/CAP100000465.pdf,3188,20.6530
Hanxin,HAN-1000-00466,IND100000466,Wurth Elektronik,Wurth Elektronik IND100000466 Inductor,Inductor,IND100000466 Inductor from Wurth Elektronik. Sourced via professional procurement support; specs below.,package: 0805; tolerance: ±20%; inductance_uh: 4.7; current_rating_a: 1.5,https://example.com/datasheet/IND100000466.pdf,1191,16.1280
LCSC,LCS-1000-00467,SEN100000467,NXP Semiconductors,NXP Semiconductors SEN100000467 Sensors,Sensors,SEN100000467 Sensors from NXP Semiconductors. Sourced via professional procurement support; specs below.,range: 0-40; sensitivity: 260 LSB/g; accuracy: ±0.5,https://example.com/datasheet/SEN100000467.pdf,4527,19.8364
Hanxin,HAN-1000-00468,CON100000468,PlugWorks,PlugWorks CON100000468 Connectors,Connectors,CON100000468 Connectors from PlugWorks. Sourced via professional procurement support; specs below.,current_rating_a: 3; pitch_mm: 2.54,https://example.com/datasheet/CON100000468.pdf,4068,20.7952
LCSC,LCS-1000-00469,MOD100000469,SIMCom,SIMCom MOD100000469 Modules,Modules,MOD100000469 Modules from SIMCom. Sourced via professional procurement support; specs below.,modulation: GFSK; data_rate_bps: 2000000; output_power_dbm: 20; interface: UART,https://example.com/datasheet/MOD100000469.pdf,863,18.0044
Mouser,MOU-1000-00470,OPA100000470,Analog Devices,Analog Devices OPA100000470 Analog IC,Analog IC,OPA100000470 Analog IC from Analog Devices. Sourced via professional procurement support; specs below.,package: SOIC-8; gain_db: 100; supply_current_ua: 200; bandwidth_hz: 1000000,https://example.com/datasheet/OPA100000470.pdf,3712,22.8456
HQEW,HQE-1000-00471,PMIC100000471,Richtek Technology,Richtek Technology PMIC100000471 Power Management IC,Power Management IC,PMIC100000471 Power Management IC from Richtek Technology. Sourced via professional procurement support; specs below.,"[1, 2, 3]",https://example.com/datasheet/PMIC100000471.pdf,1507,21.7943
LCSC,LCS-1000-00472,DIO100000472,,Unknown DIO100000472 Diode,Diode,DIO100000472 Diode from unspecified. Sourced via professional procurement support; specs below.,vrrm_v: 100; if_a: 1,https://example.com/datasheet/DIO100000472.pdf,1681,11.1240
LCSC,LCS-1000-00473,LED100000473,LedWorks,LedWorks LED100000473 LED Components,LED Components,LED100000473 LED Components from LedWorks. Sourced via professional procurement support; specs below.,wavelength_nm: 650; package: 0805; forward_current_ma: 20,https://example.com/datasheet/LED100000473.pdf,1920,11.0550
Mouser,MOU-1000-00474,MEM100000474,Winbond Electronics,Winbond Electronics MEM100000474 Memory IC,Memory IC,MEM100000474 Memory IC from Winbond Electronics. Sourced via professional procurement support; specs below.,speed_hz: 104000000; interface: SPI,https://example.com/datasheet/MEM100000474.pdf,1632,12.4335
Mouser,MOU-1000-00475,XTAL100000475,TDK Corporation,TDK Corporation XTAL100000475 Crystal Oscillator,Crystal Oscillator,XTAL100000475 Crystal Oscillator from TDK Corporation. Sourced via professional procurement support; specs below.,load_capacitance_pf: 18; frequency_hz: 8000000; package: SMD,https://example.com/datasheet/XTAL100000475.pdf,250,5.1587
LCSC,LCS-1000-00476,MCU100000476,Holtek Semiconductor,Holtek Semiconductor MCU100000476 Microcontroller,Microcontroller,MCU100000476 Microcontroller from Holtek Semiconductor. Sourced via professional procurement support; specs below.,Program Memory: 128KB; io_count: 48; voltage_v: 3.3; package: LQFP-48,https://example.com/datasheet/MCU100000476.pdf,3991,0.3923
Hanxin,HAN-1000-00477,MOS100000477,Vishay Intertechnology,Vishay Intertechnology MOS100000477 MOSFET,MOSFET,MOS100000477 MOSFET from Vishay Intertechnology. Sourced via professional procurement support; specs below.,package: SOT-23; qg_nc: 45,https://example.com/datasheet/MOS100000477.pdf,1368,0.1433
Mouser,MOU-1000-00478,RES100000478,KEMET Electronics,KEMET Electronics RES100000478 Resistor,Resistor,RES100000478 Resistor from KEMET Electronics. Sourced via professional procurement support; specs below.,tolerance: ±1%; temperature_coeff: X7R; resistance_ohm: 10000; power_rating_w: 0.25,https://example.com/datasheet/RES100000478.pdf,3491,9.5631
Hanxin,HAN-1000-00479,CAP100000479,Holy Stone,Holy Stone CAP100000479 Capacitor,Capacitor,CAP100000479 Capacitor from Holy Stone. Sourced via professional procurement support; specs below.,temperature_coeff: X7R; capacitance_pf: 100000; tolerance: ±10%; package: 0603,https://example.com/datasheet/CAP100000479.pdf,1952,23.3915
Hanxin,HAN-1000-00480,IND100000480,Bourns,Bourns IND100000480 Inductor,Inductor,IND100000480 Inductor from Bourns. Sourced via professional procurement support; specs below.,inductance_uh: 4.7; tolerance: ±20%; package: 0805,https://example.com/datasheet/IND100000480.pdf,4262,14.0283
LCSC,LCS-1000-00481,SEN100000481,NXP Semiconductors,NXP Semiconductors SEN100000481 Sensors,Sensors,SEN100000481 Sensors from NXP Semiconductors. Sourced via professional procurement support; specs below.,range: 0-40; accuracy: ±0.5; interface: I2C; sensitivity: 260 LSB/g,https://example.com/datasheet/SEN100000481.pdf,4819,16.9954
Mouser,MOU-1000-00482,CON100000482,TE Connectivity,TE Connectivity CON100000482 Connectors,Connectors,CON100000482 Connectors from TE Connectivity. Sourced via professional procurement support; specs below.,positions: 40; mounting: SMD; voltage_rating_v: 50; current_rating_a: 3; pitch_mm: 2.54,https://example.com/datasheet/CON100000482.pdf,1036,14.3430
LCSC,LCS-1000-00483,MOD100000483,Espressif Systems,Espressif Systems MOD100000483 Modules,Modules,MOD100000483 Modules from Espressif Systems. Sourced via professional procurement support; specs below.,data_rate_bps: 2000000; output_power_dbm: 20,https://example.com/datasheet/MOD100000483.pdf,1690,6.7891
Hanxin,HAN-1000-00484,OPA100000484,OpAmpInc,OpAmpInc OPA100000484 Analog IC,Analog IC,OPA100000484 Analog IC from OpAmpInc. Sourced via professional procurement support; specs below.,gain_db: 100; package: SOIC-8; supply_current_ua: 200,https://example.com/datasheet/OPA100000484.pdf,3341,24.4286
Hanxin,HAN-1000-00485,PMIC100000485,Richtek Technology,Richtek Technology PMIC100000485 Power Management IC,Power Management IC,PMIC100000485 Power Management IC from Richtek Technology. Sourced via professional procurement support; specs below.,efficiency_percent: 92; voltage_out_v: 5; voltage_in_min_v: 4.5; package: SOT-23; voltage_in_max_v: 28,https://example.com/datasheet/PMIC100000485.pdf,735,19.6495
HQEW,HQE-1000-00486,DIO100000486,ON Semiconductor,ON Semiconductor DIO100000486 Diode,Diode,DIO100000486 Diode from ON Semiconductor. Sourced via professional procurement support; specs below.,vf_v: 0.7; if_a: 1; Reverse Recovery: 50ns,https://example.com/datasheet/DIO100000486.pdf,1567,19.1833
Mouser,MOU-1000-00487,LED100000487,Lite-On Technology,Lite-On Technology LED100000487 LED Components,LED Components,LED100000487 LED Components from Lite-On Technology. Sourced via professional procurement support; specs below.,package: 0805; forward_current_ma: 20,https://example.com/datasheet/LED100000487.pdf,2741,5.6171
Mouser,MOU-1000-00488,MEM100000488,Winbond Electronics,Winbond Electronics MEM100000488 Memory IC,Memory IC,MEM100000488 Memory IC from Winbond Electronics. Sourced via professional procurement support; specs below.,memory_bytes: 16777216; organization: x8,https://example.com/datasheet/MEM100000488.pdf,3346,22.1751
HQEW,HQE-1000-00489,XTAL100000489,TDK Corporation,TDK Corporation XTAL100000489 Crystal Oscillator,Crystal Oscillator,XTAL100000489 Crystal Oscillator from TDK Corporation. Sourced via professional procurement support; specs below.,package: SMD; frequency_hz: 8000000,https://example.com/datasheet/XTAL100000489.pdf,3782,6.6612
LCSC,LCS-1000-00490,MCU100000490,AcmeSemi,AcmeSemi MCU100000490 Microcontroller,Microcontroller,MCU100000490 Microcontroller from AcmeSemi. Sourced via professional procurement support; specs below.,ram_bytes: 20480; frequency_hz: 72000000; io_count: 48; Thermal Resistance: 45 C/W,https://example.com/datasheet/MCU100000490.pdf,799,19.6475
Hanxin,HAN-1000-00491,MOS100000491,HexaFab,HexaFab MOS100000491 MOSFET,MOSFET,MOS100000491 MOSFET from HexaFab. Sourced via professional procurement support; specs below.,id_a: 30,https://example.com/datasheet/MOS100000491.pdf,3950,7.5154
Hanxin,HAN-1000-00492,RES100000492,Yageo,Yageo RES100000492 Resistor,Resistor,RES100000492 Resistor from Yageo. Sourced via professional procurement support; specs below.,tolerance: ±1%; resistance_ohm: 10000; package: 0805; power_rating_w: 0.25; Lifecycle Status: Active,https://example.com/datasheet/RES100000492.pdf,1163,21.5854
HQEW,HQE-1000-00493,CAP100000493,Holy Stone,Holy Stone CAP100000493 Capacitor,Capacitor,CAP100000493 Capacitor from Holy Stone. Sourced via professional procurement support; specs below.,tolerance: ±10%; voltage_rating_v: 50; package: 0603; capacitance_pf: 100000,https://example.com/datasheet/CAP100000493.pdf,4467,14.7834
Hanxin,HAN-1000-00494,IND100000494,CoilWorks,CoilWorks IND100000494 Inductor,Inductor,IND100000494 Inductor from CoilWorks. Sourced via professional procurement support; specs below.,package: 0805; tolerance: ±20%,https://example.com/datasheet/IND100000494.pdf,3480,13.1835
HQEW,HQE-1000-00495,SEN100000495,STMicroelectronics,STMicroelectronics SEN100000495 Sensors,Sensors,SEN100000495 Sensors from STMicroelectronics. Sourced via professional procurement support; specs below.,accuracy: ±0.5; range: 0-40; resolution_bits: 12; sensitivity: 260 LSB/g; Output Type: Analog,https://example.com/datasheet/SEN100000495.pdf,602,3.0159
LCSC,LCS-1000-00496,CON100000496,Molex,Molex CON100000496 Connectors,Connectors,CON100000496 Connectors from Molex. Sourced via professional procurement support; specs below.,current_rating_a: 3; positions: 40; mounting: SMD; pitch_mm: 2.54,https://example.com/datasheet/CON100000496.pdf,3576,15.5898
Mouser,MOU-1000-00497,MOD100000497,Semtech,Semtech MOD100000497 Modules,Modules,MOD100000497 Modules from Semtech. Sourced via professional procurement support; specs below.,data_rate_bps: 2000000; modulation: GFSK,https://example.com/datasheet/MOD100000497.pdf,2113,18.5122
Digikey,DIG-1000-00498,OPA100000498,Analog Devices,Analog Devices OPA100000498 Analog IC,Analog IC,OPA100000498 Analog IC from Analog Devices. Sourced via professional procurement support; specs below.,gain_db: 100; bandwidth_hz: 1000000,https://example.com/datasheet/OPA100000498.pdf,2808,20.9744
Mouser,MOU-1000-00499,PMIC100000499,Texas Instruments,Texas Instruments PMIC100000499 Power Management IC,Power Management IC,PMIC100000499 Power Management IC from Texas Instruments. Sourced via professional procurement support; specs below.,voltage_out_v: 5; efficiency_percent: 92; output_current_a: 3,https://example.com/datasheet/PMIC100000499.pdf,516,0.9425
HQEW,HQE-1000-00500,DIO100000500,Diodes Incorporated,Diodes Incorporated DIO100000500 Diode,Diode,DIO100000500 Diode from Diodes Incorporated. Sourced via professional procurement support; specs below.,vf_v: 0.7; vrrm_v: 100; if_a: 1,https://example.com/datasheet/DIO100000500.pdf,381,11.0419
Digikey,DIG-1000-00501,LED100000501,Kingbright,Kingbright LED100000501 LED Components,LED Components,LED100000501 LED Components from Kingbright. Sourced via professional procurement support; specs below.,forward_current_ma: 20; forward_voltage_v: 2.1; wavelength_nm: 650; package: 0805; Luminous Intensity: 100mcd,https://example.com/datasheet/LED100000501.pdf,1820,12.4877
LCSC,LCS-1000-00502,MEM100000502,Winbond Electronics,Winbond Electronics MEM100000502 Memory IC,Memory IC,MEM100000502 Memory IC from Winbond Electronics. Sourced via professional procurement support; specs below.,organization: x8; speed_hz: 104000000; memory_bytes: 16777216,https://example.com/datasheet/MEM100000502.pdf,4848,8.5221
Digikey,DIG-1000-00503,XTAL100000503,Wurth Elektronik,Wurth Elektronik XTAL100000503 Crystal Oscillator,Crystal Oscillator,XTAL100000503 Crystal Oscillator from Wurth Elektronik. Sourced via professional procurement support; specs below.,package: SMD; load_capacitance_pf: 18,https://example.com/datasheet/XTAL100000503.pdf,1639,19.4006
HQEW,HQE-1000-00504,MCU100000504,GigaDevice Semiconductor,GigaDevice Semiconductor MCU100000504 Microcontroller,Microcontroller,MCU100000504 Microcontroller from GigaDevice Semiconductor. Sourced via professional procurement support; specs below.,flash_bytes: 131072; Program Memory: 128KB; Core: ARM Cortex-M4; voltage_v: 3.3,https://example.com/datasheet/MCU100000504.pdf,1037,1.7575
LCSC,LCS-1000-00505,MOS100000505,Vishay Intertechnology,Vishay Intertechnology MOS100000505 MOSFET,MOSFET,MOS100000505 MOSFET from Vishay Intertechnology. Sourced via professional procurement support; specs below.,vds_v: 55; On Resistance: 8mΩ,https://example.com/datasheet/MOS100000505.pdf,4277,0.3579
Digikey,DIG-1000-00506,RES100000506,Yageo,Yageo RES100000506 Resistor,Resistor,RES100000506 Resistor from Yageo. Sourced via professional procurement support; specs below.,package: 0805; resistance_ohm: 10000; temperature_coeff: X7R,https://example.com/datasheet/RES100000506.pdf,2052,13.9000
LCSC,LCS-1000-00507,CAP100000507,SigmaStore,SigmaStore CAP100000507 Capacitor,Capacitor,CAP100000507 Capacitor from SigmaStore. Sourced via professional procurement support; specs below.,package: 0603; capacitance_pf: 100000; voltage_rating_v: 50; tolerance: ±10%,https://example.com/datasheet/CAP100000507.pdf,1303,21.4105
Digikey,DIG-1000-00508,IND100000508,InduMax,InduMax IND100000508 Inductor,Inductor,IND100000508 Inductor from InduMax. Sourced via professional procurement support; specs below.,tolerance: ±20%; current_rating_a: 1.5; package: 0805,https://example.com/datasheet/IND100000508.pdf,3600,24.9351
Digikey,DIG-1000-00509,SEN100000509,BoschDummy,BoschDummy SEN100000509 Sensors,Sensors,SEN100000509 Sensors from BoschDummy. Sourced via professional procurement support; specs below.,accuracy: ±0.5; sensitivity: 260 LSB/g; range: 0-40,https://example.com/datasheet/SEN100000509.pdf,346,24.9429
Mouser,MOU-1000-00510,CON100000510,Molex,Molex CON100000510 Connectors,Connectors,CON100000510 Connectors from Molex. Sourced via professional procurement support; specs below.,current_rating_a: 3; pitch_mm: 2.54; voltage_rating_v: 50; positions: 40; mounting: SMD,https://example.com/datasheet/CON100000510.pdf,2163,5.5277
Mouser,MOU-1000-00511,MOD100000511,Semtech,Semtech MOD100000511 Modules,Modules,MOD100000511 Modules from Semtech. Sourced via professional procurement support; specs below.,modulation: GFSK; output_power_dbm: 20; interface: UART; data_rate_bps: 2000000,https://example.com/datasheet/MOD100000511.pdf,1162,2.5609
Digikey,DIG-1000-00512,OPA100000512,Analog Devices,Analog Devices OPA100000512 Analog IC,Analog IC,OPA100000512 Analog IC from Analog Devices. Sourced via professional procurement support; specs below.,supply_current_ua: 200; package: SOIC-8; gain_db: 100,https://example.com/datasheet/OPA100000512.pdf,3042,3.0557
Mouser,MOU-1000-00513,PMIC100000513,Monolithic Power Systems,Monolithic Power Systems PMIC100000513 Power Management IC,Power Management IC,PMIC100000513 Power Management IC from Monolithic Power Systems. Sourced via professional procurement support; specs below.,voltage_in_min_v: 4.5; efficiency_percent: 92; package: SOT-23; voltage_in_max_v: 28,https://example.com/datasheet/PMIC100000513.pdf,3977,9.1864
HQEW,HQE-1000-00514,DIO100000514,Vishay Intertechnology,Vishay Intertechnology DIO100000514 Diode,Diode,DIO100000514 Diode from Vishay Intertechnology. Sourced via professional procurement support; specs below.,vf_v: 0.7; vrrm_v: 100,https://example.com/datasheet/DIO100000514.pdf,1664,16.3566
Mouser,MOU-1000-00515,LED100000515,OSRAM,OSRAM LED100000515 LED Components,LED Components,LED100000515 LED Components from OSRAM. Sourced via professional procurement support; specs below.,package: 0805; forward_current_ma: 20; forward_voltage_v: 2.1,https://example.com/datasheet/LED100000515.pdf,972,16.8690
HQEW,HQE-1000-00516,MEM100000516,Macronix International,Macronix International MEM100000516 Memory IC,Memory IC,MEM100000516 Memory IC from Macronix International. Sourced via professional procurement support; specs below.,organization: x8; interface: SPI; memory_bytes: 16777216; speed_hz: 104000000,https://example.com/datasheet/MEM100000516.pdf,1298,10.4419
HQEW,HQE-1000-00517,XTAL100000517,Wurth Elektronik,Wurth Elektronik XTAL100000517 Crystal Oscillator,Crystal Oscillator,XTAL100000517 Crystal Oscillator from Wurth Elektronik. Sourced via professional procurement support; specs below.,load_capacitance_pf: 18; frequency_hz: 8000000,https://example.com/datasheet/XTAL100000517.pdf,4096,5.6274
Mouser,MOU-1000-00518,MCU100000518,Nuvoton Technology,Nuvoton Technology MCU100000518 Microcontroller,Microcontroller,MCU100000518 Microcontroller from Nuvoton Technology. Sourced via professional procurement support; specs below.,Core: ARM Cortex-M4; ESD Rating: 2kV,https://example.com/datasheet/MCU100000518.pdf,1708,6.8856
Mouser,MOU-1000-00519,MOS100000519,Alpha & Omega Semiconductor,Alpha & Omega Semiconductor MOS100000519 MOSFET,MOSFET,MOS100000519 MOSFET from Alpha & Omega Semiconductor. Sourced via professional procurement support; specs below.,vgs_th_v: 2.5; On Resistance: 8mΩ; id_a: 30; rds_on_mohm: 8,https://example.com/datasheet/MOS100000519.pdf,4481,23.9989
Digikey,DIG-1000-00520,RES100000520,Vishay Intertechnology,Vishay Intertechnology RES100000520 Resistor,Resistor,RES100000520 Resistor from Vishay Intertechnology. Sourced via professional procurement support; specs below.,Resistor Value: 10kΩ; tolerance: ±1%; resistance_ohm: 10000; temperature_coeff: X7R; power_rating_w: 0.25,https://example.com/datasheet/RES100000520.pdf,4045,5.7704
Hanxin,HAN-1000-00521,CAP100000521,Walsin Technology,Walsin Technology CAP100000521 Capacitor,Capacitor,CAP100000521 Capacitor from Walsin Technology. Sourced via professional procurement support; specs below.,temperature_coeff: X7R; Capacitor Value: 100nF; voltage_rating_v: 50,https://example.com/datasheet/CAP100000521.pdf,2365,13.0384
Digikey,DIG-1000-00522,IND100000522,TDK Corporation,TDK Corporation IND100000522 Inductor,Inductor,IND100000522 Inductor from TDK Corporation. Sourced via professional procurement support; specs below.,package: 0805; inductance_uh: 4.7; Self Resonant Freq: 50MHz,https://example.com/datasheet/IND100000522.pdf,4780,19.6047
Hanxin,HAN-1000-00523,SEN100000523,NXP Semiconductors,NXP Semiconductors SEN100000523 Sensors,Sensors,SEN100000523 Sensors from NXP Semiconductors. Sourced via professional procurement support; specs below.,accuracy: ±0.5; resolution_bits: 12; interface: I2C; range: 0-40,https://example.com/datasheet/SEN100000523.pdf,1034,22.5168
HQEW,HQE-1000-00524,CON100000524,Hirose Electric,Hirose Electric CON100000524 Connectors,Connectors,CON100000524 Connectors from Hirose Electric. Sourced via professional procurement support; specs below.,positions: 40; mounting: SMD; voltage_rating_v: 50,https://example.com/datasheet/CON100000524.pdf,4806,11.8291
Hanxin,HAN-1000-00525,MOD100000525,Quectel,Quectel MOD100000525 Modules,Modules,MOD100000525 Modules from Quectel. Sourced via professional procurement support; specs below.,interface: UART; data_rate_bps: 2000000; output_power_dbm: 20; modulation: GFSK; Data Rate: 2Mbps,https://example.com/datasheet/MOD100000525.pdf,4252,23.6126
HQEW,HQE-1000-00526,OPA100000526,Silicon Labs,Silicon Labs OPA100000526 Analog IC,Analog IC,OPA100000526 Analog IC from Silicon Labs. Sourced via professional procurement support; specs below.,gain_db: 100; bandwidth_hz: 1000000,https://example.com/datasheet/OPA100000526.pdf,65,10.6689
Hanxin,HAN-1000-00527,PMIC100000527,Texas Instruments,Texas Instruments PMIC100000527 Power Management IC,Power Management IC,PMIC100000527 Power Management IC from Texas Instruments. Sourced via professional procurement support; specs below.,voltage_in_max_v: 28; voltage_in_min_v: 4.5; efficiency_percent: 92,https://example.com/datasheet/PMIC100000527.pdf,1314,12.5723
HQEW,HQE-1000-00528,DIO100000528,Littelfuse,Littelfuse DIO100000528 Diode,Diode,DIO100000528 Diode from Littelfuse. Sourced via professional procurement support; specs below.,if_a: 1; vrrm_v: 100,https://example.com/datasheet/DIO100000528.pdf,3483,1.9699
Hanxin,HAN-1000-00529,LED100000529,Everlight Electronics,Everlight Electronics LED100000529 LED Components,LED Components,LED100000529 LED Components from Everlight Electronics. Sourced via professional procurement support; specs below.,wavelength_nm: 650; forward_current_ma: 20; package: 0805; forward_voltage_v: 2.1,https://example.com/datasheet/LED100000529.pdf,1962,19.6192
Mouser,MOU-1000-00530,MEM100000530,ISSI,ISSI MEM100000530 Memory IC,Memory IC,MEM100000530 Memory IC from ISSI. Sourced via professional procurement support; specs below.,speed_hz: 104000000; organization: x8; memory_bytes: 16777216; interface: SPI,https://example.com/datasheet/MEM100000530.pdf,2033,3.5681
Digikey,DIG-1000-00531,XTAL100000531,TDK Corporation,TDK Corporation XTAL100000531 Crystal Oscillator,Crystal Oscillator,XTAL100000531 Crystal Oscillator from TDK Corporation. Sourced via professional procurement support; specs below.,frequency_hz: 8000000; package: SMD; load_capacitance_pf: 18,https://example.com/datasheet/XTAL100000531.pdf,716,9.0825
Mouser,MOU-1000-00532,MCU100000532,GigaDevice Semiconductor,GigaDevice Semiconductor MCU100000532 Microcontroller,Microcontroller,MCU100000532 Microcontroller from GigaDevice Semiconductor. Sourced via professional procurement support; specs below.,Program Memory: 128KB; voltage_v: 3.3,https://example.com/datasheet/MCU100000532.pdf,3870,18.1931
Mouser,MOU-1000-00533,MOS100000533,Yangjie,Yangjie MOS100000533 MOSFET,MOSFET,MOS100000533 MOSFET from Yangjie. Sourced via professional procurement support; specs below.,rds_on_mohm: 8; package: SOT-23; qg_nc: 45,https://example.com/datasheet/MOS100000533.pdf,3678,23.7238
Mouser,MOU-1000-00534,RES100000534,Fenghua,Fenghua RES100000534 Resistor,Resistor,RES100000534 Resistor from Fenghua. Sourced via professional procurement support; specs below.,package: 0805; tolerance: ±1%; power_rating_w: 0.25,https://example.com/datasheet/RES100000534.pdf,2073,2.8019
Mouser,MOU-1000-00535,CAP100000535,KEMET Electronics,KEMET Electronics CAP100000535 Capacitor,Capacitor,CAP100000535 Capacitor from KEMET Electronics. Sourced via professional procurement support; specs below.,temperature_coeff: X7R; tolerance: ±10%; Ripple Current: 100mA,https://example.com/datasheet/CAP100000535.pdf,2896,23.9836
Digikey,DIG-1000-00536,IND100000536,Wurth Elektronik,Wurth Elektronik IND100000536 Inductor,Inductor,IND100000536 Inductor from Wurth Elektronik. Sourced via professional procurement support; specs below.,package: 0805; tolerance: ±20%; current_rating_a: 1.5,https://example.com/datasheet/IND100000536.pdf,1683,19.1560
HQEW,HQE-1000-00537,SEN100000537,TE Connectivity,TE Connectivity SEN100000537 Sensors,Sensors,SEN100000537 Sensors from TE Connectivity. Sourced via professional procurement support; specs below.,interface: I2C; accuracy: ±0.5,https://example.com/datasheet/SEN100000537.pdf,1669,23.9358
Digikey,DIG-1000-00538,CON100000538,Molex,Molex CON100000538 Connectors,Connectors,CON100000538 Connectors from Molex. Sourced via professional procurement support; specs below.,mounting: SMD; current_rating_a: 3; pitch_mm: 2.54,https://example.com/datasheet/CON100000538.pdf,1902,11.6358
Hanxin,HAN-1000-00539,MOD100000539,Espressif Systems,Espressif Systems MOD100000539 Modules,Modules,MOD100000539 Modules from Espressif Systems. Sourced via professional procurement support; specs below.,sensitivity_dbm: -95; modulation: GFSK; interface: UART; output_power_dbm: 20,https://example.com/datasheet/MOD100000539.pdf,1147,15.5641
Mouser,MOU-1000-00540,OPA100000540,Silicon Labs,Silicon Labs OPA100000540 Analog IC,Analog IC,OPA100000540 Analog IC from Silicon Labs. Sourced via professional procurement support; specs below.,supply_current_ua: 200; gain_db: 100,https://example.com/datasheet/OPA100000540.pdf,3647,12.0870
Mouser,MOU-1000-00541,PMIC100000541,Infineon Technologies,Infineon Technologies PMIC100000541 Power Management IC,Power Management IC,PMIC100000541 Power Management IC from Infineon Technologies. Sourced via professional procurement support; specs below.,output_current_a: 3; efficiency_percent: 92,https://example.com/datasheet/PMIC100000541.pdf,3353,5.7626
Mouser,MOU-1000-00542,DIO100000542,Littelfuse,Littelfuse DIO100000542 Diode,Diode,DIO100000542 Diode from Littelfuse. Sourced via professional procurement support; specs below.,vrrm_v: 100; if_a: 1,https://example.com/datasheet/DIO100000542.pdf,1332,14.7497
LCSC,LCS-1000-00543,LED100000543,Lite-On Technology,Lite-On Technology LED100000543 LED Components,LED Components,LED100000543 LED Components from Lite-On Technology. Sourced via professional procurement support; specs below.,forward_current_ma: 20; forward_voltage_v: 2.1,https://example.com/datasheet/LED100000543.pdf,2597,23.5965
Hanxin,HAN-1000-00544,MEM100000544,SK Hynix,SK Hynix MEM100000544 Memory IC,Memory IC,MEM100000544 Memory IC from SK Hynix. Sourced via professional procurement support; specs below.,interface: SPI; speed_hz: 104000000; memory_bytes: 16777216,https://example.com/datasheet/MEM100000544.pdf,3402,22.7887
HQEW,HQE-1000-00545,XTAL100000545,TDK Corporation,TDK Corporation XTAL100000545 Crystal Oscillator,Crystal Oscillator,XTAL100000545 Crystal Oscillator from TDK Corporation. Sourced via professional procurement support; specs below.,package: SMD; frequency_hz: 8000000,https://example.com/datasheet/XTAL100000545.pdf,370,12.6518
Digikey,DIG-1000-00546,MCU100000546,Microchip Technology,Microchip Technology MCU100000546 Microcontroller,Microcontroller,MCU100000546 Microcontroller from Microchip Technology. Sourced via professional procurement support; specs below.,ram_bytes: 20480; Core: ARM Cortex-M4; voltage_v: 3.3; package: LQFP-48,https://example.com/datasheet/MCU100000546.pdf,1580,16.8485
Hanxin,HAN-1000-00547,MOS100000547,Infineon Technologies,Infineon Technologies MOS100000547 MOSFET,MOSFET,MOS100000547 MOSFET from Infineon Technologies. Sourced via professional procurement support; specs below.,rds_on_mohm: 8; package: SOT-23,https://example.com/datasheet/MOS100000547.pdf,4181,10.4454
Hanxin,HAN-1000-00548,RES100000548,KEMET Electronics,KEMET Electronics RES100000548 Resistor,Resistor,RES100000548 Resistor from KEMET Electronics. Sourced via professional procurement support; specs below.,resistance_ohm: 10000; temperature_coeff: X7R,https://example.com/datasheet/RES100000548.pdf,2691,24.6147
Mouser,MOU-1000-00549,CAP100000549,Walsin Technology,Walsin Technology CAP100000549 Capacitor,Capacitor,CAP100000549 Capacitor from Walsin Technology. Sourced via professional procurement support; specs below.,temperature_coeff: X7R; tolerance: ±10%; capacitance_pf: 100000; Capacitor Value: 100nF; Ripple Current: 100mA,https://example.com/datasheet/CAP100000549.pdf,4626,3.0137
Digikey,DIG-1000-00550,IND100000550,Wurth Elektronik,Wurth Elektronik IND100000550 Inductor,Inductor,IND100000550 Inductor from Wurth Elektronik. Sourced via professional procurement support; specs below.,tolerance: ±20%; current_rating_a: 1.5; Self Resonant Freq: 50MHz,https://example.com/datasheet/IND100000550.pdf,1726,9.4032
LCSC,LCS-1000-00551,SEN100000551,BoschDummy,BoschDummy SEN100000551 Sensors,Sensors,SEN100000551 Sensors from BoschDummy. Sourced via professional procurement support; specs below.,accuracy: ±0.5; interface: I2C; range: 0-40,https://example.com/datasheet/SEN100000551.pdf,2711,3.0794
Digikey,DIG-1000-00552,CON100000552,TE Connectivity,TE Connectivity CON100000552 Connectors,Connectors,CON100000552 Connectors from TE Connectivity. Sourced via professional procurement support; specs below.,pitch_mm: 2.54; positions: 40; current_rating_a: 3; mounting: SMD,https://example.com/datasheet/CON100000552.pdf,4815,11.6261
Digikey,DIG-1000-00553,MOD100000553,Espressif Systems,Espressif Systems MOD100000553 Modules,Modules,MOD100000553 Modules from Espressif Systems. Sourced via professional procurement support; specs below.,output_power_dbm: 20; sensitivity_dbm: -95; modulation: GFSK,https://example.com/datasheet/MOD100000553.pdf,1212,16.7686
HQEW,HQE-1000-00554,OPA100000554,Texas Instruments,Texas Instruments OPA100000554 Analog IC,Analog IC,OPA100000554 Analog IC from Texas Instruments. Sourced via professional procurement support; specs below.,supply_current_ua: 200; gain_db: 100,https://example.com/datasheet/OPA100000554.pdf,2518,1.5382
Digikey,DIG-1000-00555,PMIC100000555,Infineon Technologies,Infineon Technologies PMIC100000555 Power Management IC,Power Management IC,PMIC100000555 Power Management IC from Infineon Technologies. Sourced via professional procurement support; specs below.,voltage_in_min_v: 4.5; voltage_in_max_v: 28; efficiency_percent: 92; voltage_out_v: 5; package: SOT-23,https://example.com/datasheet/PMIC100000555.pdf,881,22.8864
HQEW,HQE-1000-00556,DIO100000556,,Unknown DIO100000556 Diode,Diode,DIO100000556 Diode from unspecified. Sourced via professional procurement support; specs below.,if_a: 1; vrrm_v: 100; vf_v: 0.7,https://example.com/datasheet/DIO100000556.pdf,530,4.3591
Hanxin,HAN-1000-00557,LED100000557,Kingbright,Kingbright LED100000557 LED Components,LED Components,LED100000557 LED Components from Kingbright. Sourced via professional procurement support; specs below.,wavelength_nm: 650; package: 0805; forward_voltage_v: 2.1; forward_current_ma: 20,https://example.com/datasheet/LED100000557.pdf,4420,4.8419
LCSC,LCS-1000-00558,MEM100000558,Macronix International,Macronix International MEM100000558 Memory IC,Memory IC,MEM100000558 Memory IC from Macronix International. Sourced via professional procurement support; specs below.,speed_hz: 104000000; memory_bytes: 16777216; organization: x8,https://example.com/datasheet/MEM100000558.pdf,2999,5.9616
Hanxin,HAN-1000-00559,XTAL100000559,Wurth Elektronik,Wurth Elektronik XTAL100000559 Crystal Oscillator,Crystal Oscillator,XTAL100000559 Crystal Oscillator from Wurth Elektronik. Sourced via professional procurement support; specs below.,frequency_hz: 8000000; load_capacitance_pf: 18,https://example.com/datasheet/XTAL100000559.pdf,4907,14.6385
Digikey,DIG-1000-00560,MCU100000560,Holtek Semiconductor,Holtek Semiconductor MCU100000560 Microcontroller,Microcontroller,MCU100000560 Microcontroller from Holtek Semiconductor. Sourced via professional procurement support; specs below.,ram_bytes: 20480; flash_bytes: 131072; Thermal Resistance: 45 C/W,https://example.com/datasheet/MCU100000560.pdf,377,6.0127
Mouser,MOU-1000-00561,MOS100000561,Yangjie,Yangjie MOS100000561 MOSFET,MOSFET,MOS100000561 MOSFET from Yangjie. Sourced via professional procurement support; specs below.,vgs_th_v: 2.5; package: SOT-23,https://example.com/datasheet/MOS100000561.pdf,4392,15.5969
Digikey,DIG-1000-00562,RES100000562,Yageo,Yageo RES100000562 Resistor,Resistor,RES100000562 Resistor from Yageo. Sourced via professional procurement support; specs below.,package: 0805; power_rating_w: 0.25; tolerance: ±1%; temperature_coeff: X7R; Lifecycle Status: Active,https://example.com/datasheet/RES100000562.pdf,4591,24.4914
Hanxin,HAN-1000-00563,CAP100000563,Holy Stone,Holy Stone CAP100000563 Capacitor,Capacitor,CAP100000563 Capacitor from Holy Stone. Sourced via professional procurement support; specs below.,tolerance: ±10%; voltage_rating_v: 50; Capacitor Value: 100nF; package: 0603; capacitance_pf: 100000,https://example.com/datasheet/CAP100000563.pdf,1608,23.7677
HQEW,HQE-1000-00564,IND100000564,Wurth Elektronik,Wurth Elektronik IND100000564 Inductor,Inductor,IND100000564 Inductor from Wurth Elektronik. Sourced via professional procurement support; specs below.,inductance_uh: 4.7; tolerance: ±20%; package: 0805; current_rating_a: 1.5,https://example.com/datasheet/IND100000564.pdf,4919,6.1808
Hanxin,HAN-1000-00565,SEN100000565,SenseQ,SenseQ SEN100000565 Sensors,Sensors,SEN100000565 Sensors from SenseQ. Sourced via professional procurement support; specs below.,accuracy: ±0.5; sensitivity: 260 LSB/g; resolution_bits: 12,https://example.com/datasheet/SEN100000565.pdf,2543,19.9628
HQEW,HQE-1000-00566,CON100000566,Hirose Electric,Hirose Electric CON100000566 Connectors,Connectors,CON100000566 Connectors from Hirose Electric. Sourced via professional procurement support; specs below.,voltage_rating_v: 50; current_rating_a: 3; pitch_mm: 2.54,https://example.com/datasheet/CON100000566.pdf,3506,3.0986
Hanxin,HAN-1000-00567,MOD100000567,u-blox,u-blox MOD100000567 Modules,Modules,MOD100000567 Modules from u-blox. Sourced via professional procurement support; specs below.,Data Rate: 2Mbps; interface: UART; sensitivity_dbm: -95,https://example.com/datasheet/MOD100000567.pdf,3258,23.6196
LCSC,LCS-1000-00568,OPA100000568,LinearX,LinearX OPA100000568 Analog IC,Analog IC,OPA100000568 Analog IC from LinearX. Sourced via professional procurement support; specs below.,package: SOIC-8; supply_current_ua: 200; gain_db: 100; bandwidth_hz: 1000000,https://example.com/datasheet/OPA100000568.pdf,2769,10.3571
Mouser,MOU-1000-00569,PMIC100000569,Texas Instruments,Texas Instruments PMIC100000569 Power Management IC,Power Management IC,PMIC100000569 Power Management IC from Texas Instruments. Sourced via professional procurement support; specs below.,package: SOT-23; voltage_in_min_v: 4.5; voltage_out_v: 5; efficiency_percent: 92; voltage_in_max_v: 28,https://example.com/datasheet/PMIC100000569.pdf,1672,12.8532
Mouser,MOU-1000-00570,DIO100000570,ON Semiconductor,ON Semiconductor DIO100000570 Diode,Diode,DIO100000570 Diode from ON Semiconductor. Sourced via professional procurement support; specs below.,if_a: 1; vrrm_v: 100; vf_v: 0.7,https://example.com/datasheet/DIO100000570.pdf,76,0.7893
HQEW,HQE-1000-00571,LED100000571,OSRAM,OSRAM LED100000571 LED Components,LED Components,LED100000571 LED Components from OSRAM. Sourced via professional procurement support; specs below.,wavelength_nm: 650; package: 0805; forward_current_ma: 20; forward_voltage_v: 2.1,https://example.com/datasheet/LED100000571.pdf,4262,17.2609
LCSC,LCS-1000-00572,MEM100000572,Macronix International,Macronix International MEM100000572 Memory IC,Memory IC,MEM100000572 Memory IC from Macronix International. Sourced via professional procurement support; specs below.,organization: x8; speed_hz: 104000000,https://example.com/datasheet/MEM100000572.pdf,3999,24.0282
Digikey,DIG-1000-00573,XTAL100000573,AbraconX,AbraconX XTAL100000573 Crystal Oscillator,Crystal Oscillator,XTAL100000573 Crystal Oscillator from AbraconX. Sourced via professional procurement support; specs below.,frequency_hz: 8000000; package: SMD; Frequency Tolerance: ±20ppm,https://example.com/datasheet/XTAL100000573.pdf,3757,2.1612
LCSC,LCS-1000-00574,MCU100000574,Microchip Technology,Microchip Technology MCU100000574 Microcontroller,Microcontroller,MCU100000574 Microcontroller from Microchip Technology. Sourced via professional procurement support; specs below.,Core: ARM Cortex-M4; flash_bytes: 131072; ram_bytes: 20480; package: LQFP-48,https://example.com/datasheet/MCU100000574.pdf,3627,1.5671
Mouser,MOU-1000-00575,MOS100000575,ON Semiconductor,ON Semiconductor MOS100000575 MOSFET,MOSFET,MOS100000575 MOSFET from ON Semiconductor. Sourced via professional procurement support; specs below.,id_a: 30; rds_on_mohm: 8; package: SOT-23,https://example.com/datasheet/MOS100000575.pdf,4981,21.9520
LCSC,LCS-1000-00576,RES100000576,Vishay Intertechnology,Vishay Intertechnology RES100000576 Resistor,Resistor,RES100000576 Resistor from Vishay Intertechnology. Sourced via professional procurement support; specs below.,resistance_ohm: 10000; tolerance: ±1%; power_rating_w: 0.25; temperature_coeff: X7R,https://example.com/datasheet/RES100000576.pdf,2828,17.6677
HQEW,HQE-1000-00577,CAP100000577,Murata Manufacturing,Murata Manufacturing CAP100000577 Capacitor,Capacitor,CAP100000577 Capacitor from Murata Manufacturing. Sourced via professional procurement support; specs below.,package: 0603; capacitance_pf: 100000,https://example.com/datasheet/CAP100000577.pdf,2231,24.6612
Hanxin,HAN-1000-00578,IND100000578,Wurth Elektronik,Wurth Elektronik IND100000578 Inductor,Inductor,IND100000578 Inductor from Wurth Elektronik. Sourced via professional procurement support; specs below.,current_rating_a: 1.5; inductance_uh: 4.7,https://example.com/datasheet/IND100000578.pdf,2288,9.9592
HQEW,HQE-1000-00579,SEN100000579,NXP Semiconductors,NXP Semiconductors SEN100000579 Sensors,Sensors,SEN100000579 Sensors from NXP Semiconductors. Sourced via professional procurement support; specs below.,accuracy: ±0.5; sensitivity: 260 LSB/g; resolution_bits: 12,https://example.com/datasheet/SEN100000579.pdf,1937,2.7209
Hanxin,HAN-1000-00580,CON100000580,Molex,Molex CON100000580 Connectors,Connectors,CON100000580 Connectors from Molex. Sourced via professional procurement support; specs below.,voltage_rating_v: 50; current_rating_a: 3; mounting: SMD; pitch_mm: 2.54; Mating Cycles: 500,https://example.com/datasheet/CON100000580.pdf,4038,22.9583
LCSC,LCS-1000-00581,MOD100000581,MeshWorks,MeshWorks MOD100000581 Modules,Modules,MOD100000581 Modules from MeshWorks. Sourced via professional procurement support; specs below.,sensitivity_dbm: -95; modulation: GFSK,https://example.com/datasheet/MOD100000581.pdf,2111,13.8905
Hanxin,HAN-1000-00582,OPA100000582,Analog Devices,Analog Devices OPA100000582 Analog IC,Analog IC,OPA100000582 Analog IC from Analog Devices. Sourced via professional procurement support; specs below.,supply_current_ua: 200; package: SOIC-8; gain_db: 100,https://example.com/datasheet/OPA100000582.pdf,3277,3.0802
Hanxin,HAN-1000-00583,PMIC100000583,SGMICRO,SGMICRO PMIC100000583 Power Management IC,Power Management IC,PMIC100000583 Power Management IC from SGMICRO. Sourced via professional procurement support; specs below.,efficiency_percent: 92; output_current_a: 3,https://example.com/datasheet/PMIC100000583.pdf,3006,1.0182
Digikey,DIG-1000-00584,DIO100000584,Vishay Intertechnology,Vishay Intertechnology DIO100000584 Diode,Diode,DIO100000584 Diode from Vishay Intertechnology. Sourced via professional procurement support; specs below.,if_a: 1; vf_v: 0.7; Reverse Recovery: 50ns,https://example.com/datasheet/DIO100000584.pdf,4496,1.4709
LCSC,LCS-1000-00585,LED100000585,Kingbright,Kingbright LED100000585 LED Components,LED Components,LED100000585 LED Components from Kingbright. Sourced via professional procurement support; specs below.,wavelength_nm: 650; package: 0805; forward_current_ma: 20; forward_voltage_v: 2.1,https://example.com/datasheet/LED100000585.pdf,4154,16.8609
Hanxin,HAN-1000-00586,MEM100000586,Micron Technology,Micron Technology MEM100000586 Memory IC,Memory IC,MEM100000586 Memory IC from Micron Technology. Sourced via professional procurement support; specs below.,interface: SPI; speed_hz: 104000000; memory_bytes: 16777216; organization: x8; Access Time: 70ns,https://example.com/datasheet/MEM100000586.pdf,2945,22.8996
Digikey,DIG-1000-00587,XTAL100000587,Wurth Elektronik,Wurth Elektronik XTAL100000587 Crystal Oscillator,Crystal Oscillator,XTAL100000587 Crystal Oscillator from Wurth Elektronik. Sourced via professional procurement support; specs below.,package: SMD; frequency_hz: 8000000,https://example.com/datasheet/XTAL100000587.pdf,1257,18.3259
HQEW,HQE-1000-00588,MCU100000588,Holtek Semiconductor,Holtek Semiconductor MCU100000588 Microcontroller,Microcontroller,MCU100000588 Microcontroller from Holtek Semiconductor. Sourced via professional procurement support; specs below.,flash_bytes: 131072; ram_bytes: 20480,https://example.com/datasheet/MCU100000588.pdf,3156,5.8148
HQEW,HQE-1000-00589,MOS100000589,ON Semiconductor,ON Semiconductor MOS100000589 MOSFET,MOSFET,MOS100000589 MOSFET from ON Semiconductor. Sourced via professional procurement support; specs below.,vgs_th_v: 2.5; id_a: 30; package: SOT-23; Continuous Drain Current: 30A,https://example.com/datasheet/MOS100000589.pdf,4346,3.5899
LCSC,LCS-1000-00590,RES100000590,Fenghua,Fenghua RES100000590 Resistor,Resistor,RES100000590 Resistor from Fenghua. Sourced via professional procurement support; specs below.,tolerance: ±1%; Resistor Value: 10kΩ; power_rating_w: 0.25; temperature_coeff: X7R,https://example.com/datasheet/RES100000590.pdf,4283,17.1851
Digikey,DIG-1000-00591,CAP100000591,TDK Corporation,TDK Corporation CAP100000591 Capacitor,Capacitor,CAP100000591 Capacitor from TDK Corporation. Sourced via professional procurement support; specs below.,voltage_rating_v: 50; tolerance: ±10%,https://example.com/datasheet/CAP100000591.pdf,1254,20.8253
Hanxin,HAN-1000-00592,IND100000592,Murata Manufacturing,Murata Manufacturing IND100000592 Inductor,Inductor,IND100000592 Inductor from Murata Manufacturing. Sourced via professional procurement support; specs below.,inductance_uh: 4.7; tolerance: ±20%,https://example.com/datasheet/IND100000592.pdf,2239,7.5934
LCSC,LCS-1000-00593,SEN100000593,NXP Semiconductors,NXP Semiconductors SEN100000593 Sensors,Sensors,SEN100000593 Sensors from NXP Semiconductors. Sourced via professional procurement support; specs below.,sensitivity: 260 LSB/g; accuracy: ±0.5; range: 0-40; interface: I2C; resolution_bits: 12,https://example.com/datasheet/SEN100000593.pdf,4307,3.7583
Hanxin,HAN-1000-00594,CON100000594,TE Connectivity,TE Connectivity CON100000594 Connectors,Connectors,CON100000594 Connectors from TE Connectivity. Sourced via professional procurement support; specs below.,mounting: SMD; positions: 40; pitch_mm: 2.54; current_rating_a: 3; voltage_rating_v: 50,https://example.com/datasheet/CON100000594.pdf,2470,17.2383
Mouser,MOU-1000-00595,MOD100000595,Quectel,Quectel MOD100000595 Modules,Modules,MOD100000595 Modules from Quectel. Sourced via professional procurement support; specs below.,interface: UART; output_power_dbm: 20; data_rate_bps: 2000000; modulation: GFSK; Data Rate: 2Mbps,https://example.com/datasheet/MOD100000595.pdf,3215,13.5312
Hanxin,HAN-1000-00596,OPA100000596,Silicon Labs,Silicon Labs OPA100000596 Analog IC,Analog IC,OPA100000596 Analog IC from Silicon Labs. Sourced via professional procurement support; specs below.,package: SOIC-8; gain_db: 100,https://example.com/datasheet/OPA100000596.pdf,490,15.1818
Mouser,MOU-1000-00597,PMIC100000597,Richtek Technology,Richtek Technology PMIC100000597 Power Management IC,Power Management IC,PMIC100000597 Power Management IC from Richtek Technology. Sourced via professional procurement support; specs below.,output_current_a: 3; voltage_out_v: 5; voltage_in_max_v: 28; efficiency_percent: 92,https://example.com/datasheet/PMIC100000597.pdf,629,15.8993
LCSC,LCS-1000-00598,DIO100000598,ON Semiconductor,ON Semiconductor DIO100000598 Diode,Diode,DIO100000598 Diode from ON Semiconductor. Sourced via professional procurement support; specs below.,vrrm_v: 100; vf_v: 0.7; Reverse Recovery: 50ns,https://example.com/datasheet/DIO100000598.pdf,2573,13.2338
LCSC,LCS-1000-00599,LED100000599,Kingbright,Kingbright LED100000599 LED Components,LED Components,LED100000599 LED Components from Kingbright. Sourced via professional procurement support; specs below.,forward_current_ma: 20; wavelength_nm: 650,https://example.com/datasheet/LED100000599.pdf,1166,13.6746
LCSC,LCS-1000-00600,MEM100000600,Micron Technology,Micron Technology MEM100000600 Memory IC,Memory IC,MEM100000600 Memory IC from Micron Technology. Sourced via professional procurement support; specs below.,speed_hz: 104000000; organization: x8; memory_bytes: 16777216; interface: SPI,https://example.com/datasheet/MEM100000600.pdf,3852,23.1632
Mouser,MOU-1000-00601,XTAL100000601,CrystaWorks,CrystaWorks XTAL100000601 Crystal Oscillator,Crystal Oscillator,XTAL100000601 Crystal Oscillator from CrystaWorks. Sourced via professional procurement support; specs below.,package: SMD; frequency_hz: 8000000,https://example.com/datasheet/XTAL100000601.pdf,3544,7.1775
Mouser,MOU-1000-00602,MCU100000602,PioneerIC,PioneerIC MCU100000602 Microcontroller,Microcontroller,MCU100000602 Microcontroller from PioneerIC. Sourced via professional procurement support; specs below.,Core: ARM Cortex-M4,https://example.com/datasheet/MCU100000602.pdf,4067,0.1792
Mouser,MOU-1000-00603,MOS100000603,HexaFab,HexaFab MOS100000603 MOSFET,MOSFET,MOS100000603 MOSFET from HexaFab. Sourced via professional procurement support; specs below.,id_a: 30; package: SOT-23; qg_nc: 45,https://example.com/datasheet/MOS100000603.pdf,4520,7.9623
Digikey,DIG-1000-00604,RES100000604,Vishay Intertechnology,Vishay Intertechnology RES100000604 Resistor,Resistor,RES100000604 Resistor from Vishay Intertechnology. Sourced via professional procurement support; specs below.,power_rating_w: 0.25; package: 0805,https://example.com/datasheet/RES100000604.pdf,2026,8.9154
Hanxin,HAN-1000-00605,CAP100000605,KEMET Electronics,KEMET Electronics CAP100000605 Capacitor,Capacitor,CAP100000605 Capacitor from KEMET Electronics. Sourced via professional procurement support; specs below.,voltage_rating_v: 50; tolerance: ±10%; temperature_coeff: X7R,https://example.com/datasheet/CAP100000605.pdf,4409,19.5245
HQEW,HQE-1000-00606,IND100000606,Bourns,Bourns IND100000606 Inductor,Inductor,IND100000606 Inductor from Bourns. Sourced via professional procurement support; specs below.,current_rating_a: 1.5; tolerance: ±20%; package: 0805,https://example.com/datasheet/IND100000606.pdf,4540,17.7894
Mouser,MOU-1000-00607,SEN100000607,STMicroelectronics,STMicroelectronics SEN100000607 Sensors,Sensors,SEN100000607 Sensors from STMicroelectronics. Sourced via professional procurement support; specs below.,resolution_bits: 12; range: 0-40; interface: I2C; sensitivity: 260 LSB/g; accuracy: ±0.5,https://example.com/datasheet/SEN100000607.pdf,1033,3.6101
Hanxin,HAN-1000-00608,CON100000608,LinkFab,LinkFab CON100000608 Connectors,Connectors,CON100000608 Connectors from LinkFab. Sourced via professional procurement support; specs below.,mounting: SMD; current_rating_a: 3; positions: 40; voltage_rating_v: 50; pitch_mm: 2.54,https://example.com/datasheet/CON100000608.pdf,296,22.8349
Hanxin,HAN-1000-00609,MOD100000609,Quectel,Quectel MOD100000609 Modules,Modules,MOD100000609 Modules from Quectel. Sourced via professional procurement support; specs below.,interface: UART; output_power_dbm: 20; modulation: GFSK,https://example.com/datasheet/MOD100000609.pdf,3778,14.0875
Digikey,DIG-1000-00610,OPA100000610,Maxim Integrated,Maxim Integrated OPA100000610 Analog IC,Analog IC,OPA100000610 Analog IC from Maxim Integrated. Sourced via professional procurement support; specs below.,package: SOIC-8; supply_current_ua: 200; gain_db: 100,https://example.com/datasheet/OPA100000610.pdf,4102,21.5246
LCSC,LCS-1000-00611,PMIC100000611,Texas Instruments,Texas Instruments PMIC100000611 Power Management IC,Power Management IC,PMIC100000611 Power Management IC from Texas Instruments. Sourced via professional procurement support; specs below.,output_current_a: 3; voltage_out_v: 5; efficiency_percent: 92,https://example.com/datasheet/PMIC100000611.pdf,4797,21.9047
LCSC,LCS-1000-00612,DIO100000612,Littelfuse,Littelfuse DIO100000612 Diode,Diode,DIO100000612 Diode from Littelfuse. Sourced via professional procurement support; specs below.,vrrm_v: 100; vf_v: 0.7,https://example.com/datasheet/DIO100000612.pdf,2640,24.2399
HQEW,HQE-1000-00613,LED100000613,Lite-On Technology,Lite-On Technology LED100000613 LED Components,LED Components,LED100000613 LED Components from Lite-On Technology. Sourced via professional procurement support; specs below.,wavelength_nm: 650; forward_voltage_v: 2.1; Luminous Intensity: 100mcd,https://example.com/datasheet/LED100000613.pdf,1936,18.1136
HQEW,HQE-1000-00614,MEM100000614,Winbond Electronics,Winbond Electronics MEM100000614 Memory IC,Memory IC,MEM100000614 Memory IC from Winbond Electronics. Sourced via professional procurement support; specs below.,organization: x8; speed_hz: 104000000; memory_bytes: 16777216; interface: SPI,https://example.com/datasheet/MEM100000614.pdf,2285,20.7774
Digikey,DIG-1000-00615,XTAL100000615,Wurth Elektronik,Wurth Elektronik XTAL100000615 Crystal Oscillator,Crystal Oscillator,XTAL100000615 Crystal Oscillator from Wurth Elektronik. Sourced via professional procurement support; specs below.,frequency_hz: 8000000; load_capacitance_pf: 18; Frequency Tolerance: ±20ppm,https://example.com/datasheet/XTAL100000615.pdf,1360,17.8533
Digikey,DIG-1000-00616,MCU100000616,STMicroelectronics,STMicroelectronics MCU100000616 Microcontroller,Microcontroller,MCU100000616 Microcontroller from STMicroelectronics. Sourced via professional procurement support; specs below.,ram_bytes: 20480; Clock Speed: 72MHz,https://example.com/datasheet/MCU100000616.pdf,2440,10.6978
Hanxin,HAN-1000-00617,MOS100000617,Yangjie,Yangjie MOS100000617 MOSFET,MOSFET,MOS100000617 MOSFET from Yangjie. Sourced via professional procurement support; specs below.,Continuous Drain Current: 30A; package: SOT-23; id_a: 30; rds_on_mohm: 8,https://example.com/datasheet/MOS100000617.pdf,2072,2.8904
LCSC,LCS-1000-00618,RES100000618,OhmWorks,OhmWorks RES100000618 Resistor,Resistor,RES100000618 Resistor from OhmWorks. Sourced via professional procurement support; specs below.,tolerance: ±1%; Resistor Value: 10kΩ,https://example.com/datasheet/RES100000618.pdf,1571,24.8374
Digikey,DIG-1000-00619,CAP100000619,Walsin Technology,Walsin Technology CAP100000619 Capacitor,Capacitor,CAP100000619 Capacitor from Walsin Technology. Sourced via professional procurement support; specs below.,temperature_coeff: X7R; capacitance_pf: 100000,https://example.com/datasheet/CAP100000619.pdf,2883,9.3519
HQEW,HQE-1000-00620,IND100000620,Wurth Elektronik,Wurth Elektronik IND100000620 Inductor,Inductor,IND100000620 Inductor from Wurth Elektronik. Sourced via professional procurement support; specs below.,tolerance: ±20%; inductance_uh: 4.7; current_rating_a: 1.5; package: 0805,https://example.com/datasheet/IND100000620.pdf,4460,1.2687
LCSC,LCS-1000-00621,SEN100000621,STMicroelectronics,STMicroelectronics SEN100000621 Sensors,Sensors,SEN100000621 Sensors from STMicroelectronics. Sourced via professional procurement support; specs below.,"[1, 2, 3]",https://example.com/datasheet/SEN100000621.pdf,1156,2.7589
HQEW,HQE-1000-00622,CON100000622,Amphenol,Amphenol CON100000622 Connectors,Connectors,CON100000622 Connectors from Amphenol. Sourced via professional procurement support; specs below.,voltage_rating_v: 50; pitch_mm: 2.54; mounting: SMD; current_rating_a: 3; positions: 40; Contact Plating: Gold,https://example.com/datasheet/CON100000622.pdf,755,12.9158
Digikey,DIG-1000-00623,MOD100000623,SIMCom,SIMCom MOD100000623 Modules,Modules,MOD100000623 Modules from SIMCom. Sourced via professional procurement support; specs below.,sensitivity_dbm: -95; output_power_dbm: 20; Data Rate: 2Mbps,https://example.com/datasheet/MOD100000623.pdf,588,11.5702
Hanxin,HAN-1000-00624,OPA100000624,Analog Devices,Analog Devices OPA100000624 Analog IC,Analog IC,OPA100000624 Analog IC from Analog Devices. Sourced via professional procurement support; specs below.,bandwidth_hz: 1000000; package: SOIC-8,https://example.com/datasheet/OPA100000624.pdf,4486,18.1760
HQEW,HQE-1000-00625,PMIC100000625,VoltRegInc,VoltRegInc PMIC100000625 Power Management IC,Power Management IC,PMIC100000625 Power Management IC from VoltRegInc. Sourced via professional procurement support; specs below.,package: SOT-23; voltage_in_min_v: 4.5,https://example.com/datasheet/PMIC100000625.pdf,2170,23.6618
Hanxin,HAN-1000-00626,DIO100000626,Littelfuse,Littelfuse DIO100000626 Diode,Diode,DIO100000626 Diode from Littelfuse. Sourced via professional procurement support; specs below.,vf_v: 0.7; if_a: 1,https://example.com/datasheet/DIO100000626.pdf,2158,16.0225
LCSC,LCS-1000-00627,LED100000627,Everlight Electronics,Everlight Electronics LED100000627 LED Components,LED Components,LED100000627 LED Components from Everlight Electronics. Sourced via professional procurement support; specs below.,package: 0805; forward_voltage_v: 2.1,https://example.com/datasheet/LED100000627.pdf,1183,22.5580
Mouser,MOU-1000-00628,MEM100000628,Winbond Electronics,Winbond Electronics MEM100000628 Memory IC,Memory IC,MEM100000628 Memory IC from Winbond Electronics. Sourced via professional procurement support; specs below.,speed_hz: 104000000; memory_bytes: 16777216; organization: x8; interface: SPI,https://example.com/datasheet/MEM100000628.pdf,3628,11.0323
Mouser,MOU-1000-00629,XTAL100000629,Wurth Elektronik,Wurth Elektronik XTAL100000629 Crystal Oscillator,Crystal Oscillator,XTAL100000629 Crystal Oscillator from Wurth Elektronik. Sourced via professional procurement support; specs below.,package: SMD; load_capacitance_pf: 18; frequency_hz: 8000000,https://example.com/datasheet/XTAL100000629.pdf,703,17.0962
Mouser,MOU-1000-00630,MCU100000630,STMicroelectronics,STMicroelectronics MCU100000630 Microcontroller,Microcontroller,MCU100000630 Microcontroller from STMicroelectronics. Sourced via professional procurement support; specs below.,flash_bytes: 131072; Core: ARM Cortex-M4,https://example.com/datasheet/MCU100000630.pdf,3819,8.5600
Digikey,DIG-1000-00631,MOS100000631,ON Semiconductor,ON Semiconductor MOS100000631 MOSFET,MOSFET,MOS100000631 MOSFET from ON Semiconductor. Sourced via professional procurement support; specs below.,rds_on_mohm: 8; vgs_th_v: 2.5; qg_nc: 45,https://example.com/datasheet/MOS100000631.pdf,793,18.4878
Mouser,MOU-1000-00632,RES100000632,Vishay Intertechnology,Vishay Intertechnology RES100000632 Resistor,Resistor,RES100000632 Resistor from Vishay Intertechnology. Sourced via professional procurement support; specs below.,temperature_coeff: X7R; tolerance: ±1%; Resistor Value: 10kΩ; package: 0805,https://example.com/datasheet/RES100000632.pdf,2979,12.9439
Mouser,MOU-1000-00633,CAP100000633,Holy Stone,Holy Stone CAP100000633 Capacitor,Capacitor,CAP100000633 Capacitor from Holy Stone. Sourced via professional procurement support; specs below.,temperature_coeff: X7R; capacitance_pf: 100000; package: 0603; tolerance: ±10%; voltage_rating_v: 50,https://example.com/datasheet/CAP100000633.pdf,2466,18.1785
Hanxin,HAN-1000-00634,IND100000634,Bourns,Bourns IND100000634 Inductor,Inductor,IND100000634 Inductor from Bourns. Sourced via professional procurement support; specs below.,package: 0805; current_rating_a: 1.5; tolerance: ±20%,https://example.com/datasheet/IND100000634.pdf,4659,12.8643
Hanxin,HAN-1000-00635,SEN100000635,NXP Semiconductors,NXP Semiconductors SEN100000635 Sensors,Sensors,SEN100000635 Sensors from NXP Semiconductors. Sourced via professional procurement support; specs below.,sensitivity: 260 LSB/g; interface: I2C; range: 0-40; accuracy: ±0.5,https://example.com/datasheet/SEN100000635.pdf,4461,16.7186
Hanxin,HAN-1000-00636,CON100000636,Hirose Electric,Hirose Electric CON100000636 Connectors,Connectors,CON100000636 Connectors from Hirose Electric. Sourced via professional procurement support; specs below.,voltage_rating_v: 50; pitch_mm: 2.54; mounting: SMD; positions: 40,https://example.com/datasheet/CON100000636.pdf,4899,11.9631
Digikey,DIG-1000-00637,MOD100000637,u-blox,u-blox MOD100000637 Modules,Modules,MOD100000637 Modules from u-blox. Sourced via professional procurement support; specs below.,output_power_dbm: 20; interface: UART; sensitivity_dbm: -95; modulation: GFSK,https://example.com/datasheet/MOD100000637.pdf,2416,19.3969
Digikey,DIG-1000-00638,OPA100000638,Texas Instruments,Texas Instruments OPA100000638 Analog IC,Analog IC,OPA100000638 Analog IC from Texas Instruments. Sourced via professional procurement support; specs below.,bandwidth_hz: 1000000; supply_current_ua: 200; Phase Margin: 60°,https://example.com/datasheet/OPA100000638.pdf,2354,20.6547
Hanxin,HAN-1000-00639,PMIC100000639,SGMICRO,SGMICRO PMIC100000639 Power Management IC,Power Management IC,PMIC100000639 Power Management IC from SGMICRO. Sourced via professional procurement support; specs below.,voltage_out_v: 5; efficiency_percent: 92; voltage_in_max_v: 28; voltage_in_min_v: 4.5,https://example.com/datasheet/PMIC100000639.pdf,561,14.1842
Digikey,DIG-1000-00640,DIO100000640,,Unknown DIO100000640 Diode,Diode,DIO100000640 Diode from unspecified. Sourced via professional procurement support; specs below.,if_a: 1; vrrm_v: 100; vf_v: 0.7,https://example.com/datasheet/DIO100000640.pdf,1201,23.3916
Mouser,MOU-1000-00641,LED100000641,OSRAM,OSRAM LED100000641 LED Components,LED Components,LED100000641 LED Components from OSRAM. Sourced via professional procurement support; specs below.,forward_current_ma: 20; wavelength_nm: 650; forward_voltage_v: 2.1,https://example.com/datasheet/LED100000641.pdf,204,16.6813
Hanxin,HAN-1000-00642,MEM100000642,SK Hynix,SK Hynix MEM100000642 Memory IC,Memory IC,MEM100000642 Memory IC from SK Hynix. Sourced via professional procurement support; specs below.,interface: SPI; organization: x8; memory_bytes: 16777216; speed_hz: 104000000,https://example.com/datasheet/MEM100000642.pdf,4331,11.2740
HQEW,HQE-1000-00643,XTAL100000643,AbraconX,AbraconX XTAL100000643 Crystal Oscillator,Crystal Oscillator,XTAL100000643 Crystal Oscillator from AbraconX. Sourced via professional procurement support; specs below.,frequency_hz: 8000000; package: SMD,https://example.com/datasheet/XTAL100000643.pdf,4035,12.9513
HQEW,HQE-1000-00644,MCU100000644,STMicroelectronics,STMicroelectronics MCU100000644 Microcontroller,Microcontroller,MCU100000644 Microcontroller from STMicroelectronics. Sourced via professional procurement support; specs below.,flash_bytes: 131072; frequency_hz: 72000000,https://example.com/datasheet/MCU100000644.pdf,190,18.9841
HQEW,HQE-1000-00645,MOS100000645,Alpha & Omega Semiconductor,Alpha & Omega Semiconductor MOS100000645 MOSFET,MOSFET,MOS100000645 MOSFET from Alpha & Omega Semiconductor. Sourced via professional procurement support; specs below.,id_a: 30; qg_nc: 45; On Resistance: 8mΩ; package: SOT-23,https://example.com/datasheet/MOS100000645.pdf,2684,21.7803
LCSC,LCS-1000-00646,RES100000646,Yageo,Yageo RES100000646 Resistor,Resistor,RES100000646 Resistor from Yageo. Sourced via professional procurement support; specs below.,package: 0805; resistance_ohm: 10000; power_rating_w: 0.25,https://example.com/datasheet/RES100000646.pdf,2652,22.4320
Digikey,DIG-1000-00647,CAP100000647,TDK Corporation,TDK Corporation CAP100000647 Capacitor,Capacitor,CAP100000647 Capacitor from TDK Corporation. Sourced via professional procurement support; specs below.,temperature_coeff: X7R; package: 0603; capacitance_pf: 100000; Capacitor Value: 100nF; tolerance: ±10%,https://example.com/datasheet/CAP100000647.pdf,1389,2.3136
Digikey,DIG-1000-00648,IND100000648,Murata Manufacturing,Murata Manufacturing IND100000648 Inductor,Inductor,IND100000648 Inductor from Murata Manufacturing. Sourced via professional procurement support; specs below.,package: 0805; current_rating_a: 1.5; inductance_uh: 4.7; tolerance: ±20%,https://example.com/datasheet/IND100000648.pdf,1121,12.8762
Digikey,DIG-1000-00649,SEN100000649,BoschDummy,BoschDummy SEN100000649 Sensors,Sensors,SEN100000649 Sensors from BoschDummy. Sourced via professional procurement support; specs below.,accuracy: ±0.5; interface: I2C; sensitivity: 260 LSB/g,https://example.com/datasheet/SEN100000649.pdf,2585,4.8164
LCSC,LCS-1000-00650,CON100000650,Molex,Molex CON100000650 Connectors,Connectors,CON100000650 Connectors from Molex. Sourced via professional procurement support; specs below.,pitch_mm: 2.54; positions: 40; voltage_rating_v: 50; Mating Cycles: 500,https://example.com/datasheet/CON100000650.pdf,3470,4.7563
Digikey,DIG-1000-00651,MOD100000651,Semtech,Semtech MOD100000651 Modules,Modules,MOD100000651 Modules from Semtech. Sourced via professional procurement support; specs below.,data_rate_bps: 2000000; Data Rate: 2Mbps,https://example.com/datasheet/MOD100000651.pdf,2333,4.4500
LCSC,LCS-1000-00652,OPA100000652,Silicon Labs,Silicon Labs OPA100000652 Analog IC,Analog IC,OPA100000652 Analog IC from Silicon Labs. Sourced via professional procurement support; specs below.,package: SOIC-8; supply_current_ua: 200; gain_db: 100; bandwidth_hz: 1000000,https://example.com/datasheet/OPA100000652.pdf,1220,13.2628
LCSC,LCS-1000-00653,PMIC100000653,Richtek Technology,Richtek Technology PMIC100000653 Power Management IC,Power Management IC,PMIC100000653 Power Management IC from Richtek Technology. Sourced via professional procurement support; specs below.,efficiency_percent: 92; voltage_out_v: 5; voltage_in_min_v: 4.5; output_current_a: 3; Power Good: yes,https://example.com/datasheet/PMIC100000653.pdf,1886,6.0232
Digikey,DIG-1000-00654,DIO100000654,Littelfuse,Littelfuse DIO100000654 Diode,Diode,DIO100000654 Diode from Littelfuse. Sourced via professional procurement support; specs below.,vf_v: 0.7; vrrm_v: 100,https://example.com/datasheet/DIO100000654.pdf,2824,6.8820
HQEW,HQE-1000-00655,LED100000655,Lite-On Technology,Lite-On Technology LED100000655 LED Components,LED Components,LED100000655 LED Components from Lite-On Technology. Sourced via professional procurement support; specs below.,forward_current_ma: 20; wavelength_nm: 650; forward_voltage_v: 2.1,https://example.com/datasheet/LED100000655.pdf,4570,17.0661
LCSC,LCS-1000-00656,MEM100000656,ISSI,ISSI MEM100000656 Memory IC,Memory IC,MEM100000656 Memory IC from ISSI. Sourced via professional procurement support; specs below.,memory_bytes: 16777216; organization: x8; interface: SPI,https://example.com/datasheet/MEM100000656.pdf,1411,0.1893
HQEW,HQE-1000-00657,XTAL100000657,Wurth Elektronik,Wurth Elektronik XTAL100000657 Crystal Oscillator,Crystal Oscillator,XTAL100000657 Crystal Oscillator from Wurth Elektronik. Sourced via professional procurement support; specs below.,frequency_hz: 8000000; package: SMD; load_capacitance_pf: 18,https://example.com/datasheet/XTAL100000657.pdf,3502,23.4988
Mouser,MOU-1000-00658,MCU100000658,Microchip Technology,Microchip Technology MCU100000658 Microcontroller,Microcontroller,MCU100000658 Microcontroller from Microchip Technology. Sourced via professional procurement support; specs below.,frequency_hz: 72000000; Clock Speed: 72MHz; Operating Temp: -40~85,https://example.com/datasheet/MCU100000658.pdf,2976,10.4425
Hanxin,HAN-1000-00659,MOS100000659,Vishay Intertechnology,Vishay Intertechnology MOS100000659 MOSFET,MOSFET,MOS100000659 MOSFET from Vishay Intertechnology. Sourced via professional procurement support; specs below.,vgs_th_v: 2.5,https://example.com/datasheet/MOS100000659.pdf,1036,8.9017
Mouser,MOU-1000-00660,RES100000660,Yageo,Yageo RES100000660 Resistor,Resistor,RES100000660 Resistor from Yageo. Sourced via professional procurement support; specs below.,power_rating_w: 0.25,https://example.com/datasheet/RES100000660.pdf,4098,20.7561
HQEW,HQE-1000-00661,CAP100000661,TDK Corporation,TDK Corporation CAP100000661 Capacitor,Capacitor,CAP100000661 Capacitor from TDK Corporation. Sourced via professional procurement support; specs below.,package: 0603; tolerance: ±10%; voltage_rating_v: 50; temperature_coeff: X7R,https://example.com/datasheet/CAP100000661.pdf,925,7.4465
Hanxin,HAN-1000-00662,IND100000662,Bourns,Bourns IND100000662 Inductor,Inductor,IND100000662 Inductor from Bourns. Sourced via professional procurement support; specs below.,inductance_uh: 4.7; current_rating_a: 1.5,https://example.com/datasheet/IND100000662.pdf,1469,5.5420
Hanxin,HAN-1000-00663,SEN100000663,STMicroelectronics,STMicroelectronics SEN100000663 Sensors,Sensors,SEN100000663 Sensors from STMicroelectronics. Sourced via professional procurement support; specs below.,interface: I2C; range: 0-40,https://example.com/datasheet/SEN100000663.pdf,2098,10.8238
Digikey,DIG-1000-00664,CON100000664,TE Connectivity,TE Connectivity CON100000664 Connectors,Connectors,CON100000664 Connectors from TE Connectivity. Sourced via professional procurement support; specs below.,voltage_rating_v: 50; mounting: SMD; positions: 40; Contact Plating: Gold,https://example.com/datasheet/CON100000664.pdf,137,1.2322
LCSC,LCS-1000-00665,MOD100000665,,Unknown MOD100000665 Modules,Modules,MOD100000665 Modules from unspecified. Sourced via professional procurement support; specs below.,sensitivity_dbm: -95; interface: UART,https://example.com/datasheet/MOD100000665.pdf,3978,22.7279
HQEW,HQE-1000-00666,OPA100000666,Maxim Integrated,Maxim Integrated OPA100000666 Analog IC,Analog IC,OPA100000666 Analog IC from Maxim Integrated. Sourced via professional procurement support; specs below.,supply_current_ua: 200; gain_db: 100; package: SOIC-8,https://example.com/datasheet/OPA100000666.pdf,560,24.1496
HQEW,HQE-1000-00667,PMIC100000667,SGMICRO,SGMICRO PMIC100000667 Power Management IC,Power Management IC,PMIC100000667 Power Management IC from SGMICRO. Sourced via professional procurement support; specs below.,output_current_a: 3; voltage_out_v: 5; Power Good: yes,https://example.com/datasheet/PMIC100000667.pdf,3273,19.6307
LCSC,LCS-1000-00668,DIO100000668,Littelfuse,Littelfuse DIO100000668 Diode,Diode,DIO100000668 Diode from Littelfuse. Sourced via professional procurement support; specs below.,vf_v: 0.7; if_a: 1,https://example.com/datasheet/DIO100000668.pdf,4500,12.3312
Hanxin,HAN-1000-00669,LED100000669,Kingbright,Kingbright LED100000669 LED Components,LED Components,LED100000669 LED Components from Kingbright. Sourced via professional procurement support; specs below.,package: 0805; forward_current_ma: 20; forward_voltage_v: 2.1; Luminous Intensity: 100mcd,https://example.com/datasheet/LED100000669.pdf,4058,9.9822
LCSC,LCS-1000-00670,MEM100000670,Micron Technology,Micron Technology MEM100000670 Memory IC,Memory IC,MEM100000670 Memory IC from Micron Technology. Sourced via professional procurement support; specs below.,memory_bytes: 16777216; speed_hz: 104000000; interface: SPI; organization: x8,https://example.com/datasheet/MEM100000670.pdf,4032,3.1498
Digikey,DIG-1000-00671,XTAL100000671,Wurth Elektronik,Wurth Elektronik XTAL100000671 Crystal Oscillator,Crystal Oscillator,XTAL100000671 Crystal Oscillator from Wurth Elektronik. Sourced via professional procurement support; specs below.,package: SMD; load_capacitance_pf: 18,https://example.com/datasheet/XTAL100000671.pdf,2413,0.9175
Mouser,MOU-1000-00672,MCU100000672,Nuvoton Technology,Nuvoton Technology MCU100000672 Microcontroller,Microcontroller,MCU100000672 Microcontroller from Nuvoton Technology. Sourced via professional procurement support; specs below.,Program Memory: 128KB; flash_bytes: 131072; Core: ARM Cortex-M4,https://example.com/datasheet/MCU100000672.pdf,4321,7.6335
Hanxin,HAN-1000-00673,MOS100000673,ON Semiconductor,ON Semiconductor MOS100000673 MOSFET,MOSFET,MOS100000673 MOSFET from ON Semiconductor. Sourced via professional procurement support; specs below.,package: SOT-23,https://example.com/datasheet/MOS100000673.pdf,2456,10.3918
HQEW,HQE-1000-00674,RES100000674,Yageo,Yageo RES100000674 Resistor,Resistor,RES100000674 Resistor from Yageo. Sourced via professional procurement support; specs below.,tolerance: ±1%; resistance_ohm: 10000; package: 0805,https://example.com/datasheet/RES100000674.pdf,4942,18.8017
HQEW,HQE-1000-00675,CAP100000675,Walsin Technology,Walsin Technology CAP100000675 Capacitor,Capacitor,CAP100000675 Capacitor from Walsin Technology. Sourced via professional procurement support; specs below.,temperature_coeff: X7R; Capacitor Value: 100nF; tolerance: ±10%; package: 0603; capacitance_pf: 100000,https://example.com/datasheet/CAP100000675.pdf,1937,17.7870
HQEW,HQE-1000-00676,IND100000676,Bourns,Bourns IND100000676 Inductor,Inductor,IND100000676 Inductor from Bourns. Sourced via professional procurement support; specs below.,package: 0805; inductance_uh: 4.7; current_rating_a: 1.5,https://example.com/datasheet/IND100000676.pdf,1324,17.8416
Digikey,DIG-1000-00677,SEN100000677,NXP Semiconductors,NXP Semiconductors SEN100000677 Sensors,Sensors,SEN100000677 Sensors from NXP Semiconductors. Sourced via professional procurement support; specs below.,interface: I2C; accuracy: ±0.5; resolution_bits: 12; range: 0-40; sensitivity: 260 LSB/g,https://example.com/datasheet/SEN100000677.pdf,288,5.0301
Digikey,DIG-1000-00678,CON100000678,Amphenol,Amphenol CON100000678 Connectors,Connectors,CON100000678 Connectors from Amphenol. Sourced via professional procurement support; specs below.,positions: 40; voltage_rating_v: 50; mounting: SMD; current_rating_a: 3; pitch_mm: 2.54,https://example.com/datasheet/CON100000678.pdf,3377,4.3445
Hanxin,HAN-1000-00679,MOD100000679,u-blox,u-blox MOD100000679 Modules,Modules,MOD100000679 Modules from u-blox. Sourced via professional procurement support; specs below.,Data Rate: 2Mbps; output_power_dbm: 20; modulation: GFSK; data_rate_bps: 2000000,https://example.com/datasheet/MOD100000679.pdf,2070,2.5696
LCSC,LCS-1000-00680,OPA100000680,Maxim Integrated,Maxim Integrated OPA100000680 Analog IC,Analog IC,OPA100000680 Analog IC from Maxim Integrated. Sourced via professional procurement support; specs below.,supply_current_ua: 200; bandwidth_hz: 1000000; gain_db: 100,https://example.com/datasheet/OPA100000680.pdf,1240,20.8836
Mouser,MOU-1000-00681,PMIC100000681,Monolithic Power Systems,Monolithic Power Systems PMIC100000681 Power Management IC,Power Management IC,PMIC100000681 Power Management IC from Monolithic Power Systems. Sourced via professional procurement support; specs below.,voltage_in_min_v: 4.5; output_current_a: 3; efficiency_percent: 92,https://example.com/datasheet/PMIC100000681.pdf,369,19.3874
Digikey,DIG-1000-00682,DIO100000682,Diodes Incorporated,Diodes Incorporated DIO100000682 Diode,Diode,DIO100000682 Diode from Diodes Incorporated. Sourced via professional procurement support; specs below.,vf_v: 0.7; vrrm_v: 100,https://example.com/datasheet/DIO100000682.pdf,4883,16.1269
HQEW,HQE-1000-00683,LED100000683,OSRAM,OSRAM LED100000683 LED Components,LED Components,LED100000683 LED Components from OSRAM. Sourced via professional procurement support; specs below.,forward_voltage_v: 2.1; package: 0805; wavelength_nm: 650; forward_current_ma: 20,https://example.com/datasheet/LED100000683.pdf,3810,14.5547
Digikey,DIG-1000-00684,MEM100000684,ISSI,ISSI MEM100000684 Memory IC,Memory IC,MEM100000684 Memory IC from ISSI. Sourced via professional procurement support; specs below.,memory_bytes: 16777216; speed_hz: 104000000; organization: x8,https://example.com/datasheet/MEM100000684.pdf,3468,20.4796
Digikey,DIG-1000-00685,XTAL100000685,Wurth Elektronik,Wurth Elektronik XTAL100000685 Crystal Oscillator,Crystal Oscillator,XTAL100000685 Crystal Oscillator from Wurth Elektronik. Sourced via professional procurement support; specs below.,frequency_hz: 8000000; load_capacitance_pf: 18; package: SMD,https://example.com/datasheet/XTAL100000685.pdf,2766,19.3994
Hanxin,HAN-1000-00686,MCU100000686,Nuvoton Technology,Nuvoton Technology MCU100000686 Microcontroller,Microcontroller,MCU100000686 Microcontroller from Nuvoton Technology. Sourced via professional procurement support; specs below.,voltage_v: 3.3; ram_bytes: 20480,https://example.com/datasheet/MCU100000686.pdf,425,17.5311
Hanxin,HAN-1000-00687,MOS100000687,Yangjie,Yangjie MOS100000687 MOSFET,MOSFET,MOS100000687 MOSFET from Yangjie. Sourced via professional procurement support; specs below.,id_a: 30; Gate Charge Type: standard,https://example.com/datasheet/MOS100000687.pdf,4572,6.5004
HQEW,HQE-1000-00688,RES100000688,KEMET Electronics,KEMET Electronics RES100000688 Resistor,Resistor,RES100000688 Resistor from KEMET Electronics. Sourced via professional procurement support; specs below.,resistance_ohm: 10000; temperature_coeff: X7R; package: 0805; tolerance: ±1%,https://example.com/datasheet/RES100000688.pdf,1907,22.1649
LCSC,LCS-1000-00689,CAP100000689,TDK Corporation,TDK Corporation CAP100000689 Capacitor,Capacitor,CAP100000689 Capacitor from TDK Corporation. Sourced via professional procurement support; specs below.,package: 0603; temperature_coeff: X7R; capacitance_pf: 100000; Capacitor Value: 100nF,https://example.com/datasheet/CAP100000689.pdf,1468,14.9978
Mouser,MOU-1000-00690,IND100000690,,Unknown IND100000690 Inductor,Inductor,IND100000690 Inductor from unspecified. Sourced via professional procurement support; specs below.,inductance_uh: 4.7; tolerance: ±20%; current_rating_a: 1.5,https://example.com/datasheet/IND100000690.pdf,2703,24.0353
Hanxin,HAN-1000-00691,SEN100000691,SenseQ,SenseQ SEN100000691 Sensors,Sensors,SEN100000691 Sensors from SenseQ. Sourced via professional procurement support; specs below.,range: 0-40; interface: I2C; resolution_bits: 12,https://example.com/datasheet/SEN100000691.pdf,4613,23.4670
HQEW,HQE-1000-00692,CON100000692,LinkFab,LinkFab CON100000692 Connectors,Connectors,CON100000692 Connectors from LinkFab. Sourced via professional procurement support; specs below.,voltage_rating_v: 50; positions: 40; current_rating_a: 3; pitch_mm: 2.54,https://example.com/datasheet/CON100000692.pdf,4264,23.1218
LCSC,LCS-1000-00693,MOD100000693,ModuLink,ModuLink MOD100000693 Modules,Modules,MOD100000693 Modules from ModuLink. Sourced via professional procurement support; specs below.,interface: UART; sensitivity_dbm: -95; Data Rate: 2Mbps,https://example.com/datasheet/MOD100000693.pdf,3216,4.2665
LCSC,LCS-1000-00694,OPA100000694,Texas Instruments,Texas Instruments OPA100000694 Analog IC,Analog IC,OPA100000694 Analog IC from Texas Instruments. Sourced via professional procurement support; specs below.,supply_current_ua: 200; bandwidth_hz: 1000000,https://example.com/datasheet/OPA100000694.pdf,3277,5.1371
LCSC,LCS-1000-00695,PMIC100000695,Richtek Technology,Richtek Technology PMIC100000695 Power Management IC,Power Management IC,PMIC100000695 Power Management IC from Richtek Technology. Sourced via professional procurement support; specs below.,voltage_in_max_v: 28; efficiency_percent: 92; package: SOT-23; Power Good: yes,https://example.com/datasheet/PMIC100000695.pdf,592,21.5314
Mouser,MOU-1000-00696,DIO100000696,ON Semiconductor,ON Semiconductor DIO100000696 Diode,Diode,DIO100000696 Diode from ON Semiconductor. Sourced via professional procurement support; specs below.,vrrm_v: 100; if_a: 1,https://example.com/datasheet/DIO100000696.pdf,678,1.5761
Digikey,DIG-1000-00697,LED100000697,Kingbright,Kingbright LED100000697 LED Components,LED Components,LED100000697 LED Components from Kingbright. Sourced via professional procurement support; specs below.,forward_voltage_v: 2.1; wavelength_nm: 650; package: 0805; forward_current_ma: 20,https://example.com/datasheet/LED100000697.pdf,3755,6.6631
HQEW,HQE-1000-00698,MEM100000698,StoreX,StoreX MEM100000698 Memory IC,Memory IC,MEM100000698 Memory IC from StoreX. Sourced via professional procurement support; specs below.,speed_hz: 104000000; organization: x8; memory_bytes: 16777216,https://example.com/datasheet/MEM100000698.pdf,311,12.5065
Hanxin,HAN-1000-00699,XTAL100000699,Wurth Elektronik,Wurth Elektronik XTAL100000699 Crystal Oscillator,Crystal Oscillator,XTAL100000699 Crystal Oscillator from Wurth Elektronik. Sourced via professional procurement support; specs below.,load_capacitance_pf: 18; package: SMD,https://example.com/datasheet/XTAL100000699.pdf,4931,1.1945
Mouser,MOU-1000-00700,MCU100000700,GigaDevice Semiconductor,GigaDevice Semiconductor MCU100000700 Microcontroller,Microcontroller,MCU100000700 Microcontroller from GigaDevice Semiconductor. Sourced via professional procurement support; specs below.,Clock Speed: 72MHz,https://example.com/datasheet/MCU100000700.pdf,2661,8.5650
LCSC,LCS-1000-00701,MOS100000701,Alpha & Omega Semiconductor,Alpha & Omega Semiconductor MOS100000701 MOSFET,MOSFET,MOS100000701 MOSFET from Alpha & Omega Semiconductor. Sourced via professional procurement support; specs below.,package: SOT-23,https://example.com/datasheet/MOS100000701.pdf,1453,23.8528
Hanxin,HAN-1000-00702,RES100000702,Bourns,Bourns RES100000702 Resistor,Resistor,RES100000702 Resistor from Bourns. Sourced via professional procurement support; specs below.,package: 0805; resistance_ohm: 10000,https://example.com/datasheet/RES100000702.pdf,968,18.7962
LCSC,LCS-1000-00703,CAP100000703,TDK Corporation,TDK Corporation CAP100000703 Capacitor,Capacitor,CAP100000703 Capacitor from TDK Corporation. Sourced via professional procurement support; specs below.,temperature_coeff: X7R; tolerance: ±10%,https://example.com/datasheet/CAP100000703.pdf,1919,14.9257
Mouser,MOU-1000-00704,IND100000704,TDK Corporation,TDK Corporation IND100000704 Inductor,Inductor,IND100000704 Inductor from TDK Corporation. Sourced via professional procurement support; specs below.,current_rating_a: 1.5; package: 0805; tolerance: ±20%; inductance_uh: 4.7,https://example.com/datasheet/IND100000704.pdf,1323,4.7416
Mouser,MOU-1000-00705,SEN100000705,BoschDummy,BoschDummy SEN100000705 Sensors,Sensors,SEN100000705 Sensors from BoschDummy. Sourced via professional procurement support; specs below.,resolution_bits: 12; interface: I2C; sensitivity: 260 LSB/g; accuracy: ±0.5; range: 0-40,https://example.com/datasheet/SEN100000705.pdf,1347,17.6503
Hanxin,HAN-1000-00706,CON100000706,Molex,Molex CON100000706 Connectors,Connectors,CON100000706 Connectors from Molex. Sourced via professional procurement support; specs below.,pitch_mm: 2.54; current_rating_a: 3; positions: 40; mounting: SMD,https://example.com/datasheet/CON100000706.pdf,4752,15.1062
Digikey,DIG-1000-00707,MOD100000707,Quectel,Quectel MOD100000707 Modules,Modules,MOD100000707 Modules from Quectel. Sourced via professional procurement support; specs below.,sensitivity_dbm: -95; data_rate_bps: 2000000; interface: UART,https://example.com/datasheet/MOD100000707.pdf,3326,3.6818
Digikey,DIG-1000-00708,OPA100000708,Silicon Labs,Silicon Labs OPA100000708 Analog IC,Analog IC,OPA100000708 Analog IC from Silicon Labs. Sourced via professional procurement support; specs below.,package: SOIC-8; supply_current_ua: 200; bandwidth_hz: 1000000,https://example.com/datasheet/OPA100000708.pdf,2376,0.3485
HQEW,HQE-1000-00709,PMIC100000709,Monolithic Power Systems,Monolithic Power Systems PMIC100000709 Power Management IC,Power Management IC,PMIC100000709 Power Management IC from Monolithic Power Systems. Sourced via professional procurement support; specs below.,efficiency_percent: 92; voltage_out_v: 5; voltage_in_min_v: 4.5; output_current_a: 3; package: SOT-23,https://example.com/datasheet/PMIC100000709.pdf,979,21.1986
HQEW,HQE-1000-00710,DIO100000710,Diodes Incorporated,Diodes Incorporated DIO100000710 Diode,Diode,DIO100000710 Diode from Diodes Incorporated. Sourced via professional procurement support; specs below.,vrrm_v: 100; vf_v: 0.7,https://example.com/datasheet/DIO100000710.pdf,1701,5.1070
Digikey,DIG-1000-00711,LED100000711,OSRAM,OSRAM LED100000711 LED Components,LED Components,LED100000711 LED Components from OSRAM. Sourced via professional procurement support; specs below.,forward_current_ma: 20; forward_voltage_v: 2.1,https://example.com/datasheet/LED100000711.pdf,4988,15.6714
Digikey,DIG-1000-00712,MEM100000712,SK Hynix,SK Hynix MEM100000712 Memory IC,Memory IC,MEM100000712 Memory IC from SK Hynix. Sourced via professional procurement support; specs below.,interface: SPI; memory_bytes: 16777216; speed_hz: 104000000; Access Time: 70ns,https://example.com/datasheet/MEM100000712.pdf,1835,5.7673
Digikey,DIG-1000-00713,XTAL100000713,,Unknown XTAL100000713 Crystal Oscillator,Crystal Oscillator,XTAL100000713 Crystal Oscillator from unspecified. Sourced via professional procurement support; specs below.,package: SMD; frequency_hz: 8000000; load_capacitance_pf: 18,https://example.com/datasheet/XTAL100000713.pdf,4773,9.5098
Digikey,DIG-1000-00714,MCU100000714,Holtek Semiconductor,Holtek Semiconductor MCU100000714 Microcontroller,Microcontroller,MCU100000714 Microcontroller from Holtek Semiconductor. Sourced via professional procurement support; specs below.,io_count: 48; package: LQFP-48,https://example.com/datasheet/MCU100000714.pdf,3254,1.5275
LCSC,LCS-1000-00715,MOS100000715,Infineon Technologies,Infineon Technologies MOS100000715 MOSFET,MOSFET,MOS100000715 MOSFET from Infineon Technologies. Sourced via professional procurement support; specs below.,vgs_th_v: 2.5; Gate Charge Type: standard,https://example.com/datasheet/MOS100000715.pdf,2270,17.0058
Digikey,DIG-1000-00716,RES100000716,ResTech,ResTech RES100000716 Resistor,Resistor,RES100000716 Resistor from ResTech. Sourced via professional procurement support; specs below.,tolerance: ±1%; temperature_coeff: X7R,https://example.com/datasheet/RES100000716.pdf,3851,21.5432
Mouser,MOU-1000-00717,CAP100000717,Murata Manufacturing,Murata Manufacturing CAP100000717 Capacitor,Capacitor,CAP100000717 Capacitor from Murata Manufacturing. Sourced via professional procurement support; specs below.,package: 0603; temperature_coeff: X7R; voltage_rating_v: 50,https://example.com/datasheet/CAP100000717.pdf,448,14.0727
HQEW,HQE-1000-00718,IND100000718,Wurth Elektronik,Wurth Elektronik IND100000718 Inductor,Inductor,IND100000718 Inductor from Wurth Elektronik. Sourced via professional procurement support; specs below.,package: 0805; inductance_uh: 4.7; tolerance: ±20%; current_rating_a: 1.5; Self Resonant Freq: 50MHz,https://example.com/datasheet/IND100000718.pdf,802,2.7166
Digikey,DIG-1000-00719,SEN100000719,TE Connectivity,TE Connectivity SEN100000719 Sensors,Sensors,SEN100000719 Sensors from TE Connectivity. Sourced via professional procurement support; specs below.,interface: I2C; range: 0-40; sensitivity: 260 LSB/g; resolution_bits: 12,https://example.com/datasheet/SEN100000719.pdf,3305,4.9724
LCSC,LCS-1000-00720,CON100000720,Molex,Molex CON100000720 Connectors,Connectors,CON100000720 Connectors from Molex. Sourced via professional procurement support; specs below.,pitch_mm: 2.54; positions: 40; mounting: SMD; voltage_rating_v: 50; current_rating_a: 3,https://example.com/datasheet/CON100000720.pdf,2355,9.2199
LCSC,LCS-1000-00721,MOD100000721,SIMCom,SIMCom MOD100000721 Modules,Modules,MOD100000721 Modules from SIMCom. Sourced via professional procurement support; specs below.,output_power_dbm: 20; sensitivity_dbm: -95; data_rate_bps: 2000000,https://example.com/datasheet/MOD100000721.pdf,1047,3.4234
Mouser,MOU-1000-00722,OPA100000722,Texas Instruments,Texas Instruments OPA100000722 Analog IC,Analog IC,OPA100000722 Analog IC from Texas Instruments. Sourced via professional procurement support; specs below.,package: SOIC-8; gain_db: 100; bandwidth_hz: 1000000; Phase Margin: 60°,https://example.com/datasheet/OPA100000722.pdf,3412,17.8771
LCSC,LCS-1000-00723,PMIC100000723,SGMICRO,SGMICRO PMIC100000723 Power Management IC,Power Management IC,PMIC100000723 Power Management IC from SGMICRO. Sourced via professional procurement support; specs below.,output_current_a: 3; voltage_in_min_v: 4.5; package: SOT-23; efficiency_percent: 92; voltage_out_v: 5,https://example.com/datasheet/PMIC100000723.pdf,940,16.7216
Hanxin,HAN-1000-00724,DIO100000724,Diodes Incorporated,Diodes Incorporated DIO100000724 Diode,Diode,DIO100000724 Diode from Diodes Incorporated. Sourced via professional procurement support; specs below.,if_a: 1; vf_v: 0.7; vrrm_v: 100,https://example.com/datasheet/DIO100000724.pdf,2577,6.0707
Digikey,DIG-1000-00725,LED100000725,Lite-On Technology,Lite-On Technology LED100000725 LED Components,LED Components,LED100000725 LED Components from Lite-On Technology. Sourced via professional procurement support; specs below.,forward_voltage_v: 2.1; forward_current_ma: 20; package: 0805; wavelength_nm: 650,https://example.com/datasheet/LED100000725.pdf,4774,8.2317
HQEW,HQE-1000-00726,MEM100000726,Winbond Electronics,Winbond Electronics MEM100000726 Memory IC,Memory IC,MEM100000726 Memory IC from Winbond Electronics. Sourced via professional procurement support; specs below.,memory_bytes: 16777216; organization: x8; speed_hz: 104000000,https://example.com/datasheet/MEM100000726.pdf,3008,14.0093
Mouser,MOU-1000-00727,XTAL100000727,AbraconX,AbraconX XTAL100000727 Crystal Oscillator,Crystal Oscillator,XTAL100000727 Crystal Oscillator from AbraconX. Sourced via professional procurement support; specs below.,package: SMD; frequency_hz: 8000000; load_capacitance_pf: 18,https://example.com/datasheet/XTAL100000727.pdf,11,5.6028
Hanxin,HAN-1000-00728,MCU100000728,STMicroelectronics,STMicroelectronics MCU100000728 Microcontroller,Microcontroller,MCU100000728 Microcontroller from STMicroelectronics. Sourced via professional procurement support; specs below.,Program Memory: 128KB; io_count: 48,https://example.com/datasheet/MCU100000728.pdf,765,16.2557
HQEW,HQE-1000-00729,MOS100000729,Vishay Intertechnology,Vishay Intertechnology MOS100000729 MOSFET,MOSFET,MOS100000729 MOSFET from Vishay Intertechnology. Sourced via professional procurement support; specs below.,vgs_th_v: 2.5; On Resistance: 8mΩ,https://example.com/datasheet/MOS100000729.pdf,4562,16.3845
Mouser,MOU-1000-00730,RES100000730,Bourns,Bourns RES100000730 Resistor,Resistor,RES100000730 Resistor from Bourns. Sourced via professional procurement support; specs below.,tolerance: ±1%; temperature_coeff: X7R; resistance_ohm: 10000; package: 0805,https://example.com/datasheet/RES100000730.pdf,1019,4.5683
Hanxin,HAN-1000-00731,CAP100000731,KEMET Electronics,KEMET Electronics CAP100000731 Capacitor,Capacitor,CAP100000731 Capacitor from KEMET Electronics. Sourced via professional procurement support; specs below.,temperature_coeff: X7R; voltage_rating_v: 50; capacitance_pf: 100000; tolerance: ±10%,https://example.com/datasheet/CAP100000731.pdf,1215,11.4765
Digikey,DIG-1000-00732,IND100000732,TDK Corporation,TDK Corporation IND100000732 Inductor,Inductor,IND100000732 Inductor from TDK Corporation. Sourced via professional procurement support; specs below.,tolerance: ±20%; current_rating_a: 1.5,https://example.com/datasheet/IND100000732.pdf,100,21.1226
Hanxin,HAN-1000-00733,SEN100000733,STMicroelectronics,STMicroelectronics SEN100000733 Sensors,Sensors,SEN100000733 Sensors from STMicroelectronics. Sourced via professional procurement support; specs below.,resolution_bits: 12; sensitivity: 260 LSB/g; accuracy: ±0.5,https://example.com/datasheet/SEN100000733.pdf,2674,8.8675
Mouser,MOU-1000-00734,CON100000734,LinkFab,LinkFab CON100000734 Connectors,Connectors,CON100000734 Connectors from LinkFab. Sourced via professional procurement support; specs below.,mounting: SMD; voltage_rating_v: 50,https://example.com/datasheet/CON100000734.pdf,4990,0.2137
Digikey,DIG-1000-00735,MOD100000735,,Unknown MOD100000735 Modules,Modules,MOD100000735 Modules from unspecified. Sourced via professional procurement support; specs below.,sensitivity_dbm: -95; data_rate_bps: 2000000; interface: UART; modulation: GFSK,https://example.com/datasheet/MOD100000735.pdf,2819,12.6186
Mouser,MOU-1000-00736,OPA100000736,LinearX,LinearX OPA100000736 Analog IC,Analog IC,OPA100000736 Analog IC from LinearX. Sourced via professional procurement support; specs below.,package: SOIC-8; supply_current_ua: 200,https://example.com/datasheet/OPA100000736.pdf,4421,15.7966
Hanxin,HAN-1000-00737,PMIC100000737,Richtek Technology,Richtek Technology PMIC100000737 Power Management IC,Power Management IC,PMIC100000737 Power Management IC from Richtek Technology. Sourced via professional procurement support; specs below.,voltage_out_v: 5; voltage_in_min_v: 4.5; output_current_a: 3; voltage_in_max_v: 28,https://example.com/datasheet/PMIC100000737.pdf,1584,17.1165
Mouser,MOU-1000-00738,DIO100000738,Vishay Intertechnology,Vishay Intertechnology DIO100000738 Diode,Diode,DIO100000738 Diode from Vishay Intertechnology. Sourced via professional procurement support; specs below.,if_a: 1; vf_v: 0.7; vrrm_v: 100,https://example.com/datasheet/DIO100000738.pdf,1582,1.4727
LCSC,LCS-1000-00739,LED100000739,Kingbright,Kingbright LED100000739 LED Components,LED Components,LED100000739 LED Components from Kingbright. Sourced via professional procurement support; specs below.,forward_voltage_v: 2.1; wavelength_nm: 650; forward_current_ma: 20,https://example.com/datasheet/LED100000739.pdf,376,2.5018
Digikey,DIG-1000-00740,MEM100000740,Macronix International,Macronix International MEM100000740 Memory IC,Memory IC,MEM100000740 Memory IC from Macronix International. Sourced via professional procurement support; specs below.,speed_hz: 104000000; memory_bytes: 16777216; organization: x8; interface: SPI,https://example.com/datasheet/MEM100000740.pdf,2975,8.5148
Hanxin,HAN-1000-00741,XTAL100000741,AbraconX,AbraconX XTAL100000741 Crystal Oscillator,Crystal Oscillator,XTAL100000741 Crystal Oscillator from AbraconX. Sourced via professional procurement support; specs below.,package: SMD; frequency_hz: 8000000; load_capacitance_pf: 18,https://example.com/datasheet/XTAL100000741.pdf,2146,18.1109
Mouser,MOU-1000-00742,MCU100000742,GigaDevice Semiconductor,GigaDevice Semiconductor MCU100000742 Microcontroller,Microcontroller,MCU100000742 Microcontroller from GigaDevice Semiconductor. Sourced via professional procurement support; specs below.,Program Memory: 128KB; frequency_hz: 72000000; Core: ARM Cortex-M4; flash_bytes: 131072; Thermal Resistance: 45 C/W,https://example.com/datasheet/MCU100000742.pdf,4456,21.1032
HQEW,HQE-1000-00743,MOS100000743,Vishay Intertechnology,Vishay Intertechnology MOS100000743 MOSFET,MOSFET,MOS100000743 MOSFET from Vishay Intertechnology. Sourced via professional procurement support; specs below.,vgs_th_v: 2.5; vds_v: 55,https://example.com/datasheet/MOS100000743.pdf,2790,19.3823
HQEW,HQE-1000-00744,RES100000744,Yageo,Yageo RES100000744 Resistor,Resistor,RES100000744 Resistor from Yageo. Sourced via professional procurement support; specs below.,package: 0805; power_rating_w: 0.25; temperature_coeff: X7R; resistance_ohm: 10000; tolerance: ±1%,https://example.com/datasheet/RES100000744.pdf,1809,7.9124
HQEW,HQE-1000-00745,CAP100000745,KEMET Electronics,KEMET Electronics CAP100000745 Capacitor,Capacitor,CAP100000745 Capacitor from KEMET Electronics. Sourced via professional procurement support; specs below.,tolerance: ±10%; package: 0603; temperature_coeff: X7R; capacitance_pf: 100000,https://example.com/datasheet/CAP100000745.pdf,4319,9.9664
Hanxin,HAN-1000-00746,IND100000746,Murata Manufacturing,Murata Manufacturing IND100000746 Inductor,Inductor,IND100000746 Inductor from Murata Manufacturing. Sourced via professional procurement support; specs below.,package: 0805; inductance_uh: 4.7,https://example.com/datasheet/IND100000746.pdf,2232,17.7913
LCSC,LCS-1000-00747,SEN100000747,NXP Semiconductors,NXP Semiconductors SEN100000747 Sensors,Sensors,SEN100000747 Sensors from NXP Semiconductors. Sourced via professional procurement support; specs below.,interface: I2C; range: 0-40,https://example.com/datasheet/SEN100000747.pdf,536,7.9633
HQEW,HQE-1000-00748,CON100000748,Hirose Electric,Hirose Electric CON100000748 Connectors,Connectors,CON100000748 Connectors from Hirose Electric. Sourced via professional procurement support; specs below.,positions: 40; voltage_rating_v: 50,https://example.com/datasheet/CON100000748.pdf,45,6.7245
Hanxin,HAN-1000-00749,MOD100000749,SIMCom,SIMCom MOD100000749 Modules,Modules,MOD100000749 Modules from SIMCom. Sourced via professional procurement support; specs below.,sensitivity_dbm: -95; interface: UART,https://example.com/datasheet/MOD100000749.pdf,2136,20.8333
Digikey,DIG-1000-00750,OPA100000750,Maxim Integrated,Maxim Integrated OPA100000750 Analog IC,Analog IC,OPA100000750 Analog IC from Maxim Integrated. Sourced via professional procurement support; specs below.,gain_db: 100; supply_current_ua: 200; package: SOIC-8; bandwidth_hz: 1000000,https://example.com/datasheet/OPA100000750.pdf,1045,22.3417
HQEW,HQE-1000-00751,PMIC100000751,VoltRegInc,VoltRegInc PMIC100000751 Power Management IC,Power Management IC,PMIC100000751 Power Management IC from VoltRegInc. Sourced via professional procurement support; specs below.,voltage_in_min_v: 4.5; efficiency_percent: 92,https://example.com/datasheet/PMIC100000751.pdf,2089,1.9513
Digikey,DIG-1000-00752,DIO100000752,Vishay Intertechnology,Vishay Intertechnology DIO100000752 Diode,Diode,DIO100000752 Diode from Vishay Intertechnology. Sourced via professional procurement support; specs below.,vrrm_v: 100; vf_v: 0.7,https://example.com/datasheet/DIO100000752.pdf,542,18.2367
HQEW,HQE-1000-00753,LED100000753,Kingbright,Kingbright LED100000753 LED Components,LED Components,LED100000753 LED Components from Kingbright. Sourced via professional procurement support; specs below.,package: 0805; wavelength_nm: 650,https://example.com/datasheet/LED100000753.pdf,793,1.0287
Hanxin,HAN-1000-00754,MEM100000754,Micron Technology,Micron Technology MEM100000754 Memory IC,Memory IC,MEM100000754 Memory IC from Micron Technology. Sourced via professional procurement support; specs below.,interface: SPI; memory_bytes: 16777216; Access Time: 70ns,https://example.com/datasheet/MEM100000754.pdf,3731,17.1179
Digikey,DIG-1000-00755,XTAL100000755,,Unknown XTAL100000755 Crystal Oscillator,Crystal Oscillator,XTAL100000755 Crystal Oscillator from unspecified. Sourced via professional procurement support; specs below.,load_capacitance_pf: 18; package: SMD; frequency_hz: 8000000,https://example.com/datasheet/XTAL100000755.pdf,1207,6.7487
Mouser,MOU-1000-00756,MCU100000756,Nuvoton Technology,Nuvoton Technology MCU100000756 Microcontroller,Microcontroller,MCU100000756 Microcontroller from Nuvoton Technology. Sourced via professional procurement support; specs below.,Core: ARM Cortex-M4; ESD Rating: 2kV,https://example.com/datasheet/MCU100000756.pdf,764,12.4471
HQEW,HQE-1000-00757,MOS100000757,Alpha & Omega Semiconductor,Alpha & Omega Semiconductor MOS100000757 MOSFET,MOSFET,MOS100000757 MOSFET from Alpha & Omega Semiconductor. Sourced via professional procurement support; specs below.,id_a: 30; qg_nc: 45; Gate Charge Type: standard,https://example.com/datasheet/MOS100000757.pdf,39,13.5321
Mouser,MOU-1000-00758,RES100000758,Yageo,Yageo RES100000758 Resistor,Resistor,RES100000758 Resistor from Yageo. Sourced via professional procurement support; specs below.,Resistor Value: 10kΩ; temperature_coeff: X7R,https://example.com/datasheet/RES100000758.pdf,3500,22.2846
HQEW,HQE-1000-00759,CAP100000759,Murata Manufacturing,Murata Manufacturing CAP100000759 Capacitor,Capacitor,CAP100000759 Capacitor from Murata Manufacturing. Sourced via professional procurement support; specs below.,capacitance_pf: 100000; voltage_rating_v: 50; tolerance: ±10%,https://example.com/datasheet/CAP100000759.pdf,667,17.7633
Mouser,MOU-1000-00760,IND100000760,Murata Manufacturing,Murata Manufacturing IND100000760 Inductor,Inductor,IND100000760 Inductor from Murata Manufacturing. Sourced via professional procurement support; specs below.,current_rating_a: 1.5; package: 0805,https://example.com/datasheet/IND100000760.pdf,3424,8.2969
HQEW,HQE-1000-00761,SEN100000761,TE Connectivity,TE Connectivity SEN100000761 Sensors,Sensors,SEN100000761 Sensors from TE Connectivity. Sourced via professional procurement support; specs below.,accuracy: ±0.5; sensitivity: 260 LSB/g; resolution_bits: 12; interface: I2C,https://example.com/datasheet/SEN100000761.pdf,4008,14.5856
Digikey,DIG-1000-00762,CON100000762,Molex,Molex CON100000762 Connectors,Connectors,CON100000762 Connectors from Molex. Sourced via professional procurement support; specs below.,current_rating_a: 3; voltage_rating_v: 50,https://example.com/datasheet/CON100000762.pdf,2370,24.4898
Hanxin,HAN-1000-00763,MOD100000763,u-blox,u-blox MOD100000763 Modules,Modules,MOD100000763 Modules from u-blox. Sourced via professional procurement support; specs below.,modulation: GFSK; output_power_dbm: 20; data_rate_bps: 2000000; interface: UART; sensitivity_dbm: -95,https://example.com/datasheet/MOD100000763.pdf,1378,5.2515
Mouser,MOU-1000-00764,OPA100000764,Texas Instruments,Texas Instruments OPA100000764 Analog IC,Analog IC,OPA100000764 Analog IC from Texas Instruments. Sourced via professional procurement support; specs below.,bandwidth_hz: 1000000; package: SOIC-8; gain_db: 100; supply_current_ua: 200,https://example.com/datasheet/OPA100000764.pdf,4496,15.1115
Digikey,DIG-1000-00765,PMIC100000765,Texas Instruments,Texas Instruments PMIC100000765 Power Management IC,Power Management IC,PMIC100000765 Power Management IC from Texas Instruments. Sourced via professional procurement support; specs below.,voltage_out_v: 5; output_current_a: 3; voltage_in_max_v: 28; package: SOT-23,https://example.com/datasheet/PMIC100000765.pdf,2530,5.5003
LCSC,LCS-1000-00766,DIO100000766,ON Semiconductor,ON Semiconductor DIO100000766 Diode,Diode,DIO100000766 Diode from ON Semiconductor. Sourced via professional procurement support; specs below.,if_a: 1; vf_v: 0.7; vrrm_v: 100,https://example.com/datasheet/DIO100000766.pdf,4894,5.6079
Mouser,MOU-1000-00767,LED100000767,Kingbright,Kingbright LED100000767 LED Components,LED Components,LED100000767 LED Components from Kingbright. Sourced via professional procurement support; specs below.,wavelength_nm: 650; forward_current_ma: 20,https://example.com/datasheet/LED100000767.pdf,541,21.2674
Digikey,DIG-1000-00768,MEM100000768,Winbond Electronics,Winbond Electronics MEM100000768 Memory IC,Memory IC,MEM100000768 Memory IC from Winbond Electronics. Sourced via professional procurement support; specs below.,interface: SPI; organization: x8; speed_hz: 104000000; Access Time: 70ns,https://example.com/datasheet/MEM100000768.pdf,3469,21.0041
HQEW,HQE-1000-00769,XTAL100000769,TDK Corporation,TDK Corporation XTAL100000769 Crystal Oscillator,Crystal Oscillator,XTAL100000769 Crystal Oscillator from TDK Corporation. Sourced via professional procurement support; specs below.,load_capacitance_pf: 18; frequency_hz: 8000000,https://example.com/datasheet/XTAL100000769.pdf,3422,7.3741
Mouser,MOU-1000-00770,MCU100000770,GigaDevice Semiconductor,GigaDevice Semiconductor MCU100000770 Microcontroller,Microcontroller,MCU100000770 Microcontroller from GigaDevice Semiconductor. Sourced via professional procurement support; specs below.,Core: ARM Cortex-M4,https://example.com/datasheet/MCU100000770.pdf,3291,24.1756
LCSC,LCS-1000-00771,MOS100000771,Yangjie,Yangjie MOS100000771 MOSFET,MOSFET,MOS100000771 MOSFET from Yangjie. Sourced via professional procurement support; specs below.,rds_on_mohm: 8; Continuous Drain Current: 30A; vgs_th_v: 2.5,https://example.com/datasheet/MOS100000771.pdf,3326,6.1955
LCSC,LCS-1000-00772,RES100000772,KEMET Electronics,KEMET Electronics RES100000772 Resistor,Resistor,RES100000772 Resistor from KEMET Electronics. Sourced via professional procurement support; specs below.,tolerance: ±1%; power_rating_w: 0.25,https://example.com/datasheet/RES100000772.pdf,3211,11.4400
Digikey,DIG-1000-00773,CAP100000773,TDK Corporation,TDK Corporation CAP100000773 Capacitor,Capacitor,CAP100000773 Capacitor from TDK Corporation. Sourced via professional procurement support; specs below.,capacitance_pf: 100000; package: 0603; tolerance: ±10%,https://example.com/datasheet/CAP100000773.pdf,2110,2.1988
Mouser,MOU-1000-00774,IND100000774,TDK Corporation,TDK Corporation IND100000774 Inductor,Inductor,IND100000774 Inductor from TDK Corporation. Sourced via professional procurement support; specs below.,inductance_uh: 4.7; current_rating_a: 1.5; package: 0805; tolerance: ±20%,https://example.com/datasheet/IND100000774.pdf,2504,19.9114
LCSC,LCS-1000-00775,SEN100000775,STMicroelectronics,STMicroelectronics SEN100000775 Sensors,Sensors,SEN100000775 Sensors from STMicroelectronics. Sourced via professional procurement support; specs below.,interface: I2C; range: 0-40,https://example.com/datasheet/SEN100000775.pdf,4701,20.0761
HQEW,HQE-1000-00776,CON100000776,Amphenol,Amphenol CON100000776 Connectors,Connectors,CON100000776 Connectors from Amphenol. Sourced via professional procurement support; specs below.,current_rating_a: 3; positions: 40; voltage_rating_v: 50; mounting: SMD,https://example.com/datasheet/CON100000776.pdf,2809,10.3296
Hanxin,HAN-1000-00777,MOD100000777,SIMCom,SIMCom MOD100000777 Modules,Modules,MOD100000777 Modules from SIMCom. Sourced via professional procurement support; specs below.,output_power_dbm: 20; data_rate_bps: 2000000; modulation: GFSK; interface: UART,https://example.com/datasheet/MOD100000777.pdf,2898,1.1724
LCSC,LCS-1000-00778,OPA100000778,Analog Devices,Analog Devices OPA100000778 Analog IC,Analog IC,OPA100000778 Analog IC from Analog Devices. Sourced via professional procurement support; specs below.,gain_db: 100; package: SOIC-8; bandwidth_hz: 1000000,https://example.com/datasheet/OPA100000778.pdf,3842,6.6990
LCSC,LCS-1000-00779,PMIC100000779,Texas Instruments,Texas Instruments PMIC100000779 Power Management IC,Power Management IC,PMIC100000779 Power Management IC from Texas Instruments. Sourced via professional procurement support; specs below.,voltage_in_max_v: 28; voltage_out_v: 5; output_current_a: 3; voltage_in_min_v: 4.5,https://example.com/datasheet/PMIC100000779.pdf,4315,22.1852
Hanxin,HAN-1000-00780,DIO100000780,Diodes Incorporated,Diodes Incorporated DIO100000780 Diode,Diode,DIO100000780 Diode from Diodes Incorporated. Sourced via professional procurement support; specs below.,vf_v: 0.7; vrrm_v: 100; if_a: 1,https://example.com/datasheet/DIO100000780.pdf,4127,9.2105
Mouser,MOU-1000-00781,LED100000781,OSRAM,OSRAM LED100000781 LED Components,LED Components,LED100000781 LED Components from OSRAM. Sourced via professional procurement support; specs below.,wavelength_nm: 650; package: 0805; forward_current_ma: 20,https://example.com/datasheet/LED100000781.pdf,414,7.8804
Hanxin,HAN-1000-00782,MEM100000782,SK Hynix,SK Hynix MEM100000782 Memory IC,Memory IC,MEM100000782 Memory IC from SK Hynix. Sourced via professional procurement support; specs below.,memory_bytes: 16777216; organization: x8; interface: SPI,https://example.com/datasheet/MEM100000782.pdf,1475,23.1473
HQEW,HQE-1000-00783,XTAL100000783,TDK Corporation,TDK Corporation XTAL100000783 Crystal Oscillator,Crystal Oscillator,XTAL100000783 Crystal Oscillator from TDK Corporation. Sourced via professional procurement support; specs below.,package: SMD; load_capacitance_pf: 18; frequency_hz: 8000000,https://example.com/datasheet/XTAL100000783.pdf,12,2.3603
Hanxin,HAN-1000-00784,MCU100000784,Holtek Semiconductor,Holtek Semiconductor MCU100000784 Microcontroller,Microcontroller,MCU100000784 Microcontroller from Holtek Semiconductor. Sourced via professional procurement support; specs below.,package: LQFP-48; flash_bytes: 131072; Program Memory: 128KB,https://example.com/datasheet/MCU100000784.pdf,1148,16.6366
Hanxin,HAN-1000-00785,MOS100000785,Yangjie,Yangjie MOS100000785 MOSFET,MOSFET,MOS100000785 MOSFET from Yangjie. Sourced via professional procurement support; specs below.,qg_nc: 45; rds_on_mohm: 8; On Resistance: 8mΩ; id_a: 30; package: SOT-23,https://example.com/datasheet/MOS100000785.pdf,3363,19.8932
LCSC,LCS-1000-00786,RES100000786,Bourns,Bourns RES100000786 Resistor,Resistor,RES100000786 Resistor from Bourns. Sourced via professional procurement support; specs below.,tolerance: ±1%; temperature_coeff: X7R; package: 0805; Resistor Value: 10kΩ,https://example.com/datasheet/RES100000786.pdf,1134,24.4414
Mouser,MOU-1000-00787,CAP100000787,KEMET Electronics,KEMET Electronics CAP100000787 Capacitor,Capacitor,CAP100000787 Capacitor from KEMET Electronics. Sourced via professional procurement support; specs below.,package: 0603; Capacitor Value: 100nF,https://example.com/datasheet/CAP100000787.pdf,4710,1.6303
LCSC,LCS-1000-00788,IND100000788,Wurth Elektronik,Wurth Elektronik IND100000788 Inductor,Inductor,IND100000788 Inductor from Wurth Elektronik. Sourced via professional procurement support; specs below.,current_rating_a: 1.5; tolerance: ±20%,https://example.com/datasheet/IND100000788.pdf,4604,19.7801
HQEW,HQE-1000-00789,SEN100000789,SenseQ,SenseQ SEN100000789 Sensors,Sensors,SEN100000789 Sensors from SenseQ. Sourced via professional procurement support; specs below.,interface: I2C; range: 0-40; sensitivity: 260 LSB/g; resolution_bits: 12,https://example.com/datasheet/SEN100000789.pdf,3075,18.9815
LCSC,LCS-1000-00790,CON100000790,TE Connectivity,TE Connectivity CON100000790 Connectors,Connectors,CON100000790 Connectors from TE Connectivity. Sourced via professional procurement support; specs below.,current_rating_a: 3; voltage_rating_v: 50; positions: 40; mounting: SMD; pitch_mm: 2.54,https://example.com/datasheet/CON100000790.pdf,2269,3.9071
Digikey,DIG-1000-00791,MOD100000791,AirByte,AirByte MOD100000791 Modules,Modules,MOD100000791 Modules from AirByte. Sourced via professional procurement support; specs below.,sensitivity_dbm: -95; output_power_dbm: 20; interface: UART; modulation: GFSK,https://example.com/datasheet/MOD100000791.pdf,3244,4.6415
Mouser,MOU-1000-00792,OPA100000792,Maxim Integrated,Maxim Integrated OPA100000792 Analog IC,Analog IC,OPA100000792 Analog IC from Maxim Integrated. Sourced via professional procurement support; specs below.,supply_current_ua: 200; bandwidth_hz: 1000000,https://example.com/datasheet/OPA100000792.pdf,3339,11.3007
HQEW,HQE-1000-00793,PMIC100000793,SGMICRO,SGMICRO PMIC100000793 Power Management IC,Power Management IC,PMIC100000793 Power Management IC from SGMICRO. Sourced via professional procurement support; specs below.,package: SOT-23; voltage_out_v: 5; voltage_in_min_v: 4.5; output_current_a: 3,https://example.com/datasheet/PMIC100000793.pdf,1152,15.0418
LCSC,LCS-1000-00794,DIO100000794,Diodes Incorporated,Diodes Incorporated DIO100000794 Diode,Diode,DIO100000794 Diode from Diodes Incorporated. Sourced via professional procurement support; specs below.,if_a: 1; vf_v: 0.7; Reverse Recovery: 50ns,https://example.com/datasheet/DIO100000794.pdf,541,10.5250
Digikey,DIG-1000-00795,LED100000795,Lite-On Technology,Lite-On Technology LED100000795 LED Components,LED Components,LED100000795 LED Components from Lite-On Technology. Sourced via professional procurement support; specs below.,wavelength_nm: 650; forward_current_ma: 20; package: 0805; forward_voltage_v: 2.1,https://example.com/datasheet/LED100000795.pdf,2389,18.3999
Digikey,DIG-1000-00796,MEM100000796,Winbond Electronics,Winbond Electronics MEM100000796 Memory IC,Memory IC,MEM100000796 Memory IC from Winbond Electronics. Sourced via professional procurement support; specs below.,interface: SPI; memory_bytes: 16777216; organization: x8,https://example.com/datasheet/MEM100000796.pdf,4068,1.9653
LCSC,LCS-1000-00797,XTAL100000797,TDK Corporation,TDK Corporation XTAL100000797 Crystal Oscillator,Crystal Oscillator,XTAL100000797 Crystal Oscillator from TDK Corporation. Sourced via professional procurement support; specs below.,load_capacitance_pf: 18; frequency_hz: 8000000; package: SMD,https://example.com/datasheet/XTAL100000797.pdf,2554,11.8960
Hanxin,HAN-1000-00798,MCU100000798,GigaDevice Semiconductor,GigaDevice Semiconductor MCU100000798 Microcontroller,Microcontroller,MCU100000798 Microcontroller from GigaDevice Semiconductor. Sourced via professional procurement support; specs below.,frequency_hz: 72000000; io_count: 48,https://example.com/datasheet/MCU100000798.pdf,4410,13.4480
Mouser,MOU-1000-00799,MOS100000799,Vishay Intertechnology,Vishay Intertechnology MOS100000799 MOSFET,MOSFET,MOS100000799 MOSFET from Vishay Intertechnology. Sourced via professional procurement support; specs below.,id_a: 30; Continuous Drain Current: 30A,https://example.com/datasheet/MOS100000799.pdf,1557,15.9143
HQEW,HQE-1000-00800,RES100000800,,Unknown RES100000800 Resistor,Resistor,RES100000800 Resistor from unspecified. Sourced via professional procurement support; specs below.,power_rating_w: 0.25; Resistor Value: 10kΩ,https://example.com/datasheet/RES100000800.pdf,3253,3.6067
Hanxin,HAN-1000-00801,CAP100000801,,Unknown CAP100000801 Capacitor,Capacitor,CAP100000801 Capacitor from unspecified. Sourced via professional procurement support; specs below.,package: 0603; voltage_rating_v: 50; temperature_coeff: X7R; tolerance: ±10%,https://example.com/datasheet/CAP100000801.pdf,812,9.8456
Digikey,DIG-1000-00802,IND100000802,Wurth Elektronik,Wurth Elektronik IND100000802 Inductor,Inductor,IND100000802 Inductor from Wurth Elektronik. Sourced via professional procurement support; specs below.,inductance_uh: 4.7; current_rating_a: 1.5; package: 0805; tolerance: ±20%,https://example.com/datasheet/IND100000802.pdf,4662,7.9879
Digikey,DIG-1000-00803,SEN100000803,BoschDummy,BoschDummy SEN100000803 Sensors,Sensors,SEN100000803 Sensors from BoschDummy. Sourced via professional procurement support; specs below.,accuracy: ±0.5; range: 0-40; sensitivity: 260 LSB/g,https://example.com/datasheet/SEN100000803.pdf,2770,8.6868
Hanxin,HAN-1000-00804,CON100000804,Amphenol,Amphenol CON100000804 Connectors,Connectors,CON100000804 Connectors from Amphenol. Sourced via professional procurement support; specs below.,positions: 40; current_rating_a: 3; voltage_rating_v: 50; pitch_mm: 2.54,https://example.com/datasheet/CON100000804.pdf,445,17.7045
HQEW,HQE-1000-00805,MOD100000805,Quectel,Quectel MOD100000805 Modules,Modules,MOD100000805 Modules from Quectel. Sourced via professional procurement support; specs below.,modulation: GFSK; sensitivity_dbm: -95; interface: UART; Protocol Stack: 3.0,https://example.com/datasheet/MOD100000805.pdf,723,13.7504
HQEW,HQE-1000-00806,OPA100000806,OpAmpInc,OpAmpInc OPA100000806 Analog IC,Analog IC,OPA100000806 Analog IC from OpAmpInc. Sourced via professional procurement support; specs below.,supply_current_ua: 200; bandwidth_hz: 1000000; gain_db: 100,https://example.com/datasheet/OPA100000806.pdf,3245,3.0351
LCSC,LCS-1000-00807,PMIC100000807,Richtek Technology,Richtek Technology PMIC100000807 Power Management IC,Power Management IC,PMIC100000807 Power Management IC from Richtek Technology. Sourced via professional procurement support; specs below.,efficiency_percent: 92; voltage_in_max_v: 28; package: SOT-23; voltage_in_min_v: 4.5,https://example.com/datasheet/PMIC100000807.pdf,2564,12.0639
Hanxin,HAN-1000-00808,DIO100000808,Littelfuse,Littelfuse DIO100000808 Diode,Diode,DIO100000808 Diode from Littelfuse. Sourced via professional procurement support; specs below.,vf_v: 0.7; if_a: 1,https://example.com/datasheet/DIO100000808.pdf,2941,16.9086
LCSC,LCS-1000-00809,LED100000809,Lite-On Technology,Lite-On Technology LED100000809 LED Components,LED Components,LED100000809 LED Components from Lite-On Technology. Sourced via professional procurement support; specs below.,package: 0805; forward_voltage_v: 2.1; wavelength_nm: 650,https://example.com/datasheet/LED100000809.pdf,927,1.5270
HQEW,HQE-1000-00810,MEM100000810,ISSI,ISSI MEM100000810 Memory IC,Memory IC,MEM100000810 Memory IC from ISSI. Sourced via professional procurement support; specs below.,memory_bytes: 16777216; organization: x8; interface: SPI; speed_hz: 104000000,https://example.com/datasheet/MEM100000810.pdf,1570,7.7543
Digikey,DIG-1000-00811,XTAL100000811,Murata Manufacturing,Murata Manufacturing XTAL100000811 Crystal Oscillator,Crystal Oscillator,XTAL100000811 Crystal Oscillator from Murata Manufacturing. Sourced via professional procurement support; specs below.,load_capacitance_pf: 18; package: SMD,https://example.com/datasheet/XTAL100000811.pdf,1188,16.3559
HQEW,HQE-1000-00812,MCU100000812,GigaDevice Semiconductor,GigaDevice Semiconductor MCU100000812 Microcontroller,Microcontroller,MCU100000812 Microcontroller from GigaDevice Semiconductor. Sourced via professional procurement support; specs below.,Operating Voltage: 3.3V; frequency_hz: 72000000; flash_bytes: 131072,https://example.com/datasheet/MCU100000812.pdf,215,0.3110
Hanxin,HAN-1000-00813,MOS100000813,Infineon Technologies,Infineon Technologies MOS100000813 MOSFET,MOSFET,MOS100000813 MOSFET from Infineon Technologies. Sourced via professional procurement support; specs below.,vds_v: 55; id_a: 30,https://example.com/datasheet/MOS100000813.pdf,412,16.3680
Hanxin,HAN-1000-00814,RES100000814,KEMET Electronics,KEMET Electronics RES100000814 Resistor,Resistor,RES100000814 Resistor from KEMET Electronics. Sourced via professional procurement support; specs below.,tolerance: ±1%; resistance_ohm: 10000; power_rating_w: 0.25; package: 0805,https://example.com/datasheet/RES100000814.pdf,1,3.4654
Digikey,DIG-1000-00815,CAP100000815,CapraMicro,CapraMicro CAP100000815 Capacitor,Capacitor,CAP100000815 Capacitor from CapraMicro. Sourced via professional procurement support; specs below.,temperature_coeff: X7R; Capacitor Value: 100nF; voltage_rating_v: 50; tolerance: ±10%; package: 0603,https://example.com/datasheet/CAP100000815.pdf,150,4.0303
LCSC,LCS-1000-00816,IND100000816,TDK Corporation,TDK Corporation IND100000816 Inductor,Inductor,IND100000816 Inductor from TDK Corporation. Sourced via professional procurement support; specs below.,inductance_uh: 4.7; current_rating_a: 1.5,https://example.com/datasheet/IND100000816.pdf,3719,5.9355
Mouser,MOU-1000-00817,SEN100000817,TE Connectivity,TE Connectivity SEN100000817 Sensors,Sensors,SEN100000817 Sensors from TE Connectivity. Sourced via professional procurement support; specs below.,resolution_bits: 12; range: 0-40; interface: I2C; accuracy: ±0.5; sensitivity: 260 LSB/g,https://example.com/datasheet/SEN100000817.pdf,4483,9.4661
LCSC,LCS-1000-00818,CON100000818,Hirose Electric,Hirose Electric CON100000818 Connectors,Connectors,CON100000818 Connectors from Hirose Electric. Sourced via professional procurement support; specs below.,voltage_rating_v: 50; positions: 40; pitch_mm: 2.54; mounting: SMD,https://example.com/datasheet/CON100000818.pdf,1097,11.2108
Hanxin,HAN-1000-00819,MOD100000819,SIMCom,SIMCom MOD100000819 Modules,Modules,MOD100000819 Modules from SIMCom. Sourced via professional procurement support; specs below.,interface: UART; modulation: GFSK,https://example.com/datasheet/MOD100000819.pdf,2147,17.8898
LCSC,LCS-1000-00820,OPA100000820,Maxim Integrated,Maxim Integrated OPA100000820 Analog IC,Analog IC,OPA100000820 Analog IC from Maxim Integrated. Sourced via professional procurement support; specs below.,package: SOIC-8; supply_current_ua: 200; gain_db: 100; bandwidth_hz: 1000000,https://example.com/datasheet/OPA100000820.pdf,2252,11.1607
LCSC,LCS-1000-00821,PMIC100000821,Infineon Technologies,Infineon Technologies PMIC100000821 Power Management IC,Power Management IC,PMIC100000821 Power Management IC from Infineon Technologies. Sourced via professional procurement support; specs below.,voltage_in_max_v: 28; efficiency_percent: 92; package: SOT-23,https://example.com/datasheet/PMIC100000821.pdf,2512,11.6345
Digikey,DIG-1000-00822,DIO100000822,Diodes Incorporated,Diodes Incorporated DIO100000822 Diode,Diode,DIO100000822 Diode from Diodes Incorporated. Sourced via professional procurement support; specs below.,vrrm_v: 100; if_a: 1; vf_v: 0.7,https://example.com/datasheet/DIO100000822.pdf,1144,13.2872
Digikey,DIG-1000-00823,LED100000823,Lite-On Technology,Lite-On Technology LED100000823 LED Components,LED Components,LED100000823 LED Components from Lite-On Technology. Sourced via professional procurement support; specs below.,package: 0805; forward_current_ma: 20; wavelength_nm: 650,https://example.com/datasheet/LED100000823.pdf,2943,2.4773
Mouser,MOU-1000-00824,MEM100000824,Micron Technology,Micron Technology MEM100000824 Memory IC,Memory IC,MEM100000824 Memory IC from Micron Technology. Sourced via professional procurement support; specs below.,organization: x8; speed_hz: 104000000; memory_bytes: 16777216; interface: SPI,https://example.com/datasheet/MEM100000824.pdf,2254,11.5435
HQEW,HQE-1000-00825,XTAL100000825,TDK Corporation,TDK Corporation XTAL100000825 Crystal Oscillator,Crystal Oscillator,XTAL100000825 Crystal Oscillator from TDK Corporation. Sourced via professional procurement support; specs below.,package: SMD; frequency_hz: 8000000; load_capacitance_pf: 18,https://example.com/datasheet/XTAL100000825.pdf,2138,6.3401
Digikey,DIG-1000-00826,MCU100000826,Nuvoton Technology,Nuvoton Technology MCU100000826 Microcontroller,Microcontroller,MCU100000826 Microcontroller from Nuvoton Technology. Sourced via professional procurement support; specs below.,io_count: 48; voltage_v: 3.3; Operating Voltage: 3.3V,https://example.com/datasheet/MCU100000826.pdf,662,8.1806
LCSC,LCS-1000-00827,MOS100000827,Vishay Intertechnology,Vishay Intertechnology MOS100000827 MOSFET,MOSFET,MOS100000827 MOSFET from Vishay Intertechnology. Sourced via professional procurement support; specs below.,qg_nc: 45; id_a: 30; Continuous Drain Current: 30A,https://example.com/datasheet/MOS100000827.pdf,3910,14.0424
Hanxin,HAN-1000-00828,RES100000828,Vishay Intertechnology,Vishay Intertechnology RES100000828 Resistor,Resistor,RES100000828 Resistor from Vishay Intertechnology. Sourced via professional procurement support; specs below.,power_rating_w: 0.25; resistance_ohm: 10000; tolerance: ±1%; MTBF Hours: 100000,https://example.com/datasheet/RES100000828.pdf,4976,14.7566
LCSC,LCS-1000-00829,CAP100000829,Holy Stone,Holy Stone CAP100000829 Capacitor,Capacitor,CAP100000829 Capacitor from Holy Stone. Sourced via professional procurement support; specs below.,temperature_coeff: X7R; package: 0603; voltage_rating_v: 50; capacitance_pf: 100000; tolerance: ±10%,https://example.com/datasheet/CAP100000829.pdf,1682,14.2491
LCSC,LCS-1000-00830,IND100000830,TDK Corporation,TDK Corporation IND100000830 Inductor,Inductor,IND100000830 Inductor from TDK Corporation. Sourced via professional procurement support; specs below.,tolerance: ±20%; inductance_uh: 4.7,https://example.com/datasheet/IND100000830.pdf,3803,24.0947
Digikey,DIG-1000-00831,SEN100000831,TE Connectivity,TE Connectivity SEN100000831 Sensors,Sensors,SEN100000831 Sensors from TE Connectivity. Sourced via professional procurement support; specs below.,resolution_bits: 12; range: 0-40,https://example.com/datasheet/SEN100000831.pdf,1118,9.6026
HQEW,HQE-1000-00832,CON100000832,JST,JST CON100000832 Connectors,Connectors,CON100000832 Connectors from JST. Sourced via professional procurement support; specs below.,pitch_mm: 2.54; positions: 40; current_rating_a: 3,https://example.com/datasheet/CON100000832.pdf,4719,3.9476
LCSC,LCS-1000-00833,MOD100000833,AirByte,AirByte MOD100000833 Modules,Modules,MOD100000833 Modules from AirByte. Sourced via professional procurement support; specs below.,data_rate_bps: 2000000; interface: UART; modulation: GFSK; sensitivity_dbm: -95,https://example.com/datasheet/MOD100000833.pdf,4540,21.4778
Mouser,MOU-1000-00834,OPA100000834,Analog Devices,Analog Devices OPA100000834 Analog IC,Analog IC,OPA100000834 Analog IC from Analog Devices. Sourced via professional procurement support; specs below.,bandwidth_hz: 1000000; gain_db: 100; supply_current_ua: 200,https://example.com/datasheet/OPA100000834.pdf,3971,12.4352
Hanxin,HAN-1000-00835,PMIC100000835,Infineon Technologies,Infineon Technologies PMIC100000835 Power Management IC,Power Management IC,PMIC100000835 Power Management IC from Infineon Technologies. Sourced via professional procurement support; specs below.,voltage_in_max_v: 28; package: SOT-23; output_current_a: 3; voltage_out_v: 5; efficiency_percent: 92,https://example.com/datasheet/PMIC100000835.pdf,1990,6.2605
Hanxin,HAN-1000-00836,DIO100000836,Diodes Incorporated,Diodes Incorporated DIO100000836 Diode,Diode,DIO100000836 Diode from Diodes Incorporated. Sourced via professional procurement support; specs below.,vf_v: 0.7; vrrm_v: 100,https://example.com/datasheet/DIO100000836.pdf,3796,22.2702
LCSC,LCS-1000-00837,LED100000837,Everlight Electronics,Everlight Electronics LED100000837 LED Components,LED Components,LED100000837 LED Components from Everlight Electronics. Sourced via professional procurement support; specs below.,wavelength_nm: 650; forward_current_ma: 20; forward_voltage_v: 2.1; package: 0805,https://example.com/datasheet/LED100000837.pdf,970,23.3915
Digikey,DIG-1000-00838,MEM100000838,Macronix International,Macronix International MEM100000838 Memory IC,Memory IC,MEM100000838 Memory IC from Macronix International. Sourced via professional procurement support; specs below.,interface: SPI; speed_hz: 104000000,https://example.com/datasheet/MEM100000838.pdf,3708,3.7662
LCSC,LCS-1000-00839,XTAL100000839,Wurth Elektronik,Wurth Elektronik XTAL100000839 Crystal Oscillator,Crystal Oscillator,XTAL100000839 Crystal Oscillator from Wurth Elektronik. Sourced via professional procurement support; specs below.,frequency_hz: 8000000; package: SMD; load_capacitance_pf: 18,https://example.com/datasheet/XTAL100000839.pdf,3145,9.2797
Mouser,MOU-1000-00840,MCU100000840,GigaDevice Semiconductor,GigaDevice Semiconductor MCU100000840 Microcontroller,Microcontroller,MCU100000840 Microcontroller from GigaDevice Semiconductor. Sourced via professional procurement support; specs below.,frequency_hz: 72000000; package: LQFP-48,https://example.com/datasheet/MCU100000840.pdf,2265,16.3626
Mouser,MOU-1000-00841,MOS100000841,,Unknown MOS100000841 MOSFET,MOSFET,MOS100000841 MOSFET from unspecified. Sourced via professional procurement support; specs below.,package: SOT-23; id_a: 30,https://example.com/datasheet/MOS100000841.pdf,381,1.2737
LCSC,LCS-1000-00842,RES100000842,Fenghua,Fenghua RES100000842 Resistor,Resistor,RES100000842 Resistor from Fenghua. Sourced via professional procurement support; specs below.,temperature_coeff: X7R; tolerance: ±1%,https://example.com/datasheet/RES100000842.pdf,2811,11.2647
Digikey,DIG-1000-00843,CAP100000843,Walsin Technology,Walsin Technology CAP100000843 Capacitor,Capacitor,CAP100000843 Capacitor from Walsin Technology. Sourced via professional procurement support; specs below.,package: 0603; tolerance: ±10%; voltage_rating_v: 50,https://example.com/datasheet/CAP100000843.pdf,1257,2.5343
Digikey,DIG-1000-00844,IND100000844,Murata Manufacturing,Murata Manufacturing IND100000844 Inductor,Inductor,IND100000844 Inductor from Murata Manufacturing. Sourced via professional procurement support; specs below.,package: 0805; inductance_uh: 4.7,https://example.com/datasheet/IND100000844.pdf,3635,11.6964
HQEW,HQE-1000-00845,SEN100000845,TE Connectivity,TE Connectivity SEN100000845 Sensors,Sensors,SEN100000845 Sensors from TE Connectivity. Sourced via professional procurement support; specs below.,accuracy: ±0.5; sensitivity: 260 LSB/g,https://example.com/datasheet/SEN100000845.pdf,4716,7.0152
Hanxin,HAN-1000-00846,CON100000846,Molex,Molex CON100000846 Connectors,Connectors,CON100000846 Connectors from Molex. Sourced via professional procurement support; specs below.,positions: 40; voltage_rating_v: 50,https://example.com/datasheet/CON100000846.pdf,2086,6.8954
Mouser,MOU-1000-00847,MOD100000847,u-blox,u-blox MOD100000847 Modules,Modules,MOD100000847 Modules from u-blox. Sourced via professional procurement support; specs below.,sensitivity_dbm: -95; modulation: GFSK,https://example.com/datasheet/MOD100000847.pdf,1529,7.9625
Mouser,MOU-1000-00848,OPA100000848,Maxim Integrated,Maxim Integrated OPA100000848 Analog IC,Analog IC,OPA100000848 Analog IC from Maxim Integrated. Sourced via professional procurement support; specs below.,bandwidth_hz: 1000000; package: SOIC-8; supply_current_ua: 200,https://example.com/datasheet/OPA100000848.pdf,4418,18.0064
Hanxin,HAN-1000-00849,PMIC100000849,Richtek Technology,Richtek Technology PMIC100000849 Power Management IC,Power Management IC,PMIC100000849 Power Management IC from Richtek Technology. Sourced via professional procurement support; specs below.,voltage_in_max_v: 28; package: SOT-23; voltage_out_v: 5; efficiency_percent: 92,https://example.com/datasheet/PMIC100000849.pdf,211,2.5351
Digikey,DIG-1000-00850,DIO100000850,ON Semiconductor,ON Semiconductor DIO100000850 Diode,Diode,DIO100000850 Diode from ON Semiconductor. Sourced via professional procurement support; specs below.,vrrm_v: 100; vf_v: 0.7,https://example.com/datasheet/DIO100000850.pdf,333,22.9889
LCSC,LCS-1000-00851,LED100000851,OSRAM,OSRAM LED100000851 LED Components,LED Components,LED100000851 LED Components from OSRAM. Sourced via professional procurement support; specs below.,forward_voltage_v: 2.1; forward_current_ma: 20,https://example.com/datasheet/LED100000851.pdf,4085,11.6288
Mouser,MOU-1000-00852,MEM100000852,Macronix International,Macronix International MEM100000852 Memory IC,Memory IC,MEM100000852 Memory IC from Macronix International. Sourced via professional procurement support; specs below.,memory_bytes: 16777216; interface: SPI,https://example.com/datasheet/MEM100000852.pdf,2407,21.3493
Hanxin,HAN-1000-00853,XTAL100000853,TDK Corporation,TDK Corporation XTAL100000853 Crystal Oscillator,Crystal Oscillator,XTAL100000853 Crystal Oscillator from TDK Corporation. Sourced via professional procurement support; specs below.,load_capacitance_pf: 18; package: SMD,https://example.com/datasheet/XTAL100000853.pdf,3436,8.3359
HQEW,HQE-1000-00854,MCU100000854,STMicroelectronics,STMicroelectronics MCU100000854 Microcontroller,Microcontroller,MCU100000854 Microcontroller from STMicroelectronics. Sourced via professional procurement support; specs below.,frequency_hz: 72000000; package: LQFP-48; Clock Speed: 72MHz; Core: ARM Cortex-M4,https://example.com/datasheet/MCU100000854.pdf,1866,17.9968
HQEW,HQE-1000-00855,MOS100000855,Vishay Intertechnology,Vishay Intertechnology MOS100000855 MOSFET,MOSFET,MOS100000855 MOSFET from Vishay Intertechnology. Sourced via professional procurement support; specs below.,vgs_th_v: 2.5; On Resistance: 8mΩ,https://example.com/datasheet/MOS100000855.pdf,3965,7.7975
Digikey,DIG-1000-00856,RES100000856,KEMET Electronics,KEMET Electronics RES100000856 Resistor,Resistor,RES100000856 Resistor from KEMET Electronics. Sourced via professional procurement support; specs below.,tolerance: ±1%; power_rating_w: 0.25; resistance_ohm: 10000; temperature_coeff: X7R,https://example.com/datasheet/RES100000856.pdf,2698,20.8068
HQEW,HQE-1000-00857,CAP100000857,Murata Manufacturing,Murata Manufacturing CAP100000857 Capacitor,Capacitor,CAP100000857 Capacitor from Murata Manufacturing. Sourced via professional procurement support; specs below.,temperature_coeff: X7R; voltage_rating_v: 50,https://example.com/datasheet/CAP100000857.pdf,1077,1.4501
Mouser,MOU-1000-00858,IND100000858,TDK Corporation,TDK Corporation IND100000858 Inductor,Inductor,IND100000858 Inductor from TDK Corporation. Sourced via professional procurement support; specs below.,tolerance: ±20%; package: 0805,https://example.com/datasheet/IND100000858.pdf,1916,5.3758
Digikey,DIG-1000-00859,SEN100000859,TE Connectivity,TE Connectivity SEN100000859 Sensors,Sensors,SEN100000859 Sensors from TE Connectivity. Sourced via professional procurement support; specs below.,range: 0-40; sensitivity: 260 LSB/g; interface: I2C; accuracy: ±0.5; resolution_bits: 12,https://example.com/datasheet/SEN100000859.pdf,685,16.4077
Hanxin,HAN-1000-00860,CON100000860,Amphenol,Amphenol CON100000860 Connectors,Connectors,CON100000860 Connectors from Amphenol. Sourced via professional procurement support; specs below.,current_rating_a: 3; pitch_mm: 2.54,https://example.com/datasheet/CON100000860.pdf,4173,11.8927
LCSC,LCS-1000-00861,MOD100000861,SIMCom,SIMCom MOD100000861 Modules,Modules,MOD100000861 Modules from SIMCom. Sourced via professional procurement support; specs below.,data_rate_bps: 2000000; sensitivity_dbm: -95; interface: UART; output_power_dbm: 20; Protocol Stack: 3.0,https://example.com/datasheet/MOD100000861.pdf,4021,21.3612
LCSC,LCS-1000-00862,OPA100000862,Silicon Labs,Silicon Labs OPA100000862 Analog IC,Analog IC,OPA100000862 Analog IC from Silicon Labs. Sourced via professional procurement support; specs below.,bandwidth_hz: 1000000; supply_current_ua: 200; package: SOIC-8,https://example.com/datasheet/OPA100000862.pdf,1246,4.5519
HQEW,HQE-1000-00863,PMIC100000863,Infineon Technologies,Infineon Technologies PMIC100000863 Power Management IC,Power Management IC,PMIC100000863 Power Management IC from Infineon Technologies. Sourced via professional procurement support; specs below.,output_current_a: 3; package: SOT-23,https://example.com/datasheet/PMIC100000863.pdf,3636,22.8939
Mouser,MOU-1000-00864,DIO100000864,ON Semiconductor,ON Semiconductor DIO100000864 Diode,Diode,DIO100000864 Diode from ON Semiconductor. Sourced via professional procurement support; specs below.,if_a: 1; vrrm_v: 100; vf_v: 0.7; Reverse Recovery: 50ns,https://example.com/datasheet/DIO100000864.pdf,3758,1.1256
LCSC,LCS-1000-00865,LED100000865,PhotonInc,PhotonInc LED100000865 LED Components,LED Components,LED100000865 LED Components from PhotonInc. Sourced via professional procurement support; specs below.,package: 0805; forward_current_ma: 20; forward_voltage_v: 2.1; wavelength_nm: 650,https://example.com/datasheet/LED100000865.pdf,2327,21.4167
LCSC,LCS-1000-00866,MEM100000866,Winbond Electronics,Winbond Electronics MEM100000866 Memory IC,Memory IC,MEM100000866 Memory IC from Winbond Electronics. Sourced via professional procurement support; specs below.,speed_hz: 104000000; organization: x8,https://example.com/datasheet/MEM100000866.pdf,4595,15.4185
Hanxin,HAN-1000-00867,XTAL100000867,TDK Corporation,TDK Corporation XTAL100000867 Crystal Oscillator,Crystal Oscillator,XTAL100000867 Crystal Oscillator from TDK Corporation. Sourced via professional procurement support; specs below.,frequency_hz: 8000000; load_capacitance_pf: 18; package: SMD; Frequency Tolerance: ±20ppm,https://example.com/datasheet/XTAL100000867.pdf,4683,8.8607
LCSC,LCS-1000-00868,MCU100000868,GigaDevice Semiconductor,GigaDevice Semiconductor MCU100000868 Microcontroller,Microcontroller,MCU100000868 Microcontroller from GigaDevice Semiconductor. Sourced via professional procurement support; specs below.,frequency_hz: 72000000,https://example.com/datasheet/MCU100000868.pdf,1163,9.4238
Hanxin,HAN-1000-00869,MOS100000869,,Unknown MOS100000869 MOSFET,MOSFET,MOS100000869 MOSFET from unspecified. Sourced via professional procurement support; specs below.,rds_on_mohm: 8; vds_v: 55; qg_nc: 45,https://example.com/datasheet/MOS100000869.pdf,398,19.5853
LCSC,LCS-1000-00870,RES100000870,KEMET Electronics,KEMET Electronics RES100000870 Resistor,Resistor,RES100000870 Resistor from KEMET Electronics. Sourced via professional procurement support; specs below.,resistance_ohm: 10000; Resistor Value: 10kΩ; temperature_coeff: X7R; package: 0805; tolerance: ±1%,https://example.com/datasheet/RES100000870.pdf,3137,22.2677
HQEW,HQE-1000-00871,CAP100000871,KEMET Electronics,KEMET Electronics CAP100000871 Capacitor,Capacitor,CAP100000871 Capacitor from KEMET Electronics. Sourced via professional procurement support; specs below.,package: 0603; tolerance: ±10%,https://example.com/datasheet/CAP100000871.pdf,1782,17.0626
Digikey,DIG-1000-00872,IND100000872,InduMax,InduMax IND100000872 Inductor,Inductor,IND100000872 Inductor from InduMax. Sourced via professional procurement support; specs below.,package: 0805; tolerance: ±20%; inductance_uh: 4.7; current_rating_a: 1.5,https://example.com/datasheet/IND100000872.pdf,1263,3.9791
Mouser,MOU-1000-00873,SEN100000873,NXP Semiconductors,NXP Semiconductors SEN100000873 Sensors,Sensors,SEN100000873 Sensors from NXP Semiconductors. Sourced via professional procurement support; specs below.,sensitivity: 260 LSB/g; accuracy: ±0.5; interface: I2C; resolution_bits: 12; Output Type: Analog,https://example.com/datasheet/SEN100000873.pdf,1281,23.9149
Digikey,DIG-1000-00874,CON100000874,TE Connectivity,TE Connectivity CON100000874 Connectors,Connectors,CON100000874 Connectors from TE Connectivity. Sourced via professional procurement support; specs below.,mounting: SMD; positions: 40; current_rating_a: 3; voltage_rating_v: 50; Contact Plating: Gold,https://example.com/datasheet/CON100000874.pdf,1626,18.1392
Hanxin,HAN-1000-00875,MOD100000875,Espressif Systems,Espressif Systems MOD100000875 Modules,Modules,MOD100000875 Modules from Espressif Systems. Sourced via professional procurement support; specs below.,modulation: GFSK; data_rate_bps: 2000000; interface: UART,https://example.com/datasheet/MOD100000875.pdf,2308,18.7531
Hanxin,HAN-1000-00876,OPA100000876,Analog Devices,Analog Devices OPA100000876 Analog IC,Analog IC,OPA100000876 Analog IC from Analog Devices. Sourced via professional procurement support; specs below.,bandwidth_hz: 1000000; package: SOIC-8; gain_db: 100; supply_current_ua: 200,https://example.com/datasheet/OPA100000876.pdf,4734,14.4835
HQEW,HQE-1000-00877,PMIC100000877,SGMICRO,SGMICRO PMIC100000877 Power Management IC,Power Management IC,PMIC100000877 Power Management IC from SGMICRO. Sourced via professional procurement support; specs below.,package: SOT-23; output_current_a: 3; voltage_in_max_v: 28; voltage_out_v: 5; voltage_in_min_v: 4.5; Power Good: yes,https://example.com/datasheet/PMIC100000877.pdf,1592,10.7473
Digikey,DIG-1000-00878,DIO100000878,ON Semiconductor,ON Semiconductor DIO100000878 Diode,Diode,DIO100000878 Diode from ON Semiconductor. Sourced via professional procurement support; specs below.,vf_v: 0.7; vrrm_v: 100; if_a: 1,https://example.com/datasheet/DIO100000878.pdf,2471,23.7059
Digikey,DIG-1000-00879,LED100000879,Everlight Electronics,Everlight Electronics LED100000879 LED Components,LED Components,LED100000879 LED Components from Everlight Electronics. Sourced via professional procurement support; specs below.,forward_voltage_v: 2.1; forward_current_ma: 20,https://example.com/datasheet/LED100000879.pdf,1765,3.8313
Mouser,MOU-1000-00880,MEM100000880,Micron Technology,Micron Technology MEM100000880 Memory IC,Memory IC,MEM100000880 Memory IC from Micron Technology. Sourced via professional procurement support; specs below.,organization: x8; interface: SPI; speed_hz: 104000000,https://example.com/datasheet/MEM100000880.pdf,211,0.3194
Hanxin,HAN-1000-00881,XTAL100000881,TDK Corporation,TDK Corporation XTAL100000881 Crystal Oscillator,Crystal Oscillator,XTAL100000881 Crystal Oscillator from TDK Corporation. Sourced via professional procurement support; specs below.,frequency_hz: 8000000; load_capacitance_pf: 18,https://example.com/datasheet/XTAL100000881.pdf,4756,4.0801
Mouser,MOU-1000-00882,MCU100000882,Holtek Semiconductor,Holtek Semiconductor MCU100000882 Microcontroller,Microcontroller,MCU100000882 Microcontroller from Holtek Semiconductor. Sourced via professional procurement support; specs below.,Operating Voltage: 3.3V,https://example.com/datasheet/MCU100000882.pdf,1074,23.9180
Digikey,DIG-1000-00883,MOS100000883,Alpha & Omega Semiconductor,Alpha & Omega Semiconductor MOS100000883 MOSFET,MOSFET,MOS100000883 MOSFET from Alpha & Omega Semiconductor. Sourced via professional procurement support; specs below.,Gate Charge Type: standard,https://example.com/datasheet/MOS100000883.pdf,4548,14.1729
LCSC,LCS-1000-00884,RES100000884,Bourns,Bourns RES100000884 Resistor,Resistor,RES100000884 Resistor from Bourns. Sourced via professional procurement support; specs below.,temperature_coeff: X7R; power_rating_w: 0.25; package: 0805,https://example.com/datasheet/RES100000884.pdf,28,5.9233
Mouser,MOU-1000-00885,CAP100000885,TDK Corporation,TDK Corporation CAP100000885 Capacitor,Capacitor,CAP100000885 Capacitor from TDK Corporation. Sourced via professional procurement support; specs below.,tolerance: ±10%; temperature_coeff: X7R; voltage_rating_v: 50,https://example.com/datasheet/CAP100000885.pdf,2951,11.0768
Hanxin,HAN-1000-00886,IND100000886,InduMax,InduMax IND100000886 Inductor,Inductor,IND100000886 Inductor from InduMax. Sourced via professional procurement support; specs below.,package: 0805; current_rating_a: 1.5,https://example.com/datasheet/IND100000886.pdf,4095,10.5271
Digikey,DIG-1000-00887,SEN100000887,NXP Semiconductors,NXP Semiconductors SEN100000887 Sensors,Sensors,SEN100000887 Sensors from NXP Semiconductors. Sourced via professional procurement support; specs below.,range: 0-40; accuracy: ±0.5; interface: I2C; resolution_bits: 12,https://example.com/datasheet/SEN100000887.pdf,1689,5.3037
Hanxin,HAN-1000-00888,CON100000888,JST,JST CON100000888 Connectors,Connectors,CON100000888 Connectors from JST. Sourced via professional procurement support; specs below.,current_rating_a: 3; pitch_mm: 2.54; mounting: SMD; positions: 40,https://example.com/datasheet/CON100000888.pdf,3801,3.1577
Mouser,MOU-1000-00889,MOD100000889,SIMCom,SIMCom MOD100000889 Modules,Modules,MOD100000889 Modules from SIMCom. Sourced via professional procurement support; specs below.,output_power_dbm: 20; interface: UART,https://example.com/datasheet/MOD100000889.pdf,4479,3.0300
Hanxin,HAN-1000-00890,OPA100000890,Maxim Integrated,Maxim Integrated OPA100000890 Analog IC,Analog IC,OPA100000890 Analog IC from Maxim Integrated. Sourced via professional procurement support; specs below.,supply_current_ua: 200; bandwidth_hz: 1000000; gain_db: 100,https://example.com/datasheet/OPA100000890.pdf,1802,20.3745
Digikey,DIG-1000-00891,PMIC100000891,Texas Instruments,Texas Instruments PMIC100000891 Power Management IC,Power Management IC,PMIC100000891 Power Management IC from Texas Instruments. Sourced via professional procurement support; specs below.,output_current_a: 3; efficiency_percent: 92; voltage_in_min_v: 4.5; package: SOT-23; voltage_out_v: 5,https://example.com/datasheet/PMIC100000891.pdf,673,20.9665
HQEW,HQE-1000-00892,DIO100000892,Vishay Intertechnology,Vishay Intertechnology DIO100000892 Diode,Diode,DIO100000892 Diode from Vishay Intertechnology. Sourced via professional procurement support; specs below.,vf_v: 0.7; if_a: 1,https://example.com/datasheet/DIO100000892.pdf,151,5.2854
Digikey,DIG-1000-00893,LED100000893,Lite-On Technology,Lite-On Technology LED100000893 LED Components,LED Components,LED100000893 LED Components from Lite-On Technology. Sourced via professional procurement support; specs below.,package: 0805; forward_voltage_v: 2.1,https://example.com/datasheet/LED100000893.pdf,2256,2.5433
Mouser,MOU-1000-00894,MEM100000894,Winbond Electronics,Winbond Electronics MEM100000894 Memory IC,Memory IC,MEM100000894 Memory IC from Winbond Electronics. Sourced via professional procurement support; specs below.,speed_hz: 104000000; memory_bytes: 16777216,https://example.com/datasheet/MEM100000894.pdf,1245,2.9034
LCSC,LCS-1000-00895,XTAL100000895,TDK Corporation,TDK Corporation XTAL100000895 Crystal Oscillator,Crystal Oscillator,XTAL100000895 Crystal Oscillator from TDK Corporation. Sourced via professional procurement support; specs below.,load_capacitance_pf: 18; package: SMD,https://example.com/datasheet/XTAL100000895.pdf,1814,3.1030
Hanxin,HAN-1000-00896,MCU100000896,Nuvoton Technology,Nuvoton Technology MCU100000896 Microcontroller,Microcontroller,MCU100000896 Microcontroller from Nuvoton Technology. Sourced via professional procurement support; specs below.,voltage_v: 3.3; io_count: 48; package: LQFP-48; Core: ARM Cortex-M4,https://example.com/datasheet/MCU100000896.pdf,3378,16.9958
LCSC,LCS-1000-00897,MOS100000897,Vishay Intertechnology,Vishay Intertechnology MOS100000897 MOSFET,MOSFET,MOS100000897 MOSFET from Vishay Intertechnology. Sourced via professional procurement support; specs below.,vds_v: 55; id_a: 30,https://example.com/datasheet/MOS100000897.pdf,67,12.7742
LCSC,LCS-1000-00898,RES100000898,Fenghua,Fenghua RES100000898 Resistor,Resistor,RES100000898 Resistor from Fenghua. Sourced via professional procurement support; specs below.,tolerance: ±1%,https://example.com/datasheet/RES100000898.pdf,671,14.6621
Mouser,MOU-1000-00899,CAP100000899,Walsin Technology,Walsin Technology CAP100000899 Capacitor,Capacitor,CAP100000899 Capacitor from Walsin Technology. Sourced via professional procurement support; specs below.,tolerance: ±10%; temperature_coeff: X7R,https://example.com/datasheet/CAP100000899.pdf,541,20.7910
Mouser,MOU-1000-00900,IND100000900,Murata Manufacturing,Murata Manufacturing IND100000900 Inductor,Inductor,IND100000900 Inductor from Murata Manufacturing. Sourced via professional procurement support; specs below.,tolerance: ±20%; current_rating_a: 1.5,https://example.com/datasheet/IND100000900.pdf,3526,24.5541
Digikey,DIG-1000-00901,SEN100000901,TE Connectivity,TE Connectivity SEN100000901 Sensors,Sensors,SEN100000901 Sensors from TE Connectivity. Sourced via professional procurement support; specs below.,accuracy: ±0.5; interface: I2C; resolution_bits: 12,https://example.com/datasheet/SEN100000901.pdf,2692,8.0682
LCSC,LCS-1000-00902,CON100000902,Hirose Electric,Hirose Electric CON100000902 Connectors,Connectors,CON100000902 Connectors from Hirose Electric. Sourced via professional procurement support; specs below.,mounting: SMD; voltage_rating_v: 50; positions: 40,https://example.com/datasheet/CON100000902.pdf,4879,2.9425
Hanxin,HAN-1000-00903,MOD100000903,Espressif Systems,Espressif Systems MOD100000903 Modules,Modules,MOD100000903 Modules from Espressif Systems. Sourced via professional procurement support; specs below.,output_power_dbm: 20; Data Rate: 2Mbps; sensitivity_dbm: -95; data_rate_bps: 2000000; interface: UART,https://example.com/datasheet/MOD100000903.pdf,2019,4.4337
LCSC,LCS-1000-00904,OPA100000904,Maxim Integrated,Maxim Integrated OPA100000904 Analog IC,Analog IC,OPA100000904 Analog IC from Maxim Integrated. Sourced via professional procurement support; specs below.,bandwidth_hz: 1000000; supply_current_ua: 200; gain_db: 100; package: SOIC-8; Input Noise: 10nV,https://example.com/datasheet/OPA100000904.pdf,600,19.8731
LCSC,LCS-1000-00905,PMIC100000905,Richtek Technology,Richtek Technology PMIC100000905 Power Management IC,Power Management IC,PMIC100000905 Power Management IC from Richtek Technology. Sourced via professional procurement support; specs below.,voltage_in_max_v: 28; efficiency_percent: 92; voltage_out_v: 5; voltage_in_min_v: 4.5; package: SOT-23,https://example.com/datasheet/PMIC100000905.pdf,4746,22.6251
LCSC,LCS-1000-00906,DIO100000906,Vishay Intertechnology,Vishay Intertechnology DIO100000906 Diode,Diode,DIO100000906 Diode from Vishay Intertechnology. Sourced via professional procurement support; specs below.,if_a: 1; vf_v: 0.7; vrrm_v: 100,https://example.com/datasheet/DIO100000906.pdf,1621,12.6150
Hanxin,HAN-1000-00907,LED100000907,Everlight Electronics,Everlight Electronics LED100000907 LED Components,LED Components,LED100000907 LED Components from Everlight Electronics. Sourced via professional procurement support; specs below.,wavelength_nm: 650; forward_voltage_v: 2.1; Luminous Intensity: 100mcd,https://example.com/datasheet/LED100000907.pdf,3347,11.0275
Mouser,MOU-1000-00908,MEM100000908,ISSI,ISSI MEM100000908 Memory IC,Memory IC,MEM100000908 Memory IC from ISSI. Sourced via professional procurement support; specs below.,interface: SPI; organization: x8,https://example.com/datasheet/MEM100000908.pdf,1110,12.8192
Digikey,DIG-1000-00909,XTAL100000909,Murata Manufacturing,Murata Manufacturing XTAL100000909 Crystal Oscillator,Crystal Oscillator,XTAL100000909 Crystal Oscillator from Murata Manufacturing. Sourced via professional procurement support; specs below.,load_capacitance_pf: 18; frequency_hz: 8000000; Frequency Tolerance: ±20ppm,https://example.com/datasheet/XTAL100000909.pdf,4194,15.1616
Digikey,DIG-1000-00910,MCU100000910,Holtek Semiconductor,Holtek Semiconductor MCU100000910 Microcontroller,Microcontroller,MCU100000910 Microcontroller from Holtek Semiconductor. Sourced via professional procurement support; specs below.,package: LQFP-48,https://example.com/datasheet/MCU100000910.pdf,2793,5.9240
Mouser,MOU-1000-00911,MOS100000911,Alpha & Omega Semiconductor,Alpha & Omega Semiconductor MOS100000911 MOSFET,MOSFET,MOS100000911 MOSFET from Alpha & Omega Semiconductor. Sourced via professional procurement support; specs below.,vds_v: 55,https://example.com/datasheet/MOS100000911.pdf,2202,17.7537
LCSC,LCS-1000-00912,RES100000912,Yageo,Yageo RES100000912 Resistor,Resistor,RES100000912 Resistor from Yageo. Sourced via professional procurement support; specs below.,tolerance: ±1%; resistance_ohm: 10000; power_rating_w: 0.25,https://example.com/datasheet/RES100000912.pdf,1801,4.2575
Hanxin,HAN-1000-00913,CAP100000913,Murata Manufacturing,Murata Manufacturing CAP100000913 Capacitor,Capacitor,CAP100000913 Capacitor from Murata Manufacturing. Sourced via professional procurement support; specs below.,Capacitor Value: 100nF; capacitance_pf: 100000; temperature_coeff: X7R; voltage_rating_v: 50; package: 0603,https://example.com/datasheet/CAP100000913.pdf,2904,5.6873
Digikey,DIG-1000-00914,IND100000914,Murata Manufacturing,Murata Manufacturing IND100000914 Inductor,Inductor,IND100000914 Inductor from Murata Manufacturing. Sourced via professional procurement support; specs below.,inductance_uh: 4.7; tolerance: ±20%,https://example.com/datasheet/IND100000914.pdf,4808,5.4288
HQEW,HQE-1000-00915,SEN100000915,NXP Semiconductors,NXP Semiconductors SEN100000915 Sensors,Sensors,SEN100000915 Sensors from NXP Semiconductors. Sourced via professional procurement support; specs below.,resolution_bits: 12; sensitivity: 260 LSB/g; accuracy: ±0.5; range: 0-40,https://example.com/datasheet/SEN100000915.pdf,1082,11.8995
Digikey,DIG-1000-00916,CON100000916,Amphenol,Amphenol CON100000916 Connectors,Connectors,CON100000916 Connectors from Amphenol. Sourced via professional procurement support; specs below.,pitch_mm: 2.54; mounting: SMD; positions: 40; current_rating_a: 3,https://example.com/datasheet/CON100000916.pdf,1378,6.3207
Hanxin,HAN-1000-00917,MOD100000917,AirByte,AirByte MOD100000917 Modules,Modules,MOD100000917 Modules from AirByte. Sourced via professional procurement support; specs below.,interface: UART; sensitivity_dbm: -95; modulation: GFSK; Data Rate: 2Mbps,https://example.com/datasheet/MOD100000917.pdf,2699,15.7001
Digikey,DIG-1000-00918,OPA100000918,Silicon Labs,Silicon Labs OPA100000918 Analog IC,Analog IC,OPA100000918 Analog IC from Silicon Labs. Sourced via professional procurement support; specs below.,package: SOIC-8; gain_db: 100; bandwidth_hz: 1000000,https://example.com/datasheet/OPA100000918.pdf,3535,22.7567
HQEW,HQE-1000-00919,PMIC100000919,Texas Instruments,Texas Instruments PMIC100000919 Power Management IC,Power Management IC,PMIC100000919 Power Management IC from Texas Instruments. Sourced via professional procurement support; specs below.,voltage_out_v: 5; package: SOT-23,https://example.com/datasheet/PMIC100000919.pdf,1032,10.3141
Mouser,MOU-1000-00920,DIO100000920,Littelfuse,Littelfuse DIO100000920 Diode,Diode,DIO100000920 Diode from Littelfuse. Sourced via professional procurement support; specs below.,vrrm_v: 100; vf_v: 0.7,https://example.com/datasheet/DIO100000920.pdf,2767,17.3384
Hanxin,HAN-1000-00921,LED100000921,Lite-On Technology,Lite-On Technology LED100000921 LED Components,LED Components,LED100000921 LED Components from Lite-On Technology. Sourced via professional procurement support; specs below.,forward_voltage_v: 2.1; package: 0805; wavelength_nm: 650,https://example.com/datasheet/LED100000921.pdf,1803,17.5536
LCSC,LCS-1000-00922,MEM100000922,ISSI,ISSI MEM100000922 Memory IC,Memory IC,MEM100000922 Memory IC from ISSI. Sourced via professional procurement support; specs below.,interface: SPI; speed_hz: 104000000; organization: x8; memory_bytes: 16777216,https://example.com/datasheet/MEM100000922.pdf,1182,6.1089
Digikey,DIG-1000-00923,XTAL100000923,Murata Manufacturing,Murata Manufacturing XTAL100000923 Crystal Oscillator,Crystal Oscillator,XTAL100000923 Crystal Oscillator from Murata Manufacturing. Sourced via professional procurement support; specs below.,package: SMD; load_capacitance_pf: 18,https://example.com/datasheet/XTAL100000923.pdf,4010,15.9787
Digikey,DIG-1000-00924,MCU100000924,PioneerIC,PioneerIC MCU100000924 Microcontroller,Microcontroller,MCU100000924 Microcontroller from PioneerIC. Sourced via professional procurement support; specs below.,io_count: 48; Operating Voltage: 3.3V,https://example.com/datasheet/MCU100000924.pdf,1573,11.1924
Mouser,MOU-1000-00925,MOS100000925,Yangjie,Yangjie MOS100000925 MOSFET,MOSFET,MOS100000925 MOSFET from Yangjie. Sourced via professional procurement support; specs below.,rds_on_mohm: 8,https://example.com/datasheet/MOS100000925.pdf,3422,7.4709
LCSC,LCS-1000-00926,RES100000926,Bourns,Bourns RES100000926 Resistor,Resistor,RES100000926 Resistor from Bourns. Sourced via professional procurement support; specs below.,power_rating_w: 0.25; temperature_coeff: X7R; package: 0805,https://example.com/datasheet/RES100000926.pdf,14,21.8635
HQEW,HQE-1000-00927,CAP100000927,TDK Corporation,TDK Corporation CAP100000927 Capacitor,Capacitor,CAP100000927 Capacitor from TDK Corporation. Sourced via professional procurement support; specs below.,package: 0603; Ripple Current: 100mA,https://example.com/datasheet/CAP100000927.pdf,605,13.1645
Hanxin,HAN-1000-00928,IND100000928,Murata Manufacturing,Murata Manufacturing IND100000928 Inductor,Inductor,IND100000928 Inductor from Murata Manufacturing. Sourced via professional procurement support; specs below.,current_rating_a: 1.5; inductance_uh: 4.7,https://example.com/datasheet/IND100000928.pdf,220,12.2884
Hanxin,HAN-1000-00929,SEN100000929,NXP Semiconductors,NXP Semiconductors SEN100000929 Sensors,Sensors,SEN100000929 Sensors from NXP Semiconductors. Sourced via professional procurement support; specs below.,range: 0-40; sensitivity: 260 LSB/g; accuracy: ±0.5,https://example.com/datasheet/SEN100000929.pdf,3378,22.0241
LCSC,LCS-1000-00930,CON100000930,JST,JST CON100000930 Connectors,Connectors,CON100000930 Connectors from JST. Sourced via professional procurement support; specs below.,pitch_mm: 2.54; positions: 40; mounting: SMD; current_rating_a: 3; Contact Plating: Gold,https://example.com/datasheet/CON100000930.pdf,2597,13.4803
Mouser,MOU-1000-00931,MOD100000931,SIMCom,SIMCom MOD100000931 Modules,Modules,MOD100000931 Modules from SIMCom. Sourced via professional procurement support; specs below.,interface: UART,https://example.com/datasheet/MOD100000931.pdf,1578,9.8542
Mouser,MOU-1000-00932,OPA100000932,Silicon Labs,Silicon Labs OPA100000932 Analog IC,Analog IC,OPA100000932 Analog IC from Silicon Labs. Sourced via professional procurement support; specs below.,package: SOIC-8; bandwidth_hz: 1000000,https://example.com/datasheet/OPA100000932.pdf,3974,11.8157
Hanxin,HAN-1000-00933,PMIC100000933,Monolithic Power Systems,Monolithic Power Systems PMIC100000933 Power Management IC,Power Management IC,PMIC100000933 Power Management IC from Monolithic Power Systems. Sourced via professional procurement support; specs below.,efficiency_percent: 92; voltage_out_v: 5; voltage_in_max_v: 28,https://example.com/datasheet/PMIC100000933.pdf,1623,13.2822
Digikey,DIG-1000-00934,DIO100000934,Littelfuse,Littelfuse DIO100000934 Diode,Diode,DIO100000934 Diode from Littelfuse. Sourced via professional procurement support; specs below.,if_a: 1; vrrm_v: 100; Reverse Recovery: 50ns,https://example.com/datasheet/DIO100000934.pdf,2098,23.6163
Hanxin,HAN-1000-00935,LED100000935,Lite-On Technology,Lite-On Technology LED100000935 LED Components,LED Components,LED100000935 LED Components from Lite-On Technology. Sourced via professional procurement support; specs below.,forward_voltage_v: 2.1; wavelength_nm: 650,https://example.com/datasheet/LED100000935.pdf,4003,6.7508
LCSC,LCS-1000-00936,MEM100000936,Micron Technology,Micron Technology MEM100000936 Memory IC,Memory IC,MEM100000936 Memory IC from Micron Technology. Sourced via professional procurement support; specs below.,organization: x8; interface: SPI; speed_hz: 104000000,https://example.com/datasheet/MEM100000936.pdf,1329,24.7676
LCSC,LCS-1000-00937,XTAL100000937,AbraconX,AbraconX XTAL100000937 Crystal Oscillator,Crystal Oscillator,XTAL100000937 Crystal Oscillator from AbraconX. Sourced via professional procurement support; specs below.,package: SMD; frequency_hz: 8000000; load_capacitance_pf: 18,https://example.com/datasheet/XTAL100000937.pdf,1786,19.9825
LCSC,LCS-1000-00938,MCU100000938,Microchip Technology,Microchip Technology MCU100000938 Microcontroller,Microcontroller,MCU100000938 Microcontroller from Microchip Technology. Sourced via professional procurement support; specs below.,flash_bytes: 131072; ram_bytes: 20480; voltage_v: 3.3; Program Memory: 128KB,https://example.com/datasheet/MCU100000938.pdf,744,9.4492
Digikey,DIG-1000-00939,MOS100000939,Yangjie,Yangjie MOS100000939 MOSFET,MOSFET,MOS100000939 MOSFET from Yangjie. Sourced via professional procurement support; specs below.,Continuous Drain Current: 30A; rds_on_mohm: 8; vgs_th_v: 2.5,https://example.com/datasheet/MOS100000939.pdf,3135,9.1287
HQEW,HQE-1000-00940,RES100000940,Vishay Intertechnology,Vishay Intertechnology RES100000940 Resistor,Resistor,RES100000940 Resistor from Vishay Intertechnology. Sourced via professional procurement support; specs below.,resistance_ohm: 10000; temperature_coeff: X7R,https://example.com/datasheet/RES100000940.pdf,783,2.0499
Mouser,MOU-1000-00941,CAP100000941,Holy Stone,Holy Stone CAP100000941 Capacitor,Capacitor,CAP100000941 Capacitor from Holy Stone. Sourced via professional procurement support; specs below.,"[1, 2, 3]",https://example.com/datasheet/CAP100000941.pdf,4017,3.1309
LCSC,LCS-1000-00942,IND100000942,Wurth Elektronik,Wurth Elektronik IND100000942 Inductor,Inductor,IND100000942 Inductor from Wurth Elektronik. Sourced via professional procurement support; specs below.,current_rating_a: 1.5; tolerance: ±20%,https://example.com/datasheet/IND100000942.pdf,7,7.5598
LCSC,LCS-1000-00943,SEN100000943,TE Connectivity,TE Connectivity SEN100000943 Sensors,Sensors,SEN100000943 Sensors from TE Connectivity. Sourced via professional procurement support; specs below.,resolution_bits: 12; interface: I2C; sensitivity: 260 LSB/g; Response Time: 5ms,https://example.com/datasheet/SEN100000943.pdf,2737,7.3561
HQEW,HQE-1000-00944,CON100000944,JST,JST CON100000944 Connectors,Connectors,CON100000944 Connectors from JST. Sourced via professional procurement support; specs below.,voltage_rating_v: 50; current_rating_a: 3,https://example.com/datasheet/CON100000944.pdf,4002,24.2168
HQEW,HQE-1000-00945,MOD100000945,Quectel,Quectel MOD100000945 Modules,Modules,MOD100000945 Modules from Quectel. Sourced via professional procurement support; specs below.,Data Rate: 2Mbps; modulation: GFSK; interface: UART,https://example.com/datasheet/MOD100000945.pdf,4996,20.7035
Mouser,MOU-1000-00946,OPA100000946,Silicon Labs,Silicon Labs OPA100000946 Analog IC,Analog IC,OPA100000946 Analog IC from Silicon Labs. Sourced via professional procurement support; specs below.,package: SOIC-8; supply_current_ua: 200; gain_db: 100; bandwidth_hz: 1000000,https://example.com/datasheet/OPA100000946.pdf,1669,22.4685
Hanxin,HAN-1000-00947,PMIC100000947,Texas Instruments,Texas Instruments PMIC100000947 Power Management IC,Power Management IC,PMIC100000947 Power Management IC from Texas Instruments. Sourced via professional procurement support; specs below.,output_current_a: 3; voltage_in_min_v: 4.5; package: SOT-23; voltage_in_max_v: 28,https://example.com/datasheet/PMIC100000947.pdf,759,23.1391
LCSC,LCS-1000-00948,DIO100000948,ON Semiconductor,ON Semiconductor DIO100000948 Diode,Diode,DIO100000948 Diode from ON Semiconductor. Sourced via professional procurement support; specs below.,if_a: 1; vrrm_v: 100,https://example.com/datasheet/DIO100000948.pdf,1617,10.4207
Digikey,DIG-1000-00949,LED100000949,Lite-On Technology,Lite-On Technology LED100000949 LED Components,LED Components,LED100000949 LED Components from Lite-On Technology. Sourced via professional procurement support; specs below.,wavelength_nm: 650; package: 0805; forward_current_ma: 20; forward_voltage_v: 2.1,https://example.com/datasheet/LED100000949.pdf,1722,3.4063
LCSC,LCS-1000-00950,MEM100000950,Macronix International,Macronix International MEM100000950 Memory IC,Memory IC,MEM100000950 Memory IC from Macronix International. Sourced via professional procurement support; specs below.,speed_hz: 104000000; memory_bytes: 16777216; interface: SPI; organization: x8,https://example.com/datasheet/MEM100000950.pdf,1368,21.5408
HQEW,HQE-1000-00951,XTAL100000951,Wurth Elektronik,Wurth Elektronik XTAL100000951 Crystal Oscillator,Crystal Oscillator,XTAL100000951 Crystal Oscillator from Wurth Elektronik. Sourced via professional procurement support; specs below.,load_capacitance_pf: 18; frequency_hz: 8000000; package: SMD,https://example.com/datasheet/XTAL100000951.pdf,2912,3.0587
HQEW,HQE-1000-00952,MCU100000952,Holtek Semiconductor,Holtek Semiconductor MCU100000952 Microcontroller,Microcontroller,MCU100000952 Microcontroller from Holtek Semiconductor. Sourced via professional procurement support; specs below.,frequency_hz: 72000000; Core: ARM Cortex-M4,https://example.com/datasheet/MCU100000952.pdf,558,21.1355
Hanxin,HAN-1000-00953,MOS100000953,Vishay Intertechnology,Vishay Intertechnology MOS100000953 MOSFET,MOSFET,MOS100000953 MOSFET from Vishay Intertechnology. Sourced via professional procurement support; specs below.,id_a: 30,https://example.com/datasheet/MOS100000953.pdf,852,11.2274
LCSC,LCS-1000-00954,RES100000954,KEMET Electronics,KEMET Electronics RES100000954 Resistor,Resistor,RES100000954 Resistor from KEMET Electronics. Sourced via professional procurement support; specs below.,tolerance: ±1%; temperature_coeff: X7R,https://example.com/datasheet/RES100000954.pdf,2384,14.7614
Hanxin,HAN-1000-00955,CAP100000955,,Unknown CAP100000955 Capacitor,Capacitor,CAP100000955 Capacitor from unspecified. Sourced via professional procurement support; specs below.,voltage_rating_v: 50; tolerance: ±10%; temperature_coeff: X7R; capacitance_pf: 100000; package: 0603,https://example.com/datasheet/CAP100000955.pdf,166,1.4392
HQEW,HQE-1000-00956,IND100000956,Murata Manufacturing,Murata Manufacturing IND100000956 Inductor,Inductor,IND100000956 Inductor from Murata Manufacturing. Sourced via professional procurement support; specs below.,tolerance: ±20%; current_rating_a: 1.5,https://example.com/datasheet/IND100000956.pdf,4817,23.2104
HQEW,HQE-1000-00957,SEN100000957,STMicroelectronics,STMicroelectronics SEN100000957 Sensors,Sensors,SEN100000957 Sensors from STMicroelectronics. Sourced via professional procurement support; specs below.,interface: I2C; sensitivity: 260 LSB/g; range: 0-40; accuracy: ±0.5,https://example.com/datasheet/SEN100000957.pdf,1759,3.2409
LCSC,LCS-1000-00958,CON100000958,PlugWorks,PlugWorks CON100000958 Connectors,Connectors,CON100000958 Connectors from PlugWorks. Sourced via professional procurement support; specs below.,mounting: SMD; voltage_rating_v: 50; current_rating_a: 3; positions: 40; pitch_mm: 2.54,https://example.com/datasheet/CON100000958.pdf,1110,20.3953
Hanxin,HAN-1000-00959,MOD100000959,SIMCom,SIMCom MOD100000959 Modules,Modules,MOD100000959 Modules from SIMCom. Sourced via professional procurement support; specs below.,data_rate_bps: 2000000; modulation: GFSK; Data Rate: 2Mbps; output_power_dbm: 20,https://example.com/datasheet/MOD100000959.pdf,856,17.4728
HQEW,HQE-1000-00960,OPA100000960,Texas Instruments,Texas Instruments OPA100000960 Analog IC,Analog IC,OPA100000960 Analog IC from Texas Instruments. Sourced via professional procurement support; specs below.,supply_current_ua: 200; package: SOIC-8,https://example.com/datasheet/OPA100000960.pdf,2918,5.9100
Mouser,MOU-1000-00961,PMIC100000961,Infineon Technologies,Infineon Technologies PMIC100000961 Power Management IC,Power Management IC,PMIC100000961 Power Management IC from Infineon Technologies. Sourced via professional procurement support; specs below.,output_current_a: 3; efficiency_percent: 92; package: SOT-23; voltage_in_min_v: 4.5,https://example.com/datasheet/PMIC100000961.pdf,3803,18.1726
Digikey,DIG-1000-00962,DIO100000962,Vishay Intertechnology,Vishay Intertechnology DIO100000962 Diode,Diode,DIO100000962 Diode from Vishay Intertechnology. Sourced via professional procurement support; specs below.,vrrm_v: 100; vf_v: 0.7,https://example.com/datasheet/DIO100000962.pdf,1002,16.4311
Digikey,DIG-1000-00963,LED100000963,Lite-On Technology,Lite-On Technology LED100000963 LED Components,LED Components,LED100000963 LED Components from Lite-On Technology. Sourced via professional procurement support; specs below.,forward_current_ma: 20; forward_voltage_v: 2.1,https://example.com/datasheet/LED100000963.pdf,2618,23.3919
Digikey,DIG-1000-00964,MEM100000964,Winbond Electronics,Winbond Electronics MEM100000964 Memory IC,Memory IC,MEM100000964 Memory IC from Winbond Electronics. Sourced via professional procurement support; specs below.,organization: x8; memory_bytes: 16777216; speed_hz: 104000000,https://example.com/datasheet/MEM100000964.pdf,1723,10.9364
Digikey,DIG-1000-00965,XTAL100000965,AbraconX,AbraconX XTAL100000965 Crystal Oscillator,Crystal Oscillator,XTAL100000965 Crystal Oscillator from AbraconX. Sourced via professional procurement support; specs below.,package: SMD; frequency_hz: 8000000; load_capacitance_pf: 18,https://example.com/datasheet/XTAL100000965.pdf,636,3.5874
Hanxin,HAN-1000-00966,MCU100000966,Microchip Technology,Microchip Technology MCU100000966 Microcontroller,Microcontroller,MCU100000966 Microcontroller from Microchip Technology. Sourced via professional procurement support; specs below.,Core: ARM Cortex-M4; ram_bytes: 20480,https://example.com/datasheet/MCU100000966.pdf,4494,23.8939
Hanxin,HAN-1000-00967,MOS100000967,Vishay Intertechnology,Vishay Intertechnology MOS100000967 MOSFET,MOSFET,MOS100000967 MOSFET from Vishay Intertechnology. Sourced via professional procurement support; specs below.,package: SOT-23; vds_v: 55; qg_nc: 45; Continuous Drain Current: 30A; Gate Charge Type: standard,https://example.com/datasheet/MOS100000967.pdf,4790,7.9280
Hanxin,HAN-1000-00968,RES100000968,Fenghua,Fenghua RES100000968 Resistor,Resistor,RES100000968 Resistor from Fenghua. Sourced via professional procurement support; specs below.,power_rating_w: 0.25; package: 0805; temperature_coeff: X7R; tolerance: ±1%,https://example.com/datasheet/RES100000968.pdf,2931,19.0002
LCSC,LCS-1000-00969,CAP100000969,Walsin Technology,Walsin Technology CAP100000969 Capacitor,Capacitor,CAP100000969 Capacitor from Walsin Technology. Sourced via professional procurement support; specs below.,voltage_rating_v: 50; temperature_coeff: X7R; package: 0603; capacitance_pf: 100000,https://example.com/datasheet/CAP100000969.pdf,1338,4.9415
Digikey,DIG-1000-00970,IND100000970,TDK Corporation,TDK Corporation IND100000970 Inductor,Inductor,IND100000970 Inductor from TDK Corporation. Sourced via professional procurement support; specs below.,inductance_uh: 4.7; package: 0805; Self Resonant Freq: 50MHz,https://example.com/datasheet/IND100000970.pdf,2187,24.1470
LCSC,LCS-1000-00971,SEN100000971,TE Connectivity,TE Connectivity SEN100000971 Sensors,Sensors,SEN100000971 Sensors from TE Connectivity. Sourced via professional procurement support; specs below.,resolution_bits: 12; interface: I2C,https://example.com/datasheet/SEN100000971.pdf,1143,22.6569
Digikey,DIG-1000-00972,CON100000972,ConnX,ConnX CON100000972 Connectors,Connectors,CON100000972 Connectors from ConnX. Sourced via professional procurement support; specs below.,positions: 40; voltage_rating_v: 50; current_rating_a: 3; pitch_mm: 2.54; mounting: SMD,https://example.com/datasheet/CON100000972.pdf,631,10.7303
Hanxin,HAN-1000-00973,MOD100000973,Semtech,Semtech MOD100000973 Modules,Modules,MOD100000973 Modules from Semtech. Sourced via professional procurement support; specs below.,interface: UART; data_rate_bps: 2000000,https://example.com/datasheet/MOD100000973.pdf,4553,16.4534
Hanxin,HAN-1000-00974,OPA100000974,Maxim Integrated,Maxim Integrated OPA100000974 Analog IC,Analog IC,OPA100000974 Analog IC from Maxim Integrated. Sourced via professional procurement support; specs below.,gain_db: 100; bandwidth_hz: 1000000; supply_current_ua: 200,https://example.com/datasheet/OPA100000974.pdf,4395,7.9813
HQEW,HQE-1000-00975,PMIC100000975,Monolithic Power Systems,Monolithic Power Systems PMIC100000975 Power Management IC,Power Management IC,PMIC100000975 Power Management IC from Monolithic Power Systems. Sourced via professional procurement support; specs below.,voltage_out_v: 5; output_current_a: 3; voltage_in_max_v: 28,https://example.com/datasheet/PMIC100000975.pdf,1983,0.9712
HQEW,HQE-1000-00976,DIO100000976,Littelfuse,Littelfuse DIO100000976 Diode,Diode,DIO100000976 Diode from Littelfuse. Sourced via professional procurement support; specs below.,if_a: 1; vrrm_v: 100,https://example.com/datasheet/DIO100000976.pdf,4008,8.8406
Mouser,MOU-1000-00977,LED100000977,PhotonInc,PhotonInc LED100000977 LED Components,LED Components,LED100000977 LED Components from PhotonInc. Sourced via professional procurement support; specs below.,forward_voltage_v: 2.1; wavelength_nm: 650,https://example.com/datasheet/LED100000977.pdf,173,15.2931
Mouser,MOU-1000-00978,MEM100000978,StoreX,StoreX MEM100000978 Memory IC,Memory IC,MEM100000978 Memory IC from StoreX. Sourced via professional procurement support; specs below.,memory_bytes: 16777216; speed_hz: 104000000; organization: x8,https://example.com/datasheet/MEM100000978.pdf,147,3.0723
LCSC,LCS-1000-00979,XTAL100000979,AbraconX,AbraconX XTAL100000979 Crystal Oscillator,Crystal Oscillator,XTAL100000979 Crystal Oscillator from AbraconX. Sourced via professional procurement support; specs below.,package: SMD; frequency_hz: 8000000,https://example.com/datasheet/XTAL100000979.pdf,2504,15.3131
HQEW,HQE-1000-00980,MCU100000980,STMicroelectronics,STMicroelectronics MCU100000980 Microcontroller,Microcontroller,MCU100000980 Microcontroller from STMicroelectronics. Sourced via professional procurement support; specs below.,flash_bytes: 131072; RAM Size: 20KB,https://example.com/datasheet/MCU100000980.pdf,4596,20.0507
Hanxin,HAN-1000-00981,MOS100000981,Infineon Technologies,Infineon Technologies MOS100000981 MOSFET,MOSFET,MOS100000981 MOSFET from Infineon Technologies. Sourced via professional procurement support; specs below.,package: SOT-23; vgs_th_v: 2.5,https://example.com/datasheet/MOS100000981.pdf,4312,20.1090
Mouser,MOU-1000-00982,RES100000982,,Unknown RES100000982 Resistor,Resistor,RES100000982 Resistor from unspecified. Sourced via professional procurement support; specs below.,power_rating_w: 0.25; package: 0805; resistance_ohm: 10000; temperature_coeff: X7R; Resistor Value: 10kΩ,https://example.com/datasheet/RES100000982.pdf,1583,4.5634
HQEW,HQE-1000-00983,CAP100000983,TDK Corporation,TDK Corporation CAP100000983 Capacitor,Capacitor,CAP100000983 Capacitor from TDK Corporation. Sourced via professional procurement support; specs below.,temperature_coeff: X7R; tolerance: ±10%; package: 0603,https://example.com/datasheet/CAP100000983.pdf,2782,21.4853
Hanxin,HAN-1000-00984,IND100000984,Wurth Elektronik,Wurth Elektronik IND100000984 Inductor,Inductor,IND100000984 Inductor from Wurth Elektronik. Sourced via professional procurement support; specs below.,current_rating_a: 1.5; inductance_uh: 4.7; package: 0805,https://example.com/datasheet/IND100000984.pdf,4757,21.5911
Digikey,DIG-1000-00985,SEN100000985,BoschDummy,BoschDummy SEN100000985 Sensors,Sensors,SEN100000985 Sensors from BoschDummy. Sourced via professional procurement support; specs below.,sensitivity: 260 LSB/g; accuracy: ±0.5; resolution_bits: 12,https://example.com/datasheet/SEN100000985.pdf,448,7.0125
Hanxin,HAN-1000-00986,CON100000986,Molex,Molex CON100000986 Connectors,Connectors,CON100000986 Connectors from Molex. Sourced via professional procurement support; specs below.,voltage_rating_v: 50; current_rating_a: 3; positions: 40; pitch_mm: 2.54,https://example.com/datasheet/CON100000986.pdf,2105,6.8882
LCSC,LCS-1000-00987,MOD100000987,u-blox,u-blox MOD100000987 Modules,Modules,MOD100000987 Modules from u-blox. Sourced via professional procurement support; specs below.,modulation: GFSK,https://example.com/datasheet/MOD100000987.pdf,2190,4.1675
Mouser,MOU-1000-00988,OPA100000988,Silicon Labs,Silicon Labs OPA100000988 Analog IC,Analog IC,OPA100000988 Analog IC from Silicon Labs. Sourced via professional procurement support; specs below.,gain_db: 100; supply_current_ua: 200; package: SOIC-8; bandwidth_hz: 1000000; Input Noise: 10nV,https://example.com/datasheet/OPA100000988.pdf,3877,24.5775
Digikey,DIG-1000-00989,PMIC100000989,Infineon Technologies,Infineon Technologies PMIC100000989 Power Management IC,Power Management IC,PMIC100000989 Power Management IC from Infineon Technologies. Sourced via professional procurement support; specs below.,efficiency_percent: 92; output_current_a: 3; package: SOT-23; voltage_in_max_v: 28; voltage_in_min_v: 4.5,https://example.com/datasheet/PMIC100000989.pdf,4404,1.9267
Digikey,DIG-1000-00990,DIO100000990,DiodeX,DiodeX DIO100000990 Diode,Diode,DIO100000990 Diode from DiodeX. Sourced via professional procurement support; specs below.,vrrm_v: 100; if_a: 1,https://example.com/datasheet/DIO100000990.pdf,3022,2.5229
Hanxin,HAN-1000-00991,LED100000991,Lite-On Technology,Lite-On Technology LED100000991 LED Components,LED Components,LED100000991 LED Components from Lite-On Technology. Sourced via professional procurement support; specs below.,wavelength_nm: 650; forward_current_ma: 20; forward_voltage_v: 2.1,https://example.com/datasheet/LED100000991.pdf,3115,15.2686
Hanxin,HAN-1000-00992,MEM100000992,Macronix International,Macronix International MEM100000992 Memory IC,Memory IC,MEM100000992 Memory IC from Macronix International. Sourced via professional procurement support; specs below.,interface: SPI; memory_bytes: 16777216; organization: x8,https://example.com/datasheet/MEM100000992.pdf,2592,7.1318
LCSC,LCS-1000-00993,XTAL100000993,TDK Corporation,TDK Corporation XTAL100000993 Crystal Oscillator,Crystal Oscillator,XTAL100000993 Crystal Oscillator from TDK Corporation. Sourced via professional procurement support; specs below.,load_capacitance_pf: 18; frequency_hz: 8000000; package: SMD,https://example.com/datasheet/XTAL100000993.pdf,921,14.1738
HQEW,HQE-1000-00994,MCU100000994,Nuvoton Technology,Nuvoton Technology MCU100000994 Microcontroller,Microcontroller,MCU100000994 Microcontroller from Nuvoton Technology. Sourced via professional procurement support; specs below.,Operating Voltage: 3.3V,https://example.com/datasheet/MCU100000994.pdf,1762,1.6654
Hanxin,HAN-1000-00995,MOS100000995,Yangjie,Yangjie MOS100000995 MOSFET,MOSFET,MOS100000995 MOSFET from Yangjie. Sourced via professional procurement support; specs below.,id_a: 30; package: SOT-23; rds_on_mohm: 8,https://example.com/datasheet/MOS100000995.pdf,257,5.6116
LCSC,LCS-1000-00996,RES100000996,Yageo,Yageo RES100000996 Resistor,Resistor,RES100000996 Resistor from Yageo. Sourced via professional procurement support; specs below.,tolerance: ±1%; resistance_ohm: 10000; package: 0805,https://example.com/datasheet/RES100000996.pdf,2036,4.9834
Hanxin,HAN-1000-00997,CAP100000997,Murata Manufacturing,Murata Manufacturing CAP100000997 Capacitor,Capacitor,CAP100000997 Capacitor from Murata Manufacturing. Sourced via professional procurement support; specs below.,temperature_coeff: X7R; tolerance: ±10%; package: 0603,https://example.com/datasheet/CAP100000997.pdf,4534,12.8416
Digikey,DIG-1000-00998,IND100000998,Wurth Elektronik,Wurth Elektronik IND100000998 Inductor,Inductor,IND100000998 Inductor from Wurth Elektronik. Sourced via professional procurement support; specs below.,inductance_uh: 4.7; tolerance: ±20%; package: 0805,https://example.com/datasheet/IND100000998.pdf,1934,16.8951
LCSC,LCS-1000-00999,SEN100000999,LumenDetect,LumenDetect SEN100000999 Sensors,Sensors,SEN100000999 Sensors from LumenDetect. Sourced via professional procurement support; specs below.,range: 0-40; resolution_bits: 12; interface: I2C,https://example.com/datasheet/SEN100000999.pdf,3680,23.5707
