supplier,supplier_sku,mpn,manufacturer,title,category,description,attributes,datasheet_url,stock,price
Mouser,MOU-500-00000,MCU50000000,GigaDevice Semiconductor,GigaDevice Semiconductor MCU50000000 Microcontroller,Microcontroller,MCU50000000 Microcontroller from GigaDevice Semiconductor. Sourced via professional procurement support; specs below.,ram_bytes: 20480; io_count: 48; Operating Voltage: 3.3V; voltage_v: 3.3,https://example.com/datasheet/MCU50000000.pdf,3016,7.7674
Mouser,MOU-500-00001,MOS50000001,Infineon Technologies,Infineon Technologies MOS50000001 MOSFET,MOSFET,MOS50000001 MOSFET from Infineon Technologies. Sourced via professional procurement support; specs below.,id_a: 30; rds_on_mohm: 8; vds_v: 55,https://example.com/datasheet/MOS50000001.pdf,348,17.9524
Digikey,DIG-500-00002,RES50000002,Yageo,Yageo RES50000002 Resistor,Resistor,RES50000002 Resistor from Yageo. Sourced via professional procurement support; specs below.,Resistor Value: 10kΩ; temperature_coeff: X7R; package: 0805; resistance_ohm: 10000; power_rating_w: 0.25,https://example.com/datasheet/RES50000002.pdf,3713,7.2515
Hanxin,HAN-500-00003,CAP50000003,TDK Corporation,TDK Corporation CAP50000003 Capacitor,Capacitor,CAP50000003 Capacitor from TDK Corporation. Sourced via professional procurement support; specs below.,tolerance: ±10%; package: 0603,https://example.com/datasheet/CAP50000003.pdf,2963,0.3365
Hanxin,HAN-500-00004,IND50000004,Wurth Elektronik,Wurth Elektronik IND50000004 Inductor,Inductor,IND50000004 Inductor from Wurth Elektronik. Sourced via professional procurement support; specs below.,inductance_uh: 4.7; current_rating_a: 1.5,https://example.com/datasheet/IND50000004.pdf,4829,21.8834
Mouser,MOU-500-00005,SEN50000005,NXP Semiconductors,NXP Semiconductors SEN50000005 Sensors,Sensors,SEN50000005 Sensors from NXP Semiconductors. Sourced via professional procurement support; specs below.,resolution_bits: 12; sensitivity: 260 LSB/g; range: 0-40; interface: I2C; accuracy: ±0.5; Output Type: Analog,https://example.com/datasheet/SEN50000005.pdf,3701,14.3890
LCSC,LCS-500-00006,CON50000006,Hirose Electric,Hirose Electric CON50000006 Connectors,Connectors,CON50000006 Connectors from Hirose Electric. Sourced via professional procurement support; specs below.,mounting: SMD; positions: 40; voltage_rating_v: 50; current_rating_a: 3,https://example.com/datasheet/CON50000006.pdf,415,15.5114
LCSC,LCS-500-00007,MOD50000007,Espressif Systems,Espressif Systems MOD50000007 Modules,Modules,MOD50000007 Modules from Espressif Systems. Sourced via professional procurement support; specs below.,modulation: GFSK; data_rate_bps: 2000000; Data Rate: 2Mbps; output_power_dbm: 20,https://example.com/datasheet/MOD50000007.pdf,4996,12.3239
Hanxin,HAN-500-00008,OPA50000008,Maxim Integrated,Maxim Integrated OPA50000008 Analog IC,Analog IC,OPA50000008 Analog IC from Maxim Integrated. Sourced via professional procurement support; specs below.,supply_current_ua: 200; bandwidth_hz: 1000000; gain_db: 100; package: SOIC-8; Input Noise: 10nV,https://example.com/datasheet/OPA50000008.pdf,1140,18.7886
LCSC,LCS-500-00009,PMIC50000009,Richtek Technology,Richtek Technology PMIC50000009 Power Management IC,Power Management IC,PMIC50000009 Power Management IC from Richtek Technology. Sourced via professional procurement support; specs below.,efficiency_percent: 92; voltage_out_v: 5,https://example.com/datasheet/PMIC50000009.pdf,2844,14.1785
Mouser,MOU-500-00010,DIO50000010,Diodes Incorporated,Diodes Incorporated DIO50000010 Diode,Diode,DIO50000010 Diode from Diodes Incorporated. Sourced via professional procurement support; specs below.,vf_v: 0.7; if_a: 1; vrrm_v: 100,https://example.com/datasheet/DIO50000010.pdf,3938,21.2105
HQEW,HQE-500-00011,LED50000011,Everlight Electronics,Everlight Electronics LED50000011 LED Components,LED Components,LED50000011 LED Components from Everlight Electronics. Sourced via professional procurement support; specs below.,wavelength_nm: 650; package: 0805; forward_current_ma: 20; forward_voltage_v: 2.1; Luminous Intensity: 100mcd,https://example.com/datasheet/LED50000011.pdf,3500,13.8325
Mouser,MOU-500-00012,MEM50000012,ISSI,ISSI MEM50000012 Memory IC,Memory IC,MEM50000012 Memory IC from ISSI. Sourced via professional procurement support; specs below.,organization: x8; interface: SPI; memory_bytes: 16777216; speed_hz: 104000000,https://example.com/datasheet/MEM50000012.pdf,2100,10.1197
LCSC,LCS-500-00013,XTAL50000013,Wurth Elektronik,Wurth Elektronik XTAL50000013 Crystal Oscillator,Crystal Oscillator,XTAL50000013 Crystal Oscillator from Wurth Elektronik. Sourced via professional procurement support; specs below.,package: SMD; frequency_hz: 8000000; load_capacitance_pf: 18,https://example.com/datasheet/XTAL50000013.pdf,3031,4.8754
Mouser,MOU-500-00014,MCU50000014,GigaDevice Semiconductor,GigaDevice Semiconductor MCU50000014 Microcontroller,Microcontroller,MCU50000014 Microcontroller from GigaDevice Semiconductor. Sourced via professional procurement support; specs below.,Core: ARM Cortex-M4,https://example.com/datasheet/MCU50000014.pdf,3268,18.8489
Hanxin,HAN-500-00015,MOS50000015,RiverSemi,RiverSemi MOS50000015 MOSFET,MOSFET,MOS50000015 MOSFET from RiverSemi. Sourced via professional procurement support; specs below.,rds_on_mohm: 8; package: SOT-23,https://example.com/datasheet/MOS50000015.pdf,4008,10.2326
LCSC,LCS-500-00016,RES50000016,Vishay Intertechnology,Vishay Intertechnology RES50000016 Resistor,Resistor,RES50000016 Resistor from Vishay Intertechnology. Sourced via professional procurement support; specs below.,temperature_coeff: X7R; resistance_ohm: 10000; package: 0805; power_rating_w: 0.25,https://example.com/datasheet/RES50000016.pdf,292,14.4200
Digikey,DIG-500-00017,CAP50000017,KEMET Electronics,KEMET Electronics CAP50000017 Capacitor,Capacitor,CAP50000017 Capacitor from KEMET Electronics. Sourced via professional procurement support; specs below.,Capacitor Value: 100nF; temperature_coeff: X7R; capacitance_pf: 100000; package: 0603,https://example.com/datasheet/CAP50000017.pdf,2464,3.2074
HQEW,HQE-500-00018,IND50000018,Bourns,Bourns IND50000018 Inductor,Inductor,IND50000018 Inductor from Bourns. Sourced via professional procurement support; specs below.,current_rating_a: 1.5; inductance_uh: 4.7,https://example.com/datasheet/IND50000018.pdf,2127,23.5567
LCSC,LCS-500-00019,SEN50000019,STMicroelectronics,STMicroelectronics SEN50000019 Sensors,Sensors,SEN50000019 Sensors from STMicroelectronics. Sourced via professional procurement support; specs below.,resolution_bits: 12; range: 0-40; Response Time: 5ms,https://example.com/datasheet/SEN50000019.pdf,62,2.3585
LCSC,LCS-500-00020,CON50000020,TE Connectivity,TE Connectivity CON50000020 Connectors,Connectors,CON50000020 Connectors from TE Connectivity. Sourced via professional procurement support; specs below.,pitch_mm: 2.54; positions: 40; mounting: SMD; voltage_rating_v: 50; current_rating_a: 3,https://example.com/datasheet/CON50000020.pdf,3375,10.9039
Digikey,DIG-500-00021,MOD50000021,MeshWorks,MeshWorks MOD50000021 Modules,Modules,MOD50000021 Modules from MeshWorks. Sourced via professional procurement support; specs below.,interface: UART; output_power_dbm: 20; sensitivity_dbm: -95; modulation: GFSK; data_rate_bps: 2000000,https://example.com/datasheet/MOD50000021.pdf,1036,19.5991
Digikey,DIG-500-00022,OPA50000022,Maxim Integrated,Maxim Integrated OPA50000022 Analog IC,Analog IC,OPA50000022 Analog IC from Maxim Integrated. Sourced via professional procurement support; specs below.,gain_db: 100; bandwidth_hz: 1000000; package: SOIC-8; supply_current_ua: 200,https://example.com/datasheet/OPA50000022.pdf,4100,23.0226
HQEW,HQE-500-00023,PMIC50000023,SGMICRO,SGMICRO PMIC50000023 Power Management IC,Power Management IC,PMIC50000023 Power Management IC from SGMICRO. Sourced via professional procurement support; specs below.,efficiency_percent: 92; voltage_out_v: 5; voltage_in_max_v: 28; voltage_in_min_v: 4.5; Line Regulation: 0.5%,https://example.com/datasheet/PMIC50000023.pdf,2787,7.2474
Digikey,DIG-500-00024,DIO50000024,Vishay Intertechnology,Vishay Intertechnology DIO50000024 Diode,Diode,DIO50000024 Diode from Vishay Intertechnology. Sourced via professional procurement support; specs below.,vf_v: 0.7; vrrm_v: 100; Reverse Recovery: 50ns,https://example.com/datasheet/DIO50000024.pdf,4787,2.9150
HQEW,HQE-500-00025,LED50000025,Lite-On Technology,Lite-On Technology LED50000025 LED Components,LED Components,LED50000025 LED Components from Lite-On Technology. Sourced via professional procurement support; specs below.,forward_voltage_v: 2.1; package: 0805; forward_current_ma: 20; wavelength_nm: 650,https://example.com/datasheet/LED50000025.pdf,3243,13.1504
LCSC,LCS-500-00026,MEM50000026,Winbond Electronics,Winbond Electronics MEM50000026 Memory IC,Memory IC,MEM50000026 Memory IC from Winbond Electronics. Sourced via professional procurement support; specs below.,organization: x8; memory_bytes: 16777216; interface: SPI; speed_hz: 104000000,https://example.com/datasheet/MEM50000026.pdf,3132,4.7688
HQEW,HQE-500-00027,XTAL50000027,TDK Corporation,TDK Corporation XTAL50000027 Crystal Oscillator,Crystal Oscillator,XTAL50000027 Crystal Oscillator from TDK Corporation. Sourced via professional procurement support; specs below.,frequency_hz: 8000000; load_capacitance_pf: 18; package: SMD,https://example.com/datasheet/XTAL50000027.pdf,645,13.5899
HQEW,HQE-500-00028,MCU50000028,Microchip Technology,Microchip Technology MCU50000028 Microcontroller,Microcontroller,MCU50000028 Microcontroller from Microchip Technology. Sourced via professional procurement support; specs below.,io_count: 48; package: LQFP-48; Program Memory: 128KB; ram_bytes: 20480; frequency_hz: 72000000,https://example.com/datasheet/MCU50000028.pdf,3790,4.1215
Digikey,DIG-500-00029,MOS50000029,Yangjie,Yangjie MOS50000029 MOSFET,MOSFET,MOS50000029 MOSFET from Yangjie. Sourced via professional procurement support; specs below.,vgs_th_v: 2.5; Continuous Drain Current: 30A; qg_nc: 45,https://example.com/datasheet/MOS50000029.pdf,4255,0.8190
Digikey,DIG-500-00030,RES50000030,Bourns,Bourns RES50000030 Resistor,Resistor,RES50000030 Resistor from Bourns. Sourced via professional procurement support; specs below.,package: 0805; resistance_ohm: 10000; power_rating_w: 0.25; tolerance: ±1%,https://example.com/datasheet/RES50000030.pdf,1134,14.3502
Digikey,DIG-500-00031,CAP50000031,TDK Corporation,TDK Corporation CAP50000031 Capacitor,Capacitor,CAP50000031 Capacitor from TDK Corporation. Sourced via professional procurement support; specs below.,capacitance_pf: 100000; temperature_coeff: X7R; tolerance: ±10%; voltage_rating_v: 50,https://example.com/datasheet/CAP50000031.pdf,2753,12.0396
Digikey,DIG-500-00032,IND50000032,TDK Corporation,TDK Corporation IND50000032 Inductor,Inductor,IND50000032 Inductor from TDK Corporation. Sourced via professional procurement support; specs below.,inductance_uh: 4.7; tolerance: ±20%; package: 0805,https://example.com/datasheet/IND50000032.pdf,4669,13.8940
Digikey,DIG-500-00033,SEN50000033,STMicroelectronics,STMicroelectronics SEN50000033 Sensors,Sensors,SEN50000033 Sensors from STMicroelectronics. Sourced via professional procurement support; specs below.,resolution_bits: 12; range: 0-40; sensitivity: 260 LSB/g; accuracy: ±0.5; interface: I2C,https://example.com/datasheet/SEN50000033.pdf,1939,6.7848
Digikey,DIG-500-00034,CON50000034,JST,JST CON50000034 Connectors,Connectors,CON50000034 Connectors from JST. Sourced via professional procurement support; specs below.,positions: 40; mounting: SMD; voltage_rating_v: 50,https://example.com/datasheet/CON50000034.pdf,4036,11.5683
HQEW,HQE-500-00035,MOD50000035,Semtech,Semtech MOD50000035 Modules,Modules,MOD50000035 Modules from Semtech. Sourced via professional procurement support; specs below.,modulation: GFSK; sensitivity_dbm: -95; data_rate_bps: 2000000; interface: UART,https://example.com/datasheet/MOD50000035.pdf,4936,0.5323
Digikey,DIG-500-00036,OPA50000036,Silicon Labs,Silicon Labs OPA50000036 Analog IC,Analog IC,OPA50000036 Analog IC from Silicon Labs. Sourced via professional procurement support; specs below.,bandwidth_hz: 1000000; package: SOIC-8; gain_db: 100,https://example.com/datasheet/OPA50000036.pdf,4135,1.2852
Hanxin,HAN-500-00037,PMIC50000037,SGMICRO,SGMICRO PMIC50000037 Power Management IC,Power Management IC,PMIC50000037 Power Management IC from SGMICRO. Sourced via professional procurement support; specs below.,efficiency_percent: 92; voltage_out_v: 5; Power Good: yes,https://example.com/datasheet/PMIC50000037.pdf,1955,4.1451
Mouser,MOU-500-00038,DIO50000038,Vishay Intertechnology,Vishay Intertechnology DIO50000038 Diode,Diode,DIO50000038 Diode from Vishay Intertechnology. Sourced via professional procurement support; specs below.,vf_v: 0.7; if_a: 1,https://example.com/datasheet/DIO50000038.pdf,725,11.0407
LCSC,LCS-500-00039,LED50000039,Everlight Electronics,Everlight Electronics LED50000039 LED Components,LED Components,LED50000039 LED Components from Everlight Electronics. Sourced via professional procurement support; specs below.,package: 0805; forward_current_ma: 20; wavelength_nm: 650,https://example.com/datasheet/LED50000039.pdf,2631,2.8218
Digikey,DIG-500-00040,MEM50000040,,Unknown MEM50000040 Memory IC,Memory IC,MEM50000040 Memory IC from unspecified. Sourced via professional procurement support; specs below.,speed_hz: 104000000; organization: x8; memory_bytes: 16777216; interface: SPI,https://example.com/datasheet/MEM50000040.pdf,4610,12.1147
Hanxin,HAN-500-00041,XTAL50000041,AbraconX,AbraconX XTAL50000041 Crystal Oscillator,Crystal Oscillator,XTAL50000041 Crystal Oscillator from AbraconX. Sourced via professional procurement support; specs below.,package: SMD; load_capacitance_pf: 18,https://example.com/datasheet/XTAL50000041.pdf,3992,23.5634
Hanxin,HAN-500-00042,MCU50000042,Nuvoton Technology,Nuvoton Technology MCU50000042 Microcontroller,Microcontroller,MCU50000042 Microcontroller from Nuvoton Technology. Sourced via professional procurement support; specs below.,Clock Speed: 72MHz; ram_bytes: 20480; Core: ARM Cortex-M4,https://example.com/datasheet/MCU50000042.pdf,408,8.7673
Hanxin,HAN-500-00043,MOS50000043,Infineon Technologies,Infineon Technologies MOS50000043 MOSFET,MOSFET,MOS50000043 MOSFET from Infineon Technologies. Sourced via professional procurement support; specs below.,Continuous Drain Current: 30A; package: SOT-23; id_a: 30; qg_nc: 45; vgs_th_v: 2.5,https://example.com/datasheet/MOS50000043.pdf,55,11.3150
Mouser,MOU-500-00044,RES50000044,Yageo,Yageo RES50000044 Resistor,Resistor,RES50000044 Resistor from Yageo. Sourced via professional procurement support; specs below.,tolerance: ±1%; temperature_coeff: X7R,https://example.com/datasheet/RES50000044.pdf,2717,19.0438
Mouser,MOU-500-00045,CAP50000045,Holy Stone,Holy Stone CAP50000045 Capacitor,Capacitor,CAP50000045 Capacitor from Holy Stone. Sourced via professional procurement support; specs below.,voltage_rating_v: 50; Capacitor Value: 100nF,https://example.com/datasheet/CAP50000045.pdf,2031,10.3108
Hanxin,HAN-500-00046,IND50000046,Murata Manufacturing,Murata Manufacturing IND50000046 Inductor,Inductor,IND50000046 Inductor from Murata Manufacturing. Sourced via professional procurement support; specs below.,current_rating_a: 1.5; tolerance: ±20%; inductance_uh: 4.7,https://example.com/datasheet/IND50000046.pdf,1320,10.2851
Digikey,DIG-500-00047,SEN50000047,STMicroelectronics,STMicroelectronics SEN50000047 Sensors,Sensors,SEN50000047 Sensors from STMicroelectronics. Sourced via professional procurement support; specs below.,"[1, 2, 3]",https://example.com/datasheet/SEN50000047.pdf,4592,18.9028
LCSC,LCS-500-00048,CON50000048,TE Connectivity,TE Connectivity CON50000048 Connectors,Connectors,CON50000048 Connectors from TE Connectivity. Sourced via professional procurement support; specs below.,mounting: SMD; positions: 40; voltage_rating_v: 50; current_rating_a: 3; Contact Plating: Gold,https://example.com/datasheet/CON50000048.pdf,2045,8.8805
LCSC,LCS-500-00049,MOD50000049,Espressif Systems,Espressif Systems MOD50000049 Modules,Modules,MOD50000049 Modules from Espressif Systems. Sourced via professional procurement support; specs below.,Data Rate: 2Mbps; interface: UART; data_rate_bps: 2000000,https://example.com/datasheet/MOD50000049.pdf,3135,2.0403
HQEW,HQE-500-00050,OPA50000050,Texas Instruments,Texas Instruments OPA50000050 Analog IC,Analog IC,OPA50000050 Analog IC from Texas Instruments. Sourced via professional procurement support; specs below.,supply_current_ua: 200; gain_db: 100; package: SOIC-8; bandwidth_hz: 1000000,https://example.com/datasheet/OPA50000050.pdf,4201,17.4053
Mouser,MOU-500-00051,PMIC50000051,SGMICRO,SGMICRO PMIC50000051 Power Management IC,Power Management IC,PMIC50000051 Power Management IC from SGMICRO. Sourced via professional procurement support; specs below.,voltage_in_min_v: 4.5; voltage_in_max_v: 28,https://example.com/datasheet/PMIC50000051.pdf,1799,7.9330
LCSC,LCS-500-00052,DIO50000052,RectFab,RectFab DIO50000052 Diode,Diode,DIO50000052 Diode from RectFab. Sourced via professional procurement support; specs below.,if_a: 1; vf_v: 0.7,https://example.com/datasheet/DIO50000052.pdf,1745,8.2705
HQEW,HQE-500-00053,LED50000053,Lite-On Technology,Lite-On Technology LED50000053 LED Components,LED Components,LED50000053 LED Components from Lite-On Technology. Sourced via professional procurement support; specs below.,wavelength_nm: 650; package: 0805; forward_current_ma: 20; forward_voltage_v: 2.1,https://example.com/datasheet/LED50000053.pdf,4696,5.2679
Hanxin,HAN-500-00054,MEM50000054,Micron Technology,Micron Technology MEM50000054 Memory IC,Memory IC,MEM50000054 Memory IC from Micron Technology. Sourced via professional procurement support; specs below.,speed_hz: 104000000; organization: x8,https://example.com/datasheet/MEM50000054.pdf,4422,23.9749
Digikey,DIG-500-00055,XTAL50000055,TDK Corporation,TDK Corporation XTAL50000055 Crystal Oscillator,Crystal Oscillator,XTAL50000055 Crystal Oscillator from TDK Corporation. Sourced via professional procurement support; specs below.,package: SMD; load_capacitance_pf: 18; frequency_hz: 8000000,https://example.com/datasheet/XTAL50000055.pdf,2748,2.6025
Mouser,MOU-500-00056,MCU50000056,Microchip Technology,Microchip Technology MCU50000056 Microcontroller,Microcontroller,MCU50000056 Microcontroller from Microchip Technology. Sourced via professional procurement support; specs below.,RAM Size: 20KB; voltage_v: 3.3; ram_bytes: 20480,https://example.com/datasheet/MCU50000056.pdf,2397,10.8393
Mouser,MOU-500-00057,MOS50000057,Vishay Intertechnology,Vishay Intertechnology MOS50000057 MOSFET,MOSFET,MOS50000057 MOSFET from Vishay Intertechnology. Sourced via professional procurement support; specs below.,vds_v: 55; id_a: 30; rds_on_mohm: 8; Drain Source Voltage: 55V,https://example.com/datasheet/MOS50000057.pdf,2702,8.0549
Hanxin,HAN-500-00058,RES50000058,Vishay Intertechnology,Vishay Intertechnology RES50000058 Resistor,Resistor,RES50000058 Resistor from Vishay Intertechnology. Sourced via professional procurement support; specs below.,package: 0805; tolerance: ±1%,https://example.com/datasheet/RES50000058.pdf,3189,3.3775
HQEW,HQE-500-00059,CAP50000059,Holy Stone,Holy Stone CAP50000059 Capacitor,Capacitor,CAP50000059 Capacitor from Holy Stone. Sourced via professional procurement support; specs below.,voltage_rating_v: 50; temperature_coeff: X7R; capacitance_pf: 100000; tolerance: ±10%,https://example.com/datasheet/CAP50000059.pdf,1670,2.7797
Digikey,DIG-500-00060,IND50000060,Bourns,Bourns IND50000060 Inductor,Inductor,IND50000060 Inductor from Bourns. Sourced via professional procurement support; specs below.,inductance_uh: 4.7; tolerance: ±20%,https://example.com/datasheet/IND50000060.pdf,1643,12.8536
LCSC,LCS-500-00061,SEN50000061,TE Connectivity,TE Connectivity SEN50000061 Sensors,Sensors,SEN50000061 Sensors from TE Connectivity. Sourced via professional procurement support; specs below.,interface: I2C; sensitivity: 260 LSB/g,https://example.com/datasheet/SEN50000061.pdf,3075,19.2568
Mouser,MOU-500-00062,CON50000062,Molex,Molex CON50000062 Connectors,Connectors,CON50000062 Connectors from Molex. Sourced via professional procurement support; specs below.,current_rating_a: 3; positions: 40; voltage_rating_v: 50,https://example.com/datasheet/CON50000062.pdf,1158,13.9033
LCSC,LCS-500-00063,MOD50000063,Semtech,Semtech MOD50000063 Modules,Modules,MOD50000063 Modules from Semtech. Sourced via professional procurement support; specs below.,modulation: GFSK; data_rate_bps: 2000000; Protocol Stack: 3.0,https://example.com/datasheet/MOD50000063.pdf,2630,7.8433
HQEW,HQE-500-00064,OPA50000064,Texas Instruments,Texas Instruments OPA50000064 Analog IC,Analog IC,OPA50000064 Analog IC from Texas Instruments. Sourced via professional procurement support; specs below.,bandwidth_hz: 1000000; package: SOIC-8,https://example.com/datasheet/OPA50000064.pdf,4542,11.0499
Mouser,MOU-500-00065,PMIC50000065,VoltRegInc,VoltRegInc PMIC50000065 Power Management IC,Power Management IC,PMIC50000065 Power Management IC from VoltRegInc. Sourced via professional procurement support; specs below.,voltage_out_v: 5; voltage_in_min_v: 4.5,https://example.com/datasheet/PMIC50000065.pdf,2249,0.8138
Digikey,DIG-500-00066,DIO50000066,Vishay Intertechnology,Vishay Intertechnology DIO50000066 Diode,Diode,DIO50000066 Diode from Vishay Intertechnology. Sourced via professional procurement support; specs below.,vrrm_v: 100; if_a: 1,https://example.com/datasheet/DIO50000066.pdf,459,4.1909
Mouser,MOU-500-00067,LED50000067,OSRAM,OSRAM LED50000067 LED Components,LED Components,LED50000067 LED Components from OSRAM. Sourced via professional procurement support; specs below.,forward_voltage_v: 2.1; forward_current_ma: 20; wavelength_nm: 650; package: 0805; Luminous Intensity: 100mcd,https://example.com/datasheet/LED50000067.pdf,4215,1.6359
LCSC,LCS-500-00068,MEM50000068,SK Hynix,SK Hynix MEM50000068 Memory IC,Memory IC,MEM50000068 Memory IC from SK Hynix. Sourced via professional procurement support; specs below.,interface: SPI; organization: x8; memory_bytes: 16777216; Access Time: 70ns,https://example.com/datasheet/MEM50000068.pdf,2130,6.7333
Hanxin,HAN-500-00069,XTAL50000069,TDK Corporation,TDK Corporation XTAL50000069 Crystal Oscillator,Crystal Oscillator,XTAL50000069 Crystal Oscillator from TDK Corporation. Sourced via professional procurement support; specs below.,load_capacitance_pf: 18; package: SMD,https://example.com/datasheet/XTAL50000069.pdf,3341,16.1194
Digikey,DIG-500-00070,MCU50000070,Holtek Semiconductor,Holtek Semiconductor MCU50000070 Microcontroller,Microcontroller,MCU50000070 Microcontroller from Holtek Semiconductor. Sourced via professional procurement support; specs below.,ram_bytes: 20480; Core: ARM Cortex-M4,https://example.com/datasheet/MCU50000070.pdf,2602,20.3918
Hanxin,HAN-500-00071,MOS50000071,Yangjie,Yangjie MOS50000071 MOSFET,MOSFET,MOS50000071 MOSFET from Yangjie. Sourced via professional procurement support; specs below.,rds_on_mohm: 8; id_a: 30; vgs_th_v: 2.5; vds_v: 55,https://example.com/datasheet/MOS50000071.pdf,4909,15.1108
Mouser,MOU-500-00072,RES50000072,Fenghua,Fenghua RES50000072 Resistor,Resistor,RES50000072 Resistor from Fenghua. Sourced via professional procurement support; specs below.,power_rating_w: 0.25; tolerance: ±1%; package: 0805; resistance_ohm: 10000,https://example.com/datasheet/RES50000072.pdf,4584,23.2806
Hanxin,HAN-500-00073,CAP50000073,TDK Corporation,TDK Corporation CAP50000073 Capacitor,Capacitor,CAP50000073 Capacitor from TDK Corporation. Sourced via professional procurement support; specs below.,Capacitor Value: 100nF; temperature_coeff: X7R; voltage_rating_v: 50,https://example.com/datasheet/CAP50000073.pdf,2818,12.3282
HQEW,HQE-500-00074,IND50000074,,Unknown IND50000074 Inductor,Inductor,IND50000074 Inductor from unspecified. Sourced via professional procurement support; specs below.,inductance_uh: 4.7; current_rating_a: 1.5,https://example.com/datasheet/IND50000074.pdf,1862,4.3478
Digikey,DIG-500-00075,SEN50000075,,Unknown SEN50000075 Sensors,Sensors,SEN50000075 Sensors from unspecified. Sourced via professional procurement support; specs below.,range: 0-40; interface: I2C; resolution_bits: 12,https://example.com/datasheet/SEN50000075.pdf,4718,18.6655
HQEW,HQE-500-00076,CON50000076,TE Connectivity,TE Connectivity CON50000076 Connectors,Connectors,CON50000076 Connectors from TE Connectivity. Sourced via professional procurement support; specs below.,mounting: SMD; voltage_rating_v: 50,https://example.com/datasheet/CON50000076.pdf,4044,15.6933
Digikey,DIG-500-00077,MOD50000077,SIMCom,SIMCom MOD50000077 Modules,Modules,MOD50000077 Modules from SIMCom. Sourced via professional procurement support; specs below.,interface: UART; data_rate_bps: 2000000,https://example.com/datasheet/MOD50000077.pdf,814,15.1014
Digikey,DIG-500-00078,OPA50000078,Silicon Labs,Silicon Labs OPA50000078 Analog IC,Analog IC,OPA50000078 Analog IC from Silicon Labs. Sourced via professional procurement support; specs below.,supply_current_ua: 200; bandwidth_hz: 1000000; gain_db: 100,https://example.com/datasheet/OPA50000078.pdf,3167,10.9599
HQEW,HQE-500-00079,PMIC50000079,Infineon Technologies,Infineon Technologies PMIC50000079 Power Management IC,Power Management IC,PMIC50000079 Power Management IC from Infineon Technologies. Sourced via professional procurement support; specs below.,output_current_a: 3; voltage_out_v: 5,https://example.com/datasheet/PMIC50000079.pdf,3828,17.1770
Digikey,DIG-500-00080,DIO50000080,Vishay Intertechnology,Vishay Intertechnology DIO50000080 Diode,Diode,DIO50000080 Diode from Vishay Intertechnology. Sourced via professional procurement support; specs below.,if_a: 1; vrrm_v: 100,https://example.com/datasheet/DIO50000080.pdf,1666,8.7430
Hanxin,HAN-500-00081,LED50000081,Everlight Electronics,Everlight Electronics LED50000081 LED Components,LED Components,LED50000081 LED Components from Everlight Electronics. Sourced via professional procurement support; specs below.,wavelength_nm: 650; package: 0805; forward_current_ma: 20; forward_voltage_v: 2.1; Luminous Intensity: 100mcd,https://example.com/datasheet/LED50000081.pdf,4505,8.7483
Mouser,MOU-500-00082,MEM50000082,SK Hynix,SK Hynix MEM50000082 Memory IC,Memory IC,MEM50000082 Memory IC from SK Hynix. Sourced via professional procurement support; specs below.,organization: x8; interface: SPI; speed_hz: 104000000; memory_bytes: 16777216,https://example.com/datasheet/MEM50000082.pdf,1213,15.3898
HQEW,HQE-500-00083,XTAL50000083,AbraconX,AbraconX XTAL50000083 Crystal Oscillator,Crystal Oscillator,XTAL50000083 Crystal Oscillator from AbraconX. Sourced via professional procurement support; specs below.,package: SMD; frequency_hz: 8000000; load_capacitance_pf: 18,https://example.com/datasheet/XTAL50000083.pdf,3391,13.7622
HQEW,HQE-500-00084,MCU50000084,Nuvoton Technology,Nuvoton Technology MCU50000084 Microcontroller,Microcontroller,MCU50000084 Microcontroller from Nuvoton Technology. Sourced via professional procurement support; specs below.,flash_bytes: 131072; RAM Size: 20KB; Operating Temp: -40~85,https://example.com/datasheet/MCU50000084.pdf,2929,16.3395
Digikey,DIG-500-00085,MOS50000085,HexaFab,HexaFab MOS50000085 MOSFET,MOSFET,MOS50000085 MOSFET from HexaFab. Sourced via professional procurement support; specs below.,package: SOT-23; vds_v: 55; vgs_th_v: 2.5; rds_on_mohm: 8; qg_nc: 45; Leakage Current: 1uA,https://example.com/datasheet/MOS50000085.pdf,912,5.2995
Hanxin,HAN-500-00086,RES50000086,Vishay Intertechnology,Vishay Intertechnology RES50000086 Resistor,Resistor,RES50000086 Resistor from Vishay Intertechnology. Sourced via professional procurement support; specs below.,package: 0805; power_rating_w: 0.25,https://example.com/datasheet/RES50000086.pdf,1690,13.8180
Digikey,DIG-500-00087,CAP50000087,TDK Corporation,TDK Corporation CAP50000087 Capacitor,Capacitor,CAP50000087 Capacitor from TDK Corporation. Sourced via professional procurement support; specs below.,temperature_coeff: X7R; tolerance: ±10%; package: 0603; voltage_rating_v: 50,https://example.com/datasheet/CAP50000087.pdf,310,23.9740
Mouser,MOU-500-00088,IND50000088,Bourns,Bourns IND50000088 Inductor,Inductor,IND50000088 Inductor from Bourns. Sourced via professional procurement support; specs below.,inductance_uh: 4.7; package: 0805,https://example.com/datasheet/IND50000088.pdf,4152,19.5381
Mouser,MOU-500-00089,SEN50000089,NXP Semiconductors,NXP Semiconductors SEN50000089 Sensors,Sensors,SEN50000089 Sensors from NXP Semiconductors. Sourced via professional procurement support; specs below.,"[1, 2, 3]",https://example.com/datasheet/SEN50000089.pdf,1081,17.6488
Hanxin,HAN-500-00090,CON50000090,TE Connectivity,TE Connectivity CON50000090 Connectors,Connectors,CON50000090 Connectors from TE Connectivity. Sourced via professional procurement support; specs below.,current_rating_a: 3; mounting: SMD; positions: 40; pitch_mm: 2.54,https://example.com/datasheet/CON50000090.pdf,3956,5.9937
Hanxin,HAN-500-00091,MOD50000091,Quectel,Quectel MOD50000091 Modules,Modules,MOD50000091 Modules from Quectel. Sourced via professional procurement support; specs below.,output_power_dbm: 20; data_rate_bps: 2000000,https://example.com/datasheet/MOD50000091.pdf,1554,15.1803
HQEW,HQE-500-00092,OPA50000092,Analog Devices,Analog Devices OPA50000092 Analog IC,Analog IC,OPA50000092 Analog IC from Analog Devices. Sourced via professional procurement support; specs below.,supply_current_ua: 200; gain_db: 100,https://example.com/datasheet/OPA50000092.pdf,4763,4.6690
Mouser,MOU-500-00093,PMIC50000093,Infineon Technologies,Infineon Technologies PMIC50000093 Power Management IC,Power Management IC,PMIC50000093 Power Management IC from Infineon Technologies. Sourced via professional procurement support; specs below.,voltage_in_max_v: 28; output_current_a: 3,https://example.com/datasheet/PMIC50000093.pdf,3931,23.4620
Hanxin,HAN-500-00094,DIO50000094,Littelfuse,Littelfuse DIO50000094 Diode,Diode,DIO50000094 Diode from Littelfuse. Sourced via professional procurement support; specs below.,vf_v: 0.7; if_a: 1,https://example.com/datasheet/DIO50000094.pdf,3757,17.3622
HQEW,HQE-500-00095,LED50000095,Lite-On Technology,Lite-On Technology LED50000095 LED Components,LED Components,LED50000095 LED Components from Lite-On Technology. Sourced via professional procurement support; specs below.,package: 0805; forward_current_ma: 20; forward_voltage_v: 2.1; wavelength_nm: 650,https://example.com/datasheet/LED50000095.pdf,273,8.5281
Hanxin,HAN-500-00096,MEM50000096,SK Hynix,SK Hynix MEM50000096 Memory IC,Memory IC,MEM50000096 Memory IC from SK Hynix. Sourced via professional procurement support; specs below.,speed_hz: 104000000; organization: x8; interface: SPI,https://example.com/datasheet/MEM50000096.pdf,252,10.2724
Digikey,DIG-500-00097,XTAL50000097,Murata Manufacturing,Murata Manufacturing XTAL50000097 Crystal Oscillator,Crystal Oscillator,XTAL50000097 Crystal Oscillator from Murata Manufacturing. Sourced via professional procurement support; specs below.,package: SMD; load_capacitance_pf: 18; Frequency Tolerance: ±20ppm,https://example.com/datasheet/XTAL50000097.pdf,3570,1.2207
HQEW,HQE-500-00098,MCU50000098,Microchip Technology,Microchip Technology MCU50000098 Microcontroller,Microcontroller,MCU50000098 Microcontroller from Microchip Technology. Sourced via professional procurement support; specs below.,Operating Voltage: 3.3V; package: LQFP-48,https://example.com/datasheet/MCU50000098.pdf,3257,4.5253
LCSC,LCS-500-00099,MOS50000099,ON Semiconductor,ON Semiconductor MOS50000099 MOSFET,MOSFET,MOS50000099 MOSFET from ON Semiconductor. Sourced via professional procurement support; specs below.,id_a: 30; vgs_th_v: 2.5; package: SOT-23; qg_nc: 45,https://example.com/datasheet/MOS50000099.pdf,1509,12.9519
Digikey,DIG-500-00100,RES50000100,KEMET Electronics,KEMET Electronics RES50000100 Resistor,Resistor,RES50000100 Resistor from KEMET Electronics. Sourced via professional procurement support; specs below.,tolerance: ±1%,https://example.com/datasheet/RES50000100.pdf,4204,1.5779
Mouser,MOU-500-00101,CAP50000101,Murata Manufacturing,Murata Manufacturing CAP50000101 Capacitor,Capacitor,CAP50000101 Capacitor from Murata Manufacturing. Sourced via professional procurement support; specs below.,voltage_rating_v: 50; capacitance_pf: 100000; tolerance: ±10%,https://example.com/datasheet/CAP50000101.pdf,2674,15.5240
Mouser,MOU-500-00102,IND50000102,InduMax,InduMax IND50000102 Inductor,Inductor,IND50000102 Inductor from InduMax. Sourced via professional procurement support; specs below.,current_rating_a: 1.5; package: 0805,https://example.com/datasheet/IND50000102.pdf,2762,22.5821
Digikey,DIG-500-00103,SEN50000103,TE Connectivity,TE Connectivity SEN50000103 Sensors,Sensors,SEN50000103 Sensors from TE Connectivity. Sourced via professional procurement support; specs below.,interface: I2C; resolution_bits: 12; accuracy: ±0.5,https://example.com/datasheet/SEN50000103.pdf,3100,3.0010
HQEW,HQE-500-00104,CON50000104,Hirose Electric,Hirose Electric CON50000104 Connectors,Connectors,CON50000104 Connectors from Hirose Electric. Sourced via professional procurement support; specs below.,voltage_rating_v: 50; positions: 40,https://example.com/datasheet/CON50000104.pdf,4930,18.8691
Hanxin,HAN-500-00105,MOD50000105,Espressif Systems,Espressif Systems MOD50000105 Modules,Modules,MOD50000105 Modules from Espressif Systems. Sourced via professional procurement support; specs below.,sensitivity_dbm: -95; data_rate_bps: 2000000; output_power_dbm: 20; modulation: GFSK; interface: UART; Antenna Type: PCB,https://example.com/datasheet/MOD50000105.pdf,3258,7.4494
Digikey,DIG-500-00106,OPA50000106,Texas Instruments,Texas Instruments OPA50000106 Analog IC,Analog IC,OPA50000106 Analog IC from Texas Instruments. Sourced via professional procurement support; specs below.,supply_current_ua: 200; bandwidth_hz: 1000000; gain_db: 100,https://example.com/datasheet/OPA50000106.pdf,3807,3.8126
Mouser,MOU-500-00107,PMIC50000107,,Unknown PMIC50000107 Power Management IC,Power Management IC,PMIC50000107 Power Management IC from unspecified. Sourced via professional procurement support; specs below.,voltage_in_max_v: 28; voltage_in_min_v: 4.5; Line Regulation: 0.5%,https://example.com/datasheet/PMIC50000107.pdf,968,22.1491
HQEW,HQE-500-00108,DIO50000108,DiodeX,DiodeX DIO50000108 Diode,Diode,DIO50000108 Diode from DiodeX. Sourced via professional procurement support; specs below.,if_a: 1; vf_v: 0.7; vrrm_v: 100,https://example.com/datasheet/DIO50000108.pdf,4555,5.7025
Mouser,MOU-500-00109,LED50000109,Lite-On Technology,Lite-On Technology LED50000109 LED Components,LED Components,LED50000109 LED Components from Lite-On Technology. Sourced via professional procurement support; specs below.,forward_voltage_v: 2.1; forward_current_ma: 20,https://example.com/datasheet/LED50000109.pdf,3016,17.1572
Digikey,DIG-500-00110,MEM50000110,ISSI,ISSI MEM50000110 Memory IC,Memory IC,MEM50000110 Memory IC from ISSI. Sourced via professional procurement support; specs below.,interface: SPI; memory_bytes: 16777216; organization: x8,https://example.com/datasheet/MEM50000110.pdf,4250,9.8842
HQEW,HQE-500-00111,XTAL50000111,Murata Manufacturing,Murata Manufacturing XTAL50000111 Crystal Oscillator,Crystal Oscillator,XTAL50000111 Crystal Oscillator from Murata Manufacturing. Sourced via professional procurement support; specs below.,"[1, 2, 3]",https://example.com/datasheet/XTAL50000111.pdf,4221,7.3448
HQEW,HQE-500-00112,MCU50000112,GigaDevice Semiconductor,GigaDevice Semiconductor MCU50000112 Microcontroller,Microcontroller,MCU50000112 Microcontroller from GigaDevice Semiconductor. Sourced via professional procurement support; specs below.,ram_bytes: 20480; RAM Size: 20KB; io_count: 48,https://example.com/datasheet/MCU50000112.pdf,3011,19.8288
LCSC,LCS-500-00113,MOS50000113,Infineon Technologies,Infineon Technologies MOS50000113 MOSFET,MOSFET,MOS50000113 MOSFET from Infineon Technologies. Sourced via professional procurement support; specs below.,Drain Source Voltage: 55V; id_a: 30; qg_nc: 45,https://example.com/datasheet/MOS50000113.pdf,4761,22.0930
Digikey,DIG-500-00114,RES50000114,Fenghua,Fenghua RES50000114 Resistor,Resistor,RES50000114 Resistor from Fenghua. Sourced via professional procurement support; specs below.,package: 0805; tolerance: ±1%; resistance_ohm: 10000,https://example.com/datasheet/RES50000114.pdf,2737,2.8079
LCSC,LCS-500-00115,CAP50000115,TDK Corporation,TDK Corporation CAP50000115 Capacitor,Capacitor,CAP50000115 Capacitor from TDK Corporation. Sourced via professional procurement support; specs below.,tolerance: ±10%; Capacitor Value: 100nF; capacitance_pf: 100000,https://example.com/datasheet/CAP50000115.pdf,4783,10.9632
Digikey,DIG-500-00116,IND50000116,Bourns,Bourns IND50000116 Inductor,Inductor,IND50000116 Inductor from Bourns. Sourced via professional procurement support; specs below.,tolerance: ±20%; inductance_uh: 4.7,https://example.com/datasheet/IND50000116.pdf,1655,12.8973
HQEW,HQE-500-00117,SEN50000117,TE Connectivity,TE Connectivity SEN50000117 Sensors,Sensors,SEN50000117 Sensors from TE Connectivity. Sourced via professional procurement support; specs below.,interface: I2C; range: 0-40; resolution_bits: 12,https://example.com/datasheet/SEN50000117.pdf,888,20.2777
HQEW,HQE-500-00118,CON50000118,TE Connectivity,TE Connectivity CON50000118 Connectors,Connectors,CON50000118 Connectors from TE Connectivity. Sourced via professional procurement support; specs below.,pitch_mm: 2.54; current_rating_a: 3; positions: 40,https://example.com/datasheet/CON50000118.pdf,1303,12.6518
HQEW,HQE-500-00119,MOD50000119,u-blox,u-blox MOD50000119 Modules,Modules,MOD50000119 Modules from u-blox. Sourced via professional procurement support; specs below.,interface: UART; output_power_dbm: 20; sensitivity_dbm: -95; modulation: GFSK,https://example.com/datasheet/MOD50000119.pdf,1479,10.1536
Hanxin,HAN-500-00120,OPA50000120,OpAmpInc,OpAmpInc OPA50000120 Analog IC,Analog IC,OPA50000120 Analog IC from OpAmpInc. Sourced via professional procurement support; specs below.,bandwidth_hz: 1000000; gain_db: 100; package: SOIC-8; supply_current_ua: 200,https://example.com/datasheet/OPA50000120.pdf,3240,12.7146
Mouser,MOU-500-00121,PMIC50000121,PowerLite,PowerLite PMIC50000121 Power Management IC,Power Management IC,PMIC50000121 Power Management IC from PowerLite. Sourced via professional procurement support; specs below.,efficiency_percent: 92; voltage_in_max_v: 28; voltage_in_min_v: 4.5,https://example.com/datasheet/PMIC50000121.pdf,2850,3.3376
HQEW,HQE-500-00122,DIO50000122,Vishay Intertechnology,Vishay Intertechnology DIO50000122 Diode,Diode,DIO50000122 Diode from Vishay Intertechnology. Sourced via professional procurement support; specs below.,vrrm_v: 100; if_a: 1; Reverse Recovery: 50ns,https://example.com/datasheet/DIO50000122.pdf,2685,7.0854
LCSC,LCS-500-00123,LED50000123,LedWorks,LedWorks LED50000123 LED Components,LED Components,LED50000123 LED Components from LedWorks. Sourced via professional procurement support; specs below.,forward_voltage_v: 2.1; forward_current_ma: 20; package: 0805; wavelength_nm: 650,https://example.com/datasheet/LED50000123.pdf,1618,15.3753
Digikey,DIG-500-00124,MEM50000124,ISSI,ISSI MEM50000124 Memory IC,Memory IC,MEM50000124 Memory IC from ISSI. Sourced via professional procurement support; specs below.,organization: x8; speed_hz: 104000000; Access Time: 70ns,https://example.com/datasheet/MEM50000124.pdf,570,10.6315
HQEW,HQE-500-00125,XTAL50000125,TDK Corporation,TDK Corporation XTAL50000125 Crystal Oscillator,Crystal Oscillator,XTAL50000125 Crystal Oscillator from TDK Corporation. Sourced via professional procurement support; specs below.,load_capacitance_pf: 18; frequency_hz: 8000000,https://example.com/datasheet/XTAL50000125.pdf,4690,7.1227
LCSC,LCS-500-00126,MCU50000126,GigaDevice Semiconductor,GigaDevice Semiconductor MCU50000126 Microcontroller,Microcontroller,MCU50000126 Microcontroller from GigaDevice Semiconductor. Sourced via professional procurement support; specs below.,io_count: 48; frequency_hz: 72000000; voltage_v: 3.3,https://example.com/datasheet/MCU50000126.pdf,2005,24.4355
Hanxin,HAN-500-00127,MOS50000127,Alpha & Omega Semiconductor,Alpha & Omega Semiconductor MOS50000127 MOSFET,MOSFET,MOS50000127 MOSFET from Alpha & Omega Semiconductor. Sourced via professional procurement support; specs below.,qg_nc: 45; rds_on_mohm: 8,https://example.com/datasheet/MOS50000127.pdf,390,2.3244
Digikey,DIG-500-00128,RES50000128,Yageo,Yageo RES50000128 Resistor,Resistor,RES50000128 Resistor from Yageo. Sourced via professional procurement support; specs below.,tolerance: ±1%; temperature_coeff: X7R,https://example.com/datasheet/RES50000128.pdf,1230,20.2450
Mouser,MOU-500-00129,CAP50000129,Holy Stone,Holy Stone CAP50000129 Capacitor,Capacitor,CAP50000129 Capacitor from Holy Stone. Sourced via professional procurement support; specs below.,Capacitor Value: 100nF; tolerance: ±10%; voltage_rating_v: 50,https://example.com/datasheet/CAP50000129.pdf,3447,8.9848
HQEW,HQE-500-00130,IND50000130,Bourns,Bourns IND50000130 Inductor,Inductor,IND50000130 Inductor from Bourns. Sourced via professional procurement support; specs below.,inductance_uh: 4.7; tolerance: ±20%; current_rating_a: 1.5,https://example.com/datasheet/IND50000130.pdf,4269,21.2646
Mouser,MOU-500-00131,SEN50000131,STMicroelectronics,STMicroelectronics SEN50000131 Sensors,Sensors,SEN50000131 Sensors from STMicroelectronics. Sourced via professional procurement support; specs below.,sensitivity: 260 LSB/g; range: 0-40; resolution_bits: 12; interface: I2C; accuracy: ±0.5,https://example.com/datasheet/SEN50000131.pdf,4104,22.9172
Hanxin,HAN-500-00132,CON50000132,Molex,Molex CON50000132 Connectors,Connectors,CON50000132 Connectors from Molex. Sourced via professional procurement support; specs below.,positions: 40; voltage_rating_v: 50; mounting: SMD; pitch_mm: 2.54,https://example.com/datasheet/CON50000132.pdf,4316,19.1410
Digikey,DIG-500-00133,MOD50000133,u-blox,u-blox MOD50000133 Modules,Modules,MOD50000133 Modules from u-blox. Sourced via professional procurement support; specs below.,sensitivity_dbm: -95; output_power_dbm: 20; modulation: GFSK; data_rate_bps: 2000000; Data Rate: 2Mbps,https://example.com/datasheet/MOD50000133.pdf,709,19.0066
Digikey,DIG-500-00134,OPA50000134,Texas Instruments,Texas Instruments OPA50000134 Analog IC,Analog IC,OPA50000134 Analog IC from Texas Instruments. Sourced via professional procurement support; specs below.,bandwidth_hz: 1000000; gain_db: 100,https://example.com/datasheet/OPA50000134.pdf,4631,13.9578
LCSC,LCS-500-00135,PMIC50000135,SGMICRO,SGMICRO PMIC50000135 Power Management IC,Power Management IC,PMIC50000135 Power Management IC from SGMICRO. Sourced via professional procurement support; specs below.,output_current_a: 3; efficiency_percent: 92; voltage_out_v: 5; voltage_in_max_v: 28,https://example.com/datasheet/PMIC50000135.pdf,835,8.6364
HQEW,HQE-500-00136,DIO50000136,Vishay Intertechnology,Vishay Intertechnology DIO50000136 Diode,Diode,DIO50000136 Diode from Vishay Intertechnology. Sourced via professional procurement support; specs below.,vf_v: 0.7; vrrm_v: 100; if_a: 1,https://example.com/datasheet/DIO50000136.pdf,629,5.0534
Digikey,DIG-500-00137,LED50000137,Everlight Electronics,Everlight Electronics LED50000137 LED Components,LED Components,LED50000137 LED Components from Everlight Electronics. Sourced via professional procurement support; specs below.,forward_current_ma: 20; forward_voltage_v: 2.1; package: 0805,https://example.com/datasheet/LED50000137.pdf,2961,13.2124
HQEW,HQE-500-00138,MEM50000138,Macronix International,Macronix International MEM50000138 Memory IC,Memory IC,MEM50000138 Memory IC from Macronix International. Sourced via professional procurement support; specs below.,interface: SPI; organization: x8; speed_hz: 104000000; Access Time: 70ns,https://example.com/datasheet/MEM50000138.pdf,4617,14.1548
Digikey,DIG-500-00139,XTAL50000139,TDK Corporation,TDK Corporation XTAL50000139 Crystal Oscillator,Crystal Oscillator,XTAL50000139 Crystal Oscillator from TDK Corporation. Sourced via professional procurement support; specs below.,package: SMD; frequency_hz: 8000000,https://example.com/datasheet/XTAL50000139.pdf,1751,3.9802
LCSC,LCS-500-00140,MCU50000140,Nuvoton Technology,Nuvoton Technology MCU50000140 Microcontroller,Microcontroller,MCU50000140 Microcontroller from Nuvoton Technology. Sourced via professional procurement support; specs below.,package: LQFP-48; ram_bytes: 20480; Core: ARM Cortex-M4; Operating Voltage: 3.3V; flash_bytes: 131072,https://example.com/datasheet/MCU50000140.pdf,2176,5.9950
Hanxin,HAN-500-00141,MOS50000141,Vishay Intertechnology,Vishay Intertechnology MOS50000141 MOSFET,MOSFET,MOS50000141 MOSFET from Vishay Intertechnology. Sourced via professional procurement support; specs below.,id_a: 30; Continuous Drain Current: 30A,https://example.com/datasheet/MOS50000141.pdf,85,17.6259
Digikey,DIG-500-00142,RES50000142,,Unknown RES50000142 Resistor,Resistor,RES50000142 Resistor from unspecified. Sourced via professional procurement support; specs below.,power_rating_w: 0.25,https://example.com/datasheet/RES50000142.pdf,4856,19.5634
Mouser,MOU-500-00143,CAP50000143,Murata Manufacturing,Murata Manufacturing CAP50000143 Capacitor,Capacitor,CAP50000143 Capacitor from Murata Manufacturing. Sourced via professional procurement support; specs below.,tolerance: ±10%; voltage_rating_v: 50; temperature_coeff: X7R,https://example.com/datasheet/CAP50000143.pdf,887,18.1157
HQEW,HQE-500-00144,IND50000144,,Unknown IND50000144 Inductor,Inductor,IND50000144 Inductor from unspecified. Sourced via professional procurement support; specs below.,package: 0805; tolerance: ±20%; inductance_uh: 4.7,https://example.com/datasheet/IND50000144.pdf,1674,22.5386
Hanxin,HAN-500-00145,SEN50000145,BoschDummy,BoschDummy SEN50000145 Sensors,Sensors,SEN50000145 Sensors from BoschDummy. Sourced via professional procurement support; specs below.,range: 0-40; accuracy: ±0.5; sensitivity: 260 LSB/g; resolution_bits: 12; interface: I2C,https://example.com/datasheet/SEN50000145.pdf,4191,10.7013
Hanxin,HAN-500-00146,CON50000146,Molex,Molex CON50000146 Connectors,Connectors,CON50000146 Connectors from Molex. Sourced via professional procurement support; specs below.,mounting: SMD; current_rating_a: 3; pitch_mm: 2.54,https://example.com/datasheet/CON50000146.pdf,4068,11.6346
LCSC,LCS-500-00147,MOD50000147,Quectel,Quectel MOD50000147 Modules,Modules,MOD50000147 Modules from Quectel. Sourced via professional procurement support; specs below.,sensitivity_dbm: -95; data_rate_bps: 2000000,https://example.com/datasheet/MOD50000147.pdf,1934,13.0111
LCSC,LCS-500-00148,OPA50000148,OpAmpInc,OpAmpInc OPA50000148 Analog IC,Analog IC,OPA50000148 Analog IC from OpAmpInc. Sourced via professional procurement support; specs below.,supply_current_ua: 200; gain_db: 100; package: SOIC-8; bandwidth_hz: 1000000,https://example.com/datasheet/OPA50000148.pdf,4120,18.5112
LCSC,LCS-500-00149,PMIC50000149,SGMICRO,SGMICRO PMIC50000149 Power Management IC,Power Management IC,PMIC50000149 Power Management IC from SGMICRO. Sourced via professional procurement support; specs below.,package: SOT-23; efficiency_percent: 92; voltage_in_max_v: 28; Power Good: yes,https://example.com/datasheet/PMIC50000149.pdf,2411,5.1186
Mouser,MOU-500-00150,DIO50000150,Littelfuse,Littelfuse DIO50000150 Diode,Diode,DIO50000150 Diode from Littelfuse. Sourced via professional procurement support; specs below.,vrrm_v: 100; if_a: 1; vf_v: 0.7,https://example.com/datasheet/DIO50000150.pdf,4984,2.1573
Hanxin,HAN-500-00151,LED50000151,Everlight Electronics,Everlight Electronics LED50000151 LED Components,LED Components,LED50000151 LED Components from Everlight Electronics. Sourced via professional procurement support; specs below.,wavelength_nm: 650; forward_current_ma: 20; package: 0805; forward_voltage_v: 2.1,https://example.com/datasheet/LED50000151.pdf,442,2.0785
HQEW,HQE-500-00152,MEM50000152,ISSI,ISSI MEM50000152 Memory IC,Memory IC,MEM50000152 Memory IC from ISSI. Sourced via professional procurement support; specs below.,organization: x8; memory_bytes: 16777216; interface: SPI; speed_hz: 104000000,https://example.com/datasheet/MEM50000152.pdf,2451,11.7238
Mouser,MOU-500-00153,XTAL50000153,AbraconX,AbraconX XTAL50000153 Crystal Oscillator,Crystal Oscillator,XTAL50000153 Crystal Oscillator from AbraconX. Sourced via professional procurement support; specs below.,package: SMD; load_capacitance_pf: 18; frequency_hz: 8000000,https://example.com/datasheet/XTAL50000153.pdf,1423,2.3284
HQEW,HQE-500-00154,MCU50000154,Nuvoton Technology,Nuvoton Technology MCU50000154 Microcontroller,Microcontroller,MCU50000154 Microcontroller from Nuvoton Technology. Sourced via professional procurement support; specs below.,frequency_hz: 72000000; Core: ARM Cortex-M4; package: LQFP-48,https://example.com/datasheet/MCU50000154.pdf,450,8.1348
Mouser,MOU-500-00155,MOS50000155,Alpha & Omega Semiconductor,Alpha & Omega Semiconductor MOS50000155 MOSFET,MOSFET,MOS50000155 MOSFET from Alpha & Omega Semiconductor. Sourced via professional procurement support; specs below.,rds_on_mohm: 8; Continuous Drain Current: 30A; vds_v: 55; id_a: 30; qg_nc: 45,https://example.com/datasheet/MOS50000155.pdf,4999,23.3735
Digikey,DIG-500-00156,RES50000156,Fenghua,Fenghua RES50000156 Resistor,Resistor,RES50000156 Resistor from Fenghua. Sourced via professional procurement support; specs below.,Resistor Value: 10kΩ; temperature_coeff: X7R,https://example.com/datasheet/RES50000156.pdf,421,13.6917
LCSC,LCS-500-00157,CAP50000157,DeltaCap,DeltaCap CAP50000157 Capacitor,Capacitor,CAP50000157 Capacitor from DeltaCap. Sourced via professional procurement support; specs below.,capacitance_pf: 100000; voltage_rating_v: 50,https://example.com/datasheet/CAP50000157.pdf,651,9.2061
Digikey,DIG-500-00158,IND50000158,Wurth Elektronik,Wurth Elektronik IND50000158 Inductor,Inductor,IND50000158 Inductor from Wurth Elektronik. Sourced via professional procurement support; specs below.,inductance_uh: 4.7; tolerance: ±20%,https://example.com/datasheet/IND50000158.pdf,170,3.0398
Mouser,MOU-500-00159,SEN50000159,TE Connectivity,TE Connectivity SEN50000159 Sensors,Sensors,SEN50000159 Sensors from TE Connectivity. Sourced via professional procurement support; specs below.,sensitivity: 260 LSB/g; interface: I2C; resolution_bits: 12; accuracy: ±0.5; range: 0-40,https://example.com/datasheet/SEN50000159.pdf,1656,18.6376
LCSC,LCS-500-00160,CON50000160,Hirose Electric,Hirose Electric CON50000160 Connectors,Connectors,CON50000160 Connectors from Hirose Electric. Sourced via professional procurement support; specs below.,pitch_mm: 2.54; mounting: SMD; current_rating_a: 3; positions: 40; voltage_rating_v: 50,https://example.com/datasheet/CON50000160.pdf,1732,10.6616
HQEW,HQE-500-00161,MOD50000161,u-blox,u-blox MOD50000161 Modules,Modules,MOD50000161 Modules from u-blox. Sourced via professional procurement support; specs below.,modulation: GFSK; interface: UART; output_power_dbm: 20; Antenna Type: PCB,https://example.com/datasheet/MOD50000161.pdf,4606,4.9615
Digikey,DIG-500-00162,OPA50000162,Analog Devices,Analog Devices OPA50000162 Analog IC,Analog IC,OPA50000162 Analog IC from Analog Devices. Sourced via professional procurement support; specs below.,bandwidth_hz: 1000000; supply_current_ua: 200; gain_db: 100,https://example.com/datasheet/OPA50000162.pdf,3555,16.2981
Hanxin,HAN-500-00163,PMIC50000163,Monolithic Power Systems,Monolithic Power Systems PMIC50000163 Power Management IC,Power Management IC,PMIC50000163 Power Management IC from Monolithic Power Systems. Sourced via professional procurement support; specs below.,efficiency_percent: 92; voltage_in_min_v: 4.5,https://example.com/datasheet/PMIC50000163.pdf,2968,16.4356
LCSC,LCS-500-00164,DIO50000164,Littelfuse,Littelfuse DIO50000164 Diode,Diode,DIO50000164 Diode from Littelfuse. Sourced via professional procurement support; specs below.,vf_v: 0.7; if_a: 1; vrrm_v: 100,https://example.com/datasheet/DIO50000164.pdf,1748,0.9916
Mouser,MOU-500-00165,LED50000165,LedWorks,LedWorks LED50000165 LED Components,LED Components,LED50000165 LED Components from LedWorks. Sourced via professional procurement support; specs below.,wavelength_nm: 650; forward_voltage_v: 2.1; forward_current_ma: 20,https://example.com/datasheet/LED50000165.pdf,3215,7.7263
HQEW,HQE-500-00166,MEM50000166,SK Hynix,SK Hynix MEM50000166 Memory IC,Memory IC,MEM50000166 Memory IC from SK Hynix. Sourced via professional procurement support; specs below.,organization: x8; memory_bytes: 16777216,https://example.com/datasheet/MEM50000166.pdf,2270,15.8320
Mouser,MOU-500-00167,XTAL50000167,AbraconX,AbraconX XTAL50000167 Crystal Oscillator,Crystal Oscillator,XTAL50000167 Crystal Oscillator from AbraconX. Sourced via professional procurement support; specs below.,load_capacitance_pf: 18; package: SMD,https://example.com/datasheet/XTAL50000167.pdf,2019,9.6407
HQEW,HQE-500-00168,MCU50000168,Holtek Semiconductor,Holtek Semiconductor MCU50000168 Microcontroller,Microcontroller,MCU50000168 Microcontroller from Holtek Semiconductor. Sourced via professional procurement support; specs below.,flash_bytes: 131072; voltage_v: 3.3; Core: ARM Cortex-M4,https://example.com/datasheet/MCU50000168.pdf,605,17.2034
Digikey,DIG-500-00169,MOS50000169,Infineon Technologies,Infineon Technologies MOS50000169 MOSFET,MOSFET,MOS50000169 MOSFET from Infineon Technologies. Sourced via professional procurement support; specs below.,Drain Source Voltage: 55V; qg_nc: 45,https://example.com/datasheet/MOS50000169.pdf,2450,24.3443
LCSC,LCS-500-00170,RES50000170,KEMET Electronics,KEMET Electronics RES50000170 Resistor,Resistor,RES50000170 Resistor from KEMET Electronics. Sourced via professional procurement support; specs below.,Resistor Value: 10kΩ; tolerance: ±1%; package: 0805; power_rating_w: 0.25; MTBF Hours: 100000,https://example.com/datasheet/RES50000170.pdf,1519,4.7379
Hanxin,HAN-500-00171,CAP50000171,KEMET Electronics,KEMET Electronics CAP50000171 Capacitor,Capacitor,CAP50000171 Capacitor from KEMET Electronics. Sourced via professional procurement support; specs below.,tolerance: ±10%; Capacitor Value: 100nF; package: 0603,https://example.com/datasheet/CAP50000171.pdf,368,6.1402
HQEW,HQE-500-00172,IND50000172,Bourns,Bourns IND50000172 Inductor,Inductor,IND50000172 Inductor from Bourns. Sourced via professional procurement support; specs below.,inductance_uh: 4.7; current_rating_a: 1.5,https://example.com/datasheet/IND50000172.pdf,3064,8.5042
HQEW,HQE-500-00173,SEN50000173,NXP Semiconductors,NXP Semiconductors SEN50000173 Sensors,Sensors,SEN50000173 Sensors from NXP Semiconductors. Sourced via professional procurement support; specs below.,range: 0-40; accuracy: ±0.5; interface: I2C; sensitivity: 260 LSB/g; resolution_bits: 12,https://example.com/datasheet/SEN50000173.pdf,2621,0.7514
Digikey,DIG-500-00174,CON50000174,LinkFab,LinkFab CON50000174 Connectors,Connectors,CON50000174 Connectors from LinkFab. Sourced via professional procurement support; specs below.,pitch_mm: 2.54; positions: 40; current_rating_a: 3,https://example.com/datasheet/CON50000174.pdf,760,13.3768
Mouser,MOU-500-00175,MOD50000175,u-blox,u-blox MOD50000175 Modules,Modules,MOD50000175 Modules from u-blox. Sourced via professional procurement support; specs below.,output_power_dbm: 20; modulation: GFSK; interface: UART,https://example.com/datasheet/MOD50000175.pdf,458,14.3122
Digikey,DIG-500-00176,OPA50000176,Maxim Integrated,Maxim Integrated OPA50000176 Analog IC,Analog IC,OPA50000176 Analog IC from Maxim Integrated. Sourced via professional procurement support; specs below.,bandwidth_hz: 1000000; gain_db: 100; supply_current_ua: 200; package: SOIC-8,https://example.com/datasheet/OPA50000176.pdf,605,2.6302
Digikey,DIG-500-00177,PMIC50000177,Monolithic Power Systems,Monolithic Power Systems PMIC50000177 Power Management IC,Power Management IC,PMIC50000177 Power Management IC from Monolithic Power Systems. Sourced via professional procurement support; specs below.,efficiency_percent: 92; package: SOT-23,https://example.com/datasheet/PMIC50000177.pdf,2083,11.8045
Digikey,DIG-500-00178,DIO50000178,Vishay Intertechnology,Vishay Intertechnology DIO50000178 Diode,Diode,DIO50000178 Diode from Vishay Intertechnology. Sourced via professional procurement support; specs below.,if_a: 1; vrrm_v: 100; vf_v: 0.7,https://example.com/datasheet/DIO50000178.pdf,4868,24.3752
Digikey,DIG-500-00179,LED50000179,Kingbright,Kingbright LED50000179 LED Components,LED Components,LED50000179 LED Components from Kingbright. Sourced via professional procurement support; specs below.,forward_current_ma: 20; forward_voltage_v: 2.1; package: 0805; Luminous Intensity: 100mcd,https://example.com/datasheet/LED50000179.pdf,3113,18.3465
Digikey,DIG-500-00180,MEM50000180,MemCore,MemCore MEM50000180 Memory IC,Memory IC,MEM50000180 Memory IC from MemCore. Sourced via professional procurement support; specs below.,organization: x8; interface: SPI; speed_hz: 104000000,https://example.com/datasheet/MEM50000180.pdf,239,14.1904
Hanxin,HAN-500-00181,XTAL50000181,AbraconX,AbraconX XTAL50000181 Crystal Oscillator,Crystal Oscillator,XTAL50000181 Crystal Oscillator from AbraconX. Sourced via professional procurement support; specs below.,frequency_hz: 8000000; load_capacitance_pf: 18,https://example.com/datasheet/XTAL50000181.pdf,1972,13.9825
Mouser,MOU-500-00182,MCU50000182,GigaDevice Semiconductor,GigaDevice Semiconductor MCU50000182 Microcontroller,Microcontroller,MCU50000182 Microcontroller from GigaDevice Semiconductor. Sourced via professional procurement support; specs below.,ESD Rating: 2kV,https://example.com/datasheet/MCU50000182.pdf,1724,0.3670
Hanxin,HAN-500-00183,MOS50000183,Alpha & Omega Semiconductor,Alpha & Omega Semiconductor MOS50000183 MOSFET,MOSFET,MOS50000183 MOSFET from Alpha & Omega Semiconductor. Sourced via professional procurement support; specs below.,package: SOT-23; vds_v: 55; Leakage Current: 1uA,https://example.com/datasheet/MOS50000183.pdf,954,16.5310
LCSC,LCS-500-00184,RES50000184,Fenghua,Fenghua RES50000184 Resistor,Resistor,RES50000184 Resistor from Fenghua. Sourced via professional procurement support; specs below.,power_rating_w: 0.25; temperature_coeff: X7R; tolerance: ±1%,https://example.com/datasheet/RES50000184.pdf,908,5.0454
Mouser,MOU-500-00185,CAP50000185,Walsin Technology,Walsin Technology CAP50000185 Capacitor,Capacitor,CAP50000185 Capacitor from Walsin Technology. Sourced via professional procurement support; specs below.,package: 0603; voltage_rating_v: 50,https://example.com/datasheet/CAP50000185.pdf,156,20.9328
Digikey,DIG-500-00186,IND50000186,TDK Corporation,TDK Corporation IND50000186 Inductor,Inductor,IND50000186 Inductor from TDK Corporation. Sourced via professional procurement support; specs below.,tolerance: ±20%; inductance_uh: 4.7,https://example.com/datasheet/IND50000186.pdf,2287,16.9158
Digikey,DIG-500-00187,SEN50000187,TE Connectivity,TE Connectivity SEN50000187 Sensors,Sensors,SEN50000187 Sensors from TE Connectivity. Sourced via professional procurement support; specs below.,range: 0-40; sensitivity: 260 LSB/g,https://example.com/datasheet/SEN50000187.pdf,1026,7.4699
Digikey,DIG-500-00188,CON50000188,JST,JST CON50000188 Connectors,Connectors,CON50000188 Connectors from JST. Sourced via professional procurement support; specs below.,mounting: SMD; current_rating_a: 3; positions: 40; pitch_mm: 2.54; voltage_rating_v: 50,https://example.com/datasheet/CON50000188.pdf,1465,6.9761
Mouser,MOU-500-00189,MOD50000189,SIMCom,SIMCom MOD50000189 Modules,Modules,MOD50000189 Modules from SIMCom. Sourced via professional procurement support; specs below.,data_rate_bps: 2000000; output_power_dbm: 20; modulation: GFSK; sensitivity_dbm: -95,https://example.com/datasheet/MOD50000189.pdf,3347,19.5604
HQEW,HQE-500-00190,OPA50000190,Maxim Integrated,Maxim Integrated OPA50000190 Analog IC,Analog IC,OPA50000190 Analog IC from Maxim Integrated. Sourced via professional procurement support; specs below.,supply_current_ua: 200; gain_db: 100; package: SOIC-8,https://example.com/datasheet/OPA50000190.pdf,1399,4.6314
Hanxin,HAN-500-00191,PMIC50000191,SGMICRO,SGMICRO PMIC50000191 Power Management IC,Power Management IC,PMIC50000191 Power Management IC from SGMICRO. Sourced via professional procurement support; specs below.,efficiency_percent: 92; voltage_in_min_v: 4.5; package: SOT-23; Power Good: yes,https://example.com/datasheet/PMIC50000191.pdf,2996,19.8665
Digikey,DIG-500-00192,DIO50000192,ON Semiconductor,ON Semiconductor DIO50000192 Diode,Diode,DIO50000192 Diode from ON Semiconductor. Sourced via professional procurement support; specs below.,vf_v: 0.7; vrrm_v: 100; if_a: 1,https://example.com/datasheet/DIO50000192.pdf,2143,22.4409
Hanxin,HAN-500-00193,LED50000193,OSRAM,OSRAM LED50000193 LED Components,LED Components,LED50000193 LED Components from OSRAM. Sourced via professional procurement support; specs below.,wavelength_nm: 650; forward_voltage_v: 2.1,https://example.com/datasheet/LED50000193.pdf,4926,5.6794
Digikey,DIG-500-00194,MEM50000194,Micron Technology,Micron Technology MEM50000194 Memory IC,Memory IC,MEM50000194 Memory IC from Micron Technology. Sourced via professional procurement support; specs below.,speed_hz: 104000000; memory_bytes: 16777216,https://example.com/datasheet/MEM50000194.pdf,4692,17.4033
Mouser,MOU-500-00195,XTAL50000195,AbraconX,AbraconX XTAL50000195 Crystal Oscillator,Crystal Oscillator,XTAL50000195 Crystal Oscillator from AbraconX. Sourced via professional procurement support; specs below.,frequency_hz: 8000000; load_capacitance_pf: 18; package: SMD; Frequency Tolerance: ±20ppm,https://example.com/datasheet/XTAL50000195.pdf,3055,5.3485
LCSC,LCS-500-00196,MCU50000196,STMicroelectronics,STMicroelectronics MCU50000196 Microcontroller,Microcontroller,MCU50000196 Microcontroller from STMicroelectronics. Sourced via professional procurement support; specs below.,package: LQFP-48; frequency_hz: 72000000; RAM Size: 20KB; Operating Temp: -40~85,https://example.com/datasheet/MCU50000196.pdf,3009,2.9448
Hanxin,HAN-500-00197,MOS50000197,Yangjie,Yangjie MOS50000197 MOSFET,MOSFET,MOS50000197 MOSFET from Yangjie. Sourced via professional procurement support; specs below.,rds_on_mohm: 8,https://example.com/datasheet/MOS50000197.pdf,2465,17.7477
Digikey,DIG-500-00198,RES50000198,KEMET Electronics,KEMET Electronics RES50000198 Resistor,Resistor,RES50000198 Resistor from KEMET Electronics. Sourced via professional procurement support; specs below.,tolerance: ±1%,https://example.com/datasheet/RES50000198.pdf,651,6.6916
LCSC,LCS-500-00199,CAP50000199,Murata Manufacturing,Murata Manufacturing CAP50000199 Capacitor,Capacitor,CAP50000199 Capacitor from Murata Manufacturing. Sourced via professional procurement support; specs below.,Capacitor Value: 100nF; tolerance: ±10%; voltage_rating_v: 50; capacitance_pf: 100000,https://example.com/datasheet/CAP50000199.pdf,2493,2.9305
Mouser,MOU-500-00200,IND50000200,TDK Corporation,TDK Corporation IND50000200 Inductor,Inductor,IND50000200 Inductor from TDK Corporation. Sourced via professional procurement support; specs below.,inductance_uh: 4.7; tolerance: ±20%; package: 0805,https://example.com/datasheet/IND50000200.pdf,4022,23.8664
Digikey,DIG-500-00201,SEN50000201,BoschDummy,BoschDummy SEN50000201 Sensors,Sensors,SEN50000201 Sensors from BoschDummy. Sourced via professional procurement support; specs below.,resolution_bits: 12; interface: I2C; accuracy: ±0.5; range: 0-40,https://example.com/datasheet/SEN50000201.pdf,589,14.3339
LCSC,LCS-500-00202,CON50000202,LinkFab,LinkFab CON50000202 Connectors,Connectors,CON50000202 Connectors from LinkFab. Sourced via professional procurement support; specs below.,voltage_rating_v: 50; positions: 40; mounting: SMD,https://example.com/datasheet/CON50000202.pdf,3934,13.2862
HQEW,HQE-500-00203,MOD50000203,u-blox,u-blox MOD50000203 Modules,Modules,MOD50000203 Modules from u-blox. Sourced via professional procurement support; specs below.,modulation: GFSK; output_power_dbm: 20,https://example.com/datasheet/MOD50000203.pdf,857,4.1890
LCSC,LCS-500-00204,OPA50000204,Analog Devices,Analog Devices OPA50000204 Analog IC,Analog IC,OPA50000204 Analog IC from Analog Devices. Sourced via professional procurement support; specs below.,supply_current_ua: 200; bandwidth_hz: 1000000; Input Noise: 10nV,https://example.com/datasheet/OPA50000204.pdf,1886,7.5167
HQEW,HQE-500-00205,PMIC50000205,Monolithic Power Systems,Monolithic Power Systems PMIC50000205 Power Management IC,Power Management IC,PMIC50000205 Power Management IC from Monolithic Power Systems. Sourced via professional procurement support; specs below.,output_current_a: 3; efficiency_percent: 92; voltage_in_max_v: 28,https://example.com/datasheet/PMIC50000205.pdf,2137,20.9219
LCSC,LCS-500-00206,DIO50000206,Littelfuse,Littelfuse DIO50000206 Diode,Diode,DIO50000206 Diode from Littelfuse. Sourced via professional procurement support; specs below.,vrrm_v: 100; if_a: 1,https://example.com/datasheet/DIO50000206.pdf,1602,8.5957
Hanxin,HAN-500-00207,LED50000207,PhotonInc,PhotonInc LED50000207 LED Components,LED Components,LED50000207 LED Components from PhotonInc. Sourced via professional procurement support; specs below.,forward_voltage_v: 2.1; package: 0805,https://example.com/datasheet/LED50000207.pdf,4135,2.0652
Digikey,DIG-500-00208,MEM50000208,Micron Technology,Micron Technology MEM50000208 Memory IC,Memory IC,MEM50000208 Memory IC from Micron Technology. Sourced via professional procurement support; specs below.,organization: x8; interface: SPI; Access Time: 70ns,https://example.com/datasheet/MEM50000208.pdf,607,23.1251
Mouser,MOU-500-00209,XTAL50000209,Wurth Elektronik,Wurth Elektronik XTAL50000209 Crystal Oscillator,Crystal Oscillator,XTAL50000209 Crystal Oscillator from Wurth Elektronik. Sourced via professional procurement support; specs below.,load_capacitance_pf: 18; package: SMD,https://example.com/datasheet/XTAL50000209.pdf,1560,23.9048
Digikey,DIG-500-00210,MCU50000210,Holtek Semiconductor,Holtek Semiconductor MCU50000210 Microcontroller,Microcontroller,MCU50000210 Microcontroller from Holtek Semiconductor. Sourced via professional procurement support; specs below.,io_count: 48; voltage_v: 3.3; RAM Size: 20KB; Core: ARM Cortex-M4; flash_bytes: 131072; Operating Temp: -40~85,https://example.com/datasheet/MCU50000210.pdf,4761,3.8501
HQEW,HQE-500-00211,MOS50000211,ON Semiconductor,ON Semiconductor MOS50000211 MOSFET,MOSFET,MOS50000211 MOSFET from ON Semiconductor. Sourced via professional procurement support; specs below.,rds_on_mohm: 8; Leakage Current: 1uA,https://example.com/datasheet/MOS50000211.pdf,2099,0.9145
LCSC,LCS-500-00212,RES50000212,KEMET Electronics,KEMET Electronics RES50000212 Resistor,Resistor,RES50000212 Resistor from KEMET Electronics. Sourced via professional procurement support; specs below.,package: 0805; power_rating_w: 0.25; Resistor Value: 10kΩ,https://example.com/datasheet/RES50000212.pdf,1535,17.6735
LCSC,LCS-500-00213,CAP50000213,KEMET Electronics,KEMET Electronics CAP50000213 Capacitor,Capacitor,CAP50000213 Capacitor from KEMET Electronics. Sourced via professional procurement support; specs below.,voltage_rating_v: 50; tolerance: ±10%,https://example.com/datasheet/CAP50000213.pdf,4051,2.1840
Mouser,MOU-500-00214,IND50000214,Murata Manufacturing,Murata Manufacturing IND50000214 Inductor,Inductor,IND50000214 Inductor from Murata Manufacturing. Sourced via professional procurement support; specs below.,package: 0805; inductance_uh: 4.7; tolerance: ±20%; current_rating_a: 1.5,https://example.com/datasheet/IND50000214.pdf,499,15.4288
HQEW,HQE-500-00215,SEN50000215,NXP Semiconductors,NXP Semiconductors SEN50000215 Sensors,Sensors,SEN50000215 Sensors from NXP Semiconductors. Sourced via professional procurement support; specs below.,accuracy: ±0.5; interface: I2C; resolution_bits: 12; range: 0-40; sensitivity: 260 LSB/g,https://example.com/datasheet/SEN50000215.pdf,4477,6.8708
Mouser,MOU-500-00216,CON50000216,JST,JST CON50000216 Connectors,Connectors,CON50000216 Connectors from JST. Sourced via professional procurement support; specs below.,voltage_rating_v: 50; mounting: SMD,https://example.com/datasheet/CON50000216.pdf,1725,9.1738
Hanxin,HAN-500-00217,MOD50000217,AirByte,AirByte MOD50000217 Modules,Modules,MOD50000217 Modules from AirByte. Sourced via professional procurement support; specs below.,interface: UART; sensitivity_dbm: -95,https://example.com/datasheet/MOD50000217.pdf,199,9.7317
Mouser,MOU-500-00218,OPA50000218,Maxim Integrated,Maxim Integrated OPA50000218 Analog IC,Analog IC,OPA50000218 Analog IC from Maxim Integrated. Sourced via professional procurement support; specs below.,package: SOIC-8; supply_current_ua: 200; bandwidth_hz: 1000000,https://example.com/datasheet/OPA50000218.pdf,411,23.9779
Hanxin,HAN-500-00219,PMIC50000219,SGMICRO,SGMICRO PMIC50000219 Power Management IC,Power Management IC,PMIC50000219 Power Management IC from SGMICRO. Sourced via professional procurement support; specs below.,efficiency_percent: 92; voltage_in_max_v: 28; package: SOT-23; output_current_a: 3; voltage_out_v: 5,https://example.com/datasheet/PMIC50000219.pdf,581,24.2673
HQEW,HQE-500-00220,DIO50000220,Diodes Incorporated,Diodes Incorporated DIO50000220 Diode,Diode,DIO50000220 Diode from Diodes Incorporated. Sourced via professional procurement support; specs below.,if_a: 1; vf_v: 0.7; vrrm_v: 100,https://example.com/datasheet/DIO50000220.pdf,2139,24.4938
Hanxin,HAN-500-00221,LED50000221,Everlight Electronics,Everlight Electronics LED50000221 LED Components,LED Components,LED50000221 LED Components from Everlight Electronics. Sourced via professional procurement support; specs below.,forward_current_ma: 20; package: 0805; wavelength_nm: 650; forward_voltage_v: 2.1,https://example.com/datasheet/LED50000221.pdf,1157,16.7484
Digikey,DIG-500-00222,MEM50000222,SK Hynix,SK Hynix MEM50000222 Memory IC,Memory IC,MEM50000222 Memory IC from SK Hynix. Sourced via professional procurement support; specs below.,memory_bytes: 16777216; organization: x8; interface: SPI,https://example.com/datasheet/MEM50000222.pdf,2660,3.5304
Mouser,MOU-500-00223,XTAL50000223,,Unknown XTAL50000223 Crystal Oscillator,Crystal Oscillator,XTAL50000223 Crystal Oscillator from unspecified. Sourced via professional procurement support; specs below.,frequency_hz: 8000000; package: SMD; load_capacitance_pf: 18,https://example.com/datasheet/XTAL50000223.pdf,435,1.7395
Mouser,MOU-500-00224,MCU50000224,GigaDevice Semiconductor,GigaDevice Semiconductor MCU50000224 Microcontroller,Microcontroller,MCU50000224 Microcontroller from GigaDevice Semiconductor. Sourced via professional procurement support; specs below.,Operating Voltage: 3.3V; frequency_hz: 72000000,https://example.com/datasheet/MCU50000224.pdf,2812,15.0251
Mouser,MOU-500-00225,MOS50000225,Vishay Intertechnology,Vishay Intertechnology MOS50000225 MOSFET,MOSFET,MOS50000225 MOSFET from Vishay Intertechnology. Sourced via professional procurement support; specs below.,vds_v: 55,https://example.com/datasheet/MOS50000225.pdf,4314,2.7084
Digikey,DIG-500-00226,RES50000226,Fenghua,Fenghua RES50000226 Resistor,Resistor,RES50000226 Resistor from Fenghua. Sourced via professional procurement support; specs below.,package: 0805; temperature_coeff: X7R; resistance_ohm: 10000; power_rating_w: 0.25,https://example.com/datasheet/RES50000226.pdf,2299,21.2439
LCSC,LCS-500-00227,CAP50000227,KEMET Electronics,KEMET Electronics CAP50000227 Capacitor,Capacitor,CAP50000227 Capacitor from KEMET Electronics. Sourced via professional procurement support; specs below.,capacitance_pf: 100000; voltage_rating_v: 50; package: 0603; tolerance: ±10%; temperature_coeff: X7R,https://example.com/datasheet/CAP50000227.pdf,1475,12.1317
Digikey,DIG-500-00228,IND50000228,Bourns,Bourns IND50000228 Inductor,Inductor,IND50000228 Inductor from Bourns. Sourced via professional procurement support; specs below.,current_rating_a: 1.5; tolerance: ±20%; inductance_uh: 4.7,https://example.com/datasheet/IND50000228.pdf,3333,21.3756
LCSC,LCS-500-00229,SEN50000229,NXP Semiconductors,NXP Semiconductors SEN50000229 Sensors,Sensors,SEN50000229 Sensors from NXP Semiconductors. Sourced via professional procurement support; specs below.,sensitivity: 260 LSB/g; resolution_bits: 12; accuracy: ±0.5,https://example.com/datasheet/SEN50000229.pdf,3243,0.4729
HQEW,HQE-500-00230,CON50000230,TE Connectivity,TE Connectivity CON50000230 Connectors,Connectors,CON50000230 Connectors from TE Connectivity. Sourced via professional procurement support; specs below.,current_rating_a: 3; pitch_mm: 2.54; positions: 40; voltage_rating_v: 50,https://example.com/datasheet/CON50000230.pdf,697,22.1814
LCSC,LCS-500-00231,MOD50000231,u-blox,u-blox MOD50000231 Modules,Modules,MOD50000231 Modules from u-blox. Sourced via professional procurement support; specs below.,data_rate_bps: 2000000; interface: UART,https://example.com/datasheet/MOD50000231.pdf,1298,15.4456
Mouser,MOU-500-00232,OPA50000232,Silicon Labs,Silicon Labs OPA50000232 Analog IC,Analog IC,OPA50000232 Analog IC from Silicon Labs. Sourced via professional procurement support; specs below.,supply_current_ua: 200; package: SOIC-8; gain_db: 100; bandwidth_hz: 1000000,https://example.com/datasheet/OPA50000232.pdf,1918,23.3367
HQEW,HQE-500-00233,PMIC50000233,Infineon Technologies,Infineon Technologies PMIC50000233 Power Management IC,Power Management IC,PMIC50000233 Power Management IC from Infineon Technologies. Sourced via professional procurement support; specs below.,package: SOT-23; efficiency_percent: 92; voltage_in_max_v: 28; voltage_out_v: 5,https://example.com/datasheet/PMIC50000233.pdf,3672,2.8529
HQEW,HQE-500-00234,DIO50000234,ON Semiconductor,ON Semiconductor DIO50000234 Diode,Diode,DIO50000234 Diode from ON Semiconductor. Sourced via professional procurement support; specs below.,vf_v: 0.7; if_a: 1,https://example.com/datasheet/DIO50000234.pdf,3411,19.7120
LCSC,LCS-500-00235,LED50000235,Kingbright,Kingbright LED50000235 LED Components,LED Components,LED50000235 LED Components from Kingbright. Sourced via professional procurement support; specs below.,forward_voltage_v: 2.1; package: 0805; wavelength_nm: 650,https://example.com/datasheet/LED50000235.pdf,3632,22.4510
Digikey,DIG-500-00236,MEM50000236,MemCore,MemCore MEM50000236 Memory IC,Memory IC,MEM50000236 Memory IC from MemCore. Sourced via professional procurement support; specs below.,memory_bytes: 16777216; speed_hz: 104000000; organization: x8; interface: SPI,https://example.com/datasheet/MEM50000236.pdf,4819,13.3553
LCSC,LCS-500-00237,XTAL50000237,TDK Corporation,TDK Corporation XTAL50000237 Crystal Oscillator,Crystal Oscillator,XTAL50000237 Crystal Oscillator from TDK Corporation. Sourced via professional procurement support; specs below.,load_capacitance_pf: 18; package: SMD,https://example.com/datasheet/XTAL50000237.pdf,3157,14.6825
Hanxin,HAN-500-00238,MCU50000238,Microchip Technology,Microchip Technology MCU50000238 Microcontroller,Microcontroller,MCU50000238 Microcontroller from Microchip Technology. Sourced via professional procurement support; specs below.,frequency_hz: 72000000; Clock Speed: 72MHz,https://example.com/datasheet/MCU50000238.pdf,2992,9.4185
Mouser,MOU-500-00239,MOS50000239,RiverSemi,RiverSemi MOS50000239 MOSFET,MOSFET,MOS50000239 MOSFET from RiverSemi. Sourced via professional procurement support; specs below.,package: SOT-23; id_a: 30; On Resistance: 8mΩ,https://example.com/datasheet/MOS50000239.pdf,634,12.0978
LCSC,LCS-500-00240,RES50000240,Fenghua,Fenghua RES50000240 Resistor,Resistor,RES50000240 Resistor from Fenghua. Sourced via professional procurement support; specs below.,Resistor Value: 10kΩ; package: 0805,https://example.com/datasheet/RES50000240.pdf,3296,18.4286
HQEW,HQE-500-00241,CAP50000241,TDK Corporation,TDK Corporation CAP50000241 Capacitor,Capacitor,CAP50000241 Capacitor from TDK Corporation. Sourced via professional procurement support; specs below.,voltage_rating_v: 50; capacitance_pf: 100000; package: 0603; temperature_coeff: X7R,https://example.com/datasheet/CAP50000241.pdf,867,12.6043
Digikey,DIG-500-00242,IND50000242,Murata Manufacturing,Murata Manufacturing IND50000242 Inductor,Inductor,IND50000242 Inductor from Murata Manufacturing. Sourced via professional procurement support; specs below.,current_rating_a: 1.5; tolerance: ±20%,https://example.com/datasheet/IND50000242.pdf,2759,15.2694
LCSC,LCS-500-00243,SEN50000243,NXP Semiconductors,NXP Semiconductors SEN50000243 Sensors,Sensors,SEN50000243 Sensors from NXP Semiconductors. Sourced via professional procurement support; specs below.,interface: I2C; resolution_bits: 12; accuracy: ±0.5; range: 0-40; Output Type: Analog,https://example.com/datasheet/SEN50000243.pdf,3190,10.0388
Mouser,MOU-500-00244,CON50000244,JST,JST CON50000244 Connectors,Connectors,CON50000244 Connectors from JST. Sourced via professional procurement support; specs below.,voltage_rating_v: 50; mounting: SMD,https://example.com/datasheet/CON50000244.pdf,4062,18.6983
Digikey,DIG-500-00245,MOD50000245,AirByte,AirByte MOD50000245 Modules,Modules,MOD50000245 Modules from AirByte. Sourced via professional procurement support; specs below.,sensitivity_dbm: -95; data_rate_bps: 2000000; modulation: GFSK; output_power_dbm: 20,https://example.com/datasheet/MOD50000245.pdf,2193,17.2971
LCSC,LCS-500-00246,OPA50000246,Silicon Labs,Silicon Labs OPA50000246 Analog IC,Analog IC,OPA50000246 Analog IC from Silicon Labs. Sourced via professional procurement support; specs below.,supply_current_ua: 200; package: SOIC-8; bandwidth_hz: 1000000; gain_db: 100,https://example.com/datasheet/OPA50000246.pdf,4673,22.2568
HQEW,HQE-500-00247,PMIC50000247,Monolithic Power Systems,Monolithic Power Systems PMIC50000247 Power Management IC,Power Management IC,PMIC50000247 Power Management IC from Monolithic Power Systems. Sourced via professional procurement support; specs below.,voltage_in_min_v: 4.5; efficiency_percent: 92,https://example.com/datasheet/PMIC50000247.pdf,3736,17.7949
LCSC,LCS-500-00248,DIO50000248,Vishay Intertechnology,Vishay Intertechnology DIO50000248 Diode,Diode,DIO50000248 Diode from Vishay Intertechnology. Sourced via professional procurement support; specs below.,vf_v: 0.7; if_a: 1; Reverse Recovery: 50ns,https://example.com/datasheet/DIO50000248.pdf,4198,19.0973
Mouser,MOU-500-00249,LED50000249,Kingbright,Kingbright LED50000249 LED Components,LED Components,LED50000249 LED Components from Kingbright. Sourced via professional procurement support; specs below.,forward_current_ma: 20; package: 0805,https://example.com/datasheet/LED50000249.pdf,1967,10.7237
LCSC,LCS-500-00250,MEM50000250,Micron Technology,Micron Technology MEM50000250 Memory IC,Memory IC,MEM50000250 Memory IC from Micron Technology. Sourced via professional procurement support; specs below.,speed_hz: 104000000; memory_bytes: 16777216; organization: x8,https://example.com/datasheet/MEM50000250.pdf,3514,5.4781
Hanxin,HAN-500-00251,XTAL50000251,Murata Manufacturing,Murata Manufacturing XTAL50000251 Crystal Oscillator,Crystal Oscillator,XTAL50000251 Crystal Oscillator from Murata Manufacturing. Sourced via professional procurement support; specs below.,load_capacitance_pf: 18; frequency_hz: 8000000; package: SMD,https://example.com/datasheet/XTAL50000251.pdf,2134,3.5967
LCSC,LCS-500-00252,MCU50000252,Nuvoton Technology,Nuvoton Technology MCU50000252 Microcontroller,Microcontroller,MCU50000252 Microcontroller from Nuvoton Technology. Sourced via professional procurement support; specs below.,frequency_hz: 72000000; Operating Voltage: 3.3V; flash_bytes: 131072,https://example.com/datasheet/MCU50000252.pdf,4684,6.0832
Hanxin,HAN-500-00253,MOS50000253,Alpha & Omega Semiconductor,Alpha & Omega Semiconductor MOS50000253 MOSFET,MOSFET,MOS50000253 MOSFET from Alpha & Omega Semiconductor. Sourced via professional procurement support; specs below.,rds_on_mohm: 8; package: SOT-23; id_a: 30; vds_v: 55; qg_nc: 45; Leakage Current: 1uA,https://example.com/datasheet/MOS50000253.pdf,216,17.1427
Mouser,MOU-500-00254,RES50000254,Bourns,Bourns RES50000254 Resistor,Resistor,RES50000254 Resistor from Bourns. Sourced via professional procurement support; specs below.,resistance_ohm: 10000; Resistor Value: 10kΩ; package: 0805; power_rating_w: 0.25; tolerance: ±1%,https://example.com/datasheet/RES50000254.pdf,3565,4.2703
HQEW,HQE-500-00255,CAP50000255,TDK Corporation,TDK Corporation CAP50000255 Capacitor,Capacitor,CAP50000255 Capacitor from TDK Corporation. Sourced via professional procurement support; specs below.,package: 0603; capacitance_pf: 100000; voltage_rating_v: 50; temperature_coeff: X7R,https://example.com/datasheet/CAP50000255.pdf,297,0.4701
LCSC,LCS-500-00256,IND50000256,Murata Manufacturing,Murata Manufacturing IND50000256 Inductor,Inductor,IND50000256 Inductor from Murata Manufacturing. Sourced via professional procurement support; specs below.,tolerance: ±20%; inductance_uh: 4.7; package: 0805; current_rating_a: 1.5,https://example.com/datasheet/IND50000256.pdf,3223,8.2310
Mouser,MOU-500-00257,SEN50000257,STMicroelectronics,STMicroelectronics SEN50000257 Sensors,Sensors,SEN50000257 Sensors from STMicroelectronics. Sourced via professional procurement support; specs below.,accuracy: ±0.5; range: 0-40,https://example.com/datasheet/SEN50000257.pdf,2061,8.3535
Mouser,MOU-500-00258,CON50000258,Molex,Molex CON50000258 Connectors,Connectors,CON50000258 Connectors from Molex. Sourced via professional procurement support; specs below.,positions: 40; voltage_rating_v: 50; pitch_mm: 2.54,https://example.com/datasheet/CON50000258.pdf,2193,17.8083
Hanxin,HAN-500-00259,MOD50000259,Espressif Systems,Espressif Systems MOD50000259 Modules,Modules,MOD50000259 Modules from Espressif Systems. Sourced via professional procurement support; specs below.,interface: UART; data_rate_bps: 2000000; sensitivity_dbm: -95; output_power_dbm: 20; Antenna Type: PCB,https://example.com/datasheet/MOD50000259.pdf,995,15.1383
LCSC,LCS-500-00260,OPA50000260,Silicon Labs,Silicon Labs OPA50000260 Analog IC,Analog IC,OPA50000260 Analog IC from Silicon Labs. Sourced via professional procurement support; specs below.,bandwidth_hz: 1000000; package: SOIC-8; gain_db: 100; supply_current_ua: 200,https://example.com/datasheet/OPA50000260.pdf,4904,18.8768
Digikey,DIG-500-00261,PMIC50000261,Monolithic Power Systems,Monolithic Power Systems PMIC50000261 Power Management IC,Power Management IC,PMIC50000261 Power Management IC from Monolithic Power Systems. Sourced via professional procurement support; specs below.,output_current_a: 3; package: SOT-23; voltage_in_min_v: 4.5; efficiency_percent: 92; voltage_in_max_v: 28,https://example.com/datasheet/PMIC50000261.pdf,3431,12.0725
LCSC,LCS-500-00262,DIO50000262,RectFab,RectFab DIO50000262 Diode,Diode,DIO50000262 Diode from RectFab. Sourced via professional procurement support; specs below.,vf_v: 0.7; vrrm_v: 100; if_a: 1; Reverse Recovery: 50ns,https://example.com/datasheet/DIO50000262.pdf,1550,14.8780
Hanxin,HAN-500-00263,LED50000263,Everlight Electronics,Everlight Electronics LED50000263 LED Components,LED Components,LED50000263 LED Components from Everlight Electronics. Sourced via professional procurement support; specs below.,package: 0805; forward_current_ma: 20,https://example.com/datasheet/LED50000263.pdf,1021,9.2673
Hanxin,HAN-500-00264,MEM50000264,SK Hynix,SK Hynix MEM50000264 Memory IC,Memory IC,MEM50000264 Memory IC from SK Hynix. Sourced via professional procurement support; specs below.,interface: SPI; organization: x8,https://example.com/datasheet/MEM50000264.pdf,1181,8.8277
HQEW,HQE-500-00265,XTAL50000265,TDK Corporation,TDK Corporation XTAL50000265 Crystal Oscillator,Crystal Oscillator,XTAL50000265 Crystal Oscillator from TDK Corporation. Sourced via professional procurement support; specs below.,frequency_hz: 8000000; load_capacitance_pf: 18; package: SMD,https://example.com/datasheet/XTAL50000265.pdf,4659,6.0529
Mouser,MOU-500-00266,MCU50000266,STMicroelectronics,STMicroelectronics MCU50000266 Microcontroller,Microcontroller,MCU50000266 Microcontroller from STMicroelectronics. Sourced via professional procurement support; specs below.,package: LQFP-48; io_count: 48; ram_bytes: 20480; flash_bytes: 131072,https://example.com/datasheet/MCU50000266.pdf,3724,19.2861
Hanxin,HAN-500-00267,MOS50000267,Alpha & Omega Semiconductor,Alpha & Omega Semiconductor MOS50000267 MOSFET,MOSFET,MOS50000267 MOSFET from Alpha & Omega Semiconductor. Sourced via professional procurement support; specs below.,package: SOT-23; vds_v: 55,https://example.com/datasheet/MOS50000267.pdf,4415,22.8257
Digikey,DIG-500-00268,RES50000268,Vishay Intertechnology,Vishay Intertechnology RES50000268 Resistor,Resistor,RES50000268 Resistor from Vishay Intertechnology. Sourced via professional procurement support; specs below.,temperature_coeff: X7R; resistance_ohm: 10000,https://example.com/datasheet/RES50000268.pdf,2802,17.6133
LCSC,LCS-500-00269,CAP50000269,Holy Stone,Holy Stone CAP50000269 Capacitor,Capacitor,CAP50000269 Capacitor from Holy Stone. Sourced via professional procurement support; specs below.,capacitance_pf: 100000; package: 0603; Ripple Current: 100mA,https://example.com/datasheet/CAP50000269.pdf,1255,15.6496
Mouser,MOU-500-00270,IND50000270,Wurth Elektronik,Wurth Elektronik IND50000270 Inductor,Inductor,IND50000270 Inductor from Wurth Elektronik. Sourced via professional procurement support; specs below.,package: 0805; tolerance: ±20%; current_rating_a: 1.5; inductance_uh: 4.7,https://example.com/datasheet/IND50000270.pdf,3872,12.1498
Hanxin,HAN-500-00271,SEN50000271,LumenDetect,LumenDetect SEN50000271 Sensors,Sensors,SEN50000271 Sensors from LumenDetect. Sourced via professional procurement support; specs below.,sensitivity: 260 LSB/g; interface: I2C; accuracy: ±0.5,https://example.com/datasheet/SEN50000271.pdf,1572,17.0296
Digikey,DIG-500-00272,CON50000272,Molex,Molex CON50000272 Connectors,Connectors,CON50000272 Connectors from Molex. Sourced via professional procurement support; specs below.,current_rating_a: 3; positions: 40,https://example.com/datasheet/CON50000272.pdf,3791,8.5681
Hanxin,HAN-500-00273,MOD50000273,,Unknown MOD50000273 Modules,Modules,MOD50000273 Modules from unspecified. Sourced via professional procurement support; specs below.,output_power_dbm: 20; modulation: GFSK; data_rate_bps: 2000000,https://example.com/datasheet/MOD50000273.pdf,2527,23.3766
Digikey,DIG-500-00274,OPA50000274,Maxim Integrated,Maxim Integrated OPA50000274 Analog IC,Analog IC,OPA50000274 Analog IC from Maxim Integrated. Sourced via professional procurement support; specs below.,bandwidth_hz: 1000000; supply_current_ua: 200; gain_db: 100,https://example.com/datasheet/OPA50000274.pdf,504,24.0946
Digikey,DIG-500-00275,PMIC50000275,Infineon Technologies,Infineon Technologies PMIC50000275 Power Management IC,Power Management IC,PMIC50000275 Power Management IC from Infineon Technologies. Sourced via professional procurement support; specs below.,efficiency_percent: 92; voltage_in_max_v: 28; package: SOT-23; voltage_out_v: 5,https://example.com/datasheet/PMIC50000275.pdf,3230,1.1091
Hanxin,HAN-500-00276,DIO50000276,Littelfuse,Littelfuse DIO50000276 Diode,Diode,DIO50000276 Diode from Littelfuse. Sourced via professional procurement support; specs below.,vrrm_v: 100; if_a: 1; vf_v: 0.7,https://example.com/datasheet/DIO50000276.pdf,2781,17.8064
HQEW,HQE-500-00277,LED50000277,PhotonInc,PhotonInc LED50000277 LED Components,LED Components,LED50000277 LED Components from PhotonInc. Sourced via professional procurement support; specs below.,forward_voltage_v: 2.1; forward_current_ma: 20; wavelength_nm: 650,https://example.com/datasheet/LED50000277.pdf,3442,9.9142
Mouser,MOU-500-00278,MEM50000278,Macronix International,Macronix International MEM50000278 Memory IC,Memory IC,MEM50000278 Memory IC from Macronix International. Sourced via professional procurement support; specs below.,interface: SPI; memory_bytes: 16777216,https://example.com/datasheet/MEM50000278.pdf,4356,24.1773
HQEW,HQE-500-00279,XTAL50000279,OscInc,OscInc XTAL50000279 Crystal Oscillator,Crystal Oscillator,XTAL50000279 Crystal Oscillator from OscInc. Sourced via professional procurement support; specs below.,frequency_hz: 8000000; package: SMD,https://example.com/datasheet/XTAL50000279.pdf,4081,16.0245
LCSC,LCS-500-00280,MCU50000280,GigaDevice Semiconductor,GigaDevice Semiconductor MCU50000280 Microcontroller,Microcontroller,MCU50000280 Microcontroller from GigaDevice Semiconductor. Sourced via professional procurement support; specs below.,package: LQFP-48; flash_bytes: 131072,https://example.com/datasheet/MCU50000280.pdf,4243,18.0190
Hanxin,HAN-500-00281,MOS50000281,ON Semiconductor,ON Semiconductor MOS50000281 MOSFET,MOSFET,MOS50000281 MOSFET from ON Semiconductor. Sourced via professional procurement support; specs below.,package: SOT-23; vds_v: 55,https://example.com/datasheet/MOS50000281.pdf,288,3.7236
Mouser,MOU-500-00282,RES50000282,Yageo,Yageo RES50000282 Resistor,Resistor,RES50000282 Resistor from Yageo. Sourced via professional procurement support; specs below.,package: 0805; power_rating_w: 0.25; tolerance: ±1%,https://example.com/datasheet/RES50000282.pdf,2813,1.2683
Digikey,DIG-500-00283,CAP50000283,Holy Stone,Holy Stone CAP50000283 Capacitor,Capacitor,CAP50000283 Capacitor from Holy Stone. Sourced via professional procurement support; specs below.,package: 0603; tolerance: ±10%,https://example.com/datasheet/CAP50000283.pdf,1364,6.0168
Digikey,DIG-500-00284,IND50000284,Murata Manufacturing,Murata Manufacturing IND50000284 Inductor,Inductor,IND50000284 Inductor from Murata Manufacturing. Sourced via professional procurement support; specs below.,package: 0805; current_rating_a: 1.5; tolerance: ±20%; inductance_uh: 4.7; Self Resonant Freq: 50MHz,https://example.com/datasheet/IND50000284.pdf,4214,16.3710
Hanxin,HAN-500-00285,SEN50000285,BoschDummy,BoschDummy SEN50000285 Sensors,Sensors,SEN50000285 Sensors from BoschDummy. Sourced via professional procurement support; specs below.,accuracy: ±0.5; range: 0-40; interface: I2C; sensitivity: 260 LSB/g; resolution_bits: 12,https://example.com/datasheet/SEN50000285.pdf,1715,8.3395
LCSC,LCS-500-00286,CON50000286,Molex,Molex CON50000286 Connectors,Connectors,CON50000286 Connectors from Molex. Sourced via professional procurement support; specs below.,mounting: SMD; voltage_rating_v: 50; pitch_mm: 2.54,https://example.com/datasheet/CON50000286.pdf,1040,17.4227
Mouser,MOU-500-00287,MOD50000287,SIMCom,SIMCom MOD50000287 Modules,Modules,MOD50000287 Modules from SIMCom. Sourced via professional procurement support; specs below.,interface: UART; output_power_dbm: 20; data_rate_bps: 2000000,https://example.com/datasheet/MOD50000287.pdf,1677,2.1467
Digikey,DIG-500-00288,OPA50000288,Analog Devices,Analog Devices OPA50000288 Analog IC,Analog IC,OPA50000288 Analog IC from Analog Devices. Sourced via professional procurement support; specs below.,gain_db: 100; package: SOIC-8,https://example.com/datasheet/OPA50000288.pdf,780,5.2339
LCSC,LCS-500-00289,PMIC50000289,Infineon Technologies,Infineon Technologies PMIC50000289 Power Management IC,Power Management IC,PMIC50000289 Power Management IC from Infineon Technologies. Sourced via professional procurement support; specs below.,voltage_out_v: 5; voltage_in_min_v: 4.5; package: SOT-23; voltage_in_max_v: 28,https://example.com/datasheet/PMIC50000289.pdf,1192,13.7600
Digikey,DIG-500-00290,DIO50000290,Vishay Intertechnology,Vishay Intertechnology DIO50000290 Diode,Diode,DIO50000290 Diode from Vishay Intertechnology. Sourced via professional procurement support; specs below.,vf_v: 0.7; vrrm_v: 100; if_a: 1,https://example.com/datasheet/DIO50000290.pdf,2180,13.4757
Digikey,DIG-500-00291,LED50000291,OSRAM,OSRAM LED50000291 LED Components,LED Components,LED50000291 LED Components from OSRAM. Sourced via professional procurement support; specs below.,package: 0805; forward_voltage_v: 2.1; wavelength_nm: 650; forward_current_ma: 20,https://example.com/datasheet/LED50000291.pdf,4069,11.7956
Mouser,MOU-500-00292,MEM50000292,SK Hynix,SK Hynix MEM50000292 Memory IC,Memory IC,MEM50000292 Memory IC from SK Hynix. Sourced via professional procurement support; specs below.,interface: SPI; organization: x8; speed_hz: 104000000; memory_bytes: 16777216,https://example.com/datasheet/MEM50000292.pdf,3790,9.4746
Hanxin,HAN-500-00293,XTAL50000293,TDK Corporation,TDK Corporation XTAL50000293 Crystal Oscillator,Crystal Oscillator,XTAL50000293 Crystal Oscillator from TDK Corporation. Sourced via professional procurement support; specs below.,package: SMD; frequency_hz: 8000000; load_capacitance_pf: 18,https://example.com/datasheet/XTAL50000293.pdf,2103,18.0987
Hanxin,HAN-500-00294,MCU50000294,Microchip Technology,Microchip Technology MCU50000294 Microcontroller,Microcontroller,MCU50000294 Microcontroller from Microchip Technology. Sourced via professional procurement support; specs below.,voltage_v: 3.3; io_count: 48,https://example.com/datasheet/MCU50000294.pdf,4758,21.7008
LCSC,LCS-500-00295,MOS50000295,Alpha & Omega Semiconductor,Alpha & Omega Semiconductor MOS50000295 MOSFET,MOSFET,MOS50000295 MOSFET from Alpha & Omega Semiconductor. Sourced via professional procurement support; specs below.,id_a: 30; vds_v: 55,https://example.com/datasheet/MOS50000295.pdf,1710,4.9114
Mouser,MOU-500-00296,RES50000296,Vishay Intertechnology,Vishay Intertechnology RES50000296 Resistor,Resistor,RES50000296 Resistor from Vishay Intertechnology. Sourced via professional procurement support; specs below.,resistance_ohm: 10000; power_rating_w: 0.25; package: 0805; temperature_coeff: X7R,https://example.com/datasheet/RES50000296.pdf,1620,2.0897
Mouser,MOU-500-00297,CAP50000297,KEMET Electronics,KEMET Electronics CAP50000297 Capacitor,Capacitor,CAP50000297 Capacitor from KEMET Electronics. Sourced via professional procurement support; specs below.,tolerance: ±10%; capacitance_pf: 100000; package: 0603,https://example.com/datasheet/CAP50000297.pdf,4440,11.0179
Digikey,DIG-500-00298,IND50000298,Wurth Elektronik,Wurth Elektronik IND50000298 Inductor,Inductor,IND50000298 Inductor from Wurth Elektronik. Sourced via professional procurement support; specs below.,package: 0805; tolerance: ±20%; current_rating_a: 1.5; inductance_uh: 4.7,https://example.com/datasheet/IND50000298.pdf,3260,1.6250
Hanxin,HAN-500-00299,SEN50000299,STMicroelectronics,STMicroelectronics SEN50000299 Sensors,Sensors,SEN50000299 Sensors from STMicroelectronics. Sourced via professional procurement support; specs below.,sensitivity: 260 LSB/g; interface: I2C; resolution_bits: 12,https://example.com/datasheet/SEN50000299.pdf,885,10.3543
Hanxin,HAN-500-00300,CON50000300,Molex,Molex CON50000300 Connectors,Connectors,CON50000300 Connectors from Molex. Sourced via professional procurement support; specs below.,positions: 40; current_rating_a: 3; pitch_mm: 2.54,https://example.com/datasheet/CON50000300.pdf,4039,20.9358
Mouser,MOU-500-00301,MOD50000301,Semtech,Semtech MOD50000301 Modules,Modules,MOD50000301 Modules from Semtech. Sourced via professional procurement support; specs below.,output_power_dbm: 20; data_rate_bps: 2000000; interface: UART,https://example.com/datasheet/MOD50000301.pdf,61,20.4147
Hanxin,HAN-500-00302,OPA50000302,Silicon Labs,Silicon Labs OPA50000302 Analog IC,Analog IC,OPA50000302 Analog IC from Silicon Labs. Sourced via professional procurement support; specs below.,bandwidth_hz: 1000000; supply_current_ua: 200; gain_db: 100,https://example.com/datasheet/OPA50000302.pdf,3555,22.8847
Hanxin,HAN-500-00303,PMIC50000303,Richtek Technology,Richtek Technology PMIC50000303 Power Management IC,Power Management IC,PMIC50000303 Power Management IC from Richtek Technology. Sourced via professional procurement support; specs below.,package: SOT-23; voltage_out_v: 5; voltage_in_min_v: 4.5; output_current_a: 3,https://example.com/datasheet/PMIC50000303.pdf,551,11.6671
Hanxin,HAN-500-00304,DIO50000304,Littelfuse,Littelfuse DIO50000304 Diode,Diode,DIO50000304 Diode from Littelfuse. Sourced via professional procurement support; specs below.,vf_v: 0.7; vrrm_v: 100,https://example.com/datasheet/DIO50000304.pdf,2028,22.7637
Digikey,DIG-500-00305,LED50000305,Everlight Electronics,Everlight Electronics LED50000305 LED Components,LED Components,LED50000305 LED Components from Everlight Electronics. Sourced via professional procurement support; specs below.,forward_current_ma: 20; wavelength_nm: 650; forward_voltage_v: 2.1; package: 0805,https://example.com/datasheet/LED50000305.pdf,2546,1.2930
Mouser,MOU-500-00306,MEM50000306,MemCore,MemCore MEM50000306 Memory IC,Memory IC,MEM50000306 Memory IC from MemCore. Sourced via professional procurement support; specs below.,speed_hz: 104000000; interface: SPI; memory_bytes: 16777216; organization: x8,https://example.com/datasheet/MEM50000306.pdf,1732,3.2172
LCSC,LCS-500-00307,XTAL50000307,TDK Corporation,TDK Corporation XTAL50000307 Crystal Oscillator,Crystal Oscillator,XTAL50000307 Crystal Oscillator from TDK Corporation. Sourced via professional procurement support; specs below.,frequency_hz: 8000000; load_capacitance_pf: 18; package: SMD,https://example.com/datasheet/XTAL50000307.pdf,1880,0.6015
LCSC,LCS-500-00308,MCU50000308,AcmeSemi,AcmeSemi MCU50000308 Microcontroller,Microcontroller,MCU50000308 Microcontroller from AcmeSemi. Sourced via professional procurement support; specs below.,io_count: 48; ram_bytes: 20480; Operating Voltage: 3.3V,https://example.com/datasheet/MCU50000308.pdf,630,17.6797
HQEW,HQE-500-00309,MOS50000309,Vishay Intertechnology,Vishay Intertechnology MOS50000309 MOSFET,MOSFET,MOS50000309 MOSFET from Vishay Intertechnology. Sourced via professional procurement support; specs below.,qg_nc: 45; vgs_th_v: 2.5; Continuous Drain Current: 30A; id_a: 30,https://example.com/datasheet/MOS50000309.pdf,688,19.2894
Hanxin,HAN-500-00310,RES50000310,KEMET Electronics,KEMET Electronics RES50000310 Resistor,Resistor,RES50000310 Resistor from KEMET Electronics. Sourced via professional procurement support; specs below.,package: 0805; tolerance: ±1%; resistance_ohm: 10000; power_rating_w: 0.25,https://example.com/datasheet/RES50000310.pdf,3171,15.3531
Mouser,MOU-500-00311,CAP50000311,Walsin Technology,Walsin Technology CAP50000311 Capacitor,Capacitor,CAP50000311 Capacitor from Walsin Technology. Sourced via professional procurement support; specs below.,package: 0603; voltage_rating_v: 50; capacitance_pf: 100000; tolerance: ±10%,https://example.com/datasheet/CAP50000311.pdf,314,9.6540
LCSC,LCS-500-00312,IND50000312,Bourns,Bourns IND50000312 Inductor,Inductor,IND50000312 Inductor from Bourns. Sourced via professional procurement support; specs below.,inductance_uh: 4.7; current_rating_a: 1.5,https://example.com/datasheet/IND50000312.pdf,2921,19.0617
Mouser,MOU-500-00313,SEN50000313,BoschDummy,BoschDummy SEN50000313 Sensors,Sensors,SEN50000313 Sensors from BoschDummy. Sourced via professional procurement support; specs below.,resolution_bits: 12; accuracy: ±0.5; interface: I2C,https://example.com/datasheet/SEN50000313.pdf,4360,19.0513
LCSC,LCS-500-00314,CON50000314,Molex,Molex CON50000314 Connectors,Connectors,CON50000314 Connectors from Molex. Sourced via professional procurement support; specs below.,voltage_rating_v: 50; current_rating_a: 3; positions: 40; mounting: SMD,https://example.com/datasheet/CON50000314.pdf,1452,6.6227
Digikey,DIG-500-00315,MOD50000315,u-blox,u-blox MOD50000315 Modules,Modules,MOD50000315 Modules from u-blox. Sourced via professional procurement support; specs below.,output_power_dbm: 20; modulation: GFSK; interface: UART,https://example.com/datasheet/MOD50000315.pdf,2774,15.5168
LCSC,LCS-500-00316,OPA50000316,Texas Instruments,Texas Instruments OPA50000316 Analog IC,Analog IC,OPA50000316 Analog IC from Texas Instruments. Sourced via professional procurement support; specs below.,gain_db: 100; bandwidth_hz: 1000000; supply_current_ua: 200,https://example.com/datasheet/OPA50000316.pdf,2643,5.4318
LCSC,LCS-500-00317,PMIC50000317,SGMICRO,SGMICRO PMIC50000317 Power Management IC,Power Management IC,PMIC50000317 Power Management IC from SGMICRO. Sourced via professional procurement support; specs below.,voltage_out_v: 5; voltage_in_max_v: 28; efficiency_percent: 92; voltage_in_min_v: 4.5,https://example.com/datasheet/PMIC50000317.pdf,1280,0.1380
Digikey,DIG-500-00318,DIO50000318,RectFab,RectFab DIO50000318 Diode,Diode,DIO50000318 Diode from RectFab. Sourced via professional procurement support; specs below.,vf_v: 0.7; vrrm_v: 100; if_a: 1,https://example.com/datasheet/DIO50000318.pdf,4161,4.4061
Digikey,DIG-500-00319,LED50000319,OSRAM,OSRAM LED50000319 LED Components,LED Components,LED50000319 LED Components from OSRAM. Sourced via professional procurement support; specs below.,forward_current_ma: 20; forward_voltage_v: 2.1; wavelength_nm: 650; package: 0805,https://example.com/datasheet/LED50000319.pdf,4195,24.7109
Mouser,MOU-500-00320,MEM50000320,Micron Technology,Micron Technology MEM50000320 Memory IC,Memory IC,MEM50000320 Memory IC from Micron Technology. Sourced via professional procurement support; specs below.,speed_hz: 104000000; memory_bytes: 16777216,https://example.com/datasheet/MEM50000320.pdf,596,6.0795
LCSC,LCS-500-00321,XTAL50000321,CrystaWorks,CrystaWorks XTAL50000321 Crystal Oscillator,Crystal Oscillator,XTAL50000321 Crystal Oscillator from CrystaWorks. Sourced via professional procurement support; specs below.,package: SMD; frequency_hz: 8000000; load_capacitance_pf: 18,https://example.com/datasheet/XTAL50000321.pdf,1747,5.5882
Mouser,MOU-500-00322,MCU50000322,STMicroelectronics,STMicroelectronics MCU50000322 Microcontroller,Microcontroller,MCU50000322 Microcontroller from STMicroelectronics. Sourced via professional procurement support; specs below.,Clock Speed: 72MHz; frequency_hz: 72000000; package: LQFP-48; voltage_v: 3.3,https://example.com/datasheet/MCU50000322.pdf,248,10.8665
Mouser,MOU-500-00323,MOS50000323,RiverSemi,RiverSemi MOS50000323 MOSFET,MOSFET,MOS50000323 MOSFET from RiverSemi. Sourced via professional procurement support; specs below.,vgs_th_v: 2.5; package: SOT-23,https://example.com/datasheet/MOS50000323.pdf,270,8.0010
Hanxin,HAN-500-00324,RES50000324,KEMET Electronics,KEMET Electronics RES50000324 Resistor,Resistor,RES50000324 Resistor from KEMET Electronics. Sourced via professional procurement support; specs below.,resistance_ohm: 10000; package: 0805,https://example.com/datasheet/RES50000324.pdf,4092,20.4443
Hanxin,HAN-500-00325,CAP50000325,Holy Stone,Holy Stone CAP50000325 Capacitor,Capacitor,CAP50000325 Capacitor from Holy Stone. Sourced via professional procurement support; specs below.,voltage_rating_v: 50; temperature_coeff: X7R,https://example.com/datasheet/CAP50000325.pdf,4352,5.7182
Hanxin,HAN-500-00326,IND50000326,TDK Corporation,TDK Corporation IND50000326 Inductor,Inductor,IND50000326 Inductor from TDK Corporation. Sourced via professional procurement support; specs below.,package: 0805; tolerance: ±20%; inductance_uh: 4.7; current_rating_a: 1.5,https://example.com/datasheet/IND50000326.pdf,3116,19.6928
Digikey,DIG-500-00327,SEN50000327,NXP Semiconductors,NXP Semiconductors SEN50000327 Sensors,Sensors,SEN50000327 Sensors from NXP Semiconductors. Sourced via professional procurement support; specs below.,resolution_bits: 12; interface: I2C; accuracy: ±0.5; Response Time: 5ms,https://example.com/datasheet/SEN50000327.pdf,4510,13.6588
Mouser,MOU-500-00328,CON50000328,Molex,Molex CON50000328 Connectors,Connectors,CON50000328 Connectors from Molex. Sourced via professional procurement support; specs below.,current_rating_a: 3; positions: 40; mounting: SMD; voltage_rating_v: 50,https://example.com/datasheet/CON50000328.pdf,493,5.8595
Mouser,MOU-500-00329,MOD50000329,u-blox,u-blox MOD50000329 Modules,Modules,MOD50000329 Modules from u-blox. Sourced via professional procurement support; specs below.,output_power_dbm: 20; sensitivity_dbm: -95; data_rate_bps: 2000000; modulation: GFSK; Antenna Type: PCB,https://example.com/datasheet/MOD50000329.pdf,2984,15.7615
LCSC,LCS-500-00330,OPA50000330,Analog Devices,Analog Devices OPA50000330 Analog IC,Analog IC,OPA50000330 Analog IC from Analog Devices. Sourced via professional procurement support; specs below.,package: SOIC-8; gain_db: 100; Input Noise: 10nV,https://example.com/datasheet/OPA50000330.pdf,4633,10.8321
Digikey,DIG-500-00331,PMIC50000331,Monolithic Power Systems,Monolithic Power Systems PMIC50000331 Power Management IC,Power Management IC,PMIC50000331 Power Management IC from Monolithic Power Systems. Sourced via professional procurement support; specs below.,voltage_in_max_v: 28; efficiency_percent: 92; package: SOT-23; voltage_in_min_v: 4.5; output_current_a: 3,https://example.com/datasheet/PMIC50000331.pdf,3037,6.0336
Hanxin,HAN-500-00332,DIO50000332,Vishay Intertechnology,Vishay Intertechnology DIO50000332 Diode,Diode,DIO50000332 Diode from Vishay Intertechnology. Sourced via professional procurement support; specs below.,vrrm_v: 100; vf_v: 0.7; if_a: 1,https://example.com/datasheet/DIO50000332.pdf,3038,10.6506
Digikey,DIG-500-00333,LED50000333,Everlight Electronics,Everlight Electronics LED50000333 LED Components,LED Components,LED50000333 LED Components from Everlight Electronics. Sourced via professional procurement support; specs below.,forward_voltage_v: 2.1; package: 0805; forward_current_ma: 20,https://example.com/datasheet/LED50000333.pdf,4966,1.7491
Mouser,MOU-500-00334,MEM50000334,StoreX,StoreX MEM50000334 Memory IC,Memory IC,MEM50000334 Memory IC from StoreX. Sourced via professional procurement support; specs below.,speed_hz: 104000000; interface: SPI,https://example.com/datasheet/MEM50000334.pdf,3089,8.1680
Hanxin,HAN-500-00335,XTAL50000335,OscInc,OscInc XTAL50000335 Crystal Oscillator,Crystal Oscillator,XTAL50000335 Crystal Oscillator from OscInc. Sourced via professional procurement support; specs below.,load_capacitance_pf: 18; frequency_hz: 8000000,https://example.com/datasheet/XTAL50000335.pdf,3659,7.6746
LCSC,LCS-500-00336,MCU50000336,GigaDevice Semiconductor,GigaDevice Semiconductor MCU50000336 Microcontroller,Microcontroller,MCU50000336 Microcontroller from GigaDevice Semiconductor. Sourced via professional procurement support; specs below.,voltage_v: 3.3; ram_bytes: 20480; package: LQFP-48; Thermal Resistance: 45 C/W,https://example.com/datasheet/MCU50000336.pdf,3797,12.0333
HQEW,HQE-500-00337,MOS50000337,Yangjie,Yangjie MOS50000337 MOSFET,MOSFET,MOS50000337 MOSFET from Yangjie. Sourced via professional procurement support; specs below.,rds_on_mohm: 8; qg_nc: 45; id_a: 30; vgs_th_v: 2.5; Drain Source Voltage: 55V,https://example.com/datasheet/MOS50000337.pdf,3388,15.0540
Hanxin,HAN-500-00338,RES50000338,Bourns,Bourns RES50000338 Resistor,Resistor,RES50000338 Resistor from Bourns. Sourced via professional procurement support; specs below.,temperature_coeff: X7R; package: 0805; resistance_ohm: 10000; tolerance: ±1%,https://example.com/datasheet/RES50000338.pdf,76,11.4454
Digikey,DIG-500-00339,CAP50000339,,Unknown CAP50000339 Capacitor,Capacitor,CAP50000339 Capacitor from unspecified. Sourced via professional procurement support; specs below.,voltage_rating_v: 50; capacitance_pf: 100000; temperature_coeff: X7R; tolerance: ±10%,https://example.com/datasheet/CAP50000339.pdf,105,9.0317
Digikey,DIG-500-00340,IND50000340,Wurth Elektronik,Wurth Elektronik IND50000340 Inductor,Inductor,IND50000340 Inductor from Wurth Elektronik. Sourced via professional procurement support; specs below.,tolerance: ±20%; current_rating_a: 1.5; inductance_uh: 4.7; package: 0805,https://example.com/datasheet/IND50000340.pdf,4429,11.9618
Digikey,DIG-500-00341,SEN50000341,TE Connectivity,TE Connectivity SEN50000341 Sensors,Sensors,SEN50000341 Sensors from TE Connectivity. Sourced via professional procurement support; specs below.,interface: I2C; sensitivity: 260 LSB/g; range: 0-40; Response Time: 5ms,https://example.com/datasheet/SEN50000341.pdf,3586,17.1096
Mouser,MOU-500-00342,CON50000342,,Unknown CON50000342 Connectors,Connectors,CON50000342 Connectors from unspecified. Sourced via professional procurement support; specs below.,voltage_rating_v: 50; positions: 40,https://example.com/datasheet/CON50000342.pdf,4769,0.3541
Mouser,MOU-500-00343,MOD50000343,Semtech,Semtech MOD50000343 Modules,Modules,MOD50000343 Modules from Semtech. Sourced via professional procurement support; specs below.,modulation: GFSK; sensitivity_dbm: -95,https://example.com/datasheet/MOD50000343.pdf,701,23.7154
LCSC,LCS-500-00344,OPA50000344,Analog Devices,Analog Devices OPA50000344 Analog IC,Analog IC,OPA50000344 Analog IC from Analog Devices. Sourced via professional procurement support; specs below.,package: SOIC-8; gain_db: 100; bandwidth_hz: 1000000; supply_current_ua: 200; Input Noise: 10nV,https://example.com/datasheet/OPA50000344.pdf,2517,8.0302
Hanxin,HAN-500-00345,PMIC50000345,SGMICRO,SGMICRO PMIC50000345 Power Management IC,Power Management IC,PMIC50000345 Power Management IC from SGMICRO. Sourced via professional procurement support; specs below.,package: SOT-23; efficiency_percent: 92; voltage_out_v: 5; voltage_in_min_v: 4.5; Power Good: yes,https://example.com/datasheet/PMIC50000345.pdf,1708,5.3181
LCSC,LCS-500-00346,DIO50000346,Littelfuse,Littelfuse DIO50000346 Diode,Diode,DIO50000346 Diode from Littelfuse. Sourced via professional procurement support; specs below.,vrrm_v: 100; if_a: 1; vf_v: 0.7,https://example.com/datasheet/DIO50000346.pdf,4825,1.6753
Mouser,MOU-500-00347,LED50000347,Kingbright,Kingbright LED50000347 LED Components,LED Components,LED50000347 LED Components from Kingbright. Sourced via professional procurement support; specs below.,forward_voltage_v: 2.1; wavelength_nm: 650,https://example.com/datasheet/LED50000347.pdf,761,11.1784
Hanxin,HAN-500-00348,MEM50000348,Macronix International,Macronix International MEM50000348 Memory IC,Memory IC,MEM50000348 Memory IC from Macronix International. Sourced via professional procurement support; specs below.,memory_bytes: 16777216; interface: SPI; organization: x8,https://example.com/datasheet/MEM50000348.pdf,1324,12.5473
LCSC,LCS-500-00349,XTAL50000349,AbraconX,AbraconX XTAL50000349 Crystal Oscillator,Crystal Oscillator,XTAL50000349 Crystal Oscillator from AbraconX. Sourced via professional procurement support; specs below.,load_capacitance_pf: 18; frequency_hz: 8000000,https://example.com/datasheet/XTAL50000349.pdf,4267,8.7313
HQEW,HQE-500-00350,MCU50000350,Holtek Semiconductor,Holtek Semiconductor MCU50000350 Microcontroller,Microcontroller,MCU50000350 Microcontroller from Holtek Semiconductor. Sourced via professional procurement support; specs below.,ram_bytes: 20480,https://example.com/datasheet/MCU50000350.pdf,4257,2.0402
Digikey,DIG-500-00351,MOS50000351,Infineon Technologies,Infineon Technologies MOS50000351 MOSFET,MOSFET,MOS50000351 MOSFET from Infineon Technologies. Sourced via professional procurement support; specs below.,Drain Source Voltage: 55V; package: SOT-23; vds_v: 55; rds_on_mohm: 8; Gate Charge Type: standard,https://example.com/datasheet/MOS50000351.pdf,3014,24.2987
Mouser,MOU-500-00352,RES50000352,OhmWorks,OhmWorks RES50000352 Resistor,Resistor,RES50000352 Resistor from OhmWorks. Sourced via professional procurement support; specs below.,tolerance: ±1%; power_rating_w: 0.25; temperature_coeff: X7R,https://example.com/datasheet/RES50000352.pdf,1323,1.6677
HQEW,HQE-500-00353,CAP50000353,DeltaCap,DeltaCap CAP50000353 Capacitor,Capacitor,CAP50000353 Capacitor from DeltaCap. Sourced via professional procurement support; specs below.,temperature_coeff: X7R; voltage_rating_v: 50,https://example.com/datasheet/CAP50000353.pdf,3025,24.1918
Mouser,MOU-500-00354,IND50000354,TDK Corporation,TDK Corporation IND50000354 Inductor,Inductor,IND50000354 Inductor from TDK Corporation. Sourced via professional procurement support; specs below.,tolerance: ±20%; inductance_uh: 4.7; current_rating_a: 1.5,https://example.com/datasheet/IND50000354.pdf,1569,4.3844
HQEW,HQE-500-00355,SEN50000355,BoschDummy,BoschDummy SEN50000355 Sensors,Sensors,SEN50000355 Sensors from BoschDummy. Sourced via professional procurement support; specs below.,range: 0-40; accuracy: ±0.5,https://example.com/datasheet/SEN50000355.pdf,4200,2.3024
LCSC,LCS-500-00356,CON50000356,Amphenol,Amphenol CON50000356 Connectors,Connectors,CON50000356 Connectors from Amphenol. Sourced via professional procurement support; specs below.,current_rating_a: 3; positions: 40; voltage_rating_v: 50,https://example.com/datasheet/CON50000356.pdf,2707,4.3898
Digikey,DIG-500-00357,MOD50000357,SIMCom,SIMCom MOD50000357 Modules,Modules,MOD50000357 Modules from SIMCom. Sourced via professional procurement support; specs below.,modulation: GFSK; interface: UART; output_power_dbm: 20; sensitivity_dbm: -95,https://example.com/datasheet/MOD50000357.pdf,2267,5.8787
Digikey,DIG-500-00358,OPA50000358,Silicon Labs,Silicon Labs OPA50000358 Analog IC,Analog IC,OPA50000358 Analog IC from Silicon Labs. Sourced via professional procurement support; specs below.,gain_db: 100; supply_current_ua: 200,https://example.com/datasheet/OPA50000358.pdf,1428,11.0382
LCSC,LCS-500-00359,PMIC50000359,Infineon Technologies,Infineon Technologies PMIC50000359 Power Management IC,Power Management IC,PMIC50000359 Power Management IC from Infineon Technologies. Sourced via professional procurement support; specs below.,efficiency_percent: 92; voltage_in_max_v: 28,https://example.com/datasheet/PMIC50000359.pdf,2496,21.0605
Mouser,MOU-500-00360,DIO50000360,ON Semiconductor,ON Semiconductor DIO50000360 Diode,Diode,DIO50000360 Diode from ON Semiconductor. Sourced via professional procurement support; specs below.,vf_v: 0.7; vrrm_v: 100; if_a: 1,https://example.com/datasheet/DIO50000360.pdf,3440,17.1810
Digikey,DIG-500-00361,LED50000361,OSRAM,OSRAM LED50000361 LED Components,LED Components,LED50000361 LED Components from OSRAM. Sourced via professional procurement support; specs below.,forward_voltage_v: 2.1; package: 0805; wavelength_nm: 650,https://example.com/datasheet/LED50000361.pdf,1155,0.2180
Mouser,MOU-500-00362,MEM50000362,SK Hynix,SK Hynix MEM50000362 Memory IC,Memory IC,MEM50000362 Memory IC from SK Hynix. Sourced via professional procurement support; specs below.,organization: x8; memory_bytes: 16777216; interface: SPI; speed_hz: 104000000,https://example.com/datasheet/MEM50000362.pdf,2768,0.4831
Hanxin,HAN-500-00363,XTAL50000363,Wurth Elektronik,Wurth Elektronik XTAL50000363 Crystal Oscillator,Crystal Oscillator,XTAL50000363 Crystal Oscillator from Wurth Elektronik. Sourced via professional procurement support; specs below.,frequency_hz: 8000000; load_capacitance_pf: 18,https://example.com/datasheet/XTAL50000363.pdf,2597,6.5621
Digikey,DIG-500-00364,MCU50000364,STMicroelectronics,STMicroelectronics MCU50000364 Microcontroller,Microcontroller,MCU50000364 Microcontroller from STMicroelectronics. Sourced via professional procurement support; specs below.,Core: ARM Cortex-M4; frequency_hz: 72000000; io_count: 48; package: LQFP-48; RAM Size: 20KB,https://example.com/datasheet/MCU50000364.pdf,670,3.7965
Digikey,DIG-500-00365,MOS50000365,ON Semiconductor,ON Semiconductor MOS50000365 MOSFET,MOSFET,MOS50000365 MOSFET from ON Semiconductor. Sourced via professional procurement support; specs below.,vgs_th_v: 2.5; qg_nc: 45,https://example.com/datasheet/MOS50000365.pdf,2867,24.4863
LCSC,LCS-500-00366,RES50000366,KEMET Electronics,KEMET Electronics RES50000366 Resistor,Resistor,RES50000366 Resistor from KEMET Electronics. Sourced via professional procurement support; specs below.,power_rating_w: 0.25; package: 0805,https://example.com/datasheet/RES50000366.pdf,1510,18.1729
Mouser,MOU-500-00367,CAP50000367,Holy Stone,Holy Stone CAP50000367 Capacitor,Capacitor,CAP50000367 Capacitor from Holy Stone. Sourced via professional procurement support; specs below.,package: 0603; voltage_rating_v: 50; capacitance_pf: 100000; tolerance: ±10%; temperature_coeff: X7R,https://example.com/datasheet/CAP50000367.pdf,2434,10.1189
Digikey,DIG-500-00368,IND50000368,Wurth Elektronik,Wurth Elektronik IND50000368 Inductor,Inductor,IND50000368 Inductor from Wurth Elektronik. Sourced via professional procurement support; specs below.,tolerance: ±20%; package: 0805; current_rating_a: 1.5; inductance_uh: 4.7,https://example.com/datasheet/IND50000368.pdf,2922,24.3513
Hanxin,HAN-500-00369,SEN50000369,TE Connectivity,TE Connectivity SEN50000369 Sensors,Sensors,SEN50000369 Sensors from TE Connectivity. Sourced via professional procurement support; specs below.,accuracy: ±0.5; resolution_bits: 12,https://example.com/datasheet/SEN50000369.pdf,2465,10.4902
Hanxin,HAN-500-00370,CON50000370,TE Connectivity,TE Connectivity CON50000370 Connectors,Connectors,CON50000370 Connectors from TE Connectivity. Sourced via professional procurement support; specs below.,current_rating_a: 3; mounting: SMD; voltage_rating_v: 50,https://example.com/datasheet/CON50000370.pdf,981,11.0495
Digikey,DIG-500-00371,MOD50000371,u-blox,u-blox MOD50000371 Modules,Modules,MOD50000371 Modules from u-blox. Sourced via professional procurement support; specs below.,data_rate_bps: 2000000; modulation: GFSK; sensitivity_dbm: -95,https://example.com/datasheet/MOD50000371.pdf,1656,19.1411
Mouser,MOU-500-00372,OPA50000372,Maxim Integrated,Maxim Integrated OPA50000372 Analog IC,Analog IC,OPA50000372 Analog IC from Maxim Integrated. Sourced via professional procurement support; specs below.,package: SOIC-8; supply_current_ua: 200; bandwidth_hz: 1000000; gain_db: 100,https://example.com/datasheet/OPA50000372.pdf,3702,5.6257
Hanxin,HAN-500-00373,PMIC50000373,Texas Instruments,Texas Instruments PMIC50000373 Power Management IC,Power Management IC,PMIC50000373 Power Management IC from Texas Instruments. Sourced via professional procurement support; specs below.,package: SOT-23; efficiency_percent: 92; output_current_a: 3; voltage_in_min_v: 4.5; voltage_in_max_v: 28,https://example.com/datasheet/PMIC50000373.pdf,340,8.4719
HQEW,HQE-500-00374,DIO50000374,Diodes Incorporated,Diodes Incorporated DIO50000374 Diode,Diode,DIO50000374 Diode from Diodes Incorporated. Sourced via professional procurement support; specs below.,vf_v: 0.7; vrrm_v: 100; if_a: 1,https://example.com/datasheet/DIO50000374.pdf,3949,12.7931
HQEW,HQE-500-00375,LED50000375,PhotonInc,PhotonInc LED50000375 LED Components,LED Components,LED50000375 LED Components from PhotonInc. Sourced via professional procurement support; specs below.,wavelength_nm: 650; forward_voltage_v: 2.1; forward_current_ma: 20; package: 0805; Luminous Intensity: 100mcd,https://example.com/datasheet/LED50000375.pdf,3139,11.3073
LCSC,LCS-500-00376,MEM50000376,SK Hynix,SK Hynix MEM50000376 Memory IC,Memory IC,MEM50000376 Memory IC from SK Hynix. Sourced via professional procurement support; specs below.,interface: SPI; organization: x8; speed_hz: 104000000; memory_bytes: 16777216,https://example.com/datasheet/MEM50000376.pdf,1770,11.1903
Digikey,DIG-500-00377,XTAL50000377,Murata Manufacturing,Murata Manufacturing XTAL50000377 Crystal Oscillator,Crystal Oscillator,XTAL50000377 Crystal Oscillator from Murata Manufacturing. Sourced via professional procurement support; specs below.,frequency_hz: 8000000; load_capacitance_pf: 18; package: SMD,https://example.com/datasheet/XTAL50000377.pdf,2952,18.5581
Hanxin,HAN-500-00378,MCU50000378,Microchip Technology,Microchip Technology MCU50000378 Microcontroller,Microcontroller,MCU50000378 Microcontroller from Microchip Technology. Sourced via professional procurement support; specs below.,Core: ARM Cortex-M4,https://example.com/datasheet/MCU50000378.pdf,3218,14.6245
Hanxin,HAN-500-00379,MOS50000379,Yangjie,Yangjie MOS50000379 MOSFET,MOSFET,MOS50000379 MOSFET from Yangjie. Sourced via professional procurement support; specs below.,vgs_th_v: 2.5; id_a: 30,https://example.com/datasheet/MOS50000379.pdf,1787,10.3498
Hanxin,HAN-500-00380,RES50000380,Vishay Intertechnology,Vishay Intertechnology RES50000380 Resistor,Resistor,RES50000380 Resistor from Vishay Intertechnology. Sourced via professional procurement support; specs below.,package: 0805; temperature_coeff: X7R,https://example.com/datasheet/RES50000380.pdf,4401,1.6231
HQEW,HQE-500-00381,CAP50000381,CapraMicro,CapraMicro CAP50000381 Capacitor,Capacitor,CAP50000381 Capacitor from CapraMicro. Sourced via professional procurement support; specs below.,Capacitor Value: 100nF; temperature_coeff: X7R; tolerance: ±10%,https://example.com/datasheet/CAP50000381.pdf,584,12.9974
LCSC,LCS-500-00382,IND50000382,TDK Corporation,TDK Corporation IND50000382 Inductor,Inductor,IND50000382 Inductor from TDK Corporation. Sourced via professional procurement support; specs below.,inductance_uh: 4.7; tolerance: ±20%; package: 0805; current_rating_a: 1.5,https://example.com/datasheet/IND50000382.pdf,4197,14.9894
HQEW,HQE-500-00383,SEN50000383,BoschDummy,BoschDummy SEN50000383 Sensors,Sensors,SEN50000383 Sensors from BoschDummy. Sourced via professional procurement support; specs below.,resolution_bits: 12; accuracy: ±0.5; interface: I2C,https://example.com/datasheet/SEN50000383.pdf,4685,14.1041
LCSC,LCS-500-00384,CON50000384,Amphenol,Amphenol CON50000384 Connectors,Connectors,CON50000384 Connectors from Amphenol. Sourced via professional procurement support; specs below.,positions: 40; pitch_mm: 2.54; voltage_rating_v: 50; mounting: SMD; current_rating_a: 3,https://example.com/datasheet/CON50000384.pdf,2066,24.5143
Mouser,MOU-500-00385,MOD50000385,Espressif Systems,Espressif Systems MOD50000385 Modules,Modules,MOD50000385 Modules from Espressif Systems. Sourced via professional procurement support; specs below.,modulation: GFSK; Data Rate: 2Mbps; sensitivity_dbm: -95,https://example.com/datasheet/MOD50000385.pdf,4497,19.5791
HQEW,HQE-500-00386,OPA50000386,OpAmpInc,OpAmpInc OPA50000386 Analog IC,Analog IC,OPA50000386 Analog IC from OpAmpInc. Sourced via professional procurement support; specs below.,bandwidth_hz: 1000000; supply_current_ua: 200,https://example.com/datasheet/OPA50000386.pdf,3572,2.6136
Digikey,DIG-500-00387,PMIC50000387,Infineon Technologies,Infineon Technologies PMIC50000387 Power Management IC,Power Management IC,PMIC50000387 Power Management IC from Infineon Technologies. Sourced via professional procurement support; specs below.,package: SOT-23; voltage_in_min_v: 4.5; voltage_in_max_v: 28; output_current_a: 3; voltage_out_v: 5,https://example.com/datasheet/PMIC50000387.pdf,1051,5.7070
Hanxin,HAN-500-00388,DIO50000388,Littelfuse,Littelfuse DIO50000388 Diode,Diode,DIO50000388 Diode from Littelfuse. Sourced via professional procurement support; specs below.,vf_v: 0.7; if_a: 1,https://example.com/datasheet/DIO50000388.pdf,1442,13.3987
Hanxin,HAN-500-00389,LED50000389,OSRAM,OSRAM LED50000389 LED Components,LED Components,LED50000389 LED Components from OSRAM. Sourced via professional procurement support; specs below.,forward_voltage_v: 2.1; wavelength_nm: 650; forward_current_ma: 20,https://example.com/datasheet/LED50000389.pdf,2418,19.8872
LCSC,LCS-500-00390,MEM50000390,SK Hynix,SK Hynix MEM50000390 Memory IC,Memory IC,MEM50000390 Memory IC from SK Hynix. Sourced via professional procurement support; specs below.,memory_bytes: 16777216; interface: SPI; speed_hz: 104000000,https://example.com/datasheet/MEM50000390.pdf,3317,1.6461
HQEW,HQE-500-00391,XTAL50000391,Murata Manufacturing,Murata Manufacturing XTAL50000391 Crystal Oscillator,Crystal Oscillator,XTAL50000391 Crystal Oscillator from Murata Manufacturing. Sourced via professional procurement support; specs below.,load_capacitance_pf: 18; package: SMD; frequency_hz: 8000000,https://example.com/datasheet/XTAL50000391.pdf,4516,1.1036
Hanxin,HAN-500-00392,MCU50000392,AcmeSemi,AcmeSemi MCU50000392 Microcontroller,Microcontroller,MCU50000392 Microcontroller from AcmeSemi. Sourced via professional procurement support; specs below.,frequency_hz: 72000000; package: LQFP-48,https://example.com/datasheet/MCU50000392.pdf,2720,5.1348
HQEW,HQE-500-00393,MOS50000393,Yangjie,Yangjie MOS50000393 MOSFET,MOSFET,MOS50000393 MOSFET from Yangjie. Sourced via professional procurement support; specs below.,vds_v: 55; id_a: 30,https://example.com/datasheet/MOS50000393.pdf,2977,1.2625
Digikey,DIG-500-00394,RES50000394,KEMET Electronics,KEMET Electronics RES50000394 Resistor,Resistor,RES50000394 Resistor from KEMET Electronics. Sourced via professional procurement support; specs below.,temperature_coeff: X7R; package: 0805; resistance_ohm: 10000,https://example.com/datasheet/RES50000394.pdf,1153,24.6530
Hanxin,HAN-500-00395,CAP50000395,Walsin Technology,Walsin Technology CAP50000395 Capacitor,Capacitor,CAP50000395 Capacitor from Walsin Technology. Sourced via professional procurement support; specs below.,temperature_coeff: X7R; tolerance: ±10%; capacitance_pf: 100000; package: 0603; Capacitor Value: 100nF,https://example.com/datasheet/CAP50000395.pdf,830,9.1837
HQEW,HQE-500-00396,IND50000396,Murata Manufacturing,Murata Manufacturing IND50000396 Inductor,Inductor,IND50000396 Inductor from Murata Manufacturing. Sourced via professional procurement support; specs below.,package: 0805; current_rating_a: 1.5; tolerance: ±20%; inductance_uh: 4.7,https://example.com/datasheet/IND50000396.pdf,369,7.8765
Hanxin,HAN-500-00397,SEN50000397,NXP Semiconductors,NXP Semiconductors SEN50000397 Sensors,Sensors,SEN50000397 Sensors from NXP Semiconductors. Sourced via professional procurement support; specs below.,resolution_bits: 12; accuracy: ±0.5,https://example.com/datasheet/SEN50000397.pdf,3675,11.2146
LCSC,LCS-500-00398,CON50000398,Amphenol,Amphenol CON50000398 Connectors,Connectors,CON50000398 Connectors from Amphenol. Sourced via professional procurement support; specs below.,mounting: SMD; positions: 40; pitch_mm: 2.54; voltage_rating_v: 50; Mating Cycles: 500,https://example.com/datasheet/CON50000398.pdf,1942,8.8057
Digikey,DIG-500-00399,MOD50000399,MeshWorks,MeshWorks MOD50000399 Modules,Modules,MOD50000399 Modules from MeshWorks. Sourced via professional procurement support; specs below.,sensitivity_dbm: -95; interface: UART; data_rate_bps: 2000000; Antenna Type: PCB,https://example.com/datasheet/MOD50000399.pdf,4438,10.7101
HQEW,HQE-500-00400,OPA50000400,Texas Instruments,Texas Instruments OPA50000400 Analog IC,Analog IC,OPA50000400 Analog IC from Texas Instruments. Sourced via professional procurement support; specs below.,supply_current_ua: 200; bandwidth_hz: 1000000,https://example.com/datasheet/OPA50000400.pdf,2727,10.8745
HQEW,HQE-500-00401,PMIC50000401,Texas Instruments,Texas Instruments PMIC50000401 Power Management IC,Power Management IC,PMIC50000401 Power Management IC from Texas Instruments. Sourced via professional procurement support; specs below.,efficiency_percent: 92; output_current_a: 3; voltage_out_v: 5,https://example.com/datasheet/PMIC50000401.pdf,4935,23.4495
HQEW,HQE-500-00402,DIO50000402,Littelfuse,Littelfuse DIO50000402 Diode,Diode,DIO50000402 Diode from Littelfuse. Sourced via professional procurement support; specs below.,if_a: 1; vrrm_v: 100; vf_v: 0.7,https://example.com/datasheet/DIO50000402.pdf,1351,22.5858
Mouser,MOU-500-00403,LED50000403,Kingbright,Kingbright LED50000403 LED Components,LED Components,LED50000403 LED Components from Kingbright. Sourced via professional procurement support; specs below.,package: 0805; wavelength_nm: 650; forward_current_ma: 20,https://example.com/datasheet/LED50000403.pdf,1614,17.9571
HQEW,HQE-500-00404,MEM50000404,ISSI,ISSI MEM50000404 Memory IC,Memory IC,MEM50000404 Memory IC from ISSI. Sourced via professional procurement support; specs below.,memory_bytes: 16777216; speed_hz: 104000000; organization: x8,https://example.com/datasheet/MEM50000404.pdf,1181,14.8379
Mouser,MOU-500-00405,XTAL50000405,Wurth Elektronik,Wurth Elektronik XTAL50000405 Crystal Oscillator,Crystal Oscillator,XTAL50000405 Crystal Oscillator from Wurth Elektronik. Sourced via professional procurement support; specs below.,package: SMD; frequency_hz: 8000000; load_capacitance_pf: 18,https://example.com/datasheet/XTAL50000405.pdf,2368,23.4198
Hanxin,HAN-500-00406,MCU50000406,,Unknown MCU50000406 Microcontroller,Microcontroller,MCU50000406 Microcontroller from unspecified. Sourced via professional procurement support; specs below.,io_count: 48,https://example.com/datasheet/MCU50000406.pdf,763,1.1093
Mouser,MOU-500-00407,MOS50000407,Yangjie,Yangjie MOS50000407 MOSFET,MOSFET,MOS50000407 MOSFET from Yangjie. Sourced via professional procurement support; specs below.,rds_on_mohm: 8; id_a: 30; vgs_th_v: 2.5,https://example.com/datasheet/MOS50000407.pdf,4219,7.8986
Mouser,MOU-500-00408,RES50000408,Fenghua,Fenghua RES50000408 Resistor,Resistor,RES50000408 Resistor from Fenghua. Sourced via professional procurement support; specs below.,temperature_coeff: X7R,https://example.com/datasheet/RES50000408.pdf,2734,0.4545
HQEW,HQE-500-00409,CAP50000409,TDK Corporation,TDK Corporation CAP50000409 Capacitor,Capacitor,CAP50000409 Capacitor from TDK Corporation. Sourced via professional procurement support; specs below.,tolerance: ±10%; voltage_rating_v: 50; package: 0603; Ripple Current: 100mA,https://example.com/datasheet/CAP50000409.pdf,0,18.7973
Hanxin,HAN-500-00410,IND50000410,Murata Manufacturing,Murata Manufacturing IND50000410 Inductor,Inductor,IND50000410 Inductor from Murata Manufacturing. Sourced via professional procurement support; specs below.,inductance_uh: 4.7; package: 0805; tolerance: ±20%; Self Resonant Freq: 50MHz,https://example.com/datasheet/IND50000410.pdf,4299,8.0727
LCSC,LCS-500-00411,SEN50000411,NXP Semiconductors,NXP Semiconductors SEN50000411 Sensors,Sensors,SEN50000411 Sensors from NXP Semiconductors. Sourced via professional procurement support; specs below.,sensitivity: 260 LSB/g; resolution_bits: 12; range: 0-40,https://example.com/datasheet/SEN50000411.pdf,3815,10.4835
Hanxin,HAN-500-00412,CON50000412,JST,JST CON50000412 Connectors,Connectors,CON50000412 Connectors from JST. Sourced via professional procurement support; specs below.,pitch_mm: 2.54; positions: 40; mounting: SMD,https://example.com/datasheet/CON50000412.pdf,1630,16.2978
Mouser,MOU-500-00413,MOD50000413,SIMCom,SIMCom MOD50000413 Modules,Modules,MOD50000413 Modules from SIMCom. Sourced via professional procurement support; specs below.,output_power_dbm: 20; interface: UART; Antenna Type: PCB,https://example.com/datasheet/MOD50000413.pdf,3924,4.4284
Digikey,DIG-500-00414,OPA50000414,Texas Instruments,Texas Instruments OPA50000414 Analog IC,Analog IC,OPA50000414 Analog IC from Texas Instruments. Sourced via professional procurement support; specs below.,package: SOIC-8; gain_db: 100,https://example.com/datasheet/OPA50000414.pdf,4697,2.0546
Hanxin,HAN-500-00415,PMIC50000415,Richtek Technology,Richtek Technology PMIC50000415 Power Management IC,Power Management IC,PMIC50000415 Power Management IC from Richtek Technology. Sourced via professional procurement support; specs below.,voltage_in_max_v: 28; voltage_out_v: 5; Line Regulation: 0.5%,https://example.com/datasheet/PMIC50000415.pdf,3803,20.6676
LCSC,LCS-500-00416,DIO50000416,,Unknown DIO50000416 Diode,Diode,DIO50000416 Diode from unspecified. Sourced via professional procurement support; specs below.,vf_v: 0.7; vrrm_v: 100; if_a: 1,https://example.com/datasheet/DIO50000416.pdf,3619,5.6897
Hanxin,HAN-500-00417,LED50000417,OSRAM,OSRAM LED50000417 LED Components,LED Components,LED50000417 LED Components from OSRAM. Sourced via professional procurement support; specs below.,package: 0805; forward_current_ma: 20,https://example.com/datasheet/LED50000417.pdf,4346,23.9777
Hanxin,HAN-500-00418,MEM50000418,Macronix International,Macronix International MEM50000418 Memory IC,Memory IC,MEM50000418 Memory IC from Macronix International. Sourced via professional procurement support; specs below.,organization: x8; memory_bytes: 16777216; interface: SPI,https://example.com/datasheet/MEM50000418.pdf,4328,11.1772
HQEW,HQE-500-00419,XTAL50000419,OscInc,OscInc XTAL50000419 Crystal Oscillator,Crystal Oscillator,XTAL50000419 Crystal Oscillator from OscInc. Sourced via professional procurement support; specs below.,load_capacitance_pf: 18; frequency_hz: 8000000,https://example.com/datasheet/XTAL50000419.pdf,3864,21.1176
LCSC,LCS-500-00420,MCU50000420,GigaDevice Semiconductor,GigaDevice Semiconductor MCU50000420 Microcontroller,Microcontroller,MCU50000420 Microcontroller from GigaDevice Semiconductor. Sourced via professional procurement support; specs below.,voltage_v: 3.3; io_count: 48; Core: ARM Cortex-M4,https://example.com/datasheet/MCU50000420.pdf,4011,23.9809
LCSC,LCS-500-00421,MOS50000421,VoltTech,VoltTech MOS50000421 MOSFET,MOSFET,MOS50000421 MOSFET from VoltTech. Sourced via professional procurement support; specs below.,vds_v: 55; qg_nc: 45; Drain Source Voltage: 55V; rds_on_mohm: 8,https://example.com/datasheet/MOS50000421.pdf,4517,17.5958
HQEW,HQE-500-00422,RES50000422,Vishay Intertechnology,Vishay Intertechnology RES50000422 Resistor,Resistor,RES50000422 Resistor from Vishay Intertechnology. Sourced via professional procurement support; specs below.,Resistor Value: 10kΩ; power_rating_w: 0.25; temperature_coeff: X7R,https://example.com/datasheet/RES50000422.pdf,1837,24.0199
LCSC,LCS-500-00423,CAP50000423,Murata Manufacturing,Murata Manufacturing CAP50000423 Capacitor,Capacitor,CAP50000423 Capacitor from Murata Manufacturing. Sourced via professional procurement support; specs below.,tolerance: ±10%,https://example.com/datasheet/CAP50000423.pdf,4419,20.6499
Digikey,DIG-500-00424,IND50000424,Wurth Elektronik,Wurth Elektronik IND50000424 Inductor,Inductor,IND50000424 Inductor from Wurth Elektronik. Sourced via professional procurement support; specs below.,inductance_uh: 4.7; package: 0805; current_rating_a: 1.5,https://example.com/datasheet/IND50000424.pdf,293,11.8019
Digikey,DIG-500-00425,SEN50000425,STMicroelectronics,STMicroelectronics SEN50000425 Sensors,Sensors,SEN50000425 Sensors from STMicroelectronics. Sourced via professional procurement support; specs below.,range: 0-40; sensitivity: 260 LSB/g; accuracy: ±0.5; resolution_bits: 12; interface: I2C,https://example.com/datasheet/SEN50000425.pdf,2829,1.3696
Mouser,MOU-500-00426,CON50000426,Molex,Molex CON50000426 Connectors,Connectors,CON50000426 Connectors from Molex. Sourced via professional procurement support; specs below.,pitch_mm: 2.54; mounting: SMD; current_rating_a: 3; positions: 40,https://example.com/datasheet/CON50000426.pdf,3792,6.9344
Hanxin,HAN-500-00427,MOD50000427,Semtech,Semtech MOD50000427 Modules,Modules,MOD50000427 Modules from Semtech. Sourced via professional procurement support; specs below.,interface: UART; output_power_dbm: 20,https://example.com/datasheet/MOD50000427.pdf,519,9.6618
Hanxin,HAN-500-00428,OPA50000428,Analog Devices,Analog Devices OPA50000428 Analog IC,Analog IC,OPA50000428 Analog IC from Analog Devices. Sourced via professional procurement support; specs below.,supply_current_ua: 200; package: SOIC-8,https://example.com/datasheet/OPA50000428.pdf,3496,3.5973
HQEW,HQE-500-00429,PMIC50000429,SGMICRO,SGMICRO PMIC50000429 Power Management IC,Power Management IC,PMIC50000429 Power Management IC from SGMICRO. Sourced via professional procurement support; specs below.,voltage_in_max_v: 28; efficiency_percent: 92,https://example.com/datasheet/PMIC50000429.pdf,3768,13.6699
LCSC,LCS-500-00430,DIO50000430,ON Semiconductor,ON Semiconductor DIO50000430 Diode,Diode,DIO50000430 Diode from ON Semiconductor. Sourced via professional procurement support; specs below.,vf_v: 0.7; vrrm_v: 100,https://example.com/datasheet/DIO50000430.pdf,2403,13.5383
Hanxin,HAN-500-00431,LED50000431,Lite-On Technology,Lite-On Technology LED50000431 LED Components,LED Components,LED50000431 LED Components from Lite-On Technology. Sourced via professional procurement support; specs below.,forward_voltage_v: 2.1; package: 0805; forward_current_ma: 20,https://example.com/datasheet/LED50000431.pdf,2823,16.1668
LCSC,LCS-500-00432,MEM50000432,Macronix International,Macronix International MEM50000432 Memory IC,Memory IC,MEM50000432 Memory IC from Macronix International. Sourced via professional procurement support; specs below.,memory_bytes: 16777216; interface: SPI; speed_hz: 104000000,https://example.com/datasheet/MEM50000432.pdf,1297,6.1367
LCSC,LCS-500-00433,XTAL50000433,TDK Corporation,TDK Corporation XTAL50000433 Crystal Oscillator,Crystal Oscillator,XTAL50000433 Crystal Oscillator from TDK Corporation. Sourced via professional procurement support; specs below.,load_capacitance_pf: 18; package: SMD; frequency_hz: 8000000,https://example.com/datasheet/XTAL50000433.pdf,414,9.3410
Hanxin,HAN-500-00434,MCU50000434,Holtek Semiconductor,Holtek Semiconductor MCU50000434 Microcontroller,Microcontroller,MCU50000434 Microcontroller from Holtek Semiconductor. Sourced via professional procurement support; specs below.,ram_bytes: 20480; flash_bytes: 131072,https://example.com/datasheet/MCU50000434.pdf,709,18.3601
LCSC,LCS-500-00435,MOS50000435,HexaFab,HexaFab MOS50000435 MOSFET,MOSFET,MOS50000435 MOSFET from HexaFab. Sourced via professional procurement support; specs below.,package: SOT-23; vds_v: 55; rds_on_mohm: 8; vgs_th_v: 2.5,https://example.com/datasheet/MOS50000435.pdf,4577,23.8414
Digikey,DIG-500-00436,RES50000436,Yageo,Yageo RES50000436 Resistor,Resistor,RES50000436 Resistor from Yageo. Sourced via professional procurement support; specs below.,temperature_coeff: X7R; resistance_ohm: 10000; power_rating_w: 0.25; tolerance: ±1%; Resistor Value: 10kΩ,https://example.com/datasheet/RES50000436.pdf,305,1.1793
Digikey,DIG-500-00437,CAP50000437,KEMET Electronics,KEMET Electronics CAP50000437 Capacitor,Capacitor,CAP50000437 Capacitor from KEMET Electronics. Sourced via professional procurement support; specs below.,package: 0603; voltage_rating_v: 50; capacitance_pf: 100000; temperature_coeff: X7R,https://example.com/datasheet/CAP50000437.pdf,4330,1.3576
Digikey,DIG-500-00438,IND50000438,InduMax,InduMax IND50000438 Inductor,Inductor,IND50000438 Inductor from InduMax. Sourced via professional procurement support; specs below.,inductance_uh: 4.7; package: 0805,https://example.com/datasheet/IND50000438.pdf,3834,0.1855
LCSC,LCS-500-00439,SEN50000439,NXP Semiconductors,NXP Semiconductors SEN50000439 Sensors,Sensors,SEN50000439 Sensors from NXP Semiconductors. Sourced via professional procurement support; specs below.,range: 0-40; accuracy: ±0.5; sensitivity: 260 LSB/g,https://example.com/datasheet/SEN50000439.pdf,3627,6.3634
LCSC,LCS-500-00440,CON50000440,LinkFab,LinkFab CON50000440 Connectors,Connectors,CON50000440 Connectors from LinkFab. Sourced via professional procurement support; specs below.,voltage_rating_v: 50; positions: 40; mounting: SMD,https://example.com/datasheet/CON50000440.pdf,124,8.0416
LCSC,LCS-500-00441,MOD50000441,u-blox,u-blox MOD50000441 Modules,Modules,MOD50000441 Modules from u-blox. Sourced via professional procurement support; specs below.,interface: UART; sensitivity_dbm: -95; data_rate_bps: 2000000; output_power_dbm: 20,https://example.com/datasheet/MOD50000441.pdf,3214,15.7249
Hanxin,HAN-500-00442,OPA50000442,Silicon Labs,Silicon Labs OPA50000442 Analog IC,Analog IC,OPA50000442 Analog IC from Silicon Labs. Sourced via professional procurement support; specs below.,bandwidth_hz: 1000000; gain_db: 100; supply_current_ua: 200,https://example.com/datasheet/OPA50000442.pdf,4737,7.7800
Digikey,DIG-500-00443,PMIC50000443,SGMICRO,SGMICRO PMIC50000443 Power Management IC,Power Management IC,PMIC50000443 Power Management IC from SGMICRO. Sourced via professional procurement support; specs below.,voltage_out_v: 5; voltage_in_max_v: 28,https://example.com/datasheet/PMIC50000443.pdf,2944,18.9482
Mouser,MOU-500-00444,DIO50000444,Littelfuse,Littelfuse DIO50000444 Diode,Diode,DIO50000444 Diode from Littelfuse. Sourced via professional procurement support; specs below.,if_a: 1; vf_v: 0.7; vrrm_v: 100,https://example.com/datasheet/DIO50000444.pdf,3162,12.7781
HQEW,HQE-500-00445,LED50000445,Everlight Electronics,Everlight Electronics LED50000445 LED Components,LED Components,LED50000445 LED Components from Everlight Electronics. Sourced via professional procurement support; specs below.,package: 0805; forward_voltage_v: 2.1; wavelength_nm: 650,https://example.com/datasheet/LED50000445.pdf,1734,3.6829
Digikey,DIG-500-00446,MEM50000446,SK Hynix,SK Hynix MEM50000446 Memory IC,Memory IC,MEM50000446 Memory IC from SK Hynix. Sourced via professional procurement support; specs below.,speed_hz: 104000000; memory_bytes: 16777216; interface: SPI,https://example.com/datasheet/MEM50000446.pdf,4563,24.4641
Hanxin,HAN-500-00447,XTAL50000447,TDK Corporation,TDK Corporation XTAL50000447 Crystal Oscillator,Crystal Oscillator,XTAL50000447 Crystal Oscillator from TDK Corporation. Sourced via professional procurement support; specs below.,load_capacitance_pf: 18; package: SMD,https://example.com/datasheet/XTAL50000447.pdf,4255,18.6426
LCSC,LCS-500-00448,MCU50000448,GigaDevice Semiconductor,GigaDevice Semiconductor MCU50000448 Microcontroller,Microcontroller,MCU50000448 Microcontroller from GigaDevice Semiconductor. Sourced via professional procurement support; specs below.,io_count: 48; flash_bytes: 131072; voltage_v: 3.3,https://example.com/datasheet/MCU50000448.pdf,2449,22.3065
Mouser,MOU-500-00449,MOS50000449,Yangjie,Yangjie MOS50000449 MOSFET,MOSFET,MOS50000449 MOSFET from Yangjie. Sourced via professional procurement support; specs below.,On Resistance: 8mΩ; id_a: 30; package: SOT-23; Leakage Current: 1uA,https://example.com/datasheet/MOS50000449.pdf,2921,10.5043
LCSC,LCS-500-00450,RES50000450,Bourns,Bourns RES50000450 Resistor,Resistor,RES50000450 Resistor from Bourns. Sourced via professional procurement support; specs below.,resistance_ohm: 10000; temperature_coeff: X7R; package: 0805,https://example.com/datasheet/RES50000450.pdf,3855,2.0371
LCSC,LCS-500-00451,CAP50000451,Murata Manufacturing,Murata Manufacturing CAP50000451 Capacitor,Capacitor,CAP50000451 Capacitor from Murata Manufacturing. Sourced via professional procurement support; specs below.,package: 0603; tolerance: ±10%; voltage_rating_v: 50; Ripple Current: 100mA,https://example.com/datasheet/CAP50000451.pdf,4276,6.7143
Hanxin,HAN-500-00452,IND50000452,Bourns,Bourns IND50000452 Inductor,Inductor,IND50000452 Inductor from Bourns. Sourced via professional procurement support; specs below.,package: 0805; tolerance: ±20%; current_rating_a: 1.5,https://example.com/datasheet/IND50000452.pdf,1647,22.7786
HQEW,HQE-500-00453,SEN50000453,STMicroelectronics,STMicroelectronics SEN50000453 Sensors,Sensors,SEN50000453 Sensors from STMicroelectronics. Sourced via professional procurement support; specs below.,interface: I2C; resolution_bits: 12; sensitivity: 260 LSB/g; range: 0-40,https://example.com/datasheet/SEN50000453.pdf,2352,6.4597
HQEW,HQE-500-00454,CON50000454,JST,JST CON50000454 Connectors,Connectors,CON50000454 Connectors from JST. Sourced via professional procurement support; specs below.,positions: 40; mounting: SMD; current_rating_a: 3; pitch_mm: 2.54,https://example.com/datasheet/CON50000454.pdf,319,5.3300
Hanxin,HAN-500-00455,MOD50000455,AirByte,AirByte MOD50000455 Modules,Modules,MOD50000455 Modules from AirByte. Sourced via professional procurement support; specs below.,Data Rate: 2Mbps; data_rate_bps: 2000000; sensitivity_dbm: -95; modulation: GFSK; Antenna Type: PCB,https://example.com/datasheet/MOD50000455.pdf,2510,11.3873
LCSC,LCS-500-00456,OPA50000456,Maxim Integrated,Maxim Integrated OPA50000456 Analog IC,Analog IC,OPA50000456 Analog IC from Maxim Integrated. Sourced via professional procurement support; specs below.,gain_db: 100; package: SOIC-8; bandwidth_hz: 1000000,https://example.com/datasheet/OPA50000456.pdf,4115,23.5703
Hanxin,HAN-500-00457,PMIC50000457,Monolithic Power Systems,Monolithic Power Systems PMIC50000457 Power Management IC,Power Management IC,PMIC50000457 Power Management IC from Monolithic Power Systems. Sourced via professional procurement support; specs below.,package: SOT-23; voltage_in_min_v: 4.5; output_current_a: 3; efficiency_percent: 92,https://example.com/datasheet/PMIC50000457.pdf,4822,5.8839
HQEW,HQE-500-00458,DIO50000458,Littelfuse,Littelfuse DIO50000458 Diode,Diode,DIO50000458 Diode from Littelfuse. Sourced via professional procurement support; specs below.,vrrm_v: 100; vf_v: 0.7,https://example.com/datasheet/DIO50000458.pdf,646,7.4666
HQEW,HQE-500-00459,LED50000459,Everlight Electronics,Everlight Electronics LED50000459 LED Components,LED Components,LED50000459 LED Components from Everlight Electronics. Sourced via professional procurement support; specs below.,forward_current_ma: 20; forward_voltage_v: 2.1; package: 0805; wavelength_nm: 650,https://example.com/datasheet/LED50000459.pdf,2400,11.6603
Mouser,MOU-500-00460,MEM50000460,ISSI,ISSI MEM50000460 Memory IC,Memory IC,MEM50000460 Memory IC from ISSI. Sourced via professional procurement support; specs below.,interface: SPI; speed_hz: 104000000; memory_bytes: 16777216; organization: x8; Access Time: 70ns,https://example.com/datasheet/MEM50000460.pdf,3061,20.6064
Mouser,MOU-500-00461,XTAL50000461,Wurth Elektronik,Wurth Elektronik XTAL50000461 Crystal Oscillator,Crystal Oscillator,XTAL50000461 Crystal Oscillator from Wurth Elektronik. Sourced via professional procurement support; specs below.,frequency_hz: 8000000; package: SMD; Frequency Tolerance: ±20ppm,https://example.com/datasheet/XTAL50000461.pdf,2184,16.0701
Hanxin,HAN-500-00462,MCU50000462,Microchip Technology,Microchip Technology MCU50000462 Microcontroller,Microcontroller,MCU50000462 Microcontroller from Microchip Technology. Sourced via professional procurement support; specs below.,voltage_v: 3.3; package: LQFP-48; Core: ARM Cortex-M4,https://example.com/datasheet/MCU50000462.pdf,1635,17.7463
Hanxin,HAN-500-00463,MOS50000463,Infineon Technologies,Infineon Technologies MOS50000463 MOSFET,MOSFET,MOS50000463 MOSFET from Infineon Technologies. Sourced via professional procurement support; specs below.,vgs_th_v: 2.5; qg_nc: 45; Drain Source Voltage: 55V,https://example.com/datasheet/MOS50000463.pdf,3334,23.5649
Mouser,MOU-500-00464,RES50000464,Yageo,Yageo RES50000464 Resistor,Resistor,RES50000464 Resistor from Yageo. Sourced via professional procurement support; specs below.,resistance_ohm: 10000; tolerance: ±1%; temperature_coeff: X7R; Lifecycle Status: Active,https://example.com/datasheet/RES50000464.pdf,214,16.9219
Digikey,DIG-500-00465,CAP50000465,KEMET Electronics,KEMET Electronics CAP50000465 Capacitor,Capacitor,CAP50000465 Capacitor from KEMET Electronics. Sourced via professional procurement support; specs below.,temperature_coeff: X7R; capacitance_pf: 100000; package: 0603; tolerance: ±10%,https://example.com/datasheet/CAP50000465.pdf,32,7.2997
LCSC,LCS-500-00466,IND50000466,Murata Manufacturing,Murata Manufacturing IND50000466 Inductor,Inductor,IND50000466 Inductor from Murata Manufacturing. Sourced via professional procurement support; specs below.,current_rating_a: 1.5; package: 0805; inductance_uh: 4.7; tolerance: ±20%,https://example.com/datasheet/IND50000466.pdf,1199,7.9143
Hanxin,HAN-500-00467,SEN50000467,STMicroelectronics,STMicroelectronics SEN50000467 Sensors,Sensors,SEN50000467 Sensors from STMicroelectronics. Sourced via professional procurement support; specs below.,interface: I2C; accuracy: ±0.5; sensitivity: 260 LSB/g; range: 0-40; resolution_bits: 12; Response Time: 5ms,https://example.com/datasheet/SEN50000467.pdf,916,2.7376
Mouser,MOU-500-00468,CON50000468,PlugWorks,PlugWorks CON50000468 Connectors,Connectors,CON50000468 Connectors from PlugWorks. Sourced via professional procurement support; specs below.,current_rating_a: 3; pitch_mm: 2.54,https://example.com/datasheet/CON50000468.pdf,3679,1.9400
Digikey,DIG-500-00469,MOD50000469,Semtech,Semtech MOD50000469 Modules,Modules,MOD50000469 Modules from Semtech. Sourced via professional procurement support; specs below.,output_power_dbm: 20; interface: UART; modulation: GFSK; Protocol Stack: 3.0,https://example.com/datasheet/MOD50000469.pdf,2872,14.1379
HQEW,HQE-500-00470,OPA50000470,Analog Devices,Analog Devices OPA50000470 Analog IC,Analog IC,OPA50000470 Analog IC from Analog Devices. Sourced via professional procurement support; specs below.,bandwidth_hz: 1000000; supply_current_ua: 200; package: SOIC-8,https://example.com/datasheet/OPA50000470.pdf,758,2.9132
HQEW,HQE-500-00471,PMIC50000471,Richtek Technology,Richtek Technology PMIC50000471 Power Management IC,Power Management IC,PMIC50000471 Power Management IC from Richtek Technology. Sourced via professional procurement support; specs below.,output_current_a: 3; voltage_out_v: 5,https://example.com/datasheet/PMIC50000471.pdf,4605,24.9160
LCSC,LCS-500-00472,DIO50000472,ON Semiconductor,ON Semiconductor DIO50000472 Diode,Diode,DIO50000472 Diode from ON Semiconductor. Sourced via professional procurement support; specs below.,vf_v: 0.7; if_a: 1; vrrm_v: 100; Reverse Recovery: 50ns,https://example.com/datasheet/DIO50000472.pdf,2947,14.6675
Hanxin,HAN-500-00473,LED50000473,Lite-On Technology,Lite-On Technology LED50000473 LED Components,LED Components,LED50000473 LED Components from Lite-On Technology. Sourced via professional procurement support; specs below.,package: 0805; forward_current_ma: 20; forward_voltage_v: 2.1; wavelength_nm: 650,https://example.com/datasheet/LED50000473.pdf,1916,21.1591
Hanxin,HAN-500-00474,MEM50000474,Macronix International,Macronix International MEM50000474 Memory IC,Memory IC,MEM50000474 Memory IC from Macronix International. Sourced via professional procurement support; specs below.,organization: x8; memory_bytes: 16777216; interface: SPI,https://example.com/datasheet/MEM50000474.pdf,282,8.0197
LCSC,LCS-500-00475,XTAL50000475,Wurth Elektronik,Wurth Elektronik XTAL50000475 Crystal Oscillator,Crystal Oscillator,XTAL50000475 Crystal Oscillator from Wurth Elektronik. Sourced via professional procurement support; specs below.,frequency_hz: 8000000; load_capacitance_pf: 18; Frequency Tolerance: ±20ppm,https://example.com/datasheet/XTAL50000475.pdf,3173,14.1725
HQEW,HQE-500-00476,MCU50000476,STMicroelectronics,STMicroelectronics MCU50000476 Microcontroller,Microcontroller,MCU50000476 Microcontroller from STMicroelectronics. Sourced via professional procurement support; specs below.,ram_bytes: 20480,https://example.com/datasheet/MCU50000476.pdf,439,4.8479
Digikey,DIG-500-00477,MOS50000477,ON Semiconductor,ON Semiconductor MOS50000477 MOSFET,MOSFET,MOS50000477 MOSFET from ON Semiconductor. Sourced via professional procurement support; specs below.,vgs_th_v: 2.5; rds_on_mohm: 8; package: SOT-23; vds_v: 55,https://example.com/datasheet/MOS50000477.pdf,4978,13.3446
HQEW,HQE-500-00478,RES50000478,KEMET Electronics,KEMET Electronics RES50000478 Resistor,Resistor,RES50000478 Resistor from KEMET Electronics. Sourced via professional procurement support; specs below.,temperature_coeff: X7R,https://example.com/datasheet/RES50000478.pdf,2884,16.1780
LCSC,LCS-500-00479,CAP50000479,KEMET Electronics,KEMET Electronics CAP50000479 Capacitor,Capacitor,CAP50000479 Capacitor from KEMET Electronics. Sourced via professional procurement support; specs below.,tolerance: ±10%; package: 0603; voltage_rating_v: 50; capacitance_pf: 100000; Ripple Current: 100mA,https://example.com/datasheet/CAP50000479.pdf,4854,12.3114
HQEW,HQE-500-00480,IND50000480,Murata Manufacturing,Murata Manufacturing IND50000480 Inductor,Inductor,IND50000480 Inductor from Murata Manufacturing. Sourced via professional procurement support; specs below.,tolerance: ±20%; inductance_uh: 4.7; current_rating_a: 1.5,https://example.com/datasheet/IND50000480.pdf,439,19.9282
LCSC,LCS-500-00481,SEN50000481,NXP Semiconductors,NXP Semiconductors SEN50000481 Sensors,Sensors,SEN50000481 Sensors from NXP Semiconductors. Sourced via professional procurement support; specs below.,accuracy: ±0.5; range: 0-40; resolution_bits: 12; sensitivity: 260 LSB/g; interface: I2C,https://example.com/datasheet/SEN50000481.pdf,2590,16.3111
Mouser,MOU-500-00482,CON50000482,TE Connectivity,TE Connectivity CON50000482 Connectors,Connectors,CON50000482 Connectors from TE Connectivity. Sourced via professional procurement support; specs below.,positions: 40; mounting: SMD; pitch_mm: 2.54; current_rating_a: 3; voltage_rating_v: 50,https://example.com/datasheet/CON50000482.pdf,3352,11.5665
Digikey,DIG-500-00483,MOD50000483,Semtech,Semtech MOD50000483 Modules,Modules,MOD50000483 Modules from Semtech. Sourced via professional procurement support; specs below.,sensitivity_dbm: -95; modulation: GFSK; interface: UART,https://example.com/datasheet/MOD50000483.pdf,3879,24.1722
Mouser,MOU-500-00484,OPA50000484,Silicon Labs,Silicon Labs OPA50000484 Analog IC,Analog IC,OPA50000484 Analog IC from Silicon Labs. Sourced via professional procurement support; specs below.,gain_db: 100; bandwidth_hz: 1000000; supply_current_ua: 200,https://example.com/datasheet/OPA50000484.pdf,3824,6.6656
Mouser,MOU-500-00485,PMIC50000485,Texas Instruments,Texas Instruments PMIC50000485 Power Management IC,Power Management IC,PMIC50000485 Power Management IC from Texas Instruments. Sourced via professional procurement support; specs below.,voltage_out_v: 5; efficiency_percent: 92; package: SOT-23,https://example.com/datasheet/PMIC50000485.pdf,2488,8.8465
HQEW,HQE-500-00486,DIO50000486,Littelfuse,Littelfuse DIO50000486 Diode,Diode,DIO50000486 Diode from Littelfuse. Sourced via professional procurement support; specs below.,vrrm_v: 100; vf_v: 0.7; if_a: 1,https://example.com/datasheet/DIO50000486.pdf,3265,8.7961
Digikey,DIG-500-00487,LED50000487,Lite-On Technology,Lite-On Technology LED50000487 LED Components,LED Components,LED50000487 LED Components from Lite-On Technology. Sourced via professional procurement support; specs below.,forward_current_ma: 20; wavelength_nm: 650; package: 0805; forward_voltage_v: 2.1,https://example.com/datasheet/LED50000487.pdf,3695,14.5040
HQEW,HQE-500-00488,MEM50000488,Winbond Electronics,Winbond Electronics MEM50000488 Memory IC,Memory IC,MEM50000488 Memory IC from Winbond Electronics. Sourced via professional procurement support; specs below.,interface: SPI; organization: x8; speed_hz: 104000000,https://example.com/datasheet/MEM50000488.pdf,4228,22.2334
HQEW,HQE-500-00489,XTAL50000489,Murata Manufacturing,Murata Manufacturing XTAL50000489 Crystal Oscillator,Crystal Oscillator,XTAL50000489 Crystal Oscillator from Murata Manufacturing. Sourced via professional procurement support; specs below.,load_capacitance_pf: 18; frequency_hz: 8000000; package: SMD,https://example.com/datasheet/XTAL50000489.pdf,1598,8.9791
Hanxin,HAN-500-00490,MCU50000490,Microchip Technology,Microchip Technology MCU50000490 Microcontroller,Microcontroller,MCU50000490 Microcontroller from Microchip Technology. Sourced via professional procurement support; specs below.,Program Memory: 128KB; frequency_hz: 72000000; flash_bytes: 131072,https://example.com/datasheet/MCU50000490.pdf,3271,11.0663
Hanxin,HAN-500-00491,MOS50000491,Alpha & Omega Semiconductor,Alpha & Omega Semiconductor MOS50000491 MOSFET,MOSFET,MOS50000491 MOSFET from Alpha & Omega Semiconductor. Sourced via professional procurement support; specs below.,id_a: 30,https://example.com/datasheet/MOS50000491.pdf,3184,17.1621
HQEW,HQE-500-00492,RES50000492,Vishay Intertechnology,Vishay Intertechnology RES50000492 Resistor,Resistor,RES50000492 Resistor from Vishay Intertechnology. Sourced via professional procurement support; specs below.,temperature_coeff: X7R; resistance_ohm: 10000; power_rating_w: 0.25,https://example.com/datasheet/RES50000492.pdf,922,5.9501
LCSC,LCS-500-00493,CAP50000493,DeltaCap,DeltaCap CAP50000493 Capacitor,Capacitor,CAP50000493 Capacitor from DeltaCap. Sourced via professional procurement support; specs below.,capacitance_pf: 100000; temperature_coeff: X7R; Capacitor Value: 100nF; package: 0603; voltage_rating_v: 50,https://example.com/datasheet/CAP50000493.pdf,4407,11.3615
Digikey,DIG-500-00494,IND50000494,Bourns,Bourns IND50000494 Inductor,Inductor,IND50000494 Inductor from Bourns. Sourced via professional procurement support; specs below.,inductance_uh: 4.7; current_rating_a: 1.5,https://example.com/datasheet/IND50000494.pdf,3442,22.8916
Mouser,MOU-500-00495,SEN50000495,NXP Semiconductors,NXP Semiconductors SEN50000495 Sensors,Sensors,SEN50000495 Sensors from NXP Semiconductors. Sourced via professional procurement support; specs below.,range: 0-40; sensitivity: 260 LSB/g; interface: I2C; accuracy: ±0.5,https://example.com/datasheet/SEN50000495.pdf,695,24.7964
HQEW,HQE-500-00496,CON50000496,Molex,Molex CON50000496 Connectors,Connectors,CON50000496 Connectors from Molex. Sourced via professional procurement support; specs below.,current_rating_a: 3; voltage_rating_v: 50; positions: 40; mounting: SMD; pitch_mm: 2.54,https://example.com/datasheet/CON50000496.pdf,3300,7.7724
Hanxin,HAN-500-00497,MOD50000497,SIMCom,SIMCom MOD50000497 Modules,Modules,MOD50000497 Modules from SIMCom. Sourced via professional procurement support; specs below.,sensitivity_dbm: -95; data_rate_bps: 2000000; modulation: GFSK,https://example.com/datasheet/MOD50000497.pdf,4301,22.2996
Mouser,MOU-500-00498,OPA50000498,LinearX,LinearX OPA50000498 Analog IC,Analog IC,OPA50000498 Analog IC from LinearX. Sourced via professional procurement support; specs below.,gain_db: 100; bandwidth_hz: 1000000; package: SOIC-8,https://example.com/datasheet/OPA50000498.pdf,3863,22.7784
LCSC,LCS-500-00499,PMIC50000499,Infineon Technologies,Infineon Technologies PMIC50000499 Power Management IC,Power Management IC,PMIC50000499 Power Management IC from Infineon Technologies. Sourced via professional procurement support; specs below.,output_current_a: 3; package: SOT-23; voltage_in_min_v: 4.5; voltage_in_max_v: 28,https://example.com/datasheet/PMIC50000499.pdf,4368,5.3179
